2024-07-17 18:30:06,541 DEBUG org.springframework.core.env.PropertySourcesPropertyResolver [main] Found key 'jwt.token.prefix' in PropertySource 'configurationProperties' with value of type String
2024-07-17 18:30:06,551 DEBUG org.springframework.core.env.PropertySourcesPropertyResolver [main] Found key 'jwt.token.prefix' in PropertySource 'environmentProperties' with value of type String
2024-07-17 18:30:06,554 DEBUG org.springframework.beans.factory.support.DefaultSingletonBeanRegistry [main] Creating shared instance of singleton bean 'tokenProvider'
2024-07-17 18:30:06,559 DEBUG org.springframework.core.env.PropertySourcesPropertyResolver [main] Found key 'jwt.token.validity' in PropertySource 'configurationProperties' with value of type String
2024-07-17 18:30:06,561 DEBUG org.springframework.core.env.PropertySourcesPropertyResolver [main] Found key 'jwt.token.validity' in PropertySource 'environmentProperties' with value of type String
2024-07-17 18:30:06,565 DEBUG org.springframework.core.env.PropertySourcesPropertyResolver [main] Found key 'jwt.signing.key' in PropertySource 'configurationProperties' with value of type String
2024-07-17 18:30:06,566 DEBUG org.springframework.core.env.PropertySourcesPropertyResolver [main] Found key 'jwt.signing.key' in PropertySource 'environmentProperties' with value of type String
2024-07-17 18:30:06,568 DEBUG org.springframework.core.env.PropertySourcesPropertyResolver [main] Found key 'jwt.authorities.key' in PropertySource 'configurationProperties' with value of type String
2024-07-17 18:30:06,569 DEBUG org.springframework.core.env.PropertySourcesPropertyResolver [main] Found key 'jwt.authorities.key' in PropertySource 'environmentProperties' with value of type String
2024-07-17 18:30:06,580 DEBUG org.springframework.beans.factory.support.DefaultSingletonBeanRegistry [main] Creating shared instance of singleton bean 'loggingFilter'
2024-07-17 18:30:06,580 DEBUG org.springframework.beans.factory.support.DefaultSingletonBeanRegistry [main] Creating shared instance of singleton bean 'springLoggingAutoConfiguration'
2024-07-17 18:30:06,587 DEBUG org.springframework.beans.factory.support.DefaultSingletonBeanRegistry [main] Creating shared instance of singleton bean 'restTemplate'
2024-07-17 18:30:06,637 DEBUG com.zaxxer.hikari.pool.HikariPool$PoolEntryCreator [HikariPool-1 connection adder] HikariPool-1 - Added connection org.postgresql.jdbc.PgConnection@59084f3f
2024-07-17 18:30:06,638 DEBUG org.postgresql.Driver [HikariPool-1 connection adder] Connecting with URL: jdbc:postgresql://localhost:5432/Clubdb
2024-07-17 18:30:06,638 DEBUG org.postgresql.jdbc.PgConnection [HikariPool-1 connection adder] PostgreSQL JDBC Driver 42.2.14
2024-07-17 18:30:06,639 DEBUG org.postgresql.jdbc.PgConnection [HikariPool-1 connection adder]   setDefaultFetchSize = 0
2024-07-17 18:30:06,639 DEBUG org.postgresql.jdbc.PgConnection [HikariPool-1 connection adder]   setPrepareThreshold = 5
2024-07-17 18:30:06,641 DEBUG org.postgresql.core.v3.ConnectionFactoryImpl [HikariPool-1 connection adder] Trying to establish a protocol version 3 connection to localhost:5432
2024-07-17 18:30:06,643 DEBUG org.postgresql.core.v3.ConnectionFactoryImpl [HikariPool-1 connection adder] Receive Buffer Size is 65,536
2024-07-17 18:30:06,644 DEBUG org.postgresql.core.v3.ConnectionFactoryImpl [HikariPool-1 connection adder] Send Buffer Size is 65,536
2024-07-17 18:30:06,651 DEBUG sun.rmi.runtime.Log$LoggerLog [RMI TCP Connection(2)-127.0.0.1] RMI TCP Connection(2)-127.0.0.1: (port 58089) op = 82
2024-07-17 18:30:06,652 DEBUG sun.rmi.runtime.Log$LoggerLog [RMI TCP Connection(2)-127.0.0.1] RMI TCP Connection(2)-127.0.0.1: (port 58089) op = 80
2024-07-17 18:30:06,653 DEBUG sun.rmi.runtime.Log$LoggerLog [RMI TCP Connection(2)-127.0.0.1] RMI TCP Connection(2)-127.0.0.1: name = "javax.management.ObjectName", codebase = ""
2024-07-17 18:30:06,654 DEBUG sun.util.logging.internal.LoggingProviderImpl$JULWrapper [RMI TCP Connection(2)-127.0.0.1] connectionId=rmi://127.0.0.1  1, name=org.springframework.boot:type=Admin,name=SpringApplication, attribute=Ready
2024-07-17 18:30:06,655 DEBUG sun.rmi.runtime.Log$LoggerLog [RMI TCP Connection(2)-127.0.0.1] RMI TCP Connection(2)-127.0.0.1: [127.0.0.1] exception: 
javax.management.InstanceNotFoundException: org.springframework.boot:type=Admin,name=SpringApplication
	at java.management/com.sun.jmx.interceptor.DefaultMBeanServerInterceptor.getMBean(DefaultMBeanServerInterceptor.java:1088)
	at java.management/com.sun.jmx.interceptor.DefaultMBeanServerInterceptor.getAttribute(DefaultMBeanServerInterceptor.java:640)
	at java.management/com.sun.jmx.mbeanserver.JmxMBeanServer.getAttribute(JmxMBeanServer.java:679)
	at java.management.rmi/javax.management.remote.rmi.RMIConnectionImpl.doOperation(RMIConnectionImpl.java:1449)
	at java.management.rmi/javax.management.remote.rmi.RMIConnectionImpl$PrivilegedOperation.run(RMIConnectionImpl.java:1310)
	at java.management.rmi/javax.management.remote.rmi.RMIConnectionImpl.doPrivilegedOperation(RMIConnectionImpl.java:1405)
	at java.management.rmi/javax.management.remote.rmi.RMIConnectionImpl.getAttribute(RMIConnectionImpl.java:639)
	at java.base/jdk.internal.reflect.GeneratedMethodAccessor24.invoke(Unknown Source)
	at java.base/jdk.internal.reflect.DelegatingMethodAccessorImpl.invoke(DelegatingMethodAccessorImpl.java:43)
	at java.base/java.lang.reflect.Method.invoke(Method.java:568)
	at java.rmi/sun.rmi.server.UnicastServerRef.dispatch(UnicastServerRef.java:360)
	at java.rmi/sun.rmi.transport.Transport$1.run(Transport.java:200)
	at java.rmi/sun.rmi.transport.Transport$1.run(Transport.java:197)
	at java.base/java.security.AccessController.doPrivileged(AccessController.java:712)
	at java.rmi/sun.rmi.transport.Transport.serviceCall(Transport.java:196)
	at java.rmi/sun.rmi.transport.tcp.TCPTransport.handleMessages(TCPTransport.java:587)
	at java.rmi/sun.rmi.transport.tcp.TCPTransport$ConnectionHandler.run0(TCPTransport.java:828)
	at java.rmi/sun.rmi.transport.tcp.TCPTransport$ConnectionHandler.lambda$run$0(TCPTransport.java:705)
	at java.base/java.security.AccessController.doPrivileged(AccessController.java:399)
	at java.rmi/sun.rmi.transport.tcp.TCPTransport$ConnectionHandler.run(TCPTransport.java:704)
	at java.base/java.util.concurrent.ThreadPoolExecutor.runWorker(ThreadPoolExecutor.java:1136)
	at java.base/java.util.concurrent.ThreadPoolExecutor$Worker.run(ThreadPoolExecutor.java:635)
	at java.base/java.lang.Thread.run(Thread.java:833)
2024-07-17 18:30:06,713 DEBUG org.springframework.beans.factory.support.DefaultSingletonBeanRegistry [main] Creating shared instance of singleton bean 'generator'
2024-07-17 18:30:06,734 DEBUG org.springframework.beans.factory.support.DefaultSingletonBeanRegistry [main] Creating shared instance of singleton bean 'requestContextFilter'
2024-07-17 18:30:06,752 DEBUG org.springframework.beans.factory.support.DefaultSingletonBeanRegistry [main] Creating shared instance of singleton bean 'formContentFilter'
2024-07-17 18:30:06,753 DEBUG org.springframework.beans.factory.support.DefaultSingletonBeanRegistry [main] Creating shared instance of singleton bean 'org.springframework.boot.autoconfigure.web.servlet.WebMvcAutoConfiguration'
2024-07-17 18:30:06,780 DEBUG org.springframework.beans.factory.support.DefaultSingletonBeanRegistry [main] Creating shared instance of singleton bean 'characterEncodingFilter'
2024-07-17 18:30:06,806 DEBUG org.hibernate.service.spi.ServiceBinding [task-1] Overriding existing service binding [org.hibernate.secure.spi.JaccService]
2024-07-17 18:30:06,818 DEBUG org.springframework.boot.web.servlet.ServletContextInitializerBeans [main] Mapping filters: springSecurityFilterChain urls=[/*] order=-100, characterEncodingFilter urls=[/*] order=-2147483648, formContentFilter urls=[/*] order=-9900, requestContextFilter urls=[/*] order=-105, authenticationTokenFilterBean urls=[/*] order=2147483647, loggingFilter urls=[/*] order=2147483647
2024-07-17 18:30:06,819 DEBUG org.springframework.boot.web.servlet.ServletContextInitializerBeans [main] Mapping servlets: dispatcherServlet urls=[/]
2024-07-17 18:30:06,828 DEBUG org.apache.juli.logging.DirectJDKLog [main] Add child StandardWrapper[dispatcherServlet] StandardEngine[Tomcat].StandardHost[localhost].TomcatEmbeddedContext[]
2024-07-17 18:30:06,829 DEBUG org.apache.juli.logging.DirectJDKLog [main] Setting state for [StandardEngine[Tomcat].StandardHost[localhost].TomcatEmbeddedContext[].StandardWrapper[dispatcherServlet]] to [INITIALIZING]
2024-07-17 18:30:06,831 DEBUG org.apache.juli.logging.DirectJDKLog [main] Setting state for [StandardEngine[Tomcat].StandardHost[localhost].TomcatEmbeddedContext[].StandardWrapper[dispatcherServlet]] to [INITIALIZED]
2024-07-17 18:30:06,832 DEBUG org.apache.juli.logging.DirectJDKLog [main] Setting state for [StandardEngine[Tomcat].StandardHost[localhost].TomcatEmbeddedContext[].StandardWrapper[dispatcherServlet]] to [STARTING_PREP]
2024-07-17 18:30:06,833 DEBUG org.apache.juli.logging.DirectJDKLog [main] Setting state for [StandardPipeline[StandardEngine[Tomcat].StandardHost[localhost].TomcatEmbeddedContext[].StandardWrapper[dispatcherServlet]]] to [INITIALIZING]
2024-07-17 18:30:06,834 DEBUG com.zaxxer.hikari.pool.HikariPool$PoolEntryCreator [HikariPool-1 connection adder] HikariPool-1 - Added connection org.postgresql.jdbc.PgConnection@33834c45
2024-07-17 18:30:06,835 DEBUG org.postgresql.Driver [HikariPool-1 connection adder] Connecting with URL: jdbc:postgresql://localhost:5432/Clubdb
2024-07-17 18:30:06,835 DEBUG org.postgresql.jdbc.PgConnection [HikariPool-1 connection adder] PostgreSQL JDBC Driver 42.2.14
2024-07-17 18:30:06,836 DEBUG org.apache.juli.logging.DirectJDKLog [main] Setting state for [StandardPipeline[StandardEngine[Tomcat].StandardHost[localhost].TomcatEmbeddedContext[].StandardWrapper[dispatcherServlet]]] to [INITIALIZED]
2024-07-17 18:30:06,836 DEBUG org.postgresql.jdbc.PgConnection [HikariPool-1 connection adder]   setDefaultFetchSize = 0
2024-07-17 18:30:06,837 DEBUG org.postgresql.jdbc.PgConnection [HikariPool-1 connection adder]   setPrepareThreshold = 5
2024-07-17 18:30:06,837 DEBUG org.apache.juli.logging.DirectJDKLog [main] Setting state for [StandardPipeline[StandardEngine[Tomcat].StandardHost[localhost].TomcatEmbeddedContext[].StandardWrapper[dispatcherServlet]]] to [STARTING_PREP]
2024-07-17 18:30:06,837 DEBUG org.postgresql.core.v3.ConnectionFactoryImpl [HikariPool-1 connection adder] Trying to establish a protocol version 3 connection to localhost:5432
2024-07-17 18:30:06,838 DEBUG org.apache.juli.logging.DirectJDKLog [main] Setting state for [StandardWrapperValve[StandardEngine[Tomcat].StandardHost[localhost].TomcatEmbeddedContext[].StandardWrapper[dispatcherServlet]]] to [INITIALIZING]
2024-07-17 18:30:06,839 DEBUG org.apache.juli.logging.DirectJDKLog [main] Setting state for [StandardWrapperValve[StandardEngine[Tomcat].StandardHost[localhost].TomcatEmbeddedContext[].StandardWrapper[dispatcherServlet]]] to [INITIALIZED]
2024-07-17 18:30:06,839 DEBUG org.postgresql.core.v3.ConnectionFactoryImpl [HikariPool-1 connection adder] Receive Buffer Size is 65,536
2024-07-17 18:30:06,840 DEBUG org.postgresql.core.v3.ConnectionFactoryImpl [HikariPool-1 connection adder] Send Buffer Size is 65,536
2024-07-17 18:30:06,840 DEBUG org.apache.juli.logging.DirectJDKLog [main] Setting state for [StandardWrapperValve[StandardEngine[Tomcat].StandardHost[localhost].TomcatEmbeddedContext[].StandardWrapper[dispatcherServlet]]] to [STARTING_PREP]
2024-07-17 18:30:06,840 DEBUG org.apache.juli.logging.DirectJDKLog [main] Setting state for [StandardWrapperValve[StandardEngine[Tomcat].StandardHost[localhost].TomcatEmbeddedContext[].StandardWrapper[dispatcherServlet]]] to [STARTING]
2024-07-17 18:30:06,841 DEBUG org.apache.juli.logging.DirectJDKLog [main] Setting state for [StandardWrapperValve[StandardEngine[Tomcat].StandardHost[localhost].TomcatEmbeddedContext[].StandardWrapper[dispatcherServlet]]] to [STARTED]
2024-07-17 18:30:06,842 DEBUG org.apache.juli.logging.DirectJDKLog [main] Setting state for [StandardPipeline[StandardEngine[Tomcat].StandardHost[localhost].TomcatEmbeddedContext[].StandardWrapper[dispatcherServlet]]] to [STARTING]
2024-07-17 18:30:06,843 DEBUG org.apache.juli.logging.DirectJDKLog [main] Setting state for [StandardPipeline[StandardEngine[Tomcat].StandardHost[localhost].TomcatEmbeddedContext[].StandardWrapper[dispatcherServlet]]] to [STARTED]
2024-07-17 18:30:06,843 DEBUG org.apache.juli.logging.DirectJDKLog [main] Setting state for [StandardEngine[Tomcat].StandardHost[localhost].TomcatEmbeddedContext[].StandardWrapper[dispatcherServlet]] to [STARTING]
2024-07-17 18:30:06,844 DEBUG org.apache.juli.logging.DirectJDKLog [main] Setting state for [StandardEngine[Tomcat].StandardHost[localhost].TomcatEmbeddedContext[].StandardWrapper[dispatcherServlet]] to [STARTED]
2024-07-17 18:30:06,848 DEBUG org.apache.juli.logging.DirectJDKLog [main] Configuring application event listeners
2024-07-17 18:30:06,849 DEBUG org.apache.juli.logging.DirectJDKLog [main]  Configuring event listener class 'org.apache.tomcat.websocket.server.WsContextListener'
2024-07-17 18:30:06,854 DEBUG org.hibernate.cache.internal.RegionFactoryInitiator [task-1] Cannot default RegionFactory based on registered strategies as `[]` RegionFactory strategies were registered
2024-07-17 18:30:06,854 DEBUG org.apache.juli.logging.DirectJDKLog [main] Sending application start events
2024-07-17 18:30:06,857 DEBUG org.hibernate.cache.internal.RegionFactoryInitiator [task-1] Cache region factory : org.hibernate.cache.internal.NoCachingRegionFactory
2024-07-17 18:30:06,927 DEBUG org.apache.juli.logging.DirectJDKLog [main] Setting state for [StandardManager[StandardEngine[Tomcat].StandardHost[localhost].TomcatEmbeddedContext[]]] to [INITIALIZING]
2024-07-17 18:30:06,928 DEBUG org.apache.juli.logging.DirectJDKLog [main] Setting state for [StandardManager[StandardEngine[Tomcat].StandardHost[localhost].TomcatEmbeddedContext[]]] to [INITIALIZED]
2024-07-17 18:30:06,928 DEBUG org.apache.juli.logging.DirectJDKLog [main] Setting state for [StandardManager[StandardEngine[Tomcat].StandardHost[localhost].TomcatEmbeddedContext[]]] to [STARTING_PREP]
2024-07-17 18:30:06,929 DEBUG org.apache.juli.logging.DirectJDKLog [main] Setting state for [org.springframework.boot.web.embedded.tomcat.LazySessionIdGenerator@561f9d92] to [INITIALIZING]
2024-07-17 18:30:06,930 DEBUG org.apache.juli.logging.DirectJDKLog [main] Setting state for [org.springframework.boot.web.embedded.tomcat.LazySessionIdGenerator@561f9d92] to [INITIALIZED]
2024-07-17 18:30:06,931 DEBUG org.apache.juli.logging.DirectJDKLog [main] Setting state for [org.springframework.boot.web.embedded.tomcat.LazySessionIdGenerator@561f9d92] to [STARTING_PREP]
2024-07-17 18:30:06,932 DEBUG org.apache.juli.logging.DirectJDKLog [main] Setting state for [org.springframework.boot.web.embedded.tomcat.LazySessionIdGenerator@561f9d92] to [STARTING]
2024-07-17 18:30:06,932 DEBUG org.apache.juli.logging.DirectJDKLog [main] Setting state for [org.springframework.boot.web.embedded.tomcat.LazySessionIdGenerator@561f9d92] to [STARTED]
2024-07-17 18:30:06,933 DEBUG org.apache.juli.logging.DirectJDKLog [main] Start: Loading persisted sessions
2024-07-17 18:30:06,934 DEBUG org.apache.juli.logging.DirectJDKLog [main] Loading persisted sessions from [SESSIONS.ser]
2024-07-17 18:30:06,935 DEBUG org.apache.juli.logging.DirectJDKLog [main] No persisted data file found
2024-07-17 18:30:06,936 DEBUG org.apache.juli.logging.DirectJDKLog [main] Setting state for [StandardManager[StandardEngine[Tomcat].StandardHost[localhost].TomcatEmbeddedContext[]]] to [STARTING]
2024-07-17 18:30:06,938 DEBUG org.apache.juli.logging.DirectJDKLog [main] Setting state for [StandardManager[StandardEngine[Tomcat].StandardHost[localhost].TomcatEmbeddedContext[]]] to [STARTED]
2024-07-17 18:30:06,939 DEBUG org.apache.juli.logging.DirectJDKLog [main] Starting filters
2024-07-17 18:30:06,939 DEBUG org.apache.juli.logging.DirectJDKLog [main]  Starting filter 'requestContextFilter'
2024-07-17 18:30:06,940 INFO org.hibernate.annotations.common.reflection.java.JavaReflectionManager [task-1] HCANN000001: Hibernate Commons Annotations {5.1.0.Final}
2024-07-17 18:30:06,946 DEBUG org.springframework.web.filter.GenericFilterBean [main] Filter 'requestContextFilter' configured for use
2024-07-17 18:30:06,947 DEBUG org.apache.juli.logging.DirectJDKLog [main]  Starting filter 'Tomcat WebSocket (JSR356) Filter'
2024-07-17 18:30:06,949 DEBUG org.apache.juli.logging.DirectJDKLog [main]  Starting filter 'loggingFilter'
2024-07-17 18:30:06,950 DEBUG org.springframework.web.filter.GenericFilterBean [main] Filter 'loggingFilter' configured for use
2024-07-17 18:30:06,950 DEBUG org.apache.juli.logging.DirectJDKLog [main]  Starting filter 'characterEncodingFilter'
2024-07-17 18:30:06,951 DEBUG org.springframework.web.filter.GenericFilterBean [main] Filter 'characterEncodingFilter' configured for use
2024-07-17 18:30:06,952 DEBUG org.apache.juli.logging.DirectJDKLog [main]  Starting filter 'springSecurityFilterChain'
2024-07-17 18:30:06,953 DEBUG org.springframework.web.filter.GenericFilterBean [main] Filter 'springSecurityFilterChain' configured for use
2024-07-17 18:30:06,954 DEBUG org.apache.juli.logging.DirectJDKLog [main]  Starting filter 'formContentFilter'
2024-07-17 18:30:06,955 DEBUG org.springframework.web.filter.GenericFilterBean [main] Filter 'formContentFilter' configured for use
2024-07-17 18:30:06,956 DEBUG org.apache.juli.logging.DirectJDKLog [main]  Starting filter 'authenticationTokenFilterBean'
2024-07-17 18:30:06,956 DEBUG org.springframework.web.filter.GenericFilterBean [main] Filter 'authenticationTokenFilterBean' configured for use
2024-07-17 18:30:06,957 DEBUG org.apache.juli.logging.DirectJDKLog [main] Starting completed
2024-07-17 18:30:06,958 DEBUG org.apache.juli.logging.DirectJDKLog [main] Setting state for [StandardEngine[Tomcat].StandardHost[localhost].TomcatEmbeddedContext[]] to [STARTING]
2024-07-17 18:30:06,960 DEBUG org.apache.juli.logging.DirectJDKLog [main] Setting state for [StandardEngine[Tomcat].StandardHost[localhost].TomcatEmbeddedContext[]] to [STARTED]
2024-07-17 18:30:06,961 DEBUG org.apache.juli.logging.DirectJDKLog [main] Setting state for [StandardPipeline[StandardEngine[Tomcat].StandardHost[localhost]]] to [INITIALIZING]
2024-07-17 18:30:06,961 DEBUG org.apache.juli.logging.DirectJDKLog [main] Setting state for [StandardPipeline[StandardEngine[Tomcat].StandardHost[localhost]]] to [INITIALIZED]
2024-07-17 18:30:06,962 DEBUG org.apache.juli.logging.DirectJDKLog [main] Setting state for [StandardPipeline[StandardEngine[Tomcat].StandardHost[localhost]]] to [STARTING_PREP]
2024-07-17 18:30:06,963 DEBUG org.apache.juli.logging.DirectJDKLog [main] Setting state for [ErrorReportValve[StandardEngine[Tomcat].StandardHost[localhost]]] to [INITIALIZING]
2024-07-17 18:30:06,964 DEBUG org.apache.juli.logging.DirectJDKLog [main] Setting state for [ErrorReportValve[StandardEngine[Tomcat].StandardHost[localhost]]] to [INITIALIZED]
2024-07-17 18:30:06,964 DEBUG org.apache.juli.logging.DirectJDKLog [main] Setting state for [ErrorReportValve[StandardEngine[Tomcat].StandardHost[localhost]]] to [STARTING_PREP]
2024-07-17 18:30:06,965 DEBUG org.apache.juli.logging.DirectJDKLog [main] Setting state for [ErrorReportValve[StandardEngine[Tomcat].StandardHost[localhost]]] to [STARTING]
2024-07-17 18:30:06,966 DEBUG org.apache.juli.logging.DirectJDKLog [main] Setting state for [ErrorReportValve[StandardEngine[Tomcat].StandardHost[localhost]]] to [STARTED]
2024-07-17 18:30:06,966 DEBUG org.apache.juli.logging.DirectJDKLog [main] Setting state for [StandardHostValve[StandardEngine[Tomcat].StandardHost[localhost]]] to [INITIALIZING]
2024-07-17 18:30:06,967 DEBUG org.apache.juli.logging.DirectJDKLog [main] Setting state for [StandardHostValve[StandardEngine[Tomcat].StandardHost[localhost]]] to [INITIALIZED]
2024-07-17 18:30:06,968 DEBUG org.apache.juli.logging.DirectJDKLog [main] Setting state for [StandardHostValve[StandardEngine[Tomcat].StandardHost[localhost]]] to [STARTING_PREP]
2024-07-17 18:30:06,969 DEBUG org.apache.juli.logging.DirectJDKLog [main] Setting state for [StandardHostValve[StandardEngine[Tomcat].StandardHost[localhost]]] to [STARTING]
2024-07-17 18:30:06,970 DEBUG org.apache.juli.logging.DirectJDKLog [main] Setting state for [StandardHostValve[StandardEngine[Tomcat].StandardHost[localhost]]] to [STARTED]
2024-07-17 18:30:06,970 DEBUG org.apache.juli.logging.DirectJDKLog [main] Setting state for [StandardPipeline[StandardEngine[Tomcat].StandardHost[localhost]]] to [STARTING]
2024-07-17 18:30:06,971 DEBUG org.apache.juli.logging.DirectJDKLog [main] Setting state for [StandardPipeline[StandardEngine[Tomcat].StandardHost[localhost]]] to [STARTED]
2024-07-17 18:30:06,971 DEBUG org.apache.juli.logging.DirectJDKLog [main] Setting state for [StandardEngine[Tomcat].StandardHost[localhost]] to [STARTING]
2024-07-17 18:30:06,972 DEBUG org.apache.juli.logging.DirectJDKLog [main] Setting state for [StandardEngine[Tomcat].StandardHost[localhost]] to [STARTED]
2024-07-17 18:30:06,973 DEBUG org.apache.juli.logging.DirectJDKLog [main] Setting state for [StandardPipeline[StandardEngine[Tomcat]]] to [INITIALIZING]
2024-07-17 18:30:06,973 DEBUG org.apache.juli.logging.DirectJDKLog [main] Setting state for [StandardPipeline[StandardEngine[Tomcat]]] to [INITIALIZED]
2024-07-17 18:30:06,973 DEBUG org.apache.juli.logging.DirectJDKLog [main] Setting state for [StandardPipeline[StandardEngine[Tomcat]]] to [STARTING_PREP]
2024-07-17 18:30:06,975 DEBUG org.apache.juli.logging.DirectJDKLog [main] Setting state for [StandardEngineValve[StandardEngine[Tomcat]]] to [INITIALIZING]
2024-07-17 18:30:06,976 DEBUG org.apache.juli.logging.DirectJDKLog [main] Setting state for [StandardEngineValve[StandardEngine[Tomcat]]] to [INITIALIZED]
2024-07-17 18:30:06,977 DEBUG org.apache.juli.logging.DirectJDKLog [main] Setting state for [StandardEngineValve[StandardEngine[Tomcat]]] to [STARTING_PREP]
2024-07-17 18:30:06,978 DEBUG org.apache.juli.logging.DirectJDKLog [main] Setting state for [StandardEngineValve[StandardEngine[Tomcat]]] to [STARTING]
2024-07-17 18:30:06,978 DEBUG org.apache.juli.logging.DirectJDKLog [main] Setting state for [StandardEngineValve[StandardEngine[Tomcat]]] to [STARTED]
2024-07-17 18:30:06,979 DEBUG org.apache.juli.logging.DirectJDKLog [main] Setting state for [StandardPipeline[StandardEngine[Tomcat]]] to [STARTING]
2024-07-17 18:30:06,979 DEBUG org.apache.juli.logging.DirectJDKLog [main] Setting state for [StandardPipeline[StandardEngine[Tomcat]]] to [STARTED]
2024-07-17 18:30:06,980 DEBUG org.apache.juli.logging.DirectJDKLog [main] Setting state for [StandardEngine[Tomcat]] to [STARTING]
2024-07-17 18:30:06,985 DEBUG org.apache.juli.logging.DirectJDKLog [main] Setting state for [StandardEngine[Tomcat]] to [STARTED]
2024-07-17 18:30:06,985 DEBUG org.apache.juli.logging.DirectJDKLog [main] Setting state for [org.apache.catalina.mapper.MapperListener@4faf104] to [STARTING_PREP]
2024-07-17 18:30:06,986 DEBUG org.apache.juli.logging.DirectJDKLog [main] Setting state for [org.apache.catalina.mapper.MapperListener@4faf104] to [STARTING]
2024-07-17 18:30:06,988 DEBUG org.apache.juli.logging.DirectJDKLog [main] Registered host [localhost]
2024-07-17 18:30:06,991 DEBUG org.apache.juli.logging.DirectJDKLog [main] Register Wrapper [default] in Context [] for service [StandardService[Tomcat]]
2024-07-17 18:30:06,994 DEBUG org.apache.juli.logging.DirectJDKLog [main] Register Wrapper [dispatcherServlet] in Context [] for service [StandardService[Tomcat]]
2024-07-17 18:30:06,995 DEBUG org.apache.juli.logging.DirectJDKLog [main] Register Context [] for service [StandardService[Tomcat]]
2024-07-17 18:30:06,996 DEBUG org.apache.juli.logging.DirectJDKLog [main] Register host [localhost] at domain [null] for service [StandardService[Tomcat]]
2024-07-17 18:30:06,996 DEBUG org.apache.juli.logging.DirectJDKLog [main] Setting state for [org.apache.catalina.mapper.MapperListener@4faf104] to [STARTED]
2024-07-17 18:30:06,997 DEBUG org.apache.juli.logging.DirectJDKLog [main] Setting state for [StandardService[Tomcat]] to [STARTED]
2024-07-17 18:30:06,999 DEBUG org.apache.juli.logging.DirectJDKLog [main] Setting state for [StandardServer[-1]] to [STARTED]
2024-07-17 18:30:07,025 DEBUG org.springframework.beans.factory.support.DefaultSingletonBeanRegistry [main] Creating shared instance of singleton bean 'bookingApplication'
2024-07-17 18:30:07,032 DEBUG org.springframework.beans.factory.support.DefaultSingletonBeanRegistry [main] Creating shared instance of singleton bean 'bookingController'
2024-07-17 18:30:07,035 DEBUG com.zaxxer.hikari.pool.HikariPool$PoolEntryCreator [HikariPool-1 connection adder] HikariPool-1 - Added connection org.postgresql.jdbc.PgConnection@8859dac
2024-07-17 18:30:07,045 DEBUG org.postgresql.Driver [HikariPool-1 connection adder] Connecting with URL: jdbc:postgresql://localhost:5432/Clubdb
2024-07-17 18:30:07,039 DEBUG org.springframework.beans.factory.support.DefaultSingletonBeanRegistry [main] Creating shared instance of singleton bean 'BookingService'
2024-07-17 18:30:07,046 DEBUG org.postgresql.jdbc.PgConnection [HikariPool-1 connection adder] PostgreSQL JDBC Driver 42.2.14
2024-07-17 18:30:07,047 DEBUG org.postgresql.jdbc.PgConnection [HikariPool-1 connection adder]   setDefaultFetchSize = 0
2024-07-17 18:30:07,047 DEBUG org.postgresql.jdbc.PgConnection [HikariPool-1 connection adder]   setPrepareThreshold = 5
2024-07-17 18:30:07,047 DEBUG org.postgresql.core.v3.ConnectionFactoryImpl [HikariPool-1 connection adder] Trying to establish a protocol version 3 connection to localhost:5432
2024-07-17 18:30:07,049 DEBUG org.postgresql.core.v3.ConnectionFactoryImpl [HikariPool-1 connection adder] Receive Buffer Size is 65,536
2024-07-17 18:30:07,051 DEBUG org.postgresql.core.v3.ConnectionFactoryImpl [HikariPool-1 connection adder] Send Buffer Size is 65,536
2024-07-17 18:30:07,052 DEBUG org.springframework.data.repository.config.RepositoryConfigurationDelegate$LazyRepositoryInjectionPointResolver [main] Creating lazy injection proxy for com.booking.dao.ClubSlotBookingDao…
2024-07-17 18:30:07,062 DEBUG org.springframework.data.repository.config.RepositoryConfigurationDelegate$LazyRepositoryInjectionPointResolver [main] Creating lazy injection proxy for com.booking.dao.ClubSlotDao…
2024-07-17 18:30:07,075 DEBUG org.springframework.data.repository.config.RepositoryConfigurationDelegate$LazyRepositoryInjectionPointResolver [main] Creating lazy injection proxy for com.booking.dao.UserDao…
2024-07-17 18:30:07,078 DEBUG org.hibernate.type.BasicTypeRegistry [task-1] Adding type registration boolean -> org.hibernate.type.BooleanType@2a018be7
2024-07-17 18:30:07,077 DEBUG org.springframework.data.repository.config.RepositoryConfigurationDelegate$LazyRepositoryInjectionPointResolver [main] Creating lazy injection proxy for com.booking.dao.UserBookingDao…
2024-07-17 18:30:07,078 DEBUG org.hibernate.type.BasicTypeRegistry [task-1] Adding type registration boolean -> org.hibernate.type.BooleanType@2a018be7
2024-07-17 18:30:07,079 DEBUG org.hibernate.type.BasicTypeRegistry [task-1] Adding type registration java.lang.Boolean -> org.hibernate.type.BooleanType@2a018be7
2024-07-17 18:30:07,082 DEBUG org.hibernate.type.BasicTypeRegistry [task-1] Adding type registration numeric_boolean -> org.hibernate.type.NumericBooleanType@35bab8f8
2024-07-17 18:30:07,089 DEBUG org.springframework.beans.factory.support.DefaultSingletonBeanRegistry [main] Creating shared instance of singleton bean 'configController'
2024-07-17 18:30:07,090 DEBUG org.hibernate.type.BasicTypeRegistry [task-1] Adding type registration true_false -> org.hibernate.type.TrueFalseType@6f80673e
2024-07-17 18:30:07,092 DEBUG org.hibernate.type.BasicTypeRegistry [task-1] Adding type registration yes_no -> org.hibernate.type.YesNoType@4e19e35c
2024-07-17 18:30:07,091 DEBUG org.springframework.data.repository.config.RepositoryConfigurationDelegate$LazyRepositoryInjectionPointResolver [main] Creating lazy injection proxy for com.booking.dao.ClubConfigDao…
2024-07-17 18:30:07,095 DEBUG org.hibernate.type.BasicTypeRegistry [task-1] Adding type registration byte -> org.hibernate.type.ByteType@7a7c77bb
2024-07-17 18:30:07,096 DEBUG org.hibernate.type.BasicTypeRegistry [task-1] Adding type registration byte -> org.hibernate.type.ByteType@7a7c77bb
2024-07-17 18:30:07,096 DEBUG org.hibernate.type.BasicTypeRegistry [task-1] Adding type registration java.lang.Byte -> org.hibernate.type.ByteType@7a7c77bb
2024-07-17 18:30:07,102 DEBUG org.springframework.beans.factory.support.DefaultSingletonBeanRegistry [main] Creating shared instance of singleton bean 'slotController'
2024-07-17 18:30:07,103 DEBUG org.hibernate.type.BasicTypeRegistry [task-1] Adding type registration character -> org.hibernate.type.CharacterType@68cdab13
2024-07-17 18:30:07,104 DEBUG org.hibernate.type.BasicTypeRegistry [task-1] Adding type registration char -> org.hibernate.type.CharacterType@68cdab13
2024-07-17 18:30:07,104 DEBUG org.hibernate.type.BasicTypeRegistry [task-1] Adding type registration java.lang.Character -> org.hibernate.type.CharacterType@68cdab13
2024-07-17 18:30:07,106 DEBUG org.springframework.beans.factory.support.DefaultSingletonBeanRegistry [main] Creating shared instance of singleton bean 'SlotService'
2024-07-17 18:30:07,108 DEBUG org.hibernate.type.BasicTypeRegistry [task-1] Adding type registration short -> org.hibernate.type.ShortType@2daa51c7
2024-07-17 18:30:07,116 DEBUG org.hibernate.type.BasicTypeRegistry [task-1] Adding type registration short -> org.hibernate.type.ShortType@2daa51c7
2024-07-17 18:30:07,116 DEBUG org.hibernate.type.BasicTypeRegistry [task-1] Adding type registration java.lang.Short -> org.hibernate.type.ShortType@2daa51c7
2024-07-17 18:30:07,119 DEBUG org.hibernate.type.BasicTypeRegistry [task-1] Adding type registration integer -> org.hibernate.type.IntegerType@4e2e2873
2024-07-17 18:30:07,120 DEBUG org.hibernate.type.BasicTypeRegistry [task-1] Adding type registration int -> org.hibernate.type.IntegerType@4e2e2873
2024-07-17 18:30:07,120 DEBUG org.hibernate.type.BasicTypeRegistry [task-1] Adding type registration java.lang.Integer -> org.hibernate.type.IntegerType@4e2e2873
2024-07-17 18:30:07,123 DEBUG org.hibernate.type.BasicTypeRegistry [task-1] Adding type registration long -> org.hibernate.type.LongType@45e2f713
2024-07-17 18:30:07,124 DEBUG org.springframework.data.repository.config.RepositoryConfigurationDelegate$LazyRepositoryInjectionPointResolver [main] Creating lazy injection proxy for com.booking.dao.ClubSlotDao…
2024-07-17 18:30:07,124 DEBUG org.hibernate.type.BasicTypeRegistry [task-1] Adding type registration long -> org.hibernate.type.LongType@45e2f713
2024-07-17 18:30:07,124 DEBUG org.hibernate.type.BasicTypeRegistry [task-1] Adding type registration java.lang.Long -> org.hibernate.type.LongType@45e2f713
2024-07-17 18:30:07,124 DEBUG org.springframework.data.repository.config.RepositoryConfigurationDelegate$LazyRepositoryInjectionPointResolver [main] Creating lazy injection proxy for com.booking.dao.ClubSlotBookingDao…
2024-07-17 18:30:07,125 DEBUG org.springframework.data.repository.config.RepositoryConfigurationDelegate$LazyRepositoryInjectionPointResolver [main] Creating lazy injection proxy for com.booking.dao.ClubConfigDao…
2024-07-17 18:30:07,126 DEBUG org.springframework.data.repository.config.RepositoryConfigurationDelegate$LazyRepositoryInjectionPointResolver [main] Creating lazy injection proxy for com.booking.dao.UserBookingDao…
2024-07-17 18:30:07,127 DEBUG org.hibernate.type.BasicTypeRegistry [task-1] Adding type registration float -> org.hibernate.type.FloatType@2349e309
2024-07-17 18:30:07,128 DEBUG org.hibernate.type.BasicTypeRegistry [task-1] Adding type registration float -> org.hibernate.type.FloatType@2349e309
2024-07-17 18:30:07,128 DEBUG org.springframework.core.env.PropertySourcesPropertyResolver [main] Found key 'jpa.datasource.url' in PropertySource 'configurationProperties' with value of type String
2024-07-17 18:30:07,128 DEBUG org.hibernate.type.BasicTypeRegistry [task-1] Adding type registration java.lang.Float -> org.hibernate.type.FloatType@2349e309
2024-07-17 18:30:07,128 DEBUG org.springframework.core.env.PropertySourcesPropertyResolver [main] Found key 'jpa.datasource.url' in PropertySource 'environmentProperties' with value of type String
2024-07-17 18:30:07,130 DEBUG org.springframework.core.env.PropertySourcesPropertyResolver [main] Found key 'spring.datasource.username' in PropertySource 'configurationProperties' with value of type String
2024-07-17 18:30:07,131 DEBUG org.hibernate.type.BasicTypeRegistry [task-1] Adding type registration double -> org.hibernate.type.DoubleType@5246272f
2024-07-17 18:30:07,133 DEBUG org.hibernate.type.BasicTypeRegistry [task-1] Adding type registration double -> org.hibernate.type.DoubleType@5246272f
2024-07-17 18:30:07,133 DEBUG org.springframework.core.env.PropertySourcesPropertyResolver [main] Found key 'spring.datasource.username' in PropertySource 'environmentProperties' with value of type String
2024-07-17 18:30:07,134 DEBUG org.hibernate.type.BasicTypeRegistry [task-1] Adding type registration java.lang.Double -> org.hibernate.type.DoubleType@5246272f
2024-07-17 18:30:07,135 DEBUG org.springframework.core.env.PropertySourcesPropertyResolver [main] Found key 'spring.datasource.password' in PropertySource 'configurationProperties' with value of type String
2024-07-17 18:30:07,135 DEBUG org.springframework.core.env.PropertySourcesPropertyResolver [main] Found key 'spring.datasource.password' in PropertySource 'environmentProperties' with value of type String
2024-07-17 18:30:07,137 DEBUG org.hibernate.type.BasicTypeRegistry [task-1] Adding type registration big_decimal -> org.hibernate.type.BigDecimalType@76c6cc32
2024-07-17 18:30:07,138 DEBUG org.hibernate.type.BasicTypeRegistry [task-1] Adding type registration java.math.BigDecimal -> org.hibernate.type.BigDecimalType@76c6cc32
2024-07-17 18:30:07,141 DEBUG org.hibernate.type.BasicTypeRegistry [task-1] Adding type registration big_integer -> org.hibernate.type.BigIntegerType@5902a6fe
2024-07-17 18:30:07,141 DEBUG org.hibernate.type.BasicTypeRegistry [task-1] Adding type registration java.math.BigInteger -> org.hibernate.type.BigIntegerType@5902a6fe
2024-07-17 18:30:07,144 DEBUG org.hibernate.type.BasicTypeRegistry [task-1] Adding type registration string -> org.hibernate.type.StringType@130f1c55
2024-07-17 18:30:07,145 DEBUG org.hibernate.type.BasicTypeRegistry [task-1] Adding type registration java.lang.String -> org.hibernate.type.StringType@130f1c55
2024-07-17 18:30:07,147 DEBUG org.hibernate.type.BasicTypeRegistry [task-1] Adding type registration nstring -> org.hibernate.type.StringNVarcharType@4e4b9446
2024-07-17 18:30:07,148 DEBUG org.hibernate.type.BasicTypeRegistry [task-1] Adding type registration ncharacter -> org.hibernate.type.CharacterNCharType@3f04a72e
2024-07-17 18:30:07,154 DEBUG org.hibernate.type.BasicTypeRegistry [task-1] Adding type registration url -> org.hibernate.type.UrlType@7dc272f1
2024-07-17 18:30:07,155 DEBUG org.hibernate.type.BasicTypeRegistry [task-1] Adding type registration java.net.URL -> org.hibernate.type.UrlType@7dc272f1
2024-07-17 18:30:07,158 DEBUG org.hibernate.type.BasicTypeRegistry [task-1] Adding type registration Duration -> org.hibernate.type.DurationType@1bd32f43
2024-07-17 18:30:07,159 DEBUG sun.rmi.runtime.Log$LoggerLog [RMI TCP Connection(2)-127.0.0.1] RMI TCP Connection(2)-127.0.0.1: (port 58089) op = 82
2024-07-17 18:30:07,158 DEBUG org.hibernate.type.BasicTypeRegistry [task-1] Adding type registration java.time.Duration -> org.hibernate.type.DurationType@1bd32f43
2024-07-17 18:30:07,160 DEBUG sun.rmi.runtime.Log$LoggerLog [RMI TCP Connection(2)-127.0.0.1] RMI TCP Connection(2)-127.0.0.1: (port 58089) op = 80
2024-07-17 18:30:07,161 DEBUG sun.rmi.runtime.Log$LoggerLog [RMI TCP Connection(2)-127.0.0.1] RMI TCP Connection(2)-127.0.0.1: name = "javax.management.ObjectName", codebase = ""
2024-07-17 18:30:07,162 DEBUG sun.util.logging.internal.LoggingProviderImpl$JULWrapper [RMI TCP Connection(2)-127.0.0.1] connectionId=rmi://127.0.0.1  1, name=org.springframework.boot:type=Admin,name=SpringApplication, attribute=Ready
2024-07-17 18:30:07,162 DEBUG org.hibernate.type.BasicTypeRegistry [task-1] Adding type registration Instant -> org.hibernate.type.InstantType@1654b30d
2024-07-17 18:30:07,163 DEBUG org.hibernate.type.BasicTypeRegistry [task-1] Adding type registration java.time.Instant -> org.hibernate.type.InstantType@1654b30d
2024-07-17 18:30:07,163 DEBUG sun.rmi.runtime.Log$LoggerLog [RMI TCP Connection(2)-127.0.0.1] RMI TCP Connection(2)-127.0.0.1: [127.0.0.1] exception: 
javax.management.InstanceNotFoundException: org.springframework.boot:type=Admin,name=SpringApplication
	at java.management/com.sun.jmx.interceptor.DefaultMBeanServerInterceptor.getMBean(DefaultMBeanServerInterceptor.java:1088)
	at java.management/com.sun.jmx.interceptor.DefaultMBeanServerInterceptor.getAttribute(DefaultMBeanServerInterceptor.java:640)
	at java.management/com.sun.jmx.mbeanserver.JmxMBeanServer.getAttribute(JmxMBeanServer.java:679)
	at java.management.rmi/javax.management.remote.rmi.RMIConnectionImpl.doOperation(RMIConnectionImpl.java:1449)
	at java.management.rmi/javax.management.remote.rmi.RMIConnectionImpl$PrivilegedOperation.run(RMIConnectionImpl.java:1310)
	at java.management.rmi/javax.management.remote.rmi.RMIConnectionImpl.doPrivilegedOperation(RMIConnectionImpl.java:1405)
	at java.management.rmi/javax.management.remote.rmi.RMIConnectionImpl.getAttribute(RMIConnectionImpl.java:639)
	at java.base/jdk.internal.reflect.GeneratedMethodAccessor24.invoke(Unknown Source)
	at java.base/jdk.internal.reflect.DelegatingMethodAccessorImpl.invoke(DelegatingMethodAccessorImpl.java:43)
	at java.base/java.lang.reflect.Method.invoke(Method.java:568)
	at java.rmi/sun.rmi.server.UnicastServerRef.dispatch(UnicastServerRef.java:360)
	at java.rmi/sun.rmi.transport.Transport$1.run(Transport.java:200)
	at java.rmi/sun.rmi.transport.Transport$1.run(Transport.java:197)
	at java.base/java.security.AccessController.doPrivileged(AccessController.java:712)
	at java.rmi/sun.rmi.transport.Transport.serviceCall(Transport.java:196)
	at java.rmi/sun.rmi.transport.tcp.TCPTransport.handleMessages(TCPTransport.java:587)
	at java.rmi/sun.rmi.transport.tcp.TCPTransport$ConnectionHandler.run0(TCPTransport.java:828)
	at java.rmi/sun.rmi.transport.tcp.TCPTransport$ConnectionHandler.lambda$run$0(TCPTransport.java:705)
	at java.base/java.security.AccessController.doPrivileged(AccessController.java:399)
	at java.rmi/sun.rmi.transport.tcp.TCPTransport$ConnectionHandler.run(TCPTransport.java:704)
	at java.base/java.util.concurrent.ThreadPoolExecutor.runWorker(ThreadPoolExecutor.java:1136)
	at java.base/java.util.concurrent.ThreadPoolExecutor$Worker.run(ThreadPoolExecutor.java:635)
	at java.base/java.lang.Thread.run(Thread.java:833)
2024-07-17 18:30:07,167 DEBUG org.hibernate.type.BasicTypeRegistry [task-1] Adding type registration LocalDateTime -> org.hibernate.type.LocalDateTimeType@6758319e
2024-07-17 18:30:07,167 DEBUG org.hibernate.type.BasicTypeRegistry [task-1] Adding type registration java.time.LocalDateTime -> org.hibernate.type.LocalDateTimeType@6758319e
2024-07-17 18:30:07,171 DEBUG org.hibernate.type.BasicTypeRegistry [task-1] Adding type registration LocalDate -> org.hibernate.type.LocalDateType@5c3f578a
2024-07-17 18:30:07,171 DEBUG org.hibernate.type.BasicTypeRegistry [task-1] Adding type registration java.time.LocalDate -> org.hibernate.type.LocalDateType@5c3f578a
2024-07-17 18:30:07,174 DEBUG org.hibernate.type.BasicTypeRegistry [task-1] Adding type registration LocalTime -> org.hibernate.type.LocalTimeType@35057563
2024-07-17 18:30:07,175 DEBUG org.hibernate.type.BasicTypeRegistry [task-1] Adding type registration java.time.LocalTime -> org.hibernate.type.LocalTimeType@35057563
2024-07-17 18:30:07,179 DEBUG org.hibernate.type.BasicTypeRegistry [task-1] Adding type registration OffsetDateTime -> org.hibernate.type.OffsetDateTimeType@2d365aef
2024-07-17 18:30:07,180 DEBUG org.hibernate.type.BasicTypeRegistry [task-1] Adding type registration java.time.OffsetDateTime -> org.hibernate.type.OffsetDateTimeType@2d365aef
2024-07-17 18:30:07,185 DEBUG org.hibernate.type.BasicTypeRegistry [task-1] Adding type registration OffsetTime -> org.hibernate.type.OffsetTimeType@29efed7f
2024-07-17 18:30:07,185 DEBUG org.hibernate.type.BasicTypeRegistry [task-1] Adding type registration java.time.OffsetTime -> org.hibernate.type.OffsetTimeType@29efed7f
2024-07-17 18:30:07,191 DEBUG org.hibernate.type.BasicTypeRegistry [task-1] Adding type registration ZonedDateTime -> org.hibernate.type.ZonedDateTimeType@25e575b4
2024-07-17 18:30:07,192 DEBUG org.hibernate.type.BasicTypeRegistry [task-1] Adding type registration java.time.ZonedDateTime -> org.hibernate.type.ZonedDateTimeType@25e575b4
2024-07-17 18:30:07,195 DEBUG org.hibernate.type.BasicTypeRegistry [task-1] Adding type registration date -> org.hibernate.type.DateType@4c3c8d3a
2024-07-17 18:30:07,196 DEBUG org.hibernate.type.BasicTypeRegistry [task-1] Adding type registration java.sql.Date -> org.hibernate.type.DateType@4c3c8d3a
2024-07-17 18:30:07,200 DEBUG org.hibernate.type.BasicTypeRegistry [task-1] Adding type registration time -> org.hibernate.type.TimeType@2fe8d0fc
2024-07-17 18:30:07,201 DEBUG org.hibernate.type.BasicTypeRegistry [task-1] Adding type registration java.sql.Time -> org.hibernate.type.TimeType@2fe8d0fc
2024-07-17 18:30:07,205 DEBUG org.hibernate.type.BasicTypeRegistry [task-1] Adding type registration timestamp -> org.hibernate.type.TimestampType@50c45524
2024-07-17 18:30:07,205 DEBUG org.hibernate.type.BasicTypeRegistry [task-1] Adding type registration java.sql.Timestamp -> org.hibernate.type.TimestampType@50c45524
2024-07-17 18:30:07,206 DEBUG org.hibernate.type.BasicTypeRegistry [task-1] Adding type registration java.util.Date -> org.hibernate.type.TimestampType@50c45524
2024-07-17 18:30:07,209 DEBUG org.hibernate.type.BasicTypeRegistry [task-1] Adding type registration dbtimestamp -> org.hibernate.type.DbTimestampType@52e1b9f6
2024-07-17 18:30:07,214 DEBUG org.hibernate.type.BasicTypeRegistry [task-1] Adding type registration calendar -> org.hibernate.type.CalendarType@644e12a8
2024-07-17 18:30:07,215 DEBUG org.hibernate.type.BasicTypeRegistry [task-1] Adding type registration java.util.Calendar -> org.hibernate.type.CalendarType@644e12a8
2024-07-17 18:30:07,216 DEBUG org.hibernate.type.BasicTypeRegistry [task-1] Adding type registration java.util.GregorianCalendar -> org.hibernate.type.CalendarType@644e12a8
2024-07-17 18:30:07,218 DEBUG org.hibernate.type.BasicTypeRegistry [task-1] Adding type registration calendar_date -> org.hibernate.type.CalendarDateType@6f39dbac
2024-07-17 18:30:07,221 DEBUG org.hibernate.type.BasicTypeRegistry [task-1] Adding type registration calendar_time -> org.hibernate.type.CalendarTimeType@77493718
2024-07-17 18:30:07,225 DEBUG org.hibernate.type.BasicTypeRegistry [task-1] Adding type registration locale -> org.hibernate.type.LocaleType@3c38c190
2024-07-17 18:30:07,226 DEBUG org.hibernate.type.BasicTypeRegistry [task-1] Adding type registration java.util.Locale -> org.hibernate.type.LocaleType@3c38c190
2024-07-17 18:30:07,242 DEBUG com.zaxxer.hikari.pool.HikariPool$PoolEntryCreator [HikariPool-1 connection adder] HikariPool-1 - Added connection org.postgresql.jdbc.PgConnection@1aa52105
2024-07-17 18:30:07,236 DEBUG org.hibernate.type.BasicTypeRegistry [task-1] Adding type registration currency -> org.hibernate.type.CurrencyType@4c536626
2024-07-17 18:30:07,245 DEBUG org.postgresql.Driver [HikariPool-1 connection adder] Connecting with URL: jdbc:postgresql://localhost:5432/Clubdb
2024-07-17 18:30:07,246 DEBUG org.postgresql.jdbc.PgConnection [HikariPool-1 connection adder] PostgreSQL JDBC Driver 42.2.14
2024-07-17 18:30:07,245 DEBUG org.hibernate.type.BasicTypeRegistry [task-1] Adding type registration java.util.Currency -> org.hibernate.type.CurrencyType@4c536626
2024-07-17 18:30:07,246 DEBUG org.postgresql.jdbc.PgConnection [HikariPool-1 connection adder]   setDefaultFetchSize = 0
2024-07-17 18:30:07,247 DEBUG org.postgresql.jdbc.PgConnection [HikariPool-1 connection adder]   setPrepareThreshold = 5
2024-07-17 18:30:07,247 DEBUG org.postgresql.core.v3.ConnectionFactoryImpl [HikariPool-1 connection adder] Trying to establish a protocol version 3 connection to localhost:5432
2024-07-17 18:30:07,249 DEBUG org.postgresql.core.v3.ConnectionFactoryImpl [HikariPool-1 connection adder] Receive Buffer Size is 65,536
2024-07-17 18:30:07,250 DEBUG org.postgresql.core.v3.ConnectionFactoryImpl [HikariPool-1 connection adder] Send Buffer Size is 65,536
2024-07-17 18:30:07,250 DEBUG org.hibernate.type.BasicTypeRegistry [task-1] Adding type registration timezone -> org.hibernate.type.TimeZoneType@2fa628a7
2024-07-17 18:30:07,251 DEBUG org.hibernate.type.BasicTypeRegistry [task-1] Adding type registration java.util.TimeZone -> org.hibernate.type.TimeZoneType@2fa628a7
2024-07-17 18:30:07,255 DEBUG org.hibernate.type.BasicTypeRegistry [task-1] Adding type registration class -> org.hibernate.type.ClassType@494be947
2024-07-17 18:30:07,256 DEBUG org.hibernate.type.BasicTypeRegistry [task-1] Adding type registration java.lang.Class -> org.hibernate.type.ClassType@494be947
2024-07-17 18:30:07,256 DEBUG org.springframework.beans.factory.support.DefaultSingletonBeanRegistry [main] Creating shared instance of singleton bean 'userController'
2024-07-17 18:30:07,259 DEBUG org.hibernate.type.BasicTypeRegistry [task-1] Adding type registration uuid-binary -> org.hibernate.type.UUIDBinaryType@bf2b08f
2024-07-17 18:30:07,260 DEBUG org.hibernate.type.BasicTypeRegistry [task-1] Adding type registration java.util.UUID -> org.hibernate.type.UUIDBinaryType@bf2b08f
2024-07-17 18:30:07,263 DEBUG org.hibernate.type.BasicTypeRegistry [task-1] Adding type registration uuid-char -> org.hibernate.type.UUIDCharType@5746d39
2024-07-17 18:30:07,266 DEBUG org.springframework.beans.factory.support.DefaultSingletonBeanRegistry [main] Creating shared instance of singleton bean 'authenticationManagerBean'
2024-07-17 18:30:07,269 DEBUG org.hibernate.type.BasicTypeRegistry [task-1] Adding type registration binary -> org.hibernate.type.BinaryType@ae9bdfc
2024-07-17 18:30:07,270 DEBUG org.hibernate.type.BasicTypeRegistry [task-1] Adding type registration byte[] -> org.hibernate.type.BinaryType@ae9bdfc
2024-07-17 18:30:07,270 DEBUG org.hibernate.type.BasicTypeRegistry [task-1] Adding type registration [B -> org.hibernate.type.BinaryType@ae9bdfc
2024-07-17 18:30:07,272 DEBUG org.springframework.data.repository.config.RepositoryConfigurationDelegate$LazyRepositoryInjectionPointResolver [main] Creating lazy injection proxy for com.booking.dao.UserDao…
2024-07-17 18:30:07,273 DEBUG org.hibernate.type.BasicTypeRegistry [task-1] Adding type registration wrapper-binary -> org.hibernate.type.WrapperBinaryType@136eaa44
2024-07-17 18:30:07,274 DEBUG org.hibernate.type.BasicTypeRegistry [task-1] Adding type registration Byte[] -> org.hibernate.type.WrapperBinaryType@136eaa44
2024-07-17 18:30:07,274 DEBUG org.hibernate.type.BasicTypeRegistry [task-1] Adding type registration [Ljava.lang.Byte; -> org.hibernate.type.WrapperBinaryType@136eaa44
2024-07-17 18:30:07,275 DEBUG org.springframework.data.repository.config.RepositoryConfigurationDelegate$LazyRepositoryInjectionPointResolver [main] Creating lazy injection proxy for com.booking.dao.ClubConfigDao…
2024-07-17 18:30:07,277 DEBUG org.hibernate.type.BasicTypeRegistry [task-1] Adding type registration row_version -> org.hibernate.type.RowVersionType@7b769da4
2024-07-17 18:30:07,279 DEBUG org.hibernate.type.BasicTypeRegistry [task-1] Adding type registration image -> org.hibernate.type.ImageType@3e730070
2024-07-17 18:30:07,281 DEBUG org.springframework.security.access.prepost.PrePostAnnotationSecurityMetadataSource [main] @org.springframework.security.access.prepost.PreAuthorize("hasRole(\'USER\')") found on specific method: public java.lang.String com.booking.controller.UserController.userPing()
2024-07-17 18:30:07,281 DEBUG org.hibernate.type.BasicTypeRegistry [task-1] Adding type registration characters -> org.hibernate.type.CharArrayType@74975666
2024-07-17 18:30:07,291 DEBUG org.hibernate.type.BasicTypeRegistry [task-1] Adding type registration char[] -> org.hibernate.type.CharArrayType@74975666
2024-07-17 18:30:07,292 DEBUG org.hibernate.type.BasicTypeRegistry [task-1] Adding type registration [C -> org.hibernate.type.CharArrayType@74975666
2024-07-17 18:30:07,295 DEBUG org.hibernate.type.BasicTypeRegistry [task-1] Adding type registration wrapper-characters -> org.hibernate.type.CharacterArrayType@2c760575
2024-07-17 18:30:07,296 DEBUG org.hibernate.type.BasicTypeRegistry [task-1] Adding type registration [Ljava.lang.Character; -> org.hibernate.type.CharacterArrayType@2c760575
2024-07-17 18:30:07,297 DEBUG org.hibernate.type.BasicTypeRegistry [task-1] Adding type registration Character[] -> org.hibernate.type.CharacterArrayType@2c760575
2024-07-17 18:30:07,300 DEBUG org.hibernate.type.BasicTypeRegistry [task-1] Adding type registration text -> org.hibernate.type.TextType@13cf7276
2024-07-17 18:30:07,302 DEBUG org.hibernate.type.BasicTypeRegistry [task-1] Adding type registration ntext -> org.hibernate.type.NTextType@73ca7b6e
2024-07-17 18:30:07,306 DEBUG org.hibernate.type.BasicTypeRegistry [task-1] Adding type registration blob -> org.hibernate.type.BlobType@6343b874
2024-07-17 18:30:07,307 DEBUG org.hibernate.type.BasicTypeRegistry [task-1] Adding type registration java.sql.Blob -> org.hibernate.type.BlobType@6343b874
2024-07-17 18:30:07,308 DEBUG org.hibernate.type.BasicTypeRegistry [task-1] Adding type registration materialized_blob -> org.hibernate.type.MaterializedBlobType@275ed235
2024-07-17 18:30:07,312 DEBUG org.hibernate.type.BasicTypeRegistry [task-1] Adding type registration clob -> org.hibernate.type.ClobType@48ca74a1
2024-07-17 18:30:07,313 DEBUG org.hibernate.type.BasicTypeRegistry [task-1] Adding type registration java.sql.Clob -> org.hibernate.type.ClobType@48ca74a1
2024-07-17 18:30:07,316 DEBUG org.hibernate.type.BasicTypeRegistry [task-1] Adding type registration nclob -> org.hibernate.type.NClobType@858c736
2024-07-17 18:30:07,317 DEBUG org.hibernate.type.BasicTypeRegistry [task-1] Adding type registration java.sql.NClob -> org.hibernate.type.NClobType@858c736
2024-07-17 18:30:07,318 DEBUG org.hibernate.type.BasicTypeRegistry [task-1] Adding type registration materialized_clob -> org.hibernate.type.MaterializedClobType@4ebadad8
2024-07-17 18:30:07,321 DEBUG org.hibernate.type.BasicTypeRegistry [task-1] Adding type registration materialized_nclob -> org.hibernate.type.MaterializedNClobType@648558d7
2024-07-17 18:30:07,325 DEBUG org.hibernate.type.BasicTypeRegistry [task-1] Adding type registration serializable -> org.hibernate.type.SerializableType@111638df
2024-07-17 18:30:07,340 DEBUG org.hibernate.type.BasicTypeRegistry [task-1] Adding type registration object -> org.hibernate.type.ObjectType@5a165d3c
2024-07-17 18:30:07,340 DEBUG org.hibernate.type.BasicTypeRegistry [task-1] Adding type registration java.lang.Object -> org.hibernate.type.ObjectType@5a165d3c
2024-07-17 18:30:07,342 DEBUG org.hibernate.type.BasicTypeRegistry [task-1] Adding type registration imm_date -> org.hibernate.type.AdaptedImmutableType@52d4e48f
2024-07-17 18:30:07,343 DEBUG org.hibernate.type.BasicTypeRegistry [task-1] Adding type registration imm_time -> org.hibernate.type.AdaptedImmutableType@2ec332df
2024-07-17 18:30:07,343 DEBUG org.hibernate.type.BasicTypeRegistry [task-1] Adding type registration imm_timestamp -> org.hibernate.type.AdaptedImmutableType@225dcc88
2024-07-17 18:30:07,344 DEBUG org.hibernate.type.BasicTypeRegistry [task-1] Adding type registration imm_dbtimestamp -> org.hibernate.type.AdaptedImmutableType@5331014
2024-07-17 18:30:07,346 DEBUG org.hibernate.type.BasicTypeRegistry [task-1] Adding type registration imm_calendar -> org.hibernate.type.AdaptedImmutableType@70367ca1
2024-07-17 18:30:07,346 DEBUG org.hibernate.type.BasicTypeRegistry [task-1] Adding type registration imm_calendar_date -> org.hibernate.type.AdaptedImmutableType@4754fdb2
2024-07-17 18:30:07,347 DEBUG org.hibernate.type.BasicTypeRegistry [task-1] Adding type registration imm_binary -> org.hibernate.type.AdaptedImmutableType@ba1505c
2024-07-17 18:30:07,347 DEBUG org.hibernate.type.BasicTypeRegistry [task-1] Adding type registration imm_serializable -> org.hibernate.type.AdaptedImmutableType@168f528c
2024-07-17 18:30:07,378 DEBUG org.springframework.security.access.method.DelegatingMethodSecurityMetadataSource [main] Caching method [CacheKey[com.booking.controller.UserController; public java.lang.String com.booking.controller.UserController.userPing()]] with attributes [[authorize: 'hasRole('USER')', filter: 'null', filterTarget: 'null']]
2024-07-17 18:30:07,379 DEBUG org.springframework.beans.factory.support.DefaultSingletonBeanRegistry [main] Creating shared instance of singleton bean 'methodSecurityInterceptor'
2024-07-17 18:30:07,387 DEBUG org.springframework.beans.factory.support.ConstructorResolver [main] Autowiring by type from bean name 'methodSecurityInterceptor' via factory method to bean named 'methodSecurityMetadataSource'
2024-07-17 18:30:07,405 DEBUG org.hibernate.boot.internal.BootstrapContextImpl [task-1] Injecting JPA temp ClassLoader [org.springframework.instrument.classloading.SimpleThrowawayClassLoader@5026a8bd] into BootstrapContext; was [null]
2024-07-17 18:30:07,405 DEBUG org.hibernate.boot.internal.ClassLoaderAccessImpl [task-1] ClassLoaderAccessImpl#injectTempClassLoader(org.springframework.instrument.classloading.SimpleThrowawayClassLoader@5026a8bd) [was null]
2024-07-17 18:30:07,407 DEBUG org.hibernate.boot.internal.BootstrapContextImpl [task-1] Injecting ScanEnvironment [org.hibernate.jpa.boot.internal.StandardJpaScanEnvironmentImpl@6476ab71] into BootstrapContext; was [null]
2024-07-17 18:30:07,407 DEBUG org.hibernate.boot.internal.BootstrapContextImpl [task-1] Injecting ScanOptions [org.hibernate.boot.archive.scan.internal.StandardScanOptions@7251bb47] into BootstrapContext; was [org.hibernate.boot.archive.scan.internal.StandardScanOptions@48b8255a]
2024-07-17 18:30:07,426 DEBUG org.springframework.security.access.intercept.AbstractSecurityInterceptor [main] Validated configuration attributes
2024-07-17 18:30:07,432 DEBUG com.zaxxer.hikari.pool.HikariPool$PoolEntryCreator [HikariPool-1 connection adder] HikariPool-1 - Added connection org.postgresql.jdbc.PgConnection@1cfe4d9
2024-07-17 18:30:07,433 DEBUG org.postgresql.Driver [HikariPool-1 connection adder] Connecting with URL: jdbc:postgresql://localhost:5432/Clubdb
2024-07-17 18:30:07,433 DEBUG org.postgresql.jdbc.PgConnection [HikariPool-1 connection adder] PostgreSQL JDBC Driver 42.2.14
2024-07-17 18:30:07,433 DEBUG org.postgresql.jdbc.PgConnection [HikariPool-1 connection adder]   setDefaultFetchSize = 0
2024-07-17 18:30:07,434 DEBUG org.postgresql.jdbc.PgConnection [HikariPool-1 connection adder]   setPrepareThreshold = 5
2024-07-17 18:30:07,436 DEBUG org.postgresql.core.v3.ConnectionFactoryImpl [HikariPool-1 connection adder] Trying to establish a protocol version 3 connection to localhost:5432
2024-07-17 18:30:07,449 DEBUG org.postgresql.core.v3.ConnectionFactoryImpl [HikariPool-1 connection adder] Receive Buffer Size is 65,536
2024-07-17 18:30:07,450 DEBUG org.postgresql.core.v3.ConnectionFactoryImpl [HikariPool-1 connection adder] Send Buffer Size is 65,536
2024-07-17 18:30:07,454 DEBUG org.springframework.beans.factory.support.DefaultSingletonBeanRegistry [main] Creating shared instance of singleton bean 'restHandler'
2024-07-17 18:30:07,455 DEBUG org.hibernate.boot.internal.BootstrapContextImpl [task-1] Injecting JPA temp ClassLoader [null] into BootstrapContext; was [org.springframework.instrument.classloading.SimpleThrowawayClassLoader@5026a8bd]
2024-07-17 18:30:07,455 DEBUG org.hibernate.boot.internal.ClassLoaderAccessImpl [task-1] ClassLoaderAccessImpl#injectTempClassLoader(null) [was org.springframework.instrument.classloading.SimpleThrowawayClassLoader@5026a8bd]
2024-07-17 18:30:07,456 DEBUG org.springframework.core.env.PropertySourcesPropertyResolver [main] Found key 'razorpay.url' in PropertySource 'configurationProperties' with value of type String
2024-07-17 18:30:07,456 DEBUG org.springframework.core.env.PropertySourcesPropertyResolver [main] Found key 'razorpay.url' in PropertySource 'environmentProperties' with value of type String
2024-07-17 18:30:07,458 DEBUG org.springframework.core.env.PropertySourcesPropertyResolver [main] Found key 'razorpay.razorPayKey' in PropertySource 'applicationConfig: [classpath:/application.properties]' with value of type String
2024-07-17 18:30:07,458 DEBUG org.springframework.core.env.PropertySourcesPropertyResolver [main] Found key 'razorpay.razorPayKey' in PropertySource 'environmentProperties' with value of type String
2024-07-17 18:30:07,463 DEBUG org.springframework.core.env.PropertySourcesPropertyResolver [main] Found key 'razorpay.razorPayAuth' in PropertySource 'applicationConfig: [classpath:/application.properties]' with value of type String
2024-07-17 18:30:07,464 DEBUG org.springframework.core.env.PropertySourcesPropertyResolver [main] Found key 'razorpay.razorPayAuth' in PropertySource 'environmentProperties' with value of type String
2024-07-17 18:30:07,466 DEBUG org.springframework.beans.factory.support.DefaultSingletonBeanRegistry [main] Creating shared instance of singleton bean 'checksumUtil'
2024-07-17 18:30:07,468 DEBUG org.springframework.beans.factory.support.DefaultSingletonBeanRegistry [main] Creating shared instance of singleton bean 'mailUtility'
2024-07-17 18:30:07,470 DEBUG org.springframework.beans.factory.support.DefaultSingletonBeanRegistry [main] Creating shared instance of singleton bean 'mailSender'
2024-07-17 18:30:07,471 DEBUG org.springframework.beans.factory.support.DefaultSingletonBeanRegistry [main] Creating shared instance of singleton bean 'org.springframework.boot.autoconfigure.mail.MailSenderPropertiesConfiguration'
2024-07-17 18:30:07,474 DEBUG org.springframework.beans.factory.support.DefaultSingletonBeanRegistry [main] Creating shared instance of singleton bean 'spring.mail-org.springframework.boot.autoconfigure.mail.MailProperties'
2024-07-17 18:30:07,490 DEBUG org.springframework.beans.factory.support.ConstructorResolver [main] Autowiring by type from bean name 'mailSender' via factory method to bean named 'spring.mail-org.springframework.boot.autoconfigure.mail.MailProperties'
2024-07-17 18:30:07,502 DEBUG com.sun.activation.registries.LogSupport [main] MimetypesFileTypeMap: load HOME
2024-07-17 18:30:07,505 DEBUG org.hibernate.id.factory.internal.DefaultIdentifierGeneratorFactory [task-1] Registering IdentifierGenerator strategy [uuid2] -> [org.hibernate.id.UUIDGenerator]
2024-07-17 18:30:07,506 DEBUG com.sun.activation.registries.LogSupport [main] MimetypesFileTypeMap: load SYS
2024-07-17 18:30:07,507 DEBUG org.hibernate.id.factory.internal.DefaultIdentifierGeneratorFactory [task-1] Registering IdentifierGenerator strategy [guid] -> [org.hibernate.id.GUIDGenerator]
2024-07-17 18:30:07,507 DEBUG com.sun.activation.registries.LogSupport [main] MimetypesFileTypeMap: load JAR
2024-07-17 18:30:07,509 DEBUG org.hibernate.id.factory.internal.DefaultIdentifierGeneratorFactory [task-1] Registering IdentifierGenerator strategy [uuid] -> [org.hibernate.id.UUIDHexGenerator]
2024-07-17 18:30:07,509 DEBUG org.hibernate.id.factory.internal.DefaultIdentifierGeneratorFactory [task-1] Registering IdentifierGenerator strategy [uuid.hex] -> [org.hibernate.id.UUIDHexGenerator]
2024-07-17 18:30:07,510 DEBUG org.hibernate.id.factory.internal.DefaultIdentifierGeneratorFactory [task-1] Registering IdentifierGenerator strategy [assigned] -> [org.hibernate.id.Assigned]
2024-07-17 18:30:07,512 DEBUG com.sun.activation.registries.LogSupport [main] MimetypesFileTypeMap: !anyLoaded
2024-07-17 18:30:07,515 DEBUG com.sun.activation.registries.LogSupport [main] MimetypesFileTypeMap: not loading mime types file: /META-INF/mime.types
2024-07-17 18:30:07,515 DEBUG com.sun.activation.registries.LogSupport [main] MimetypesFileTypeMap: load DEF
2024-07-17 18:30:07,516 DEBUG org.hibernate.id.factory.internal.DefaultIdentifierGeneratorFactory [task-1] Registering IdentifierGenerator strategy [identity] -> [org.hibernate.id.IdentityGenerator]
2024-07-17 18:30:07,518 DEBUG com.sun.activation.registries.LogSupport [main] Added: MIMETypeEntry: text/html, html
2024-07-17 18:30:07,519 DEBUG com.sun.activation.registries.LogSupport [main] Added: MIMETypeEntry: text/html, htm
2024-07-17 18:30:07,519 DEBUG com.sun.activation.registries.LogSupport [main] Added: MIMETypeEntry: text/html, HTML
2024-07-17 18:30:07,519 DEBUG org.hibernate.id.factory.internal.DefaultIdentifierGeneratorFactory [task-1] Registering IdentifierGenerator strategy [select] -> [org.hibernate.id.SelectGenerator]
2024-07-17 18:30:07,519 DEBUG com.sun.activation.registries.LogSupport [main] Added: MIMETypeEntry: text/html, HTM
2024-07-17 18:30:07,520 DEBUG com.sun.activation.registries.LogSupport [main] Added: MIMETypeEntry: text/plain, txt
2024-07-17 18:30:07,520 DEBUG com.sun.activation.registries.LogSupport [main] Added: MIMETypeEntry: text/plain, text
2024-07-17 18:30:07,520 DEBUG com.sun.activation.registries.LogSupport [main] Added: MIMETypeEntry: text/plain, TXT
2024-07-17 18:30:07,521 DEBUG com.sun.activation.registries.LogSupport [main] Added: MIMETypeEntry: text/plain, TEXT
2024-07-17 18:30:07,521 DEBUG com.sun.activation.registries.LogSupport [main] Added: MIMETypeEntry: image/gif, gif
2024-07-17 18:30:07,521 DEBUG com.sun.activation.registries.LogSupport [main] Added: MIMETypeEntry: image/gif, GIF
2024-07-17 18:30:07,522 DEBUG com.sun.activation.registries.LogSupport [main] Added: MIMETypeEntry: image/ief, ief
2024-07-17 18:30:07,522 DEBUG com.sun.activation.registries.LogSupport [main] Added: MIMETypeEntry: image/jpeg, jpeg
2024-07-17 18:30:07,522 DEBUG com.sun.activation.registries.LogSupport [main] Added: MIMETypeEntry: image/jpeg, jpg
2024-07-17 18:30:07,523 DEBUG com.sun.activation.registries.LogSupport [main] Added: MIMETypeEntry: image/jpeg, jpe
2024-07-17 18:30:07,523 DEBUG com.sun.activation.registries.LogSupport [main] Added: MIMETypeEntry: image/jpeg, JPG
2024-07-17 18:30:07,523 DEBUG com.sun.activation.registries.LogSupport [main] Added: MIMETypeEntry: image/tiff, tiff
2024-07-17 18:30:07,524 DEBUG com.sun.activation.registries.LogSupport [main] Added: MIMETypeEntry: image/tiff, tif
2024-07-17 18:30:07,524 DEBUG com.sun.activation.registries.LogSupport [main] Added: MIMETypeEntry: image/png, png
2024-07-17 18:30:07,524 DEBUG org.hibernate.id.factory.internal.DefaultIdentifierGeneratorFactory [task-1] Registering IdentifierGenerator strategy [sequence] -> [org.hibernate.id.enhanced.SequenceStyleGenerator]
2024-07-17 18:30:07,524 DEBUG com.sun.activation.registries.LogSupport [main] Added: MIMETypeEntry: image/png, PNG
2024-07-17 18:30:07,525 DEBUG com.sun.activation.registries.LogSupport [main] Added: MIMETypeEntry: image/x-xwindowdump, xwd
2024-07-17 18:30:07,525 DEBUG com.sun.activation.registries.LogSupport [main] Added: MIMETypeEntry: application/postscript, ai
2024-07-17 18:30:07,526 DEBUG com.sun.activation.registries.LogSupport [main] Added: MIMETypeEntry: application/postscript, eps
2024-07-17 18:30:07,526 DEBUG com.sun.activation.registries.LogSupport [main] Added: MIMETypeEntry: application/postscript, ps
2024-07-17 18:30:07,526 DEBUG com.sun.activation.registries.LogSupport [main] Added: MIMETypeEntry: application/rtf, rtf
2024-07-17 18:30:07,527 DEBUG com.sun.activation.registries.LogSupport [main] Added: MIMETypeEntry: application/x-tex, tex
2024-07-17 18:30:07,527 DEBUG com.sun.activation.registries.LogSupport [main] Added: MIMETypeEntry: application/x-texinfo, texinfo
2024-07-17 18:30:07,528 DEBUG com.sun.activation.registries.LogSupport [main] Added: MIMETypeEntry: application/x-texinfo, texi
2024-07-17 18:30:07,528 DEBUG com.sun.activation.registries.LogSupport [main] Added: MIMETypeEntry: application/x-troff, t
2024-07-17 18:30:07,531 DEBUG org.hibernate.id.factory.internal.DefaultIdentifierGeneratorFactory [task-1] Registering IdentifierGenerator strategy [seqhilo] -> [org.hibernate.id.SequenceHiLoGenerator]
2024-07-17 18:30:07,531 DEBUG com.sun.activation.registries.LogSupport [main] Added: MIMETypeEntry: application/x-troff, tr
2024-07-17 18:30:07,531 DEBUG com.sun.activation.registries.LogSupport [main] Added: MIMETypeEntry: application/x-troff, roff
2024-07-17 18:30:07,532 DEBUG com.sun.activation.registries.LogSupport [main] Added: MIMETypeEntry: audio/basic, au
2024-07-17 18:30:07,532 DEBUG org.hibernate.id.factory.internal.DefaultIdentifierGeneratorFactory [task-1] Registering IdentifierGenerator strategy [increment] -> [org.hibernate.id.IncrementGenerator]
2024-07-17 18:30:07,532 DEBUG com.sun.activation.registries.LogSupport [main] Added: MIMETypeEntry: audio/midi, midi
2024-07-17 18:30:07,533 DEBUG com.sun.activation.registries.LogSupport [main] Added: MIMETypeEntry: audio/midi, mid
2024-07-17 18:30:07,533 DEBUG com.sun.activation.registries.LogSupport [main] Added: MIMETypeEntry: audio/x-aifc, aifc
2024-07-17 18:30:07,534 DEBUG org.hibernate.id.factory.internal.DefaultIdentifierGeneratorFactory [task-1] Registering IdentifierGenerator strategy [foreign] -> [org.hibernate.id.ForeignGenerator]
2024-07-17 18:30:07,534 DEBUG com.sun.activation.registries.LogSupport [main] Added: MIMETypeEntry: audio/x-aiff, aif
2024-07-17 18:30:07,534 DEBUG com.sun.activation.registries.LogSupport [main] Added: MIMETypeEntry: audio/x-aiff, aiff
2024-07-17 18:30:07,535 DEBUG com.sun.activation.registries.LogSupport [main] Added: MIMETypeEntry: audio/x-mpeg, mpeg
2024-07-17 18:30:07,535 DEBUG org.hibernate.id.factory.internal.DefaultIdentifierGeneratorFactory [task-1] Registering IdentifierGenerator strategy [sequence-identity] -> [org.hibernate.id.SequenceIdentityGenerator]
2024-07-17 18:30:07,535 DEBUG org.hibernate.id.factory.internal.DefaultIdentifierGeneratorFactory [task-1] Registering IdentifierGenerator strategy [enhanced-sequence] -> [org.hibernate.id.enhanced.SequenceStyleGenerator]
2024-07-17 18:30:07,535 DEBUG com.sun.activation.registries.LogSupport [main] Added: MIMETypeEntry: audio/x-mpeg, mpg
2024-07-17 18:30:07,536 DEBUG com.sun.activation.registries.LogSupport [main] Added: MIMETypeEntry: audio/x-wav, wav
2024-07-17 18:30:07,537 DEBUG com.sun.activation.registries.LogSupport [main] Added: MIMETypeEntry: video/mpeg, mpeg
2024-07-17 18:30:07,537 DEBUG com.sun.activation.registries.LogSupport [main] Added: MIMETypeEntry: video/mpeg, mpg
2024-07-17 18:30:07,537 DEBUG com.sun.activation.registries.LogSupport [main] Added: MIMETypeEntry: video/mpeg, mpe
2024-07-17 18:30:07,538 DEBUG com.sun.activation.registries.LogSupport [main] Added: MIMETypeEntry: video/quicktime, qt
2024-07-17 18:30:07,538 DEBUG org.hibernate.id.factory.internal.DefaultIdentifierGeneratorFactory [task-1] Registering IdentifierGenerator strategy [enhanced-table] -> [org.hibernate.id.enhanced.TableGenerator]
2024-07-17 18:30:07,538 DEBUG com.sun.activation.registries.LogSupport [main] Added: MIMETypeEntry: video/quicktime, mov
2024-07-17 18:30:07,539 DEBUG com.sun.activation.registries.LogSupport [main] Added: MIMETypeEntry: video/x-msvideo, avi
2024-07-17 18:30:07,539 DEBUG com.sun.activation.registries.LogSupport [main] MimetypesFileTypeMap: successfully loaded mime types file: /META-INF/mimetypes.default
2024-07-17 18:30:07,540 DEBUG com.sun.activation.registries.LogSupport [main] Added: MIMETypeEntry: text/html, html
2024-07-17 18:30:07,541 DEBUG com.sun.activation.registries.LogSupport [main] Added: MIMETypeEntry: text/html, htm
2024-07-17 18:30:07,541 DEBUG com.sun.activation.registries.LogSupport [main] Added: MIMETypeEntry: text/html, HTML
2024-07-17 18:30:07,542 DEBUG com.sun.activation.registries.LogSupport [main] Added: MIMETypeEntry: text/html, HTM
2024-07-17 18:30:07,542 DEBUG com.sun.activation.registries.LogSupport [main] Added: MIMETypeEntry: text/plain, txt
2024-07-17 18:30:07,542 DEBUG com.sun.activation.registries.LogSupport [main] Added: MIMETypeEntry: text/plain, text
2024-07-17 18:30:07,543 DEBUG com.sun.activation.registries.LogSupport [main] Added: MIMETypeEntry: text/plain, TXT
2024-07-17 18:30:07,543 DEBUG com.sun.activation.registries.LogSupport [main] Added: MIMETypeEntry: text/plain, TEXT
2024-07-17 18:30:07,544 DEBUG com.sun.activation.registries.LogSupport [main] Added: MIMETypeEntry: text/plain, java
2024-07-17 18:30:07,544 DEBUG com.sun.activation.registries.LogSupport [main] Added: MIMETypeEntry: text/plain, c
2024-07-17 18:30:07,544 DEBUG com.sun.activation.registries.LogSupport [main] Added: MIMETypeEntry: text/plain, c++
2024-07-17 18:30:07,545 DEBUG com.sun.activation.registries.LogSupport [main] Added: MIMETypeEntry: text/plain, cpp
2024-07-17 18:30:07,546 DEBUG com.sun.activation.registries.LogSupport [main] Added: MIMETypeEntry: text/plain, pl
2024-07-17 18:30:07,546 DEBUG com.sun.activation.registries.LogSupport [main] Added: MIMETypeEntry: text/plain, cc
2024-07-17 18:30:07,547 DEBUG com.sun.activation.registries.LogSupport [main] Added: MIMETypeEntry: text/plain, h
2024-07-17 18:30:07,547 DEBUG com.sun.activation.registries.LogSupport [main] Added: MIMETypeEntry: image/gif, gif
2024-07-17 18:30:07,547 DEBUG com.sun.activation.registries.LogSupport [main] Added: MIMETypeEntry: image/gif, GIF
2024-07-17 18:30:07,548 DEBUG com.sun.activation.registries.LogSupport [main] Added: MIMETypeEntry: image/ief, ief
2024-07-17 18:30:07,548 DEBUG com.sun.activation.registries.LogSupport [main] Added: MIMETypeEntry: image/jpeg, jpeg
2024-07-17 18:30:07,549 DEBUG com.sun.activation.registries.LogSupport [main] Added: MIMETypeEntry: image/jpeg, jpg
2024-07-17 18:30:07,549 DEBUG com.sun.activation.registries.LogSupport [main] Added: MIMETypeEntry: image/jpeg, jpe
2024-07-17 18:30:07,550 DEBUG com.sun.activation.registries.LogSupport [main] Added: MIMETypeEntry: image/jpeg, JPG
2024-07-17 18:30:07,551 DEBUG com.sun.activation.registries.LogSupport [main] Added: MIMETypeEntry: image/tiff, tiff
2024-07-17 18:30:07,551 DEBUG com.sun.activation.registries.LogSupport [main] Added: MIMETypeEntry: image/tiff, tif
2024-07-17 18:30:07,552 DEBUG com.sun.activation.registries.LogSupport [main] Added: MIMETypeEntry: image/x-xwindowdump, xwd
2024-07-17 18:30:07,552 DEBUG com.sun.activation.registries.LogSupport [main] Added: MIMETypeEntry: application/postscript, ai
2024-07-17 18:30:07,552 DEBUG com.sun.activation.registries.LogSupport [main] Added: MIMETypeEntry: application/postscript, eps
2024-07-17 18:30:07,553 DEBUG com.sun.activation.registries.LogSupport [main] Added: MIMETypeEntry: application/postscript, ps
2024-07-17 18:30:07,553 DEBUG com.sun.activation.registries.LogSupport [main] Added: MIMETypeEntry: application/rtf, rtf
2024-07-17 18:30:07,553 DEBUG com.sun.activation.registries.LogSupport [main] Added: MIMETypeEntry: application/x-tex, tex
2024-07-17 18:30:07,554 DEBUG com.sun.activation.registries.LogSupport [main] Added: MIMETypeEntry: application/x-texinfo, texinfo
2024-07-17 18:30:07,554 DEBUG com.sun.activation.registries.LogSupport [main] Added: MIMETypeEntry: application/x-texinfo, texi
2024-07-17 18:30:07,554 DEBUG com.sun.activation.registries.LogSupport [main] Added: MIMETypeEntry: application/x-troff, t
2024-07-17 18:30:07,555 DEBUG com.sun.activation.registries.LogSupport [main] Added: MIMETypeEntry: application/x-troff, tr
2024-07-17 18:30:07,556 DEBUG com.sun.activation.registries.LogSupport [main] Added: MIMETypeEntry: application/x-troff, roff
2024-07-17 18:30:07,557 DEBUG com.sun.activation.registries.LogSupport [main] Added: MIMETypeEntry: audio/basic, au
2024-07-17 18:30:07,557 DEBUG com.sun.activation.registries.LogSupport [main] Added: MIMETypeEntry: audio/midi, midi
2024-07-17 18:30:07,558 DEBUG com.sun.activation.registries.LogSupport [main] Added: MIMETypeEntry: audio/midi, mid
2024-07-17 18:30:07,558 DEBUG com.sun.activation.registries.LogSupport [main] Added: MIMETypeEntry: audio/x-aifc, aifc
2024-07-17 18:30:07,559 DEBUG com.sun.activation.registries.LogSupport [main] Added: MIMETypeEntry: audio/x-aiff, aif
2024-07-17 18:30:07,559 DEBUG com.sun.activation.registries.LogSupport [main] Added: MIMETypeEntry: audio/x-aiff, aiff
2024-07-17 18:30:07,560 DEBUG com.sun.activation.registries.LogSupport [main] Added: MIMETypeEntry: audio/x-mpeg, mpeg
2024-07-17 18:30:07,560 DEBUG com.sun.activation.registries.LogSupport [main] Added: MIMETypeEntry: audio/x-mpeg, mpg
2024-07-17 18:30:07,561 DEBUG com.sun.activation.registries.LogSupport [main] Added: MIMETypeEntry: audio/x-wav, wav
2024-07-17 18:30:07,561 DEBUG com.sun.activation.registries.LogSupport [main] Added: MIMETypeEntry: video/mpeg, mpeg
2024-07-17 18:30:07,561 DEBUG com.sun.activation.registries.LogSupport [main] Added: MIMETypeEntry: video/mpeg, mpg
2024-07-17 18:30:07,562 DEBUG com.sun.activation.registries.LogSupport [main] Added: MIMETypeEntry: video/mpeg, mpe
2024-07-17 18:30:07,563 DEBUG com.sun.activation.registries.LogSupport [main] Added: MIMETypeEntry: video/quicktime, qt
2024-07-17 18:30:07,563 DEBUG com.sun.activation.registries.LogSupport [main] Added: MIMETypeEntry: video/quicktime, mov
2024-07-17 18:30:07,563 DEBUG com.sun.activation.registries.LogSupport [main] Added: MIMETypeEntry: video/x-msvideo, avi
2024-07-17 18:30:07,564 DEBUG com.sun.activation.registries.LogSupport [main] Added: MIMETypeEntry: text/x-speech, talk
2024-07-17 18:30:07,564 DEBUG com.sun.activation.registries.LogSupport [main] Added: MIMETypeEntry: text/css, css
2024-07-17 18:30:07,565 DEBUG com.sun.activation.registries.LogSupport [main] Added: MIMETypeEntry: text/csv, csv
2024-07-17 18:30:07,565 DEBUG com.sun.activation.registries.LogSupport [main] Added: MIMETypeEntry: image/x-xbitmap, xbm
2024-07-17 18:30:07,566 DEBUG com.sun.activation.registries.LogSupport [main] Added: MIMETypeEntry: image/x-xpixmap, xpm
2024-07-17 18:30:07,566 DEBUG com.sun.activation.registries.LogSupport [main] Added: MIMETypeEntry: image/png, png
2024-07-17 18:30:07,566 DEBUG com.sun.activation.registries.LogSupport [main] Added: MIMETypeEntry: image/svg+xml, svg
2024-07-17 18:30:07,567 DEBUG com.sun.activation.registries.LogSupport [main] Added: MIMETypeEntry: image/ief, ief
2024-07-17 18:30:07,567 DEBUG com.sun.activation.registries.LogSupport [main] Added: MIMETypeEntry: image/rgb, rgb
2024-07-17 18:30:07,567 DEBUG com.sun.activation.registries.LogSupport [main] Added: MIMETypeEntry: image/g3fax, g3f
2024-07-17 18:30:07,568 DEBUG com.sun.activation.registries.LogSupport [main] Added: MIMETypeEntry: image/x-xwindowdump, xwd
2024-07-17 18:30:07,568 DEBUG com.sun.activation.registries.LogSupport [main] Added: MIMETypeEntry: image/x-pict, pict
2024-07-17 18:30:07,569 DEBUG com.sun.activation.registries.LogSupport [main] Added: MIMETypeEntry: image/x-portable-pixmap, ppm
2024-07-17 18:30:07,570 DEBUG com.sun.activation.registries.LogSupport [main] Added: MIMETypeEntry: image/x-portable-graymap, pgm
2024-07-17 18:30:07,573 DEBUG com.sun.activation.registries.LogSupport [main] Added: MIMETypeEntry: image/x-portable-bitmap, pbm
2024-07-17 18:30:07,573 DEBUG com.sun.activation.registries.LogSupport [main] Added: MIMETypeEntry: image/x-portable-anymap, pnm
2024-07-17 18:30:07,573 DEBUG com.sun.activation.registries.LogSupport [main] Added: MIMETypeEntry: image/x-ms-bmp, bmp
2024-07-17 18:30:07,574 DEBUG com.sun.activation.registries.LogSupport [main] Added: MIMETypeEntry: image/x-cmu-raster, ras
2024-07-17 18:30:07,574 DEBUG com.sun.activation.registries.LogSupport [main] Added: MIMETypeEntry: image/x-photo-cd, pcd
2024-07-17 18:30:07,575 DEBUG com.sun.activation.registries.LogSupport [main] Added: MIMETypeEntry: image/cgm, cgm
2024-07-17 18:30:07,575 DEBUG com.sun.activation.registries.LogSupport [main] Added: MIMETypeEntry: image/x-cals, mil
2024-07-17 18:30:07,575 DEBUG com.sun.activation.registries.LogSupport [main] Added: MIMETypeEntry: image/x-cals, cal
2024-07-17 18:30:07,576 DEBUG com.sun.activation.registries.LogSupport [main] Added: MIMETypeEntry: image/fif, fif
2024-07-17 18:30:07,576 DEBUG com.sun.activation.registries.LogSupport [main] Added: MIMETypeEntry: image/x-mgx-dsf, dsf
2024-07-17 18:30:07,576 DEBUG com.sun.activation.registries.LogSupport [main] Added: MIMETypeEntry: image/x-cmx, cmx
2024-07-17 18:30:07,577 DEBUG com.sun.activation.registries.LogSupport [main] Added: MIMETypeEntry: image/wavelet, wi
2024-07-17 18:30:07,577 DEBUG com.sun.activation.registries.LogSupport [main] Added: MIMETypeEntry: image/vnd.dwg, dwg
2024-07-17 18:30:07,577 DEBUG com.sun.activation.registries.LogSupport [main] Added: MIMETypeEntry: image/vnd.dxf, dxf
2024-07-17 18:30:07,578 DEBUG com.sun.activation.registries.LogSupport [main] Added: MIMETypeEntry: image/vnd.svf, svf
2024-07-17 18:30:07,578 DEBUG com.sun.activation.registries.LogSupport [main] Added: MIMETypeEntry: audio/basic, au
2024-07-17 18:30:07,578 DEBUG com.sun.activation.registries.LogSupport [main] Added: MIMETypeEntry: audio/basic, snd
2024-07-17 18:30:07,579 DEBUG com.sun.activation.registries.LogSupport [main] Added: MIMETypeEntry: audio/x-aiff, aif
2024-07-17 18:30:07,579 DEBUG com.sun.activation.registries.LogSupport [main] Added: MIMETypeEntry: audio/x-aiff, aiff
2024-07-17 18:30:07,579 DEBUG com.sun.activation.registries.LogSupport [main] Added: MIMETypeEntry: audio/x-aiff, aifc
2024-07-17 18:30:07,580 DEBUG com.sun.activation.registries.LogSupport [main] Added: MIMETypeEntry: audio/x-wav, wav
2024-07-17 18:30:07,580 DEBUG com.sun.activation.registries.LogSupport [main] Added: MIMETypeEntry: audio/x-mpeg, mpa
2024-07-17 18:30:07,581 DEBUG com.sun.activation.registries.LogSupport [main] Added: MIMETypeEntry: audio/x-mpeg, abs
2024-07-17 18:30:07,581 DEBUG com.sun.activation.registries.LogSupport [main] Added: MIMETypeEntry: audio/x-mpeg, mpega
2024-07-17 18:30:07,582 DEBUG com.sun.activation.registries.LogSupport [main] Added: MIMETypeEntry: audio/x-mpeg-2, mp2a
2024-07-17 18:30:07,583 DEBUG com.sun.activation.registries.LogSupport [main] Added: MIMETypeEntry: audio/x-mpeg-2, mpa2
2024-07-17 18:30:07,583 DEBUG com.sun.activation.registries.LogSupport [main] Added: MIMETypeEntry: audio/echospeech, es
2024-07-17 18:30:07,584 DEBUG com.sun.activation.registries.LogSupport [main] Added: MIMETypeEntry: audio/voxware, vox
2024-07-17 18:30:07,584 DEBUG com.sun.activation.registries.LogSupport [main] Added: MIMETypeEntry: application/fastman, lcc
2024-07-17 18:30:07,585 DEBUG com.sun.activation.registries.LogSupport [main] Added: MIMETypeEntry: application/x-pn-realaudio, ra
2024-07-17 18:30:07,585 DEBUG com.sun.activation.registries.LogSupport [main] Added: MIMETypeEntry: application/x-pn-realaudio, ram
2024-07-17 18:30:07,585 DEBUG com.sun.activation.registries.LogSupport [main] Added: MIMETypeEntry: x-music/x-midi, mmid
2024-07-17 18:30:07,586 DEBUG com.sun.activation.registries.LogSupport [main] Added: MIMETypeEntry: application/vnd.koan, skp
2024-07-17 18:30:07,586 DEBUG com.sun.activation.registries.LogSupport [main] Added: MIMETypeEntry: text/x-speech, talk
2024-07-17 18:30:07,587 DEBUG com.sun.activation.registries.LogSupport [main] Added: MIMETypeEntry: video/mpeg, mpeg
2024-07-17 18:30:07,587 DEBUG com.sun.activation.registries.LogSupport [main] Added: MIMETypeEntry: video/mpeg, mpg
2024-07-17 18:30:07,587 DEBUG com.sun.activation.registries.LogSupport [main] Added: MIMETypeEntry: video/mpeg, mpe
2024-07-17 18:30:07,588 DEBUG com.sun.activation.registries.LogSupport [main] Added: MIMETypeEntry: video/mpeg-2, mpv2
2024-07-17 18:30:07,588 DEBUG com.sun.activation.registries.LogSupport [main] Added: MIMETypeEntry: video/mpeg-2, mp2v
2024-07-17 18:30:07,588 DEBUG com.sun.activation.registries.LogSupport [main] Added: MIMETypeEntry: video/quicktime, qt
2024-07-17 18:30:07,589 DEBUG com.sun.activation.registries.LogSupport [main] Added: MIMETypeEntry: video/quicktime, mov
2024-07-17 18:30:07,589 DEBUG com.sun.activation.registries.LogSupport [main] Added: MIMETypeEntry: video/x-msvideo, avi
2024-07-17 18:30:07,589 DEBUG com.sun.activation.registries.LogSupport [main] Added: MIMETypeEntry: video/x-sgi-movie, movie
2024-07-17 18:30:07,590 DEBUG com.sun.activation.registries.LogSupport [main] Added: MIMETypeEntry: video/vdo, vdo
2024-07-17 18:30:07,590 DEBUG com.sun.activation.registries.LogSupport [main] Added: MIMETypeEntry: video/vnd.vivo, viv
2024-07-17 18:30:07,591 DEBUG com.sun.activation.registries.LogSupport [main] Added: MIMETypeEntry: application/x-ns-proxy-autoconfig, pac
2024-07-17 18:30:07,591 DEBUG com.sun.activation.registries.LogSupport [main] Added: MIMETypeEntry: x-conference/x-cooltalk, ice
2024-07-17 18:30:07,591 DEBUG com.sun.activation.registries.LogSupport [main] Added: MIMETypeEntry: application/postscript, ai
2024-07-17 18:30:07,592 DEBUG com.sun.activation.registries.LogSupport [main] Added: MIMETypeEntry: application/postscript, eps
2024-07-17 18:30:07,592 DEBUG com.sun.activation.registries.LogSupport [main] Added: MIMETypeEntry: application/postscript, ps
2024-07-17 18:30:07,592 DEBUG com.sun.activation.registries.LogSupport [main] Added: MIMETypeEntry: application/rtf, rtf
2024-07-17 18:30:07,593 DEBUG com.sun.activation.registries.LogSupport [main] Added: MIMETypeEntry: application/pdf, pdf
2024-07-17 18:30:07,593 DEBUG com.sun.activation.registries.LogSupport [main] Added: MIMETypeEntry: application/vnd.mif, mif
2024-07-17 18:30:07,593 DEBUG com.sun.activation.registries.LogSupport [main] Added: MIMETypeEntry: application/x-troff, t
2024-07-17 18:30:07,594 DEBUG com.sun.activation.registries.LogSupport [main] Added: MIMETypeEntry: application/x-troff, tr
2024-07-17 18:30:07,596 DEBUG com.sun.activation.registries.LogSupport [main] Added: MIMETypeEntry: application/x-troff, roff
2024-07-17 18:30:07,598 DEBUG com.sun.activation.registries.LogSupport [main] Added: MIMETypeEntry: application/x-troff-man, man
2024-07-17 18:30:07,599 DEBUG com.sun.activation.registries.LogSupport [main] Added: MIMETypeEntry: application/x-troff-me, me
2024-07-17 18:30:07,599 DEBUG com.sun.activation.registries.LogSupport [main] Added: MIMETypeEntry: application/x-troff-ms, ms
2024-07-17 18:30:07,599 DEBUG com.sun.activation.registries.LogSupport [main] Added: MIMETypeEntry: application/x-latex, latex
2024-07-17 18:30:07,600 DEBUG com.sun.activation.registries.LogSupport [main] Added: MIMETypeEntry: application/x-tex, tex
2024-07-17 18:30:07,600 DEBUG com.sun.activation.registries.LogSupport [main] Added: MIMETypeEntry: application/x-texinfo, texinfo
2024-07-17 18:30:07,601 INFO org.hibernate.dialect.Dialect [task-1] HHH000400: Using dialect: org.hibernate.dialect.PostgreSQLDialect
2024-07-17 18:30:07,601 DEBUG com.sun.activation.registries.LogSupport [main] Added: MIMETypeEntry: application/x-texinfo, texi
2024-07-17 18:30:07,602 DEBUG com.sun.activation.registries.LogSupport [main] Added: MIMETypeEntry: application/x-dvi, dvi
2024-07-17 18:30:07,602 DEBUG com.sun.activation.registries.LogSupport [main] Added: MIMETypeEntry: application/msword, doc
2024-07-17 18:30:07,602 DEBUG com.sun.activation.registries.LogSupport [main] Added: MIMETypeEntry: application/msword, DOC
2024-07-17 18:30:07,603 DEBUG com.sun.activation.registries.LogSupport [main] Added: MIMETypeEntry: application/oda, oda
2024-07-17 18:30:07,603 DEBUG com.sun.activation.registries.LogSupport [main] Added: MIMETypeEntry: application/envoy, evy
2024-07-17 18:30:07,603 DEBUG com.sun.activation.registries.LogSupport [main] Added: MIMETypeEntry: application/x-gtar, gtar
2024-07-17 18:30:07,604 DEBUG com.sun.activation.registries.LogSupport [main] Added: MIMETypeEntry: application/x-tar, tar
2024-07-17 18:30:07,604 DEBUG com.sun.activation.registries.LogSupport [main] Added: MIMETypeEntry: application/x-ustar, ustar
2024-07-17 18:30:07,604 DEBUG com.sun.activation.registries.LogSupport [main] Added: MIMETypeEntry: application/x-bcpio, bcpio
2024-07-17 18:30:07,605 DEBUG com.sun.activation.registries.LogSupport [main] Added: MIMETypeEntry: application/x-cpio, cpio
2024-07-17 18:30:07,605 DEBUG com.sun.activation.registries.LogSupport [main] Added: MIMETypeEntry: application/x-shar, shar
2024-07-17 18:30:07,606 DEBUG com.sun.activation.registries.LogSupport [main] Added: MIMETypeEntry: application/zip, zip
2024-07-17 18:30:07,606 DEBUG com.sun.activation.registries.LogSupport [main] Added: MIMETypeEntry: application/mac-binhex40, hqx
2024-07-17 18:30:07,606 DEBUG com.sun.activation.registries.LogSupport [main] Added: MIMETypeEntry: application/x-stuffit, sit
2024-07-17 18:30:07,607 DEBUG com.sun.activation.registries.LogSupport [main] Added: MIMETypeEntry: application/x-stuffit, sea
2024-07-17 18:30:07,607 DEBUG com.sun.activation.registries.LogSupport [main] Added: MIMETypeEntry: application/fractals, fif
2024-07-17 18:30:07,607 DEBUG com.sun.activation.registries.LogSupport [main] Added: MIMETypeEntry: application/octet-stream, bin
2024-07-17 18:30:07,608 DEBUG com.sun.activation.registries.LogSupport [main] Added: MIMETypeEntry: application/octet-stream, uu
2024-07-17 18:30:07,611 DEBUG com.sun.activation.registries.LogSupport [main] Added: MIMETypeEntry: application/octet-stream, exe
2024-07-17 18:30:07,614 DEBUG com.sun.activation.registries.LogSupport [main] Added: MIMETypeEntry: application/x-wais-source, src
2024-07-17 18:30:07,615 DEBUG com.sun.activation.registries.LogSupport [main] Added: MIMETypeEntry: application/x-wais-source, wsrc
2024-07-17 18:30:07,615 DEBUG com.sun.activation.registries.LogSupport [main] Added: MIMETypeEntry: application/hdf, hdf
2024-07-17 18:30:07,624 DEBUG com.sun.activation.registries.LogSupport [main] Added: MIMETypeEntry: text/javascript, js
2024-07-17 18:30:07,624 DEBUG com.sun.activation.registries.LogSupport [main] Added: MIMETypeEntry: text/javascript, ls
2024-07-17 18:30:07,625 DEBUG com.sun.activation.registries.LogSupport [main] Added: MIMETypeEntry: text/javascript, mocha
2024-07-17 18:30:07,625 DEBUG com.sun.activation.registries.LogSupport [main] Added: MIMETypeEntry: application/x-sh, sh
2024-07-17 18:30:07,626 DEBUG com.sun.activation.registries.LogSupport [main] Added: MIMETypeEntry: application/x-csh, csh
2024-07-17 18:30:07,627 DEBUG com.sun.activation.registries.LogSupport [main] Added: MIMETypeEntry: application/x-perl, pl
2024-07-17 18:30:07,627 DEBUG com.sun.activation.registries.LogSupport [main] Added: MIMETypeEntry: application/x-tcl, tcl
2024-07-17 18:30:07,628 DEBUG com.sun.activation.registries.LogSupport [main] Added: MIMETypeEntry: application/futuresplash, spl
2024-07-17 18:30:07,630 DEBUG com.sun.activation.registries.LogSupport [main] Added: MIMETypeEntry: application/mbedlet, mbd
2024-07-17 18:30:07,631 DEBUG com.sun.activation.registries.LogSupport [main] Added: MIMETypeEntry: application/x-rad-powermedia, rad
2024-07-17 18:30:07,631 DEBUG com.sun.activation.registries.LogSupport [main] Added: MIMETypeEntry: application/mspowerpoint, ppz
2024-07-17 18:30:07,632 DEBUG com.sun.activation.registries.LogSupport [main] Added: MIMETypeEntry: application/x-asap, asp
2024-07-17 18:30:07,632 DEBUG com.sun.activation.registries.LogSupport [main] Added: MIMETypeEntry: application/astound, asn
2024-07-17 18:30:07,633 DEBUG com.sun.activation.registries.LogSupport [main] Added: MIMETypeEntry: application/x-olescript, axs
2024-07-17 18:30:07,633 DEBUG com.sun.activation.registries.LogSupport [main] Added: MIMETypeEntry: application/x-oleobject, ods
2024-07-17 18:30:07,634 DEBUG com.sun.activation.registries.LogSupport [main] Added: MIMETypeEntry: x-form/x-openscape, opp
2024-07-17 18:30:07,634 DEBUG com.sun.activation.registries.LogSupport [main] Added: MIMETypeEntry: application/x-webbasic, wba
2024-07-17 18:30:07,635 DEBUG com.sun.activation.registries.LogSupport [main] Added: MIMETypeEntry: application/x-alpha-form, frm
2024-07-17 18:30:07,635 DEBUG com.sun.activation.registries.LogSupport [main] Added: MIMETypeEntry: x-script/x-wfxclient, wfx
2024-07-17 18:30:07,635 DEBUG com.sun.activation.registries.LogSupport [main] Added: MIMETypeEntry: application/octet-stream, exe
2024-07-17 18:30:07,635 DEBUG com.sun.activation.registries.LogSupport [main] Added: MIMETypeEntry: application/octet-stream, com
2024-07-17 18:30:07,636 DEBUG com.sun.activation.registries.LogSupport [main] Added: MIMETypeEntry: application/x-pcn, pcn
2024-07-17 18:30:07,636 DEBUG com.sun.activation.registries.LogSupport [main] Added: MIMETypeEntry: application/vnd.ms-excel, xls
2024-07-17 18:30:07,636 DEBUG com.sun.activation.registries.LogSupport [main] Added: MIMETypeEntry: application/vnd.ms-powerpoint, ppt
2024-07-17 18:30:07,637 DEBUG com.sun.activation.registries.LogSupport [main] Added: MIMETypeEntry: application/vnd.ms-project, mpp
2024-07-17 18:30:07,637 DEBUG com.sun.activation.registries.LogSupport [main] Added: MIMETypeEntry: application/vnd.svd, svd
2024-07-17 18:30:07,637 DEBUG com.sun.activation.registries.LogSupport [main] Added: MIMETypeEntry: application/x-net-install, ins
2024-07-17 18:30:07,638 DEBUG com.sun.activation.registries.LogSupport [main] Added: MIMETypeEntry: application/ccv, ccv
2024-07-17 18:30:07,638 DEBUG com.sun.activation.registries.LogSupport [main] Added: MIMETypeEntry: workbook/formulaone, vts
2024-07-17 18:30:07,638 DEBUG com.sun.activation.registries.LogSupport [main] Added: MIMETypeEntry: x-world/x-vrml, wrl
2024-07-17 18:30:07,639 DEBUG com.sun.activation.registries.LogSupport [main] Added: MIMETypeEntry: x-world/x-vrml, vrml
2024-07-17 18:30:07,639 DEBUG com.sun.activation.registries.LogSupport [main] Added: MIMETypeEntry: x-world/x-vream, vrw
2024-07-17 18:30:07,639 DEBUG com.sun.activation.registries.LogSupport [main] Added: MIMETypeEntry: application/x-p3d, p3d
2024-07-17 18:30:07,640 DEBUG com.sun.activation.registries.LogSupport [main] Added: MIMETypeEntry: x-world/x-svr, svr
2024-07-17 18:30:07,641 DEBUG com.sun.activation.registries.LogSupport [main] Added: MIMETypeEntry: x-world/x-wvr, wvr
2024-07-17 18:30:07,641 DEBUG com.sun.activation.registries.LogSupport [main] Added: MIMETypeEntry: x-world/x-3dmf, 3dmf
2024-07-17 18:30:07,641 DEBUG com.sun.activation.registries.LogSupport [main] Added: MIMETypeEntry: application/mathematica, ma
2024-07-17 18:30:07,642 DEBUG com.sun.activation.registries.LogSupport [main] Added: MIMETypeEntry: x-model/x-mesh, msh
2024-07-17 18:30:07,642 DEBUG com.sun.activation.registries.LogSupport [main] Added: MIMETypeEntry: application/vis5d, v5d
2024-07-17 18:30:07,642 DEBUG com.sun.activation.registries.LogSupport [main] Added: MIMETypeEntry: application/iges, igs
2024-07-17 18:30:07,643 DEBUG com.sun.activation.registries.LogSupport [main] Added: MIMETypeEntry: drawing/x-dwf, dwf
2024-07-17 18:30:07,653 DEBUG com.zaxxer.hikari.pool.HikariPool$PoolEntryCreator [HikariPool-1 connection adder] HikariPool-1 - Added connection org.postgresql.jdbc.PgConnection@288761c1
2024-07-17 18:30:07,654 DEBUG com.zaxxer.hikari.pool.HikariPool [HikariPool-1 connection adder] HikariPool-1 - After adding stats (total=10, active=0, idle=10, waiting=0)
2024-07-17 18:30:07,657 DEBUG org.springframework.beans.factory.support.DefaultSingletonBeanRegistry [main] Creating shared instance of singleton bean 'authenticationManagerBuilder'
2024-07-17 18:30:07,657 DEBUG org.hibernate.engine.jdbc.env.spi.IdentifierHelperBuilder [task-1] IdentifierCaseStrategy for both quoted and unquoted identifiers was set to the same strategy [MIXED]; that will likely lead to problems in schema update and validation if using quoted identifiers
2024-07-17 18:30:07,660 DEBUG org.springframework.beans.factory.support.ConstructorResolver [main] Autowiring by type from bean name 'authenticationManagerBuilder' via factory method to bean named 'objectPostProcessor'
2024-07-17 18:30:07,661 DEBUG org.springframework.beans.factory.support.ConstructorResolver [main] Autowiring by type from bean name 'authenticationManagerBuilder' via factory method to bean named 'org.springframework.boot.web.servlet.context.AnnotationConfigServletWebServerApplicationContext@5778826f'
2024-07-17 18:30:07,664 DEBUG org.springframework.beans.factory.support.DefaultSingletonBeanRegistry [main] Creating shared instance of singleton bean 'authenticationEventPublisher'
2024-07-17 18:30:07,665 DEBUG org.springframework.beans.factory.support.DefaultSingletonBeanRegistry [main] Creating shared instance of singleton bean 'org.springframework.boot.autoconfigure.security.servlet.SecurityAutoConfiguration'
2024-07-17 18:30:07,667 DEBUG sun.rmi.runtime.Log$LoggerLog [RMI TCP Connection(2)-127.0.0.1] RMI TCP Connection(2)-127.0.0.1: (port 58089) op = 82
2024-07-17 18:30:07,668 DEBUG sun.rmi.runtime.Log$LoggerLog [RMI TCP Connection(2)-127.0.0.1] RMI TCP Connection(2)-127.0.0.1: (port 58089) op = 80
2024-07-17 18:30:07,669 DEBUG sun.rmi.runtime.Log$LoggerLog [RMI TCP Connection(2)-127.0.0.1] RMI TCP Connection(2)-127.0.0.1: name = "javax.management.ObjectName", codebase = ""
2024-07-17 18:30:07,670 DEBUG sun.util.logging.internal.LoggingProviderImpl$JULWrapper [RMI TCP Connection(2)-127.0.0.1] connectionId=rmi://127.0.0.1  1, name=org.springframework.boot:type=Admin,name=SpringApplication, attribute=Ready
2024-07-17 18:30:07,670 DEBUG org.springframework.beans.factory.support.ConstructorResolver [main] Autowiring by type from bean name 'authenticationEventPublisher' via factory method to bean named 'org.springframework.boot.web.servlet.context.AnnotationConfigServletWebServerApplicationContext@5778826f'
2024-07-17 18:30:07,671 DEBUG sun.rmi.runtime.Log$LoggerLog [RMI TCP Connection(2)-127.0.0.1] RMI TCP Connection(2)-127.0.0.1: [127.0.0.1] exception: 
javax.management.InstanceNotFoundException: org.springframework.boot:type=Admin,name=SpringApplication
	at java.management/com.sun.jmx.interceptor.DefaultMBeanServerInterceptor.getMBean(DefaultMBeanServerInterceptor.java:1088)
	at java.management/com.sun.jmx.interceptor.DefaultMBeanServerInterceptor.getAttribute(DefaultMBeanServerInterceptor.java:640)
	at java.management/com.sun.jmx.mbeanserver.JmxMBeanServer.getAttribute(JmxMBeanServer.java:679)
	at java.management.rmi/javax.management.remote.rmi.RMIConnectionImpl.doOperation(RMIConnectionImpl.java:1449)
	at java.management.rmi/javax.management.remote.rmi.RMIConnectionImpl$PrivilegedOperation.run(RMIConnectionImpl.java:1310)
	at java.management.rmi/javax.management.remote.rmi.RMIConnectionImpl.doPrivilegedOperation(RMIConnectionImpl.java:1405)
	at java.management.rmi/javax.management.remote.rmi.RMIConnectionImpl.getAttribute(RMIConnectionImpl.java:639)
	at java.base/jdk.internal.reflect.GeneratedMethodAccessor24.invoke(Unknown Source)
	at java.base/jdk.internal.reflect.DelegatingMethodAccessorImpl.invoke(DelegatingMethodAccessorImpl.java:43)
	at java.base/java.lang.reflect.Method.invoke(Method.java:568)
	at java.rmi/sun.rmi.server.UnicastServerRef.dispatch(UnicastServerRef.java:360)
	at java.rmi/sun.rmi.transport.Transport$1.run(Transport.java:200)
	at java.rmi/sun.rmi.transport.Transport$1.run(Transport.java:197)
	at java.base/java.security.AccessController.doPrivileged(AccessController.java:712)
	at java.rmi/sun.rmi.transport.Transport.serviceCall(Transport.java:196)
	at java.rmi/sun.rmi.transport.tcp.TCPTransport.handleMessages(TCPTransport.java:587)
	at java.rmi/sun.rmi.transport.tcp.TCPTransport$ConnectionHandler.run0(TCPTransport.java:828)
	at java.rmi/sun.rmi.transport.tcp.TCPTransport$ConnectionHandler.lambda$run$0(TCPTransport.java:705)
	at java.base/java.security.AccessController.doPrivileged(AccessController.java:399)
	at java.rmi/sun.rmi.transport.tcp.TCPTransport$ConnectionHandler.run(TCPTransport.java:704)
	at java.base/java.util.concurrent.ThreadPoolExecutor.runWorker(ThreadPoolExecutor.java:1136)
	at java.base/java.util.concurrent.ThreadPoolExecutor$Worker.run(ThreadPoolExecutor.java:635)
	at java.base/java.lang.Thread.run(Thread.java:833)
2024-07-17 18:30:07,674 DEBUG org.hibernate.engine.jdbc.env.internal.LobCreatorBuilderImpl [task-1] HHH000422: Disabling contextual LOB creation as connection was null
2024-07-17 18:30:07,690 DEBUG org.hibernate.boot.model.relational.Namespace [task-1] Created database namespace [logicalName=Name{catalog=null, schema=null}, physicalName=Name{catalog=null, schema=null}]
2024-07-17 18:30:07,695 DEBUG org.springframework.beans.factory.support.DefaultSingletonBeanRegistry [main] Creating shared instance of singleton bean 'org.springframework.security.config.annotation.web.configuration.WebSecurityConfiguration'
2024-07-17 18:30:07,696 DEBUG org.hibernate.type.BasicTypeRegistry [task-1] Adding type registration pg-uuid -> org.hibernate.type.PostgresUUIDType@55bcee8c
2024-07-17 18:30:07,696 DEBUG org.hibernate.type.BasicTypeRegistry [task-1] Adding type registration java.util.UUID -> org.hibernate.type.PostgresUUIDType@55bcee8c
2024-07-17 18:30:07,696 DEBUG org.hibernate.type.BasicTypeRegistry [task-1] HHH000270: Type registration [java.util.UUID] overrides previous : org.hibernate.type.UUIDBinaryType@bf2b08f
2024-07-17 18:30:07,701 DEBUG org.hibernate.type.spi.TypeConfiguration [task-1] Scoping TypeConfiguration [org.hibernate.type.spi.TypeConfiguration@6405ac55] to MetadataBuildingContext [org.hibernate.boot.internal.MetadataBuildingContextRootImpl@69fdf27]
2024-07-17 18:30:07,711 DEBUG org.springframework.beans.factory.support.DefaultSingletonBeanRegistry [main] Creating shared instance of singleton bean 'autowiredWebSecurityConfigurersIgnoreParents'
2024-07-17 18:30:07,714 DEBUG org.springframework.beans.factory.support.ConstructorResolver [main] Autowiring by type from bean name 'autowiredWebSecurityConfigurersIgnoreParents' via factory method to bean named 'org.springframework.beans.factory.support.DefaultListableBeanFactory@345e5a17'
2024-07-17 18:30:07,748 DEBUG org.springframework.beans.factory.support.DefaultSingletonBeanRegistry [main] Creating shared instance of singleton bean 'delegatingApplicationListener'
2024-07-17 18:30:07,751 DEBUG org.springframework.beans.factory.support.DefaultSingletonBeanRegistry [main] Creating shared instance of singleton bean 'springSecurityFilterChain'
2024-07-17 18:30:07,808 DEBUG org.hibernate.cfg.AnnotationBinder [task-1] Binding entity from annotated class: com.booking.model.slot.ClubSlot
2024-07-17 18:30:07,856 DEBUG org.hibernate.cfg.Ejb3Column [task-1] Binding column: Ejb3DiscriminatorColumn{logicalColumnName'DTYPE', discriminatorTypeName='string'}
2024-07-17 18:30:07,867 DEBUG org.hibernate.cfg.annotations.EntityBinder [task-1] Import with entity name ClubSlot
2024-07-17 18:30:07,874 DEBUG org.hibernate.cfg.annotations.EntityBinder [task-1] Bind entity com.booking.model.slot.ClubSlot on table club_slot
2024-07-17 18:30:07,922 DEBUG org.hibernate.cfg.Ejb3Column [task-1] Binding column: Ejb3Column{table=org.hibernate.mapping.Table(club_slot), mappingColumn=slot_id, insertable=true, updatable=true, unique=false}
2024-07-17 18:30:07,932 DEBUG org.hibernate.cfg.annotations.PropertyBinder [task-1] MetadataSourceProcessor property slotId with lazy=false
2024-07-17 18:30:07,936 DEBUG org.hibernate.cfg.AbstractPropertyHolder [task-1] Attempting to locate auto-apply AttributeConverter for property [com.booking.model.slot.ClubSlot:slotId]
2024-07-17 18:30:07,942 DEBUG org.hibernate.cfg.annotations.SimpleValueBinder [task-1] building SimpleValue for slotId
2024-07-17 18:30:07,945 DEBUG org.hibernate.cfg.annotations.PropertyBinder [task-1] Building property slotId
2024-07-17 18:30:07,950 DEBUG org.springframework.beans.factory.support.DefaultSingletonBeanRegistry [main] Creating shared instance of singleton bean 'mvcHandlerMappingIntrospector'
2024-07-17 18:30:07,952 DEBUG org.hibernate.cfg.BinderHelper [task-1] #makeIdGenerator(org.hibernate.mapping.SimpleValue([org.hibernate.mapping.Column(slot_id)]), slotId, identity, , ...)
2024-07-17 18:30:07,954 DEBUG org.springframework.beans.factory.support.DefaultSingletonBeanRegistry [main] Creating shared instance of singleton bean 'requestMappingHandlerMapping'
2024-07-17 18:30:07,954 DEBUG org.hibernate.cfg.Ejb3Column [task-1] Binding column: Ejb3Column{table=org.hibernate.mapping.Table(club_slot), mappingColumn=club_name, insertable=true, updatable=true, unique=false}
2024-07-17 18:30:07,954 DEBUG org.hibernate.cfg.annotations.PropertyBinder [task-1] MetadataSourceProcessor property clubName with lazy=false
2024-07-17 18:30:07,954 DEBUG org.hibernate.cfg.AbstractPropertyHolder [task-1] Attempting to locate auto-apply AttributeConverter for property [com.booking.model.slot.ClubSlot:clubName]
2024-07-17 18:30:07,955 DEBUG org.hibernate.cfg.annotations.SimpleValueBinder [task-1] building SimpleValue for clubName
2024-07-17 18:30:07,955 DEBUG org.hibernate.cfg.annotations.PropertyBinder [task-1] Building property clubName
2024-07-17 18:30:07,956 DEBUG org.hibernate.cfg.Ejb3Column [task-1] Binding column: Ejb3Column{table=org.hibernate.mapping.Table(club_slot), mappingColumn=created_by, insertable=true, updatable=true, unique=false}
2024-07-17 18:30:07,956 DEBUG org.hibernate.cfg.annotations.PropertyBinder [task-1] MetadataSourceProcessor property createdBy with lazy=false
2024-07-17 18:30:07,957 DEBUG org.hibernate.cfg.AbstractPropertyHolder [task-1] Attempting to locate auto-apply AttributeConverter for property [com.booking.model.slot.ClubSlot:createdBy]
2024-07-17 18:30:07,957 DEBUG org.hibernate.cfg.annotations.SimpleValueBinder [task-1] building SimpleValue for createdBy
2024-07-17 18:30:07,958 DEBUG org.hibernate.cfg.annotations.PropertyBinder [task-1] Building property createdBy
2024-07-17 18:30:07,958 DEBUG org.hibernate.cfg.Ejb3Column [task-1] Binding column: Ejb3Column{table=org.hibernate.mapping.Table(club_slot), mappingColumn=created_date, insertable=true, updatable=true, unique=false}
2024-07-17 18:30:07,959 DEBUG org.hibernate.cfg.annotations.PropertyBinder [task-1] MetadataSourceProcessor property createdDate with lazy=false
2024-07-17 18:30:07,959 DEBUG org.hibernate.cfg.AbstractPropertyHolder [task-1] Attempting to locate auto-apply AttributeConverter for property [com.booking.model.slot.ClubSlot:createdDate]
2024-07-17 18:30:07,959 DEBUG org.springframework.beans.factory.support.DefaultSingletonBeanRegistry [main] Creating shared instance of singleton bean 'mvcConversionService'
2024-07-17 18:30:07,959 DEBUG org.hibernate.cfg.annotations.SimpleValueBinder [task-1] building SimpleValue for createdDate
2024-07-17 18:30:07,960 DEBUG org.hibernate.cfg.annotations.PropertyBinder [task-1] Building property createdDate
2024-07-17 18:30:07,960 DEBUG org.hibernate.cfg.Ejb3Column [task-1] Binding column: Ejb3Column{table=org.hibernate.mapping.Table(club_slot), mappingColumn=player_count, insertable=true, updatable=true, unique=false}
2024-07-17 18:30:07,961 DEBUG org.hibernate.cfg.annotations.PropertyBinder [task-1] MetadataSourceProcessor property playerCount with lazy=false
2024-07-17 18:30:07,961 DEBUG org.hibernate.cfg.AbstractPropertyHolder [task-1] Attempting to locate auto-apply AttributeConverter for property [com.booking.model.slot.ClubSlot:playerCount]
2024-07-17 18:30:07,961 DEBUG org.hibernate.cfg.annotations.SimpleValueBinder [task-1] building SimpleValue for playerCount
2024-07-17 18:30:07,962 DEBUG org.hibernate.cfg.annotations.PropertyBinder [task-1] Building property playerCount
2024-07-17 18:30:07,962 DEBUG org.hibernate.cfg.Ejb3Column [task-1] Binding column: Ejb3Column{table=org.hibernate.mapping.Table(club_slot), mappingColumn=primary_booking_id, insertable=true, updatable=true, unique=false}
2024-07-17 18:30:07,963 DEBUG org.hibernate.cfg.annotations.PropertyBinder [task-1] MetadataSourceProcessor property primaryBookingId with lazy=false
2024-07-17 18:30:07,963 DEBUG org.hibernate.cfg.AbstractPropertyHolder [task-1] Attempting to locate auto-apply AttributeConverter for property [com.booking.model.slot.ClubSlot:primaryBookingId]
2024-07-17 18:30:07,963 DEBUG org.hibernate.cfg.annotations.SimpleValueBinder [task-1] building SimpleValue for primaryBookingId
2024-07-17 18:30:07,963 DEBUG org.hibernate.cfg.annotations.PropertyBinder [task-1] Building property primaryBookingId
2024-07-17 18:30:07,965 DEBUG org.hibernate.cfg.Ejb3Column [task-1] Binding column: Ejb3Column{table=org.hibernate.mapping.Table(club_slot), mappingColumn=secondary_booking, insertable=true, updatable=true, unique=false}
2024-07-17 18:30:07,965 DEBUG org.hibernate.cfg.annotations.PropertyBinder [task-1] MetadataSourceProcessor property secondaryBooking with lazy=false
2024-07-17 18:30:07,965 DEBUG org.hibernate.cfg.AbstractPropertyHolder [task-1] Attempting to locate auto-apply AttributeConverter for property [com.booking.model.slot.ClubSlot:secondaryBooking]
2024-07-17 18:30:07,966 DEBUG org.hibernate.cfg.annotations.SimpleValueBinder [task-1] building SimpleValue for secondaryBooking
2024-07-17 18:30:07,966 DEBUG org.hibernate.cfg.annotations.PropertyBinder [task-1] Building property secondaryBooking
2024-07-17 18:30:07,967 DEBUG org.hibernate.cfg.Ejb3Column [task-1] Binding column: Ejb3Column{table=org.hibernate.mapping.Table(club_slot), mappingColumn=slot_available, insertable=true, updatable=true, unique=false}
2024-07-17 18:30:07,967 DEBUG org.hibernate.cfg.annotations.PropertyBinder [task-1] MetadataSourceProcessor property slotAvailable with lazy=false
2024-07-17 18:30:07,967 DEBUG org.hibernate.cfg.AbstractPropertyHolder [task-1] Attempting to locate auto-apply AttributeConverter for property [com.booking.model.slot.ClubSlot:slotAvailable]
2024-07-17 18:30:07,967 DEBUG org.hibernate.cfg.annotations.SimpleValueBinder [task-1] building SimpleValue for slotAvailable
2024-07-17 18:30:07,968 DEBUG org.hibernate.cfg.annotations.PropertyBinder [task-1] Building property slotAvailable
2024-07-17 18:30:07,968 DEBUG org.hibernate.cfg.Ejb3Column [task-1] Binding column: Ejb3Column{table=org.hibernate.mapping.Table(club_slot), mappingColumn=slot_date, insertable=true, updatable=true, unique=false}
2024-07-17 18:30:07,968 DEBUG org.hibernate.cfg.annotations.PropertyBinder [task-1] MetadataSourceProcessor property slotDate with lazy=false
2024-07-17 18:30:07,969 DEBUG org.hibernate.cfg.AbstractPropertyHolder [task-1] Attempting to locate auto-apply AttributeConverter for property [com.booking.model.slot.ClubSlot:slotDate]
2024-07-17 18:30:07,969 DEBUG org.hibernate.cfg.annotations.SimpleValueBinder [task-1] building SimpleValue for slotDate
2024-07-17 18:30:07,970 DEBUG org.hibernate.cfg.annotations.PropertyBinder [task-1] Building property slotDate
2024-07-17 18:30:07,971 DEBUG org.hibernate.cfg.Ejb3Column [task-1] Binding column: Ejb3Column{table=org.hibernate.mapping.Table(club_slot), mappingColumn=slot_end_timestmp, insertable=true, updatable=true, unique=false}
2024-07-17 18:30:07,972 DEBUG org.hibernate.cfg.annotations.PropertyBinder [task-1] MetadataSourceProcessor property slotEndTimeStamp with lazy=false
2024-07-17 18:30:07,972 DEBUG org.hibernate.cfg.AbstractPropertyHolder [task-1] Attempting to locate auto-apply AttributeConverter for property [com.booking.model.slot.ClubSlot:slotEndTimeStamp]
2024-07-17 18:30:07,972 DEBUG org.hibernate.cfg.annotations.SimpleValueBinder [task-1] building SimpleValue for slotEndTimeStamp
2024-07-17 18:30:07,973 DEBUG org.hibernate.cfg.annotations.PropertyBinder [task-1] Building property slotEndTimeStamp
2024-07-17 18:30:07,973 DEBUG org.hibernate.cfg.Ejb3Column [task-1] Binding column: Ejb3Column{table=org.hibernate.mapping.Table(club_slot), mappingColumn=slot_start_timestmp, insertable=true, updatable=true, unique=false}
2024-07-17 18:30:07,974 DEBUG org.hibernate.cfg.annotations.PropertyBinder [task-1] MetadataSourceProcessor property slotStartTimeStamp with lazy=false
2024-07-17 18:30:07,974 DEBUG org.hibernate.cfg.AbstractPropertyHolder [task-1] Attempting to locate auto-apply AttributeConverter for property [com.booking.model.slot.ClubSlot:slotStartTimeStamp]
2024-07-17 18:30:07,974 DEBUG org.hibernate.cfg.annotations.SimpleValueBinder [task-1] building SimpleValue for slotStartTimeStamp
2024-07-17 18:30:07,975 DEBUG org.hibernate.cfg.annotations.PropertyBinder [task-1] Building property slotStartTimeStamp
2024-07-17 18:30:07,975 DEBUG org.hibernate.cfg.Ejb3Column [task-1] Binding column: Ejb3Column{table=org.hibernate.mapping.Table(club_slot), mappingColumn=slot_status, insertable=true, updatable=true, unique=false}
2024-07-17 18:30:07,976 DEBUG org.hibernate.cfg.annotations.PropertyBinder [task-1] MetadataSourceProcessor property slotStatus with lazy=false
2024-07-17 18:30:07,976 DEBUG org.hibernate.cfg.AbstractPropertyHolder [task-1] Attempting to locate auto-apply AttributeConverter for property [com.booking.model.slot.ClubSlot:slotStatus]
2024-07-17 18:30:07,977 DEBUG org.hibernate.cfg.annotations.SimpleValueBinder [task-1] building SimpleValue for slotStatus
2024-07-17 18:30:07,977 DEBUG org.hibernate.cfg.annotations.PropertyBinder [task-1] Building property slotStatus
2024-07-17 18:30:07,978 DEBUG org.hibernate.cfg.Ejb3Column [task-1] Binding column: Ejb3Column{table=org.hibernate.mapping.Table(club_slot), mappingColumn=tee_time, insertable=true, updatable=true, unique=false}
2024-07-17 18:30:07,978 DEBUG org.hibernate.cfg.annotations.PropertyBinder [task-1] MetadataSourceProcessor property teeTime with lazy=false
2024-07-17 18:30:07,978 DEBUG org.hibernate.cfg.AbstractPropertyHolder [task-1] Attempting to locate auto-apply AttributeConverter for property [com.booking.model.slot.ClubSlot:teeTime]
2024-07-17 18:30:07,979 DEBUG org.hibernate.cfg.annotations.SimpleValueBinder [task-1] building SimpleValue for teeTime
2024-07-17 18:30:07,981 DEBUG org.hibernate.cfg.annotations.PropertyBinder [task-1] Building property teeTime
2024-07-17 18:30:07,984 DEBUG org.hibernate.cfg.AnnotationBinder [task-1] Binding entity from annotated class: com.booking.model.slot.ClubSlotBooking
2024-07-17 18:30:07,990 DEBUG org.hibernate.cfg.annotations.QueryBinder [task-1] Binding named query: ClubSlotBooking.findAll => SELECT o FROM ClubSlotBooking o
2024-07-17 18:30:07,990 DEBUG org.springframework.beans.factory.support.DefaultSingletonBeanRegistry [main] Creating shared instance of singleton bean 'mvcResourceUrlProvider'
2024-07-17 18:30:07,991 DEBUG org.hibernate.cfg.Ejb3Column [task-1] Binding column: Ejb3DiscriminatorColumn{logicalColumnName'DTYPE', discriminatorTypeName='string'}
2024-07-17 18:30:07,991 DEBUG org.hibernate.cfg.annotations.EntityBinder [task-1] Import with entity name ClubSlotBooking
2024-07-17 18:30:07,992 DEBUG org.hibernate.cfg.annotations.EntityBinder [task-1] Bind entity com.booking.model.slot.ClubSlotBooking on table club_slot_booking
2024-07-17 18:30:07,996 DEBUG org.springframework.beans.factory.support.ConstructorResolver [main] Autowiring by type from bean name 'requestMappingHandlerMapping' via factory method to bean named 'mvcContentNegotiationManager'
2024-07-17 18:30:07,997 DEBUG org.springframework.beans.factory.support.ConstructorResolver [main] Autowiring by type from bean name 'requestMappingHandlerMapping' via factory method to bean named 'mvcConversionService'
2024-07-17 18:30:07,999 DEBUG org.springframework.beans.factory.support.ConstructorResolver [main] Autowiring by type from bean name 'requestMappingHandlerMapping' via factory method to bean named 'mvcResourceUrlProvider'
2024-07-17 18:30:08,004 DEBUG org.hibernate.cfg.Ejb3Column [task-1] Binding column: Ejb3Column{table=org.hibernate.mapping.Table(club_slot_booking), mappingColumn=booking_id, insertable=true, updatable=true, unique=false}
2024-07-17 18:30:08,005 DEBUG org.hibernate.cfg.annotations.PropertyBinder [task-1] MetadataSourceProcessor property bookingId with lazy=false
2024-07-17 18:30:08,005 DEBUG org.hibernate.cfg.AbstractPropertyHolder [task-1] Attempting to locate auto-apply AttributeConverter for property [com.booking.model.slot.ClubSlotBooking:bookingId]
2024-07-17 18:30:08,016 DEBUG org.springframework.beans.factory.support.ConstructorResolver [main] Autowiring by type from bean name 'requestMappingHandlerMapping' via factory method to bean named 'mvcContentNegotiationManager'
2024-07-17 18:30:08,019 DEBUG org.springframework.beans.factory.support.ConstructorResolver [main] Autowiring by type from bean name 'requestMappingHandlerMapping' via factory method to bean named 'mvcConversionService'
2024-07-17 18:30:08,021 DEBUG org.springframework.beans.factory.support.ConstructorResolver [main] Autowiring by type from bean name 'requestMappingHandlerMapping' via factory method to bean named 'mvcResourceUrlProvider'
2024-07-17 18:30:08,026 DEBUG org.hibernate.cfg.annotations.SimpleValueBinder [task-1] building SimpleValue for bookingId
2024-07-17 18:30:08,026 DEBUG org.hibernate.cfg.annotations.PropertyBinder [task-1] Building property bookingId
2024-07-17 18:30:08,027 DEBUG org.hibernate.cfg.BinderHelper [task-1] #makeIdGenerator(org.hibernate.mapping.SimpleValue([org.hibernate.mapping.Column(booking_id)]), bookingId, identity, , ...)
2024-07-17 18:30:08,027 DEBUG org.hibernate.cfg.Ejb3Column [task-1] Binding column: Ejb3Column{table=org.hibernate.mapping.Table(club_slot_booking), mappingColumn=booking_status, insertable=true, updatable=true, unique=false}
2024-07-17 18:30:08,028 DEBUG org.hibernate.cfg.annotations.PropertyBinder [task-1] MetadataSourceProcessor property bookingStatus with lazy=false
2024-07-17 18:30:08,028 DEBUG org.hibernate.cfg.AbstractPropertyHolder [task-1] Attempting to locate auto-apply AttributeConverter for property [com.booking.model.slot.ClubSlotBooking:bookingStatus]
2024-07-17 18:30:08,028 DEBUG org.hibernate.cfg.annotations.SimpleValueBinder [task-1] building SimpleValue for bookingStatus
2024-07-17 18:30:08,029 DEBUG org.hibernate.cfg.annotations.PropertyBinder [task-1] Building property bookingStatus
2024-07-17 18:30:08,029 DEBUG org.hibernate.cfg.Ejb3Column [task-1] Binding column: Ejb3Column{table=org.hibernate.mapping.Table(club_slot_booking), mappingColumn=booking_type, insertable=true, updatable=true, unique=false}
2024-07-17 18:30:08,030 DEBUG org.hibernate.cfg.annotations.PropertyBinder [task-1] MetadataSourceProcessor property bookingType with lazy=false
2024-07-17 18:30:08,030 DEBUG org.hibernate.cfg.AbstractPropertyHolder [task-1] Attempting to locate auto-apply AttributeConverter for property [com.booking.model.slot.ClubSlotBooking:bookingType]
2024-07-17 18:30:08,030 DEBUG org.hibernate.cfg.annotations.SimpleValueBinder [task-1] building SimpleValue for bookingType
2024-07-17 18:30:08,031 DEBUG org.hibernate.cfg.annotations.PropertyBinder [task-1] Building property bookingType
2024-07-17 18:30:08,032 DEBUG org.hibernate.cfg.Ejb3Column [task-1] Binding column: Ejb3Column{table=org.hibernate.mapping.Table(club_slot_booking), mappingColumn=created_by, insertable=true, updatable=true, unique=false}
2024-07-17 18:30:08,032 DEBUG org.hibernate.cfg.annotations.PropertyBinder [task-1] MetadataSourceProcessor property createdBy with lazy=false
2024-07-17 18:30:08,033 DEBUG org.hibernate.cfg.AbstractPropertyHolder [task-1] Attempting to locate auto-apply AttributeConverter for property [com.booking.model.slot.ClubSlotBooking:createdBy]
2024-07-17 18:30:08,033 DEBUG org.hibernate.cfg.annotations.SimpleValueBinder [task-1] building SimpleValue for createdBy
2024-07-17 18:30:08,034 DEBUG org.hibernate.cfg.annotations.PropertyBinder [task-1] Building property createdBy
2024-07-17 18:30:08,041 DEBUG org.hibernate.cfg.Ejb3Column [task-1] Binding column: Ejb3Column{table=org.hibernate.mapping.Table(club_slot_booking), mappingColumn=created_date, insertable=true, updatable=true, unique=false}
2024-07-17 18:30:08,042 DEBUG org.hibernate.cfg.annotations.PropertyBinder [task-1] MetadataSourceProcessor property createdDate with lazy=false
2024-07-17 18:30:08,042 DEBUG org.hibernate.cfg.AbstractPropertyHolder [task-1] Attempting to locate auto-apply AttributeConverter for property [com.booking.model.slot.ClubSlotBooking:createdDate]
2024-07-17 18:30:08,043 DEBUG org.hibernate.cfg.annotations.SimpleValueBinder [task-1] building SimpleValue for createdDate
2024-07-17 18:30:08,043 DEBUG org.hibernate.cfg.annotations.PropertyBinder [task-1] Building property createdDate
2024-07-17 18:30:08,044 DEBUG org.hibernate.cfg.Ejb3Column [task-1] Binding column: Ejb3Column{table=org.hibernate.mapping.Table(club_slot_booking), mappingColumn=player, insertable=true, updatable=true, unique=false}
2024-07-17 18:30:08,044 DEBUG org.hibernate.cfg.annotations.PropertyBinder [task-1] MetadataSourceProcessor property player with lazy=false
2024-07-17 18:30:08,045 DEBUG org.hibernate.cfg.AbstractPropertyHolder [task-1] Attempting to locate auto-apply AttributeConverter for property [com.booking.model.slot.ClubSlotBooking:player]
2024-07-17 18:30:08,046 DEBUG org.hibernate.cfg.annotations.SimpleValueBinder [task-1] building SimpleValue for player
2024-07-17 18:30:08,049 DEBUG org.hibernate.cfg.annotations.PropertyBinder [task-1] Building property player
2024-07-17 18:30:08,050 DEBUG org.hibernate.cfg.Ejb3Column [task-1] Binding column: Ejb3Column{table=org.hibernate.mapping.Table(club_slot_booking), mappingColumn=player_count, insertable=true, updatable=true, unique=false}
2024-07-17 18:30:08,051 DEBUG org.hibernate.cfg.annotations.PropertyBinder [task-1] MetadataSourceProcessor property playerCount with lazy=false
2024-07-17 18:30:08,051 DEBUG org.hibernate.cfg.AbstractPropertyHolder [task-1] Attempting to locate auto-apply AttributeConverter for property [com.booking.model.slot.ClubSlotBooking:playerCount]
2024-07-17 18:30:08,051 DEBUG org.hibernate.cfg.annotations.SimpleValueBinder [task-1] building SimpleValue for playerCount
2024-07-17 18:30:08,052 DEBUG org.hibernate.cfg.annotations.PropertyBinder [task-1] Building property playerCount
2024-07-17 18:30:08,053 DEBUG org.hibernate.cfg.Ejb3Column [task-1] Binding column: Ejb3Column{table=org.hibernate.mapping.Table(club_slot_booking), mappingColumn=primary_booking_id, insertable=true, updatable=true, unique=false}
2024-07-17 18:30:08,053 DEBUG org.hibernate.cfg.annotations.PropertyBinder [task-1] MetadataSourceProcessor property primaryBookingId with lazy=false
2024-07-17 18:30:08,054 DEBUG org.hibernate.cfg.AbstractPropertyHolder [task-1] Attempting to locate auto-apply AttributeConverter for property [com.booking.model.slot.ClubSlotBooking:primaryBookingId]
2024-07-17 18:30:08,054 DEBUG org.hibernate.cfg.annotations.SimpleValueBinder [task-1] building SimpleValue for primaryBookingId
2024-07-17 18:30:08,055 DEBUG org.hibernate.cfg.annotations.PropertyBinder [task-1] Building property primaryBookingId
2024-07-17 18:30:08,057 DEBUG org.hibernate.cfg.Ejb3Column [task-1] Binding column: Ejb3Column{table=org.hibernate.mapping.Table(club_slot_booking), mappingColumn=secondary_booking, insertable=true, updatable=true, unique=false}
2024-07-17 18:30:08,058 DEBUG org.hibernate.cfg.annotations.PropertyBinder [task-1] MetadataSourceProcessor property secondaryBooking with lazy=false
2024-07-17 18:30:08,059 DEBUG org.hibernate.cfg.AbstractPropertyHolder [task-1] Attempting to locate auto-apply AttributeConverter for property [com.booking.model.slot.ClubSlotBooking:secondaryBooking]
2024-07-17 18:30:08,059 DEBUG org.hibernate.cfg.annotations.SimpleValueBinder [task-1] building SimpleValue for secondaryBooking
2024-07-17 18:30:08,060 DEBUG org.hibernate.cfg.annotations.PropertyBinder [task-1] Building property secondaryBooking
2024-07-17 18:30:08,061 DEBUG org.hibernate.cfg.Ejb3Column [task-1] Binding column: Ejb3Column{table=org.hibernate.mapping.Table(club_slot_booking), mappingColumn=slot_date, insertable=true, updatable=true, unique=false}
2024-07-17 18:30:08,061 DEBUG org.hibernate.cfg.annotations.PropertyBinder [task-1] MetadataSourceProcessor property slotDate with lazy=false
2024-07-17 18:30:08,062 DEBUG org.hibernate.cfg.AbstractPropertyHolder [task-1] Attempting to locate auto-apply AttributeConverter for property [com.booking.model.slot.ClubSlotBooking:slotDate]
2024-07-17 18:30:08,062 DEBUG org.hibernate.cfg.annotations.SimpleValueBinder [task-1] building SimpleValue for slotDate
2024-07-17 18:30:08,062 DEBUG org.hibernate.cfg.annotations.PropertyBinder [task-1] Building property slotDate
2024-07-17 18:30:08,063 DEBUG org.hibernate.cfg.Ejb3Column [task-1] Binding column: Ejb3Column{table=org.hibernate.mapping.Table(club_slot_booking), mappingColumn=slot_id, insertable=true, updatable=true, unique=false}
2024-07-17 18:30:08,065 DEBUG org.hibernate.cfg.annotations.PropertyBinder [task-1] MetadataSourceProcessor property slotId with lazy=false
2024-07-17 18:30:08,065 DEBUG org.hibernate.cfg.AbstractPropertyHolder [task-1] Attempting to locate auto-apply AttributeConverter for property [com.booking.model.slot.ClubSlotBooking:slotId]
2024-07-17 18:30:08,066 DEBUG org.hibernate.cfg.annotations.SimpleValueBinder [task-1] building SimpleValue for slotId
2024-07-17 18:30:08,066 DEBUG org.hibernate.cfg.annotations.PropertyBinder [task-1] Building property slotId
2024-07-17 18:30:08,066 DEBUG org.hibernate.cfg.Ejb3Column [task-1] Binding column: Ejb3Column{table=org.hibernate.mapping.Table(club_slot_booking), mappingColumn=user_id, insertable=true, updatable=true, unique=false}
2024-07-17 18:30:08,068 DEBUG org.hibernate.cfg.annotations.PropertyBinder [task-1] MetadataSourceProcessor property userId with lazy=false
2024-07-17 18:30:08,068 DEBUG org.hibernate.cfg.AbstractPropertyHolder [task-1] Attempting to locate auto-apply AttributeConverter for property [com.booking.model.slot.ClubSlotBooking:userId]
2024-07-17 18:30:08,069 DEBUG org.hibernate.cfg.annotations.SimpleValueBinder [task-1] building SimpleValue for userId
2024-07-17 18:30:08,069 DEBUG org.hibernate.cfg.annotations.PropertyBinder [task-1] Building property userId
2024-07-17 18:30:08,070 DEBUG org.hibernate.cfg.AnnotationBinder [task-1] Binding entity from annotated class: com.booking.model.slot.UserBooking
2024-07-17 18:30:08,070 DEBUG org.hibernate.cfg.Ejb3Column [task-1] Binding column: Ejb3DiscriminatorColumn{logicalColumnName'DTYPE', discriminatorTypeName='string'}
2024-07-17 18:30:08,071 DEBUG org.hibernate.cfg.annotations.EntityBinder [task-1] Import with entity name UserBooking
2024-07-17 18:30:08,071 DEBUG org.hibernate.cfg.annotations.EntityBinder [task-1] Bind entity com.booking.model.slot.UserBooking on table user_booking
2024-07-17 18:30:08,077 DEBUG org.hibernate.cfg.Ejb3Column [task-1] Binding column: Ejb3Column{table=org.hibernate.mapping.Table(user_booking), mappingColumn=user_booking_id, insertable=true, updatable=true, unique=false}
2024-07-17 18:30:08,077 DEBUG org.hibernate.cfg.annotations.PropertyBinder [task-1] MetadataSourceProcessor property userBookingId with lazy=false
2024-07-17 18:30:08,078 DEBUG org.hibernate.cfg.AbstractPropertyHolder [task-1] Attempting to locate auto-apply AttributeConverter for property [com.booking.model.slot.UserBooking:userBookingId]
2024-07-17 18:30:08,078 DEBUG org.hibernate.cfg.annotations.SimpleValueBinder [task-1] building SimpleValue for userBookingId
2024-07-17 18:30:08,078 DEBUG org.hibernate.cfg.annotations.PropertyBinder [task-1] Building property userBookingId
2024-07-17 18:30:08,079 DEBUG org.hibernate.cfg.BinderHelper [task-1] #makeIdGenerator(org.hibernate.mapping.SimpleValue([org.hibernate.mapping.Column(user_booking_id)]), userBookingId, identity, , ...)
2024-07-17 18:30:08,080 DEBUG org.hibernate.cfg.Ejb3Column [task-1] Binding column: Ejb3Column{table=org.hibernate.mapping.Table(user_booking), mappingColumn=approval_status, insertable=true, updatable=true, unique=false}
2024-07-17 18:30:08,081 DEBUG org.hibernate.cfg.annotations.PropertyBinder [task-1] MetadataSourceProcessor property approvalStatus with lazy=false
2024-07-17 18:30:08,081 DEBUG org.hibernate.cfg.AbstractPropertyHolder [task-1] Attempting to locate auto-apply AttributeConverter for property [com.booking.model.slot.UserBooking:approvalStatus]
2024-07-17 18:30:08,082 DEBUG org.hibernate.cfg.annotations.SimpleValueBinder [task-1] building SimpleValue for approvalStatus
2024-07-17 18:30:08,082 DEBUG org.hibernate.cfg.annotations.PropertyBinder [task-1] Building property approvalStatus
2024-07-17 18:30:08,083 DEBUG org.hibernate.cfg.Ejb3Column [task-1] Binding column: Ejb3Column{table=org.hibernate.mapping.Table(user_booking), mappingColumn=booking_id, insertable=true, updatable=true, unique=false}
2024-07-17 18:30:08,083 DEBUG org.hibernate.cfg.annotations.PropertyBinder [task-1] MetadataSourceProcessor property bookingId with lazy=false
2024-07-17 18:30:08,083 DEBUG org.hibernate.cfg.AbstractPropertyHolder [task-1] Attempting to locate auto-apply AttributeConverter for property [com.booking.model.slot.UserBooking:bookingId]
2024-07-17 18:30:08,084 DEBUG org.hibernate.cfg.annotations.SimpleValueBinder [task-1] building SimpleValue for bookingId
2024-07-17 18:30:08,084 DEBUG org.hibernate.cfg.annotations.PropertyBinder [task-1] Building property bookingId
2024-07-17 18:30:08,085 DEBUG org.hibernate.cfg.Ejb3Column [task-1] Binding column: Ejb3Column{table=org.hibernate.mapping.Table(user_booking), mappingColumn=booking_name, insertable=true, updatable=true, unique=false}
2024-07-17 18:30:08,088 DEBUG org.hibernate.cfg.annotations.PropertyBinder [task-1] MetadataSourceProcessor property bookingName with lazy=false
2024-07-17 18:30:08,089 DEBUG org.hibernate.cfg.AbstractPropertyHolder [task-1] Attempting to locate auto-apply AttributeConverter for property [com.booking.model.slot.UserBooking:bookingName]
2024-07-17 18:30:08,090 DEBUG org.hibernate.cfg.annotations.SimpleValueBinder [task-1] building SimpleValue for bookingName
2024-07-17 18:30:08,090 DEBUG org.hibernate.cfg.annotations.PropertyBinder [task-1] Building property bookingName
2024-07-17 18:30:08,091 DEBUG org.hibernate.cfg.Ejb3Column [task-1] Binding column: Ejb3Column{table=org.hibernate.mapping.Table(user_booking), mappingColumn=booking_type, insertable=true, updatable=true, unique=false}
2024-07-17 18:30:08,092 DEBUG org.hibernate.cfg.annotations.PropertyBinder [task-1] MetadataSourceProcessor property bookingType with lazy=false
2024-07-17 18:30:08,092 DEBUG org.hibernate.cfg.AbstractPropertyHolder [task-1] Attempting to locate auto-apply AttributeConverter for property [com.booking.model.slot.UserBooking:bookingType]
2024-07-17 18:30:08,092 DEBUG org.hibernate.cfg.annotations.SimpleValueBinder [task-1] building SimpleValue for bookingType
2024-07-17 18:30:08,093 DEBUG org.hibernate.cfg.annotations.PropertyBinder [task-1] Building property bookingType
2024-07-17 18:30:08,093 DEBUG org.hibernate.cfg.Ejb3Column [task-1] Binding column: Ejb3Column{table=org.hibernate.mapping.Table(user_booking), mappingColumn=date_modified, insertable=true, updatable=true, unique=false}
2024-07-17 18:30:08,093 DEBUG org.hibernate.cfg.annotations.PropertyBinder [task-1] MetadataSourceProcessor property dateModified with lazy=false
2024-07-17 18:30:08,094 DEBUG org.hibernate.cfg.AbstractPropertyHolder [task-1] Attempting to locate auto-apply AttributeConverter for property [com.booking.model.slot.UserBooking:dateModified]
2024-07-17 18:30:08,094 DEBUG org.hibernate.cfg.annotations.SimpleValueBinder [task-1] building SimpleValue for dateModified
2024-07-17 18:30:08,094 DEBUG org.hibernate.cfg.annotations.PropertyBinder [task-1] Building property dateModified
2024-07-17 18:30:08,095 DEBUG org.hibernate.cfg.Ejb3Column [task-1] Binding column: Ejb3Column{table=org.hibernate.mapping.Table(user_booking), mappingColumn=modified_by, insertable=true, updatable=true, unique=false}
2024-07-17 18:30:08,095 DEBUG org.hibernate.cfg.annotations.PropertyBinder [task-1] MetadataSourceProcessor property modifiedBy with lazy=false
2024-07-17 18:30:08,095 DEBUG org.hibernate.cfg.AbstractPropertyHolder [task-1] Attempting to locate auto-apply AttributeConverter for property [com.booking.model.slot.UserBooking:modifiedBy]
2024-07-17 18:30:08,095 DEBUG org.hibernate.cfg.annotations.SimpleValueBinder [task-1] building SimpleValue for modifiedBy
2024-07-17 18:30:08,096 DEBUG org.hibernate.cfg.annotations.PropertyBinder [task-1] Building property modifiedBy
2024-07-17 18:30:08,097 DEBUG org.hibernate.cfg.Ejb3Column [task-1] Binding column: Ejb3Column{table=org.hibernate.mapping.Table(user_booking), mappingColumn=players_name, insertable=true, updatable=true, unique=false}
2024-07-17 18:30:08,097 DEBUG org.hibernate.cfg.annotations.PropertyBinder [task-1] MetadataSourceProcessor property playersName with lazy=false
2024-07-17 18:30:08,097 DEBUG org.hibernate.cfg.AbstractPropertyHolder [task-1] Attempting to locate auto-apply AttributeConverter for property [com.booking.model.slot.UserBooking:playersName]
2024-07-17 18:30:08,098 DEBUG org.hibernate.cfg.annotations.SimpleValueBinder [task-1] building SimpleValue for playersName
2024-07-17 18:30:08,098 DEBUG org.hibernate.cfg.annotations.PropertyBinder [task-1] Building property playersName
2024-07-17 18:30:08,099 DEBUG org.hibernate.cfg.Ejb3Column [task-1] Binding column: Ejb3Column{table=org.hibernate.mapping.Table(user_booking), mappingColumn=slot_id, insertable=true, updatable=true, unique=false}
2024-07-17 18:30:08,100 DEBUG org.hibernate.cfg.annotations.PropertyBinder [task-1] MetadataSourceProcessor property slotId with lazy=false
2024-07-17 18:30:08,101 DEBUG org.hibernate.cfg.AbstractPropertyHolder [task-1] Attempting to locate auto-apply AttributeConverter for property [com.booking.model.slot.UserBooking:slotId]
2024-07-17 18:30:08,101 DEBUG org.hibernate.cfg.annotations.SimpleValueBinder [task-1] building SimpleValue for slotId
2024-07-17 18:30:08,101 DEBUG org.hibernate.cfg.annotations.PropertyBinder [task-1] Building property slotId
2024-07-17 18:30:08,102 DEBUG org.hibernate.cfg.Ejb3Column [task-1] Binding column: Ejb3Column{table=org.hibernate.mapping.Table(user_booking), mappingColumn=user_id, insertable=true, updatable=true, unique=false}
2024-07-17 18:30:08,102 DEBUG org.hibernate.cfg.annotations.PropertyBinder [task-1] MetadataSourceProcessor property userId with lazy=false
2024-07-17 18:30:08,103 DEBUG org.hibernate.cfg.AbstractPropertyHolder [task-1] Attempting to locate auto-apply AttributeConverter for property [com.booking.model.slot.UserBooking:userId]
2024-07-17 18:30:08,103 DEBUG org.hibernate.cfg.annotations.SimpleValueBinder [task-1] building SimpleValue for userId
2024-07-17 18:30:08,103 DEBUG org.hibernate.cfg.annotations.PropertyBinder [task-1] Building property userId
2024-07-17 18:30:08,104 DEBUG org.hibernate.cfg.Ejb3Column [task-1] Binding column: Ejb3Column{table=org.hibernate.mapping.Table(user_booking), mappingColumn=user_name, insertable=true, updatable=true, unique=false}
2024-07-17 18:30:08,104 DEBUG org.hibernate.cfg.annotations.PropertyBinder [task-1] MetadataSourceProcessor property userName with lazy=false
2024-07-17 18:30:08,105 DEBUG org.hibernate.cfg.AbstractPropertyHolder [task-1] Attempting to locate auto-apply AttributeConverter for property [com.booking.model.slot.UserBooking:userName]
2024-07-17 18:30:08,105 DEBUG org.hibernate.cfg.annotations.SimpleValueBinder [task-1] building SimpleValue for userName
2024-07-17 18:30:08,106 DEBUG org.hibernate.cfg.annotations.PropertyBinder [task-1] Building property userName
2024-07-17 18:30:08,106 DEBUG org.hibernate.cfg.AnnotationBinder [task-1] Binding entity from annotated class: com.booking.model.user.ClubConfig
2024-07-17 18:30:08,107 DEBUG org.hibernate.cfg.Ejb3Column [task-1] Binding column: Ejb3DiscriminatorColumn{logicalColumnName'DTYPE', discriminatorTypeName='string'}
2024-07-17 18:30:08,107 DEBUG org.hibernate.cfg.annotations.EntityBinder [task-1] Import with entity name ClubConfig
2024-07-17 18:30:08,108 DEBUG org.hibernate.cfg.annotations.EntityBinder [task-1] Bind entity com.booking.model.user.ClubConfig on table club_config
2024-07-17 18:30:08,110 DEBUG org.hibernate.cfg.Ejb3Column [task-1] Binding column: Ejb3Column{table=org.hibernate.mapping.Table(club_config), mappingColumn=config_id, insertable=true, updatable=true, unique=false}
2024-07-17 18:30:08,111 DEBUG org.hibernate.cfg.annotations.PropertyBinder [task-1] MetadataSourceProcessor property configId with lazy=false
2024-07-17 18:30:08,111 DEBUG org.hibernate.cfg.AbstractPropertyHolder [task-1] Attempting to locate auto-apply AttributeConverter for property [com.booking.model.user.ClubConfig:configId]
2024-07-17 18:30:08,112 DEBUG org.hibernate.cfg.annotations.SimpleValueBinder [task-1] building SimpleValue for configId
2024-07-17 18:30:08,112 DEBUG org.hibernate.cfg.annotations.PropertyBinder [task-1] Building property configId
2024-07-17 18:30:08,112 DEBUG org.hibernate.cfg.BinderHelper [task-1] #makeIdGenerator(org.hibernate.mapping.SimpleValue([org.hibernate.mapping.Column(config_id)]), configId, identity, , ...)
2024-07-17 18:30:08,113 DEBUG org.hibernate.cfg.Ejb3Column [task-1] Binding column: Ejb3Column{table=org.hibernate.mapping.Table(club_config), mappingColumn=category, insertable=true, updatable=true, unique=false}
2024-07-17 18:30:08,113 DEBUG org.hibernate.cfg.annotations.PropertyBinder [task-1] MetadataSourceProcessor property category with lazy=false
2024-07-17 18:30:08,113 DEBUG org.hibernate.cfg.AbstractPropertyHolder [task-1] Attempting to locate auto-apply AttributeConverter for property [com.booking.model.user.ClubConfig:category]
2024-07-17 18:30:08,114 DEBUG org.hibernate.cfg.annotations.SimpleValueBinder [task-1] building SimpleValue for category
2024-07-17 18:30:08,114 DEBUG org.hibernate.cfg.annotations.PropertyBinder [task-1] Building property category
2024-07-17 18:30:08,115 DEBUG org.hibernate.cfg.Ejb3Column [task-1] Binding column: Ejb3Column{table=org.hibernate.mapping.Table(club_config), mappingColumn=date_modified, insertable=true, updatable=true, unique=false}
2024-07-17 18:30:08,116 DEBUG org.hibernate.cfg.annotations.PropertyBinder [task-1] MetadataSourceProcessor property dateModified with lazy=false
2024-07-17 18:30:08,117 DEBUG org.hibernate.cfg.AbstractPropertyHolder [task-1] Attempting to locate auto-apply AttributeConverter for property [com.booking.model.user.ClubConfig:dateModified]
2024-07-17 18:30:08,117 DEBUG org.hibernate.cfg.annotations.SimpleValueBinder [task-1] building SimpleValue for dateModified
2024-07-17 18:30:08,117 DEBUG org.hibernate.cfg.annotations.PropertyBinder [task-1] Building property dateModified
2024-07-17 18:30:08,118 DEBUG org.hibernate.cfg.Ejb3Column [task-1] Binding column: Ejb3Column{table=org.hibernate.mapping.Table(club_config), mappingColumn=key, insertable=true, updatable=true, unique=false}
2024-07-17 18:30:08,118 DEBUG org.hibernate.cfg.annotations.PropertyBinder [task-1] MetadataSourceProcessor property key with lazy=false
2024-07-17 18:30:08,118 DEBUG org.hibernate.cfg.AbstractPropertyHolder [task-1] Attempting to locate auto-apply AttributeConverter for property [com.booking.model.user.ClubConfig:key]
2024-07-17 18:30:08,119 DEBUG org.hibernate.cfg.annotations.SimpleValueBinder [task-1] building SimpleValue for key
2024-07-17 18:30:08,119 DEBUG org.hibernate.cfg.annotations.PropertyBinder [task-1] Building property key
2024-07-17 18:30:08,119 DEBUG org.hibernate.cfg.Ejb3Column [task-1] Binding column: Ejb3Column{table=org.hibernate.mapping.Table(club_config), mappingColumn=modified_by, insertable=true, updatable=true, unique=false}
2024-07-17 18:30:08,120 DEBUG org.hibernate.cfg.annotations.PropertyBinder [task-1] MetadataSourceProcessor property modifiedBy with lazy=false
2024-07-17 18:30:08,120 DEBUG org.hibernate.cfg.AbstractPropertyHolder [task-1] Attempting to locate auto-apply AttributeConverter for property [com.booking.model.user.ClubConfig:modifiedBy]
2024-07-17 18:30:08,120 DEBUG org.hibernate.cfg.annotations.SimpleValueBinder [task-1] building SimpleValue for modifiedBy
2024-07-17 18:30:08,121 DEBUG org.hibernate.cfg.annotations.PropertyBinder [task-1] Building property modifiedBy
2024-07-17 18:30:08,123 DEBUG org.hibernate.cfg.Ejb3Column [task-1] Binding column: Ejb3Column{table=org.hibernate.mapping.Table(club_config), mappingColumn=value, insertable=true, updatable=true, unique=false}
2024-07-17 18:30:08,123 DEBUG org.hibernate.cfg.annotations.PropertyBinder [task-1] MetadataSourceProcessor property value with lazy=false
2024-07-17 18:30:08,124 DEBUG org.hibernate.cfg.AbstractPropertyHolder [task-1] Attempting to locate auto-apply AttributeConverter for property [com.booking.model.user.ClubConfig:value]
2024-07-17 18:30:08,124 DEBUG org.hibernate.cfg.annotations.SimpleValueBinder [task-1] building SimpleValue for value
2024-07-17 18:30:08,124 DEBUG org.hibernate.cfg.annotations.PropertyBinder [task-1] Building property value
2024-07-17 18:30:08,125 DEBUG org.hibernate.cfg.AnnotationBinder [task-1] Binding entity from annotated class: com.booking.model.user.ClubUser
2024-07-17 18:30:08,126 DEBUG org.hibernate.cfg.Ejb3Column [task-1] Binding column: Ejb3DiscriminatorColumn{logicalColumnName'DTYPE', discriminatorTypeName='string'}
2024-07-17 18:30:08,126 DEBUG org.hibernate.cfg.annotations.EntityBinder [task-1] Import with entity name ClubUser
2024-07-17 18:30:08,127 DEBUG org.hibernate.cfg.annotations.EntityBinder [task-1] Bind entity com.booking.model.user.ClubUser on table club_user
2024-07-17 18:30:08,159 DEBUG org.hibernate.cfg.Ejb3Column [task-1] Binding column: Ejb3Column{table=org.hibernate.mapping.Table(club_user), mappingColumn=user_id, insertable=true, updatable=true, unique=false}
2024-07-17 18:30:08,160 DEBUG org.hibernate.cfg.annotations.PropertyBinder [task-1] MetadataSourceProcessor property userId with lazy=false
2024-07-17 18:30:08,160 DEBUG org.hibernate.cfg.AbstractPropertyHolder [task-1] Attempting to locate auto-apply AttributeConverter for property [com.booking.model.user.ClubUser:userId]
2024-07-17 18:30:08,160 DEBUG org.hibernate.cfg.annotations.SimpleValueBinder [task-1] building SimpleValue for userId
2024-07-17 18:30:08,161 DEBUG org.hibernate.cfg.annotations.PropertyBinder [task-1] Building property userId
2024-07-17 18:30:08,161 DEBUG org.hibernate.cfg.BinderHelper [task-1] #makeIdGenerator(org.hibernate.mapping.SimpleValue([org.hibernate.mapping.Column(user_id)]), userId, identity, , ...)
2024-07-17 18:30:08,162 DEBUG org.hibernate.cfg.Ejb3Column [task-1] Binding column: Ejb3Column{table=org.hibernate.mapping.Table(club_user), mappingColumn=created_by, insertable=true, updatable=true, unique=false}
2024-07-17 18:30:08,162 DEBUG org.hibernate.cfg.annotations.PropertyBinder [task-1] MetadataSourceProcessor property createdBy with lazy=false
2024-07-17 18:30:08,163 DEBUG org.hibernate.cfg.AbstractPropertyHolder [task-1] Attempting to locate auto-apply AttributeConverter for property [com.booking.model.user.ClubUser:createdBy]
2024-07-17 18:30:08,163 DEBUG org.hibernate.cfg.annotations.SimpleValueBinder [task-1] building SimpleValue for createdBy
2024-07-17 18:30:08,163 DEBUG org.hibernate.cfg.annotations.PropertyBinder [task-1] Building property createdBy
2024-07-17 18:30:08,164 DEBUG org.hibernate.cfg.Ejb3Column [task-1] Binding column: Ejb3Column{table=org.hibernate.mapping.Table(club_user), mappingColumn=created_date, insertable=true, updatable=true, unique=false}
2024-07-17 18:30:08,164 DEBUG org.hibernate.cfg.annotations.PropertyBinder [task-1] MetadataSourceProcessor property createdDate with lazy=false
2024-07-17 18:30:08,164 DEBUG org.hibernate.cfg.AbstractPropertyHolder [task-1] Attempting to locate auto-apply AttributeConverter for property [com.booking.model.user.ClubUser:createdDate]
2024-07-17 18:30:08,165 DEBUG org.hibernate.cfg.annotations.SimpleValueBinder [task-1] building SimpleValue for createdDate
2024-07-17 18:30:08,165 DEBUG org.hibernate.cfg.annotations.PropertyBinder [task-1] Building property createdDate
2024-07-17 18:30:08,166 DEBUG org.hibernate.cfg.Ejb3Column [task-1] Binding column: Ejb3Column{table=org.hibernate.mapping.Table(club_user), mappingColumn=dob, insertable=true, updatable=true, unique=false}
2024-07-17 18:30:08,166 DEBUG org.hibernate.cfg.annotations.PropertyBinder [task-1] MetadataSourceProcessor property dateofBirth with lazy=false
2024-07-17 18:30:08,167 DEBUG org.hibernate.cfg.AbstractPropertyHolder [task-1] Attempting to locate auto-apply AttributeConverter for property [com.booking.model.user.ClubUser:dateofBirth]
2024-07-17 18:30:08,167 DEBUG org.hibernate.cfg.annotations.SimpleValueBinder [task-1] building SimpleValue for dateofBirth
2024-07-17 18:30:08,167 DEBUG org.hibernate.cfg.annotations.PropertyBinder [task-1] Building property dateofBirth
2024-07-17 18:30:08,169 DEBUG org.hibernate.cfg.Ejb3Column [task-1] Binding column: Ejb3Column{table=org.hibernate.mapping.Table(club_user), mappingColumn=full_name, insertable=true, updatable=true, unique=false}
2024-07-17 18:30:08,169 DEBUG org.hibernate.cfg.annotations.PropertyBinder [task-1] MetadataSourceProcessor property fullName with lazy=false
2024-07-17 18:30:08,170 DEBUG org.hibernate.cfg.AbstractPropertyHolder [task-1] Attempting to locate auto-apply AttributeConverter for property [com.booking.model.user.ClubUser:fullName]
2024-07-17 18:30:08,170 DEBUG org.hibernate.cfg.annotations.SimpleValueBinder [task-1] building SimpleValue for fullName
2024-07-17 18:30:08,170 DEBUG org.hibernate.cfg.annotations.PropertyBinder [task-1] Building property fullName
2024-07-17 18:30:08,171 DEBUG org.hibernate.cfg.Ejb3Column [task-1] Binding column: Ejb3Column{table=org.hibernate.mapping.Table(club_user), mappingColumn=membership_number, insertable=true, updatable=true, unique=false}
2024-07-17 18:30:08,171 DEBUG org.hibernate.cfg.annotations.PropertyBinder [task-1] MetadataSourceProcessor property membershipNumber with lazy=false
2024-07-17 18:30:08,171 DEBUG org.hibernate.cfg.AbstractPropertyHolder [task-1] Attempting to locate auto-apply AttributeConverter for property [com.booking.model.user.ClubUser:membershipNumber]
2024-07-17 18:30:08,172 DEBUG org.hibernate.cfg.annotations.SimpleValueBinder [task-1] building SimpleValue for membershipNumber
2024-07-17 18:30:08,173 DEBUG org.hibernate.cfg.annotations.PropertyBinder [task-1] Building property membershipNumber
2024-07-17 18:30:08,173 DEBUG org.hibernate.cfg.Ejb3Column [task-1] Binding column: Ejb3Column{table=org.hibernate.mapping.Table(club_user), mappingColumn=membership_type, insertable=true, updatable=true, unique=false}
2024-07-17 18:30:08,174 DEBUG org.hibernate.cfg.annotations.PropertyBinder [task-1] MetadataSourceProcessor property membershipType with lazy=false
2024-07-17 18:30:08,174 DEBUG org.hibernate.cfg.AbstractPropertyHolder [task-1] Attempting to locate auto-apply AttributeConverter for property [com.booking.model.user.ClubUser:membershipType]
2024-07-17 18:30:08,175 DEBUG org.hibernate.cfg.annotations.SimpleValueBinder [task-1] building SimpleValue for membershipType
2024-07-17 18:30:08,175 DEBUG org.hibernate.cfg.annotations.PropertyBinder [task-1] Building property membershipType
2024-07-17 18:30:08,176 DEBUG org.hibernate.cfg.Ejb3Column [task-1] Binding column: Ejb3Column{table=org.hibernate.mapping.Table(club_user), mappingColumn=otp, insertable=true, updatable=true, unique=false}
2024-07-17 18:30:08,176 DEBUG org.hibernate.cfg.annotations.PropertyBinder [task-1] MetadataSourceProcessor property otp with lazy=false
2024-07-17 18:30:08,176 DEBUG org.hibernate.cfg.AbstractPropertyHolder [task-1] Attempting to locate auto-apply AttributeConverter for property [com.booking.model.user.ClubUser:otp]
2024-07-17 18:30:08,177 DEBUG org.hibernate.cfg.annotations.SimpleValueBinder [task-1] building SimpleValue for otp
2024-07-17 18:30:08,177 DEBUG org.hibernate.cfg.annotations.PropertyBinder [task-1] Building property otp
2024-07-17 18:30:08,182 DEBUG org.hibernate.cfg.Ejb3Column [task-1] Binding column: Ejb3Column{table=org.hibernate.mapping.Table(club_user), mappingColumn=null, insertable=true, updatable=true, unique=false}
2024-07-17 18:30:08,210 DEBUG org.hibernate.cfg.Ejb3Column [task-1] Binding column: Ejb3Column{table=org.hibernate.mapping.Table(club_user), mappingColumn=element, insertable=true, updatable=true, unique=false}
2024-07-17 18:30:08,212 DEBUG org.hibernate.cfg.Ejb3Column [task-1] Binding column: Ejb3Column{table=org.hibernate.mapping.Table(club_user), mappingColumn=roles_key, insertable=true, updatable=true, unique=false}
2024-07-17 18:30:08,216 DEBUG org.hibernate.cfg.Ejb3Column [task-1] Binding column: Ejb3JoinColumn{logicalColumnName='roles_KEY', referencedColumn='null', mappedBy='null'}
2024-07-17 18:30:08,217 DEBUG sun.rmi.runtime.Log$LoggerLog [RMI TCP Connection(2)-127.0.0.1] RMI TCP Connection(2)-127.0.0.1: (port 58089) op = 82
2024-07-17 18:30:08,218 DEBUG sun.rmi.runtime.Log$LoggerLog [RMI TCP Connection(2)-127.0.0.1] RMI TCP Connection(2)-127.0.0.1: (port 58089) op = 80
2024-07-17 18:30:08,219 DEBUG sun.rmi.runtime.Log$LoggerLog [RMI TCP Connection(2)-127.0.0.1] RMI TCP Connection(2)-127.0.0.1: name = "javax.management.ObjectName", codebase = ""
2024-07-17 18:30:08,220 DEBUG sun.util.logging.internal.LoggingProviderImpl$JULWrapper [RMI TCP Connection(2)-127.0.0.1] connectionId=rmi://127.0.0.1  1, name=org.springframework.boot:type=Admin,name=SpringApplication, attribute=Ready
2024-07-17 18:30:08,221 DEBUG sun.rmi.runtime.Log$LoggerLog [RMI TCP Connection(2)-127.0.0.1] RMI TCP Connection(2)-127.0.0.1: [127.0.0.1] exception: 
javax.management.InstanceNotFoundException: org.springframework.boot:type=Admin,name=SpringApplication
	at java.management/com.sun.jmx.interceptor.DefaultMBeanServerInterceptor.getMBean(DefaultMBeanServerInterceptor.java:1088)
	at java.management/com.sun.jmx.interceptor.DefaultMBeanServerInterceptor.getAttribute(DefaultMBeanServerInterceptor.java:640)
	at java.management/com.sun.jmx.mbeanserver.JmxMBeanServer.getAttribute(JmxMBeanServer.java:679)
	at java.management.rmi/javax.management.remote.rmi.RMIConnectionImpl.doOperation(RMIConnectionImpl.java:1449)
	at java.management.rmi/javax.management.remote.rmi.RMIConnectionImpl$PrivilegedOperation.run(RMIConnectionImpl.java:1310)
	at java.management.rmi/javax.management.remote.rmi.RMIConnectionImpl.doPrivilegedOperation(RMIConnectionImpl.java:1405)
	at java.management.rmi/javax.management.remote.rmi.RMIConnectionImpl.getAttribute(RMIConnectionImpl.java:639)
	at java.base/jdk.internal.reflect.GeneratedMethodAccessor24.invoke(Unknown Source)
	at java.base/jdk.internal.reflect.DelegatingMethodAccessorImpl.invoke(DelegatingMethodAccessorImpl.java:43)
	at java.base/java.lang.reflect.Method.invoke(Method.java:568)
	at java.rmi/sun.rmi.server.UnicastServerRef.dispatch(UnicastServerRef.java:360)
	at java.rmi/sun.rmi.transport.Transport$1.run(Transport.java:200)
	at java.rmi/sun.rmi.transport.Transport$1.run(Transport.java:197)
	at java.base/java.security.AccessController.doPrivileged(AccessController.java:712)
	at java.rmi/sun.rmi.transport.Transport.serviceCall(Transport.java:196)
	at java.rmi/sun.rmi.transport.tcp.TCPTransport.handleMessages(TCPTransport.java:587)
	at java.rmi/sun.rmi.transport.tcp.TCPTransport$ConnectionHandler.run0(TCPTransport.java:828)
	at java.rmi/sun.rmi.transport.tcp.TCPTransport$ConnectionHandler.lambda$run$0(TCPTransport.java:705)
	at java.base/java.security.AccessController.doPrivileged(AccessController.java:399)
	at java.rmi/sun.rmi.transport.tcp.TCPTransport$ConnectionHandler.run(TCPTransport.java:704)
	at java.base/java.util.concurrent.ThreadPoolExecutor.runWorker(ThreadPoolExecutor.java:1136)
	at java.base/java.util.concurrent.ThreadPoolExecutor$Worker.run(ThreadPoolExecutor.java:635)
	at java.base/java.lang.Thread.run(Thread.java:833)
2024-07-17 18:30:08,226 DEBUG org.springframework.web.servlet.handler.AbstractHandlerMethodMapping [main] 41 mappings in 'requestMappingHandlerMapping'
2024-07-17 18:30:08,227 DEBUG org.hibernate.cfg.Ejb3Column [task-1] Binding column: Ejb3JoinColumn{logicalColumnName='USER_ID', referencedColumn='', mappedBy=''}
2024-07-17 18:30:08,228 DEBUG org.hibernate.cfg.Ejb3Column [task-1] Binding column: Ejb3JoinColumn{logicalColumnName='ROLE_ID', referencedColumn='', mappedBy=''}
2024-07-17 18:30:08,230 DEBUG org.hibernate.cfg.annotations.CollectionBinder [task-1] Collection role: com.booking.model.user.ClubUser.roles
2024-07-17 18:30:08,239 DEBUG org.hibernate.cfg.annotations.PropertyBinder [task-1] Building property roles
2024-07-17 18:30:08,240 DEBUG org.hibernate.cfg.Ejb3Column [task-1] Binding column: Ejb3Column{table=org.hibernate.mapping.Table(club_user), mappingColumn=status, insertable=true, updatable=true, unique=false}
2024-07-17 18:30:08,240 DEBUG org.hibernate.cfg.annotations.PropertyBinder [task-1] MetadataSourceProcessor property status with lazy=false
2024-07-17 18:30:08,241 DEBUG org.hibernate.cfg.AbstractPropertyHolder [task-1] Attempting to locate auto-apply AttributeConverter for property [com.booking.model.user.ClubUser:status]
2024-07-17 18:30:08,241 DEBUG org.hibernate.cfg.annotations.SimpleValueBinder [task-1] building SimpleValue for status
2024-07-17 18:30:08,242 DEBUG org.hibernate.cfg.annotations.PropertyBinder [task-1] Building property status
2024-07-17 18:30:08,243 DEBUG org.hibernate.cfg.Ejb3Column [task-1] Binding column: Ejb3Column{table=org.hibernate.mapping.Table(club_user), mappingColumn=user_address, insertable=true, updatable=true, unique=false}
2024-07-17 18:30:08,243 DEBUG org.hibernate.cfg.annotations.PropertyBinder [task-1] MetadataSourceProcessor property userAddress with lazy=false
2024-07-17 18:30:08,244 DEBUG org.hibernate.cfg.AbstractPropertyHolder [task-1] Attempting to locate auto-apply AttributeConverter for property [com.booking.model.user.ClubUser:userAddress]
2024-07-17 18:30:08,244 DEBUG org.hibernate.cfg.annotations.SimpleValueBinder [task-1] building SimpleValue for userAddress
2024-07-17 18:30:08,245 DEBUG org.hibernate.cfg.annotations.PropertyBinder [task-1] Building property userAddress
2024-07-17 18:30:08,248 DEBUG org.hibernate.cfg.Ejb3Column [task-1] Binding column: Ejb3Column{table=org.hibernate.mapping.Table(club_user), mappingColumn=user_city, insertable=true, updatable=true, unique=false}
2024-07-17 18:30:08,250 DEBUG org.hibernate.cfg.annotations.PropertyBinder [task-1] MetadataSourceProcessor property userCity with lazy=false
2024-07-17 18:30:08,250 DEBUG org.hibernate.cfg.AbstractPropertyHolder [task-1] Attempting to locate auto-apply AttributeConverter for property [com.booking.model.user.ClubUser:userCity]
2024-07-17 18:30:08,251 DEBUG org.hibernate.cfg.annotations.SimpleValueBinder [task-1] building SimpleValue for userCity
2024-07-17 18:30:08,251 DEBUG org.hibernate.cfg.annotations.PropertyBinder [task-1] Building property userCity
2024-07-17 18:30:08,252 DEBUG org.hibernate.cfg.Ejb3Column [task-1] Binding column: Ejb3Column{table=org.hibernate.mapping.Table(club_user), mappingColumn=user_email, insertable=true, updatable=true, unique=false}
2024-07-17 18:30:08,252 DEBUG org.hibernate.cfg.annotations.PropertyBinder [task-1] MetadataSourceProcessor property userEmail with lazy=false
2024-07-17 18:30:08,253 DEBUG org.hibernate.cfg.AbstractPropertyHolder [task-1] Attempting to locate auto-apply AttributeConverter for property [com.booking.model.user.ClubUser:userEmail]
2024-07-17 18:30:08,253 DEBUG org.hibernate.cfg.annotations.SimpleValueBinder [task-1] building SimpleValue for userEmail
2024-07-17 18:30:08,253 DEBUG org.hibernate.cfg.annotations.PropertyBinder [task-1] Building property userEmail
2024-07-17 18:30:08,254 DEBUG org.hibernate.cfg.Ejb3Column [task-1] Binding column: Ejb3Column{table=org.hibernate.mapping.Table(club_user), mappingColumn=user_fname, insertable=true, updatable=true, unique=false}
2024-07-17 18:30:08,254 DEBUG org.springframework.beans.factory.support.DefaultSingletonBeanRegistry [main] Creating shared instance of singleton bean 'welcomePageHandlerMapping'
2024-07-17 18:30:08,254 DEBUG org.hibernate.cfg.annotations.PropertyBinder [task-1] MetadataSourceProcessor property userFname with lazy=false
2024-07-17 18:30:08,254 DEBUG org.hibernate.cfg.AbstractPropertyHolder [task-1] Attempting to locate auto-apply AttributeConverter for property [com.booking.model.user.ClubUser:userFname]
2024-07-17 18:30:08,255 DEBUG org.hibernate.cfg.annotations.SimpleValueBinder [task-1] building SimpleValue for userFname
2024-07-17 18:30:08,255 DEBUG org.hibernate.cfg.annotations.PropertyBinder [task-1] Building property userFname
2024-07-17 18:30:08,256 DEBUG org.hibernate.cfg.Ejb3Column [task-1] Binding column: Ejb3Column{table=org.hibernate.mapping.Table(club_user), mappingColumn=user_image_url, insertable=true, updatable=true, unique=false}
2024-07-17 18:30:08,257 DEBUG org.hibernate.cfg.annotations.PropertyBinder [task-1] MetadataSourceProcessor property userImageUrl with lazy=false
2024-07-17 18:30:08,257 DEBUG org.hibernate.cfg.AbstractPropertyHolder [task-1] Attempting to locate auto-apply AttributeConverter for property [com.booking.model.user.ClubUser:userImageUrl]
2024-07-17 18:30:08,258 DEBUG org.hibernate.cfg.annotations.SimpleValueBinder [task-1] building SimpleValue for userImageUrl
2024-07-17 18:30:08,258 DEBUG org.hibernate.cfg.annotations.PropertyBinder [task-1] Building property userImageUrl
2024-07-17 18:30:08,258 DEBUG org.springframework.beans.factory.support.ConstructorResolver [main] Autowiring by type from bean name 'welcomePageHandlerMapping' via factory method to bean named 'org.springframework.boot.web.servlet.context.AnnotationConfigServletWebServerApplicationContext@5778826f'
2024-07-17 18:30:08,259 DEBUG org.hibernate.cfg.Ejb3Column [task-1] Binding column: Ejb3Column{table=org.hibernate.mapping.Table(club_user), mappingColumn=user_lname, insertable=true, updatable=true, unique=false}
2024-07-17 18:30:08,259 DEBUG org.springframework.beans.factory.support.ConstructorResolver [main] Autowiring by type from bean name 'welcomePageHandlerMapping' via factory method to bean named 'mvcConversionService'
2024-07-17 18:30:08,259 DEBUG org.hibernate.cfg.annotations.PropertyBinder [task-1] MetadataSourceProcessor property userLname with lazy=false
2024-07-17 18:30:08,259 DEBUG org.springframework.beans.factory.support.ConstructorResolver [main] Autowiring by type from bean name 'welcomePageHandlerMapping' via factory method to bean named 'mvcResourceUrlProvider'
2024-07-17 18:30:08,260 DEBUG org.hibernate.cfg.AbstractPropertyHolder [task-1] Attempting to locate auto-apply AttributeConverter for property [com.booking.model.user.ClubUser:userLname]
2024-07-17 18:30:08,260 DEBUG org.hibernate.cfg.annotations.SimpleValueBinder [task-1] building SimpleValue for userLname
2024-07-17 18:30:08,260 DEBUG org.hibernate.cfg.annotations.PropertyBinder [task-1] Building property userLname
2024-07-17 18:30:08,262 DEBUG org.hibernate.cfg.Ejb3Column [task-1] Binding column: Ejb3Column{table=org.hibernate.mapping.Table(club_user), mappingColumn=user_mobile, insertable=true, updatable=true, unique=false}
2024-07-17 18:30:08,263 DEBUG org.hibernate.cfg.annotations.PropertyBinder [task-1] MetadataSourceProcessor property userMobile with lazy=false
2024-07-17 18:30:08,263 DEBUG org.hibernate.cfg.AbstractPropertyHolder [task-1] Attempting to locate auto-apply AttributeConverter for property [com.booking.model.user.ClubUser:userMobile]
2024-07-17 18:30:08,264 DEBUG org.hibernate.cfg.annotations.SimpleValueBinder [task-1] building SimpleValue for userMobile
2024-07-17 18:30:08,264 DEBUG org.hibernate.cfg.annotations.PropertyBinder [task-1] Building property userMobile
2024-07-17 18:30:08,265 DEBUG org.hibernate.cfg.Ejb3Column [task-1] Binding column: Ejb3Column{table=org.hibernate.mapping.Table(club_user), mappingColumn=user_password, insertable=true, updatable=true, unique=false}
2024-07-17 18:30:08,267 DEBUG org.hibernate.cfg.annotations.PropertyBinder [task-1] MetadataSourceProcessor property userPassword with lazy=false
2024-07-17 18:30:08,268 DEBUG org.hibernate.cfg.AbstractPropertyHolder [task-1] Attempting to locate auto-apply AttributeConverter for property [com.booking.model.user.ClubUser:userPassword]
2024-07-17 18:30:08,268 DEBUG org.hibernate.cfg.annotations.SimpleValueBinder [task-1] building SimpleValue for userPassword
2024-07-17 18:30:08,269 DEBUG org.hibernate.cfg.annotations.PropertyBinder [task-1] Building property userPassword
2024-07-17 18:30:08,270 DEBUG org.hibernate.cfg.Ejb3Column [task-1] Binding column: Ejb3Column{table=org.hibernate.mapping.Table(club_user), mappingColumn=user_state, insertable=true, updatable=true, unique=false}
2024-07-17 18:30:08,270 DEBUG org.hibernate.cfg.annotations.PropertyBinder [task-1] MetadataSourceProcessor property userState with lazy=false
2024-07-17 18:30:08,271 DEBUG org.hibernate.cfg.AbstractPropertyHolder [task-1] Attempting to locate auto-apply AttributeConverter for property [com.booking.model.user.ClubUser:userState]
2024-07-17 18:30:08,271 DEBUG org.hibernate.cfg.annotations.SimpleValueBinder [task-1] building SimpleValue for userState
2024-07-17 18:30:08,272 DEBUG org.hibernate.cfg.annotations.PropertyBinder [task-1] Building property userState
2024-07-17 18:30:08,272 DEBUG org.hibernate.cfg.Ejb3Column [task-1] Binding column: Ejb3Column{table=org.hibernate.mapping.Table(club_user), mappingColumn=validity, insertable=true, updatable=true, unique=false}
2024-07-17 18:30:08,273 DEBUG org.hibernate.cfg.annotations.PropertyBinder [task-1] MetadataSourceProcessor property validity with lazy=false
2024-07-17 18:30:08,273 DEBUG org.hibernate.cfg.AbstractPropertyHolder [task-1] Attempting to locate auto-apply AttributeConverter for property [com.booking.model.user.ClubUser:validity]
2024-07-17 18:30:08,274 DEBUG org.hibernate.cfg.annotations.SimpleValueBinder [task-1] building SimpleValue for validity
2024-07-17 18:30:08,274 DEBUG org.hibernate.cfg.annotations.PropertyBinder [task-1] Building property validity
2024-07-17 18:30:08,274 DEBUG org.hibernate.cfg.AnnotationBinder [task-1] Binding entity from annotated class: com.booking.model.user.Roles
2024-07-17 18:30:08,275 DEBUG org.hibernate.cfg.Ejb3Column [task-1] Binding column: Ejb3DiscriminatorColumn{logicalColumnName'DTYPE', discriminatorTypeName='string'}
2024-07-17 18:30:08,275 DEBUG org.hibernate.cfg.annotations.EntityBinder [task-1] Import with entity name Roles
2024-07-17 18:30:08,276 DEBUG org.hibernate.cfg.annotations.EntityBinder [task-1] Bind entity com.booking.model.user.Roles on table roles
2024-07-17 18:30:08,277 DEBUG org.hibernate.cfg.Ejb3Column [task-1] Binding column: Ejb3Column{table=org.hibernate.mapping.Table(roles), mappingColumn=role_id, insertable=true, updatable=true, unique=false}
2024-07-17 18:30:08,278 DEBUG org.hibernate.cfg.annotations.PropertyBinder [task-1] MetadataSourceProcessor property roleId with lazy=false
2024-07-17 18:30:08,278 DEBUG org.hibernate.cfg.AbstractPropertyHolder [task-1] Attempting to locate auto-apply AttributeConverter for property [com.booking.model.user.Roles:roleId]
2024-07-17 18:30:08,278 DEBUG org.hibernate.cfg.annotations.SimpleValueBinder [task-1] building SimpleValue for roleId
2024-07-17 18:30:08,279 DEBUG org.hibernate.cfg.annotations.PropertyBinder [task-1] Building property roleId
2024-07-17 18:30:08,279 DEBUG org.hibernate.cfg.BinderHelper [task-1] #makeIdGenerator(org.hibernate.mapping.SimpleValue([org.hibernate.mapping.Column(role_id)]), roleId, assigned, , ...)
2024-07-17 18:30:08,280 DEBUG org.hibernate.cfg.Ejb3Column [task-1] Binding column: Ejb3Column{table=org.hibernate.mapping.Table(roles), mappingColumn=name, insertable=true, updatable=true, unique=false}
2024-07-17 18:30:08,280 DEBUG org.hibernate.cfg.annotations.PropertyBinder [task-1] MetadataSourceProcessor property name with lazy=false
2024-07-17 18:30:08,281 DEBUG org.hibernate.cfg.AbstractPropertyHolder [task-1] Attempting to locate auto-apply AttributeConverter for property [com.booking.model.user.Roles:name]
2024-07-17 18:30:08,281 DEBUG org.hibernate.cfg.annotations.SimpleValueBinder [task-1] building SimpleValue for name
2024-07-17 18:30:08,283 DEBUG org.hibernate.cfg.annotations.PropertyBinder [task-1] Building property name
2024-07-17 18:30:08,283 DEBUG org.hibernate.cfg.Ejb3Column [task-1] Binding column: Ejb3Column{table=org.hibernate.mapping.Table(roles), mappingColumn=role, insertable=true, updatable=true, unique=false}
2024-07-17 18:30:08,284 DEBUG org.hibernate.cfg.annotations.PropertyBinder [task-1] MetadataSourceProcessor property role with lazy=false
2024-07-17 18:30:08,284 DEBUG org.hibernate.cfg.AbstractPropertyHolder [task-1] Attempting to locate auto-apply AttributeConverter for property [com.booking.model.user.Roles:role]
2024-07-17 18:30:08,284 DEBUG org.hibernate.cfg.annotations.SimpleValueBinder [task-1] building SimpleValue for role
2024-07-17 18:30:08,285 DEBUG org.hibernate.cfg.annotations.PropertyBinder [task-1] Building property role
2024-07-17 18:30:08,289 DEBUG org.hibernate.cfg.annotations.SimpleValueBinder [task-1] Starting fillSimpleValue for slotId
2024-07-17 18:30:08,290 DEBUG org.springframework.beans.factory.support.DefaultSingletonBeanRegistry [main] Creating shared instance of singleton bean 'viewControllerHandlerMapping'
2024-07-17 18:30:08,290 DEBUG org.hibernate.cfg.annotations.SimpleValueBinder [task-1] Starting fillSimpleValue for clubName
2024-07-17 18:30:08,291 DEBUG org.hibernate.cfg.annotations.SimpleValueBinder [task-1] Starting fillSimpleValue for createdBy
2024-07-17 18:30:08,292 DEBUG org.hibernate.cfg.annotations.SimpleValueBinder [task-1] Starting fillSimpleValue for createdDate
2024-07-17 18:30:08,292 DEBUG org.springframework.beans.factory.support.DefaultSingletonBeanRegistry [main] Creating shared instance of singleton bean 'mvcPathMatcher'
2024-07-17 18:30:08,292 DEBUG org.hibernate.cfg.annotations.SimpleValueBinder [task-1] Starting fillSimpleValue for playerCount
2024-07-17 18:30:08,293 DEBUG org.hibernate.cfg.annotations.SimpleValueBinder [task-1] Starting fillSimpleValue for primaryBookingId
2024-07-17 18:30:08,293 DEBUG org.hibernate.cfg.annotations.SimpleValueBinder [task-1] Starting fillSimpleValue for secondaryBooking
2024-07-17 18:30:08,293 DEBUG org.hibernate.cfg.annotations.SimpleValueBinder [task-1] Starting fillSimpleValue for slotAvailable
2024-07-17 18:30:08,294 DEBUG org.hibernate.cfg.annotations.SimpleValueBinder [task-1] Starting fillSimpleValue for slotDate
2024-07-17 18:30:08,294 DEBUG org.hibernate.cfg.annotations.SimpleValueBinder [task-1] Starting fillSimpleValue for slotEndTimeStamp
2024-07-17 18:30:08,294 DEBUG org.hibernate.cfg.annotations.SimpleValueBinder [task-1] Starting fillSimpleValue for slotStartTimeStamp
2024-07-17 18:30:08,295 DEBUG org.hibernate.cfg.annotations.SimpleValueBinder [task-1] Starting fillSimpleValue for slotStatus
2024-07-17 18:30:08,295 DEBUG org.hibernate.cfg.annotations.SimpleValueBinder [task-1] Starting fillSimpleValue for teeTime
2024-07-17 18:30:08,296 DEBUG org.hibernate.cfg.annotations.SimpleValueBinder [task-1] Starting fillSimpleValue for bookingId
2024-07-17 18:30:08,296 DEBUG org.hibernate.cfg.annotations.SimpleValueBinder [task-1] Starting fillSimpleValue for bookingStatus
2024-07-17 18:30:08,296 DEBUG org.hibernate.cfg.annotations.SimpleValueBinder [task-1] Starting fillSimpleValue for bookingType
2024-07-17 18:30:08,297 DEBUG org.hibernate.cfg.annotations.SimpleValueBinder [task-1] Starting fillSimpleValue for createdBy
2024-07-17 18:30:08,297 DEBUG org.hibernate.cfg.annotations.SimpleValueBinder [task-1] Starting fillSimpleValue for createdDate
2024-07-17 18:30:08,297 DEBUG org.springframework.beans.factory.support.DefaultSingletonBeanRegistry [main] Creating shared instance of singleton bean 'mvcUrlPathHelper'
2024-07-17 18:30:08,297 DEBUG org.hibernate.cfg.annotations.SimpleValueBinder [task-1] Starting fillSimpleValue for player
2024-07-17 18:30:08,297 DEBUG org.hibernate.cfg.annotations.SimpleValueBinder [task-1] Starting fillSimpleValue for playerCount
2024-07-17 18:30:08,298 DEBUG org.hibernate.cfg.annotations.SimpleValueBinder [task-1] Starting fillSimpleValue for primaryBookingId
2024-07-17 18:30:08,298 DEBUG org.hibernate.cfg.annotations.SimpleValueBinder [task-1] Starting fillSimpleValue for secondaryBooking
2024-07-17 18:30:08,298 DEBUG org.hibernate.cfg.annotations.SimpleValueBinder [task-1] Starting fillSimpleValue for slotDate
2024-07-17 18:30:08,298 DEBUG org.hibernate.cfg.annotations.SimpleValueBinder [task-1] Starting fillSimpleValue for slotId
2024-07-17 18:30:08,299 DEBUG org.hibernate.cfg.annotations.SimpleValueBinder [task-1] Starting fillSimpleValue for userId
2024-07-17 18:30:08,299 DEBUG org.hibernate.cfg.annotations.SimpleValueBinder [task-1] Starting fillSimpleValue for userBookingId
2024-07-17 18:30:08,299 DEBUG org.hibernate.cfg.annotations.SimpleValueBinder [task-1] Starting fillSimpleValue for approvalStatus
2024-07-17 18:30:08,299 DEBUG org.hibernate.cfg.annotations.SimpleValueBinder [task-1] Starting fillSimpleValue for bookingId
2024-07-17 18:30:08,300 DEBUG org.hibernate.cfg.annotations.SimpleValueBinder [task-1] Starting fillSimpleValue for bookingName
2024-07-17 18:30:08,300 DEBUG org.hibernate.cfg.annotations.SimpleValueBinder [task-1] Starting fillSimpleValue for bookingType
2024-07-17 18:30:08,300 DEBUG org.hibernate.cfg.annotations.SimpleValueBinder [task-1] Starting fillSimpleValue for dateModified
2024-07-17 18:30:08,300 DEBUG org.hibernate.cfg.annotations.SimpleValueBinder [task-1] Starting fillSimpleValue for modifiedBy
2024-07-17 18:30:08,301 DEBUG org.hibernate.cfg.annotations.SimpleValueBinder [task-1] Starting fillSimpleValue for playersName
2024-07-17 18:30:08,301 DEBUG org.hibernate.cfg.annotations.SimpleValueBinder [task-1] Starting fillSimpleValue for slotId
2024-07-17 18:30:08,301 DEBUG org.hibernate.cfg.annotations.SimpleValueBinder [task-1] Starting fillSimpleValue for userId
2024-07-17 18:30:08,302 DEBUG org.hibernate.cfg.annotations.SimpleValueBinder [task-1] Starting fillSimpleValue for userName
2024-07-17 18:30:08,302 DEBUG org.hibernate.cfg.annotations.SimpleValueBinder [task-1] Starting fillSimpleValue for configId
2024-07-17 18:30:08,302 DEBUG org.hibernate.cfg.annotations.SimpleValueBinder [task-1] Starting fillSimpleValue for category
2024-07-17 18:30:08,303 DEBUG org.hibernate.cfg.annotations.SimpleValueBinder [task-1] Starting fillSimpleValue for dateModified
2024-07-17 18:30:08,303 DEBUG org.hibernate.cfg.annotations.SimpleValueBinder [task-1] Starting fillSimpleValue for key
2024-07-17 18:30:08,303 DEBUG org.hibernate.cfg.annotations.SimpleValueBinder [task-1] Starting fillSimpleValue for modifiedBy
2024-07-17 18:30:08,303 DEBUG org.hibernate.cfg.annotations.SimpleValueBinder [task-1] Starting fillSimpleValue for value
2024-07-17 18:30:08,303 DEBUG org.hibernate.cfg.annotations.SimpleValueBinder [task-1] Starting fillSimpleValue for userId
2024-07-17 18:30:08,304 DEBUG org.hibernate.cfg.annotations.SimpleValueBinder [task-1] Starting fillSimpleValue for createdBy
2024-07-17 18:30:08,304 DEBUG org.hibernate.cfg.annotations.SimpleValueBinder [task-1] Starting fillSimpleValue for createdDate
2024-07-17 18:30:08,304 DEBUG org.hibernate.cfg.annotations.SimpleValueBinder [task-1] Starting fillSimpleValue for dateofBirth
2024-07-17 18:30:08,305 DEBUG org.hibernate.cfg.annotations.SimpleValueBinder [task-1] Starting fillSimpleValue for fullName
2024-07-17 18:30:08,305 DEBUG org.hibernate.cfg.annotations.SimpleValueBinder [task-1] Starting fillSimpleValue for membershipNumber
2024-07-17 18:30:08,305 DEBUG org.hibernate.cfg.annotations.SimpleValueBinder [task-1] Starting fillSimpleValue for membershipType
2024-07-17 18:30:08,305 DEBUG org.hibernate.cfg.annotations.SimpleValueBinder [task-1] Starting fillSimpleValue for otp
2024-07-17 18:30:08,305 DEBUG org.hibernate.cfg.annotations.SimpleValueBinder [task-1] Starting fillSimpleValue for status
2024-07-17 18:30:08,305 DEBUG org.springframework.beans.factory.support.ConstructorResolver [main] Autowiring by type from bean name 'viewControllerHandlerMapping' via factory method to bean named 'mvcPathMatcher'
2024-07-17 18:30:08,306 DEBUG org.hibernate.cfg.annotations.SimpleValueBinder [task-1] Starting fillSimpleValue for userAddress
2024-07-17 18:30:08,306 DEBUG org.hibernate.cfg.annotations.SimpleValueBinder [task-1] Starting fillSimpleValue for userCity
2024-07-17 18:30:08,306 DEBUG org.springframework.beans.factory.support.ConstructorResolver [main] Autowiring by type from bean name 'viewControllerHandlerMapping' via factory method to bean named 'mvcUrlPathHelper'
2024-07-17 18:30:08,306 DEBUG org.hibernate.cfg.annotations.SimpleValueBinder [task-1] Starting fillSimpleValue for userEmail
2024-07-17 18:30:08,306 DEBUG org.hibernate.cfg.annotations.SimpleValueBinder [task-1] Starting fillSimpleValue for userFname
2024-07-17 18:30:08,306 DEBUG org.springframework.beans.factory.support.ConstructorResolver [main] Autowiring by type from bean name 'viewControllerHandlerMapping' via factory method to bean named 'mvcConversionService'
2024-07-17 18:30:08,306 DEBUG org.hibernate.cfg.annotations.SimpleValueBinder [task-1] Starting fillSimpleValue for userImageUrl
2024-07-17 18:30:08,306 DEBUG org.hibernate.cfg.annotations.SimpleValueBinder [task-1] Starting fillSimpleValue for userLname
2024-07-17 18:30:08,307 DEBUG org.hibernate.cfg.annotations.SimpleValueBinder [task-1] Starting fillSimpleValue for userMobile
2024-07-17 18:30:08,307 DEBUG org.springframework.beans.factory.support.ConstructorResolver [main] Autowiring by type from bean name 'viewControllerHandlerMapping' via factory method to bean named 'mvcResourceUrlProvider'
2024-07-17 18:30:08,307 DEBUG org.hibernate.cfg.annotations.SimpleValueBinder [task-1] Starting fillSimpleValue for userPassword
2024-07-17 18:30:08,307 DEBUG org.hibernate.cfg.annotations.SimpleValueBinder [task-1] Starting fillSimpleValue for userState
2024-07-17 18:30:08,307 DEBUG org.hibernate.cfg.annotations.SimpleValueBinder [task-1] Starting fillSimpleValue for validity
2024-07-17 18:30:08,307 DEBUG org.hibernate.cfg.annotations.SimpleValueBinder [task-1] Starting fillSimpleValue for roleId
2024-07-17 18:30:08,308 DEBUG org.hibernate.cfg.annotations.SimpleValueBinder [task-1] Starting fillSimpleValue for name
2024-07-17 18:30:08,308 DEBUG org.hibernate.cfg.annotations.SimpleValueBinder [task-1] Starting fillSimpleValue for role
2024-07-17 18:30:08,309 DEBUG org.springframework.beans.factory.support.DefaultSingletonBeanRegistry [main] Creating shared instance of singleton bean 'beanNameHandlerMapping'
2024-07-17 18:30:08,311 DEBUG org.hibernate.mapping.PrimaryKey [task-1] Forcing column [slot_id] to be non-null as it is part of the primary key for table [club_slot]
2024-07-17 18:30:08,311 DEBUG org.hibernate.mapping.PrimaryKey [task-1] Forcing column [booking_id] to be non-null as it is part of the primary key for table [club_slot_booking]
2024-07-17 18:30:08,311 DEBUG org.hibernate.mapping.PrimaryKey [task-1] Forcing column [user_booking_id] to be non-null as it is part of the primary key for table [user_booking]
2024-07-17 18:30:08,311 DEBUG org.springframework.beans.factory.support.ConstructorResolver [main] Autowiring by type from bean name 'beanNameHandlerMapping' via factory method to bean named 'mvcConversionService'
2024-07-17 18:30:08,312 DEBUG org.hibernate.mapping.PrimaryKey [task-1] Forcing column [config_id] to be non-null as it is part of the primary key for table [club_config]
2024-07-17 18:30:08,312 DEBUG org.hibernate.mapping.PrimaryKey [task-1] Forcing column [user_id] to be non-null as it is part of the primary key for table [club_user]
2024-07-17 18:30:08,312 DEBUG org.springframework.beans.factory.support.ConstructorResolver [main] Autowiring by type from bean name 'beanNameHandlerMapping' via factory method to bean named 'mvcResourceUrlProvider'
2024-07-17 18:30:08,312 DEBUG org.hibernate.mapping.PrimaryKey [task-1] Forcing column [role_id] to be non-null as it is part of the primary key for table [roles]
2024-07-17 18:30:08,313 DEBUG org.hibernate.cfg.CollectionSecondPass [task-1] Second pass for collection: com.booking.model.user.ClubUser.roles
2024-07-17 18:30:08,313 DEBUG org.hibernate.cfg.annotations.CollectionBinder [task-1] Binding as ManyToMany: com.booking.model.user.ClubUser.roles
2024-07-17 18:30:08,327 DEBUG org.hibernate.mapping.PrimaryKey [task-1] Forcing column [user_id] to be non-null as it is part of the primary key for table [user_roles]
2024-07-17 18:30:08,328 DEBUG org.hibernate.mapping.PrimaryKey [task-1] Forcing column [role_id] to be non-null as it is part of the primary key for table [user_roles]
2024-07-17 18:30:08,328 DEBUG org.hibernate.cfg.CollectionSecondPass [task-1] Mapped collection key: user_id, element: role_id
2024-07-17 18:30:08,329 DEBUG org.hibernate.boot.internal.InFlightMetadataCollectorImpl [task-1] Resolving reference to class: com.booking.model.user.Roles
2024-07-17 18:30:08,332 DEBUG org.springframework.beans.factory.support.DefaultSingletonBeanRegistry [main] Creating shared instance of singleton bean 'routerFunctionMapping'
2024-07-17 18:30:08,334 DEBUG org.springframework.beans.factory.support.ConstructorResolver [main] Autowiring by type from bean name 'routerFunctionMapping' via factory method to bean named 'mvcConversionService'
2024-07-17 18:30:08,335 DEBUG org.hibernate.boot.internal.InFlightMetadataCollectorImpl [task-1] Resolving reference to class: com.booking.model.user.ClubUser
2024-07-17 18:30:08,335 DEBUG org.springframework.beans.factory.support.ConstructorResolver [main] Autowiring by type from bean name 'routerFunctionMapping' via factory method to bean named 'mvcResourceUrlProvider'
2024-07-17 18:30:08,338 DEBUG org.hibernate.boot.internal.InFlightMetadataCollectorImpl [task-1] Resolving reference to class: com.booking.model.user.Roles
2024-07-17 18:30:08,339 DEBUG org.hibernate.boot.internal.InFlightMetadataCollectorImpl [task-1] Resolving reference to class: com.booking.model.user.ClubUser
2024-07-17 18:30:08,342 DEBUG org.springframework.beans.factory.support.DefaultSingletonBeanRegistry [main] Creating shared instance of singleton bean 'messageConverters'
2024-07-17 18:30:08,345 DEBUG org.springframework.beans.factory.support.DefaultSingletonBeanRegistry [main] Creating shared instance of singleton bean 'org.springframework.boot.autoconfigure.http.HttpMessageConvertersAutoConfiguration'
2024-07-17 18:30:08,357 DEBUG org.springframework.beans.factory.support.DefaultSingletonBeanRegistry [main] Creating shared instance of singleton bean 'stringHttpMessageConverter'
2024-07-17 18:30:08,358 DEBUG org.springframework.beans.factory.support.DefaultSingletonBeanRegistry [main] Creating shared instance of singleton bean 'org.springframework.boot.autoconfigure.http.HttpMessageConvertersAutoConfiguration$StringHttpMessageConverterConfiguration'
2024-07-17 18:30:08,363 DEBUG org.springframework.beans.factory.support.ConstructorResolver [main] Autowiring by type from bean name 'stringHttpMessageConverter' via factory method to bean named 'environment'
2024-07-17 18:30:08,374 DEBUG org.springframework.beans.factory.support.DefaultSingletonBeanRegistry [main] Creating shared instance of singleton bean 'mappingJackson2HttpMessageConverter'
2024-07-17 18:30:08,374 DEBUG org.springframework.beans.factory.support.DefaultSingletonBeanRegistry [main] Creating shared instance of singleton bean 'org.springframework.boot.autoconfigure.http.JacksonHttpMessageConvertersConfiguration$MappingJackson2HttpMessageConverterConfiguration'
2024-07-17 18:30:08,377 DEBUG org.springframework.beans.factory.support.DefaultSingletonBeanRegistry [main] Creating shared instance of singleton bean 'jacksonObjectMapper'
2024-07-17 18:30:08,386 DEBUG org.springframework.beans.factory.support.DefaultSingletonBeanRegistry [main] Creating shared instance of singleton bean 'org.springframework.boot.autoconfigure.jackson.JacksonAutoConfiguration$JacksonObjectMapperConfiguration'
2024-07-17 18:30:08,389 DEBUG org.springframework.beans.factory.support.DefaultSingletonBeanRegistry [main] Creating shared instance of singleton bean 'org.springframework.boot.autoconfigure.jackson.JacksonAutoConfiguration$JacksonObjectMapperBuilderConfiguration'
2024-07-17 18:30:08,394 DEBUG org.springframework.beans.factory.support.DefaultSingletonBeanRegistry [main] Creating shared instance of singleton bean 'standardJacksonObjectMapperBuilderCustomizer'
2024-07-17 18:30:08,395 DEBUG org.springframework.beans.factory.support.DefaultSingletonBeanRegistry [main] Creating shared instance of singleton bean 'org.springframework.boot.autoconfigure.jackson.JacksonAutoConfiguration$Jackson2ObjectMapperBuilderCustomizerConfiguration'
2024-07-17 18:30:08,399 DEBUG org.springframework.beans.factory.support.DefaultSingletonBeanRegistry [main] Creating shared instance of singleton bean 'spring.jackson-org.springframework.boot.autoconfigure.jackson.JacksonProperties'
2024-07-17 18:30:08,410 DEBUG org.springframework.beans.factory.support.ConstructorResolver [main] Autowiring by type from bean name 'standardJacksonObjectMapperBuilderCustomizer' via factory method to bean named 'org.springframework.boot.web.servlet.context.AnnotationConfigServletWebServerApplicationContext@5778826f'
2024-07-17 18:30:08,411 DEBUG org.springframework.beans.factory.support.ConstructorResolver [main] Autowiring by type from bean name 'standardJacksonObjectMapperBuilderCustomizer' via factory method to bean named 'spring.jackson-org.springframework.boot.autoconfigure.jackson.JacksonProperties'
2024-07-17 18:30:08,413 DEBUG org.springframework.beans.factory.support.ConstructorResolver [main] Autowiring by type from bean name 'jacksonObjectMapperBuilder' via factory method to bean named 'org.springframework.boot.web.servlet.context.AnnotationConfigServletWebServerApplicationContext@5778826f'
2024-07-17 18:30:08,414 DEBUG org.springframework.beans.factory.support.ConstructorResolver [main] Autowiring by type from bean name 'jacksonObjectMapperBuilder' via factory method to bean named 'standardJacksonObjectMapperBuilderCustomizer'
2024-07-17 18:30:08,419 DEBUG org.springframework.beans.factory.support.DefaultSingletonBeanRegistry [main] Creating shared instance of singleton bean 'parameterNamesModule'
2024-07-17 18:30:08,420 DEBUG org.springframework.beans.factory.support.DefaultSingletonBeanRegistry [main] Creating shared instance of singleton bean 'org.springframework.boot.autoconfigure.jackson.JacksonAutoConfiguration$ParameterNamesModuleConfiguration'
2024-07-17 18:30:08,430 DEBUG org.hibernate.internal.SessionFactoryImpl [task-1] Building session factory
2024-07-17 18:30:08,432 DEBUG org.hibernate.cfg.Settings [task-1] SessionFactory name : null
2024-07-17 18:30:08,433 DEBUG org.hibernate.cfg.Settings [task-1] Automatic flush during beforeCompletion(): enabled
2024-07-17 18:30:08,433 DEBUG org.hibernate.cfg.Settings [task-1] Automatic session close at end of transaction: disabled
2024-07-17 18:30:08,434 DEBUG org.hibernate.cfg.Settings [task-1] Statistics: disabled
2024-07-17 18:30:08,434 DEBUG org.hibernate.cfg.Settings [task-1] Deleted entity synthetic identifier rollback: disabled
2024-07-17 18:30:08,434 DEBUG org.hibernate.cfg.Settings [task-1] Default entity-mode: pojo
2024-07-17 18:30:08,434 DEBUG org.springframework.beans.factory.support.DefaultSingletonBeanRegistry [main] Creating shared instance of singleton bean 'jsonComponentModule'
2024-07-17 18:30:08,434 DEBUG org.hibernate.cfg.Settings [task-1] Check Nullability in Core (should be disabled when Bean Validation is on): enabled
2024-07-17 18:30:08,435 DEBUG org.hibernate.cfg.Settings [task-1] Allow initialization of lazy state outside session : disabled
2024-07-17 18:30:08,435 DEBUG org.hibernate.cfg.Settings [task-1] Using BatchFetchStyle : LEGACY
2024-07-17 18:30:08,436 DEBUG org.springframework.beans.factory.support.DefaultSingletonBeanRegistry [main] Creating shared instance of singleton bean 'org.springframework.boot.autoconfigure.jackson.JacksonAutoConfiguration'
2024-07-17 18:30:08,436 DEBUG org.hibernate.cfg.Settings [task-1] Default batch fetch size: -1
2024-07-17 18:30:08,436 DEBUG org.hibernate.cfg.Settings [task-1] Maximum outer join fetch depth: null
2024-07-17 18:30:08,437 DEBUG org.hibernate.cfg.Settings [task-1] Default null ordering: NONE
2024-07-17 18:30:08,437 DEBUG org.hibernate.cfg.Settings [task-1] Order SQL updates by primary key: disabled
2024-07-17 18:30:08,437 DEBUG org.hibernate.cfg.Settings [task-1] Order SQL inserts for batching: disabled
2024-07-17 18:30:08,437 DEBUG org.hibernate.cfg.Settings [task-1] multi-tenancy strategy : NONE
2024-07-17 18:30:08,438 DEBUG org.hibernate.cfg.Settings [task-1] JTA Track by Thread: enabled
2024-07-17 18:30:08,438 DEBUG org.hibernate.cfg.Settings [task-1] Query language substitutions: {}
2024-07-17 18:30:08,438 DEBUG org.hibernate.cfg.Settings [task-1] Named query checking : enabled
2024-07-17 18:30:08,438 DEBUG org.hibernate.cfg.Settings [task-1] Second-level cache: disabled
2024-07-17 18:30:08,439 DEBUG org.hibernate.cfg.Settings [task-1] Second-level query cache: disabled
2024-07-17 18:30:08,439 DEBUG org.hibernate.cfg.Settings [task-1] Second-level query cache factory: null
2024-07-17 18:30:08,439 DEBUG org.hibernate.cfg.Settings [task-1] Second-level cache region prefix: null
2024-07-17 18:30:08,439 DEBUG org.hibernate.cfg.Settings [task-1] Optimize second-level cache for minimal puts: disabled
2024-07-17 18:30:08,439 DEBUG org.hibernate.cfg.Settings [task-1] Structured second-level cache entries: disabled
2024-07-17 18:30:08,440 DEBUG org.hibernate.cfg.Settings [task-1] Second-level cache direct-reference entries: disabled
2024-07-17 18:30:08,440 DEBUG org.hibernate.cfg.Settings [task-1] Automatic eviction of collection cache: disabled
2024-07-17 18:30:08,440 DEBUG org.hibernate.cfg.Settings [task-1] JDBC batch size: 0
2024-07-17 18:30:08,440 DEBUG org.hibernate.cfg.Settings [task-1] JDBC batch updates for versioned data: enabled
2024-07-17 18:30:08,440 DEBUG org.hibernate.cfg.Settings [task-1] Scrollable result sets: disabled
2024-07-17 18:30:08,441 DEBUG org.hibernate.cfg.Settings [task-1] Wrap result sets: disabled
2024-07-17 18:30:08,441 DEBUG org.hibernate.cfg.Settings [task-1] JDBC3 getGeneratedKeys(): disabled
2024-07-17 18:30:08,441 DEBUG org.hibernate.cfg.Settings [task-1] JDBC result set fetch size: null
2024-07-17 18:30:08,441 DEBUG org.hibernate.cfg.Settings [task-1] Connection release mode: ON_CLOSE
2024-07-17 18:30:08,441 DEBUG org.hibernate.cfg.Settings [task-1] Generate SQL with comments: disabled
2024-07-17 18:30:08,442 DEBUG org.hibernate.cfg.Settings [task-1] JPA compliance - query : disabled
2024-07-17 18:30:08,442 DEBUG org.hibernate.cfg.Settings [task-1] JPA compliance - closed-handling : disabled
2024-07-17 18:30:08,442 DEBUG org.hibernate.cfg.Settings [task-1] JPA compliance - lists : disabled
2024-07-17 18:30:08,442 DEBUG org.hibernate.cfg.Settings [task-1] JPA compliance - transactions : disabled
2024-07-17 18:30:08,459 DEBUG org.springframework.beans.factory.support.DefaultSingletonBeanRegistry [main] Creating shared instance of singleton bean 'jacksonGeoModule'
2024-07-17 18:30:08,460 DEBUG org.springframework.beans.factory.support.DefaultSingletonBeanRegistry [main] Creating shared instance of singleton bean 'org.springframework.data.web.config.SpringDataJacksonConfiguration'
2024-07-17 18:30:08,478 DEBUG org.springframework.beans.factory.support.ConstructorResolver [main] Autowiring by type from bean name 'jacksonObjectMapper' via factory method to bean named 'jacksonObjectMapperBuilder'
2024-07-17 18:30:08,582 DEBUG org.springframework.beans.factory.support.ConstructorResolver [main] Autowiring by type from bean name 'mappingJackson2HttpMessageConverter' via factory method to bean named 'jacksonObjectMapper'
2024-07-17 18:30:08,625 DEBUG org.springframework.beans.factory.support.DefaultSingletonBeanRegistry [main] Creating shared instance of singleton bean 'resourceHandlerMapping'
2024-07-17 18:30:08,628 DEBUG org.springframework.beans.factory.support.ConstructorResolver [main] Autowiring by type from bean name 'resourceHandlerMapping' via factory method to bean named 'mvcUrlPathHelper'
2024-07-17 18:30:08,629 DEBUG org.springframework.beans.factory.support.ConstructorResolver [main] Autowiring by type from bean name 'resourceHandlerMapping' via factory method to bean named 'mvcPathMatcher'
2024-07-17 18:30:08,629 DEBUG org.springframework.beans.factory.support.ConstructorResolver [main] Autowiring by type from bean name 'resourceHandlerMapping' via factory method to bean named 'mvcContentNegotiationManager'
2024-07-17 18:30:08,629 DEBUG org.springframework.beans.factory.support.ConstructorResolver [main] Autowiring by type from bean name 'resourceHandlerMapping' via factory method to bean named 'mvcConversionService'
2024-07-17 18:30:08,630 DEBUG org.springframework.beans.factory.support.ConstructorResolver [main] Autowiring by type from bean name 'resourceHandlerMapping' via factory method to bean named 'mvcResourceUrlProvider'
2024-07-17 18:30:08,633 DEBUG org.hibernate.internal.SessionFactoryImpl [task-1] Session factory constructed with filter configurations : {}
2024-07-17 18:30:08,633 DEBUG org.hibernate.internal.SessionFactoryImpl [task-1] Instantiating session factory with properties: {hibernate.id.new_generator_mappings=true, java.specification.version=17, sun.cpu.isalist=amd64, hibernate.resource.beans.container=org.springframework.orm.hibernate5.SpringBeanContainer@3bbbad9d, hibernate.connection.handling_mode=DELAYED_ACQUISITION_AND_HOLD, sun.jnu.encoding=Cp1252, hibernate.dialect=org.hibernate.dialect.PostgreSQLDialect, hibernate.implicit_naming_strategy=org.springframework.boot.orm.jpa.hibernate.SpringImplicitNamingStrategy, java.class.path=D:\Golf Bakend\Club-Backend\target\classes;C:\Users\Admin\.m2\repository\org\springframework\boot\spring-boot-starter-data-jpa\2.3.1.RELEASE\spring-boot-starter-data-jpa-2.3.1.RELEASE.jar;C:\Users\Admin\.m2\repository\org\springframework\boot\spring-boot-starter-aop\2.3.1.RELEASE\spring-boot-starter-aop-2.3.1.RELEASE.jar;C:\Users\Admin\.m2\repository\org\aspectj\aspectjweaver\1.9.5\aspectjweaver-1.9.5.jar;C:\Users\Admin\.m2\repository\org\springframework\boot\spring-boot-starter-jdbc\2.3.1.RELEASE\spring-boot-starter-jdbc-2.3.1.RELEASE.jar;C:\Users\Admin\.m2\repository\com\zaxxer\HikariCP\3.4.5\HikariCP-3.4.5.jar;C:\Users\Admin\.m2\repository\org\springframework\spring-jdbc\5.2.7.RELEASE\spring-jdbc-5.2.7.RELEASE.jar;C:\Users\Admin\.m2\repository\jakarta\transaction\jakarta.transaction-api\1.3.3\jakarta.transaction-api-1.3.3.jar;C:\Users\Admin\.m2\repository\jakarta\persistence\jakarta.persistence-api\2.2.3\jakarta.persistence-api-2.2.3.jar;C:\Users\Admin\.m2\repository\org\hibernate\hibernate-core\5.4.17.Final\hibernate-core-5.4.17.Final.jar;C:\Users\Admin\.m2\repository\org\jboss\logging\jboss-logging\3.4.1.Final\jboss-logging-3.4.1.Final.jar;C:\Users\Admin\.m2\repository\org\javassist\javassist\3.24.0-GA\javassist-3.24.0-GA.jar;C:\Users\Admin\.m2\repository\net\bytebuddy\byte-buddy\1.10.11\byte-buddy-1.10.11.jar;C:\Users\Admin\.m2\repository\antlr\antlr\2.7.7\antlr-2.7.7.jar;C:\Users\Admin\.m2\repository\org\jboss\jandex\2.1.3.Final\jandex-2.1.3.Final.jar;C:\Users\Admin\.m2\repository\com\fasterxml\classmate\1.5.1\classmate-1.5.1.jar;C:\Users\Admin\.m2\repository\org\dom4j\dom4j\2.1.3\dom4j-2.1.3.jar;C:\Users\Admin\.m2\repository\org\hibernate\common\hibernate-commons-annotations\5.1.0.Final\hibernate-commons-annotations-5.1.0.Final.jar;C:\Users\Admin\.m2\repository\org\glassfish\jaxb\jaxb-runtime\2.3.3\jaxb-runtime-2.3.3.jar;C:\Users\Admin\.m2\repository\org\glassfish\jaxb\txw2\2.3.3\txw2-2.3.3.jar;C:\Users\Admin\.m2\repository\com\sun\istack\istack-commons-runtime\3.0.11\istack-commons-runtime-3.0.11.jar;C:\Users\Admin\.m2\repository\org\springframework\data\spring-data-jpa\2.3.1.RELEASE\spring-data-jpa-2.3.1.RELEASE.jar;C:\Users\Admin\.m2\repository\org\springframework\data\spring-data-commons\2.3.1.RELEASE\spring-data-commons-2.3.1.RELEASE.jar;C:\Users\Admin\.m2\repository\org\springframework\spring-orm\5.2.7.RELEASE\spring-orm-5.2.7.RELEASE.jar;C:\Users\Admin\.m2\repository\org\springframework\spring-context\5.2.7.RELEASE\spring-context-5.2.7.RELEASE.jar;C:\Users\Admin\.m2\repository\org\springframework\spring-tx\5.2.7.RELEASE\spring-tx-5.2.7.RELEASE.jar;C:\Users\Admin\.m2\repository\org\springframework\spring-beans\5.2.7.RELEASE\spring-beans-5.2.7.RELEASE.jar;C:\Users\Admin\.m2\repository\org\springframework\spring-aspects\5.2.7.RELEASE\spring-aspects-5.2.7.RELEASE.jar;C:\Users\Admin\.m2\repository\org\springframework\boot\spring-boot-starter-security\2.3.1.RELEASE\spring-boot-starter-security-2.3.1.RELEASE.jar;C:\Users\Admin\.m2\repository\org\springframework\boot\spring-boot-starter\2.3.1.RELEASE\spring-boot-starter-2.3.1.RELEASE.jar;C:\Users\Admin\.m2\repository\org\springframework\boot\spring-boot\2.3.1.RELEASE\spring-boot-2.3.1.RELEASE.jar;C:\Users\Admin\.m2\repository\org\springframework\boot\spring-boot-autoconfigure\2.3.1.RELEASE\spring-boot-autoconfigure-2.3.1.RELEASE.jar;C:\Users\Admin\.m2\repository\org\springframework\boot\spring-boot-starter-logging\2.3.1.RELEASE\spring-boot-starter-logging-2.3.1.RELEASE.jar;C:\Users\Admin\.m2\repository\ch\qos\logback\logback-classic\1.2.3\logback-classic-1.2.3.jar;C:\Users\Admin\.m2\repository\ch\qos\logback\logback-core\1.2.3\logback-core-1.2.3.jar;C:\Users\Admin\.m2\repository\org\apache\logging\log4j\log4j-to-slf4j\2.13.3\log4j-to-slf4j-2.13.3.jar;C:\Users\Admin\.m2\repository\org\apache\logging\log4j\log4j-api\2.13.3\log4j-api-2.13.3.jar;C:\Users\Admin\.m2\repository\org\slf4j\jul-to-slf4j\1.7.30\jul-to-slf4j-1.7.30.jar;C:\Users\Admin\.m2\repository\jakarta\annotation\jakarta.annotation-api\1.3.5\jakarta.annotation-api-1.3.5.jar;C:\Users\Admin\.m2\repository\org\yaml\snakeyaml\1.26\snakeyaml-1.26.jar;C:\Users\Admin\.m2\repository\org\springframework\spring-aop\5.2.7.RELEASE\spring-aop-5.2.7.RELEASE.jar;C:\Users\Admin\.m2\repository\org\springframework\security\spring-security-config\5.3.3.RELEASE\spring-security-config-5.3.3.RELEASE.jar;C:\Users\Admin\.m2\repository\org\springframework\security\spring-security-web\5.3.3.RELEASE\spring-security-web-5.3.3.RELEASE.jar;C:\Users\Admin\.m2\repository\org\springframework\spring-expression\5.2.7.RELEASE\spring-expression-5.2.7.RELEASE.jar;C:\Users\Admin\.m2\repository\org\springframework\boot\spring-boot-starter-web\2.3.1.RELEASE\spring-boot-starter-web-2.3.1.RELEASE.jar;C:\Users\Admin\.m2\repository\org\springframework\boot\spring-boot-starter-json\2.3.1.RELEASE\spring-boot-starter-json-2.3.1.RELEASE.jar;C:\Users\Admin\.m2\repository\com\fasterxml\jackson\datatype\jackson-datatype-jdk8\2.11.0\jackson-datatype-jdk8-2.11.0.jar;C:\Users\Admin\.m2\repository\com\fasterxml\jackson\datatype\jackson-datatype-jsr310\2.11.0\jackson-datatype-jsr310-2.11.0.jar;C:\Users\Admin\.m2\repository\com\fasterxml\jackson\module\jackson-module-parameter-names\2.11.0\jackson-module-parameter-names-2.11.0.jar;C:\Users\Admin\.m2\repository\org\springframework\boot\spring-boot-starter-tomcat\2.3.1.RELEASE\spring-boot-starter-tomcat-2.3.1.RELEASE.jar;C:\Users\Admin\.m2\repository\org\apache\tomcat\embed\tomcat-embed-core\9.0.36\tomcat-embed-core-9.0.36.jar;C:\Users\Admin\.m2\repository\org\glassfish\jakarta.el\3.0.3\jakarta.el-3.0.3.jar;C:\Users\Admin\.m2\repository\org\apache\tomcat\embed\tomcat-embed-websocket\9.0.36\tomcat-embed-websocket-9.0.36.jar;C:\Users\Admin\.m2\repository\org\springframework\spring-web\5.2.7.RELEASE\spring-web-5.2.7.RELEASE.jar;C:\Users\Admin\.m2\repository\org\springframework\spring-webmvc\5.2.7.RELEASE\spring-webmvc-5.2.7.RELEASE.jar;C:\Users\Admin\.m2\repository\org\modelmapper\modelmapper\2.3.5\modelmapper-2.3.5.jar;C:\Users\Admin\.m2\repository\com\squareup\okhttp3\okhttp\4.9.1\okhttp-4.9.1.jar;C:\Users\Admin\.m2\repository\com\squareup\okio\okio\2.8.0\okio-2.8.0.jar;C:\Users\Admin\.m2\repository\org\jetbrains\kotlin\kotlin-stdlib-common\1.3.72\kotlin-stdlib-common-1.3.72.jar;C:\Users\Admin\.m2\repository\org\jetbrains\kotlin\kotlin-stdlib\1.3.72\kotlin-stdlib-1.3.72.jar;C:\Users\Admin\.m2\repository\org\jetbrains\annotations\13.0\annotations-13.0.jar;C:\Users\Admin\.m2\repository\com\fasterxml\jackson\core\jackson-databind\2.11.0\jackson-databind-2.11.0.jar;C:\Users\Admin\.m2\repository\com\fasterxml\jackson\core\jackson-annotations\2.11.0\jackson-annotations-2.11.0.jar;C:\Users\Admin\.m2\repository\com\fasterxml\jackson\core\jackson-core\2.11.0\jackson-core-2.11.0.jar;C:\Users\Admin\.m2\repository\com\google\code\gson\gson\2.8.6\gson-2.8.6.jar;C:\Users\Admin\.m2\repository\org\json\json\20201115\json-20201115.jar;C:\Users\Admin\.m2\repository\com\itextpdf\html2pdf\4.0.1\html2pdf-4.0.1.jar;C:\Users\Admin\.m2\repository\com\itextpdf\forms\7.2.1\forms-7.2.1.jar;C:\Users\Admin\.m2\repository\com\itextpdf\kernel\7.2.1\kernel-7.2.1.jar;C:\Users\Admin\.m2\repository\com\itextpdf\io\7.2.1\io-7.2.1.jar;C:\Users\Admin\.m2\repository\com\itextpdf\commons\7.2.1\commons-7.2.1.jar;C:\Users\Admin\.m2\repository\org\bouncycastle\bcpkix-jdk15on\1.69\bcpkix-jdk15on-1.69.jar;C:\Users\Admin\.m2\repository\org\bouncycastle\bcutil-jdk15on\1.69\bcutil-jdk15on-1.69.jar;C:\Users\Admin\.m2\repository\org\bouncycastle\bcprov-jdk15on\1.69\bcprov-jdk15on-1.69.jar;C:\Users\Admin\.m2\repository\com\itextpdf\layout\7.2.1\layout-7.2.1.jar;C:\Users\Admin\.m2\repository\com\itextpdf\svg\7.2.1\svg-7.2.1.jar;C:\Users\Admin\.m2\repository\com\itextpdf\styled-xml-parser\7.2.1\styled-xml-parser-7.2.1.jar;C:\Users\Admin\.m2\repository\org\slf4j\slf4j-api\1.7.30\slf4j-api-1.7.30.jar;C:\Users\Admin\.m2\repository\org\postgresql\postgresql\42.2.14\postgresql-42.2.14.jar;C:\Users\Admin\.m2\repository\jakarta\xml\bind\jakarta.xml.bind-api\2.3.3\jakarta.xml.bind-api-2.3.3.jar;C:\Users\Admin\.m2\repository\jakarta\activation\jakarta.activation-api\1.2.2\jakarta.activation-api-1.2.2.jar;C:\Users\Admin\.m2\repository\org\springframework\spring-core\5.2.7.RELEASE\spring-core-5.2.7.RELEASE.jar;C:\Users\Admin\.m2\repository\org\springframework\spring-jcl\5.2.7.RELEASE\spring-jcl-5.2.7.RELEASE.jar;C:\Users\Admin\.m2\repository\io\jsonwebtoken\jjwt\0.9.1\jjwt-0.9.1.jar;C:\Users\Admin\.m2\repository\org\springframework\security\spring-security-core\5.3.3.RELEASE\spring-security-core-5.3.3.RELEASE.jar;C:\Users\Admin\.m2\repository\org\apache\commons\commons-collections4\4.0\commons-collections4-4.0.jar;C:\Users\Admin\.m2\repository\org\apache\commons\commons-lang3\3.12.0\commons-lang3-3.12.0.jar;C:\Users\Admin\.m2\repository\org\apache\httpcomponents\httpclient\4.3.3\httpclient-4.3.3.jar;C:\Users\Admin\.m2\repository\org\apache\httpcomponents\httpcore\4.4.13\httpcore-4.4.13.jar;C:\Users\Admin\.m2\repository\commons-codec\commons-codec\1.14\commons-codec-1.14.jar;C:\Users\Admin\.m2\repository\org\springframework\boot\spring-boot-starter-mail\2.3.1.RELEASE\spring-boot-starter-mail-2.3.1.RELEASE.jar;C:\Users\Admin\.m2\repository\org\springframework\spring-context-support\5.2.7.RELEASE\spring-context-support-5.2.7.RELEASE.jar;C:\Users\Admin\.m2\repository\com\sun\mail\jakarta.mail\1.6.5\jakarta.mail-1.6.5.jar;C:\Users\Admin\.m2\repository\com\sun\activation\jakarta.activation\1.2.2\jakarta.activation-1.2.2.jar;C:\Users\Admin\.m2\repository\net\logstash\logback\logstash-logback-encoder\5.3\logstash-logback-encoder-5.3.jar;C:\Users\Admin\.m2\repository\commons-io\commons-io\2.6\commons-io-2.6.jar;C:\Users\Admin\.m2\repository\javax\mail\mail\1.4.4\mail-1.4.4.jar;C:\Users\Admin\.m2\repository\javax\activation\activation\1.1\activation-1.1.jar, com.sun.management.jmxremote.authenticate=false, java.vm.vendor=Eclipse Adoptium, sun.arch.data.model=64, user.variant=, java.vendor.url=https://adoptium.net/, catalina.useNaming=false, user.timezone=Asia/Calcutta, java.vm.specification.version=17, os.name=Windows 10, javax.persistence.validation.mode=AUTO, hibernate.jdbc.batch_size=500, sun.java.launcher=SUN_STANDARD, user.country=IN, sun.boot.library.path=C:\STS\sts-4.17.2.RELEASE\plugins\org.eclipse.justj.openjdk.hotspot.jre.full.win32.x86_64_17.0.6.v20230125-1136\jre\bin, com.sun.management.jmxremote.ssl=false, sun.java.command=com.booking.BookingApplication --spring.output.ansi.enabled=always, spring.application.admin.enabled=true, javax.persistence.nonJtaDataSource=HikariDataSource (HikariPool-1), hibernate.transaction.jta.platform=org.hibernate.engine.transaction.jta.platform.internal.NoJtaPlatform@764b341b, com.sun.management.jmxremote=, javax.persistence.sharedCache.mode=UNSPECIFIED, jdk.debug=release, sun.cpu.endian=little, spring.boot.project.name=Club-Backend, user.home=C:\Users\Admin, user.language=en, java.specification.vendor=Oracle Corporation, java.version.date=2023-01-17, java.home=C:\STS\sts-4.17.2.RELEASE\plugins\org.eclipse.justj.openjdk.hotspot.jre.full.win32.x86_64_17.0.6.v20230125-1136\jre, file.separator=\, java.vm.compressedOopsMode=Zero based, line.separator=
, java.vm.specification.vendor=Oracle Corporation, java.specification.name=Java Platform API Specification, hibernate.transaction.coordinator_class=class org.hibernate.resource.transaction.backend.jdbc.internal.JdbcResourceLocalTransactionCoordinatorBuilderImpl, java.awt.headless=true, user.script=, sun.management.compiler=HotSpot 64-Bit Tiered Compilers, java.runtime.version=17.0.6+10, user.name=Admin, spring.jmx.enabled=true, path.separator=;, management.endpoints.jmx.exposure.include=*, os.version=10.0, java.runtime.name=OpenJDK Runtime Environment, file.encoding=UTF-8, hibernate.ejb.persistenceUnitName=default, spring.beaninfo.ignore=true, java.vm.name=OpenJDK 64-Bit Server VM, hibernate.show_sql=true, java.vendor.version=Temurin-17.0.6+10, java.vendor.url.bug=https://github.com/adoptium/adoptium-support/issues, java.io.tmpdir=C:\Users\Admin\AppData\Local\Temp\, com.zaxxer.hikari.pool_number=1, catalina.home=C:\Users\Admin\AppData\Local\Temp\tomcat.15086564015624214695.8084, com.sun.management.jmxremote.port=58079, java.version=17.0.6, hibernate.physical_naming_strategy=org.springframework.boot.orm.jpa.hibernate.SpringPhysicalNamingStrategy, user.dir=D:\Golf Bakend\Club-Backend, os.arch=amd64, java.vm.specification.name=Java Virtual Machine Specification, PID=12752, sun.os.patch.level=, catalina.base=C:\Users\Admin\AppData\Local\Temp\tomcat.15086564015624214695.8084, hibernate.boot.CfgXmlAccessService.key=org.hibernate.boot.registry.StandardServiceRegistryBuilder$1@39ded86b, native.encoding=Cp1252, java.library.path=C:\STS\sts-4.17.2.RELEASE\plugins\org.eclipse.justj.openjdk.hotspot.jre.full.win32.x86_64_17.0.6.v20230125-1136\jre\bin;C:\Windows\Sun\Java\bin;C:\Windows\system32;C:\Windows;C:\STS\sts-4.17.2.RELEASE\plugins\org.eclipse.justj.openjdk.hotspot.jre.full.win32.x86_64_17.0.6.v20230125-1136\jre\bin;C:/STS/sts-4.17.2.RELEASE//plugins/org.eclipse.justj.openjdk.hotspot.jre.full.win32.x86_64_17.0.6.v20230125-1136/jre/bin/server;C:/STS/sts-4.17.2.RELEASE//plugins/org.eclipse.justj.openjdk.hotspot.jre.full.win32.x86_64_17.0.6.v20230125-1136/jre/bin;C:\Program Files\Common Files\Oracle\Java\javapath;C:\Windows\system32;C:\Windows;C:\Windows\System32\Wbem;C:\Windows\System32\WindowsPowerShell\v1.0\;C:\Windows\System32\OpenSSH\;C:\Program Files\Git\cmd;C:\Program Files\MySQL\MySQL Server 8.0\bin;C:\Program Files\nodejs\;C:\Program Files\MongoDB\Server\6.0\bin;D:\mongodb shell\mongosh-1.8.2-win32-x64\bin;D:\STS\EcommerceProduct\src\test\java\com\TESTCONTAINERS_;C:\STS\sts-4.17.2.RELEASE\Docker_host;C:\Program Files\Docker\Docker;C:\Program Files\Docker\Docker\resources\bin;D:\SQlite3\sqlite-tools-win-x64-3450200;C:\Program Files\PowerShell\7\;C:\Program Files\MySQL\MySQL Shell 8.0\bin\;C:\Users\Admin\AppData\Local\Microsoft\WindowsApps;C:\Users\Admin\AppData\Local\Programs\Microsoft VS Code\bin;C:\Users\Admin\AppData\Roaming\npm;C:\Users\Admin\AppData\Local\GitHubDesktop\bin;C:\Program Files\PostgreSQL\15\bin;;C:\STS\sts-4.17.2.RELEASE;;., java.vendor=Eclipse Adoptium, java.vm.info=mixed mode, emulated-client, hibernate.temp.use_jdbc_metadata_defaults=false, java.vm.version=17.0.6+10, hibernate.bytecode.use_reflection_optimizer=false, java.rmi.server.randomIDs=true, java.rmi.server.hostname=localhost, sun.io.unicode.encoding=UnicodeLittle, hibernate.archive.scanner=org.hibernate.boot.archive.scan.internal.DisabledScanner, hibernate.connection.datasource=HikariDataSource (HikariPool-1), java.class.version=61.0}
2024-07-17 18:30:08,653 DEBUG org.springframework.web.servlet.handler.SimpleUrlHandlerMapping [main] Patterns [/webjars/**, /**] in 'resourceHandlerMapping'
2024-07-17 18:30:08,662 DEBUG org.apache.juli.logging.DirectJDKLog [task-1]     findClass(javax.validation.Validation)
2024-07-17 18:30:08,663 DEBUG org.apache.juli.logging.DirectJDKLog [task-1]     --> Returning ClassNotFoundException
2024-07-17 18:30:08,664 DEBUG org.springframework.beans.factory.support.DefaultSingletonBeanRegistry [main] Creating shared instance of singleton bean 'defaultServletHandlerMapping'
2024-07-17 18:30:08,665 DEBUG org.hibernate.secure.spi.JaccIntegrator [task-1] Skipping JACC integration as it was not enabled
2024-07-17 18:30:08,667 DEBUG org.hibernate.internal.SessionFactoryImpl [task-1] Instantiated session factory
2024-07-17 18:30:08,667 DEBUG org.hibernate.type.spi.TypeConfiguration [task-1] Scoping TypeConfiguration [org.hibernate.type.spi.TypeConfiguration@6405ac55] to SessionFactoryImpl [org.hibernate.internal.SessionFactoryImpl@3ca3740f]
2024-07-17 18:30:08,672 DEBUG org.springframework.security.web.access.expression.ExpressionBasedFilterInvocationSecurityMetadataSource [main] Adding web access control expression 'permitAll', for Ant [pattern='/**']
2024-07-17 18:30:08,674 DEBUG org.springframework.security.web.access.expression.ExpressionBasedFilterInvocationSecurityMetadataSource [main] Adding web access control expression 'authenticated', for any request
2024-07-17 18:30:08,677 DEBUG org.springframework.security.access.intercept.AbstractSecurityInterceptor [main] Validated configuration attributes
2024-07-17 18:30:08,678 DEBUG org.springframework.security.access.intercept.AbstractSecurityInterceptor [main] Validated configuration attributes
2024-07-17 18:30:08,683 INFO org.springframework.security.web.DefaultSecurityFilterChain [main] Creating filter chain: any request, [org.springframework.security.web.context.request.async.WebAsyncManagerIntegrationFilter@21a6a494, org.springframework.security.web.context.SecurityContextPersistenceFilter@dc1fadd, org.springframework.security.web.header.HeaderWriterFilter@3bd08435, org.springframework.web.filter.CorsFilter@794c5f5e, org.springframework.security.web.authentication.logout.LogoutFilter@221b77d7, org.springframework.security.web.savedrequest.RequestCacheAwareFilter@baa9ce4, org.springframework.security.web.servletapi.SecurityContextHolderAwareRequestFilter@65859b44, org.springframework.security.web.authentication.AnonymousAuthenticationFilter@4ab66127, org.springframework.security.web.session.SessionManagementFilter@23e2c1ca, org.springframework.security.web.access.ExceptionTranslationFilter@5d601832, org.springframework.security.web.access.intercept.FilterSecurityInterceptor@1552da16]
2024-07-17 18:30:08,696 DEBUG org.springframework.beans.factory.support.DefaultSingletonBeanRegistry [main] Creating shared instance of singleton bean 'webSecurityExpressionHandler'
2024-07-17 18:30:08,697 DEBUG org.springframework.beans.factory.support.DefaultSingletonBeanRegistry [main] Creating shared instance of singleton bean 'privilegeEvaluator'
2024-07-17 18:30:08,700 DEBUG org.springframework.beans.factory.support.DefaultSingletonBeanRegistry [main] Creating shared instance of singleton bean 'requestDataValueProcessor'
2024-07-17 18:30:08,704 DEBUG org.springframework.beans.factory.support.DefaultSingletonBeanRegistry [main] Creating shared instance of singleton bean 'preInvocationAuthorizationAdvice'
2024-07-17 18:30:08,705 DEBUG org.springframework.beans.factory.support.DefaultSingletonBeanRegistry [main] Creating shared instance of singleton bean 'org.springframework.boot.autoconfigure.context.PropertyPlaceholderAutoConfiguration'
2024-07-17 18:30:08,707 DEBUG org.springframework.beans.factory.support.DefaultSingletonBeanRegistry [main] Creating shared instance of singleton bean 'org.springframework.boot.autoconfigure.websocket.servlet.WebSocketServletAutoConfiguration'
2024-07-17 18:30:08,708 DEBUG org.springframework.beans.factory.support.DefaultSingletonBeanRegistry [main] Creating shared instance of singleton bean 'org.springframework.boot.context.properties.ConfigurationBeanFactoryMetadata'
2024-07-17 18:30:08,709 DEBUG org.springframework.beans.factory.support.DefaultSingletonBeanRegistry [main] Creating shared instance of singleton bean 'org.springframework.boot.autoconfigure.web.servlet.DispatcherServletAutoConfiguration'
2024-07-17 18:30:08,710 DEBUG org.springframework.beans.factory.support.DefaultSingletonBeanRegistry [main] Creating shared instance of singleton bean 'org.springframework.boot.autoconfigure.web.servlet.error.ErrorMvcAutoConfiguration$WhitelabelErrorViewConfiguration'
2024-07-17 18:30:08,713 DEBUG org.springframework.beans.factory.support.DefaultSingletonBeanRegistry [main] Creating shared instance of singleton bean 'error'
2024-07-17 18:30:08,715 DEBUG org.springframework.beans.factory.support.DefaultSingletonBeanRegistry [main] Creating shared instance of singleton bean 'beanNameViewResolver'
2024-07-17 18:30:08,719 DEBUG org.springframework.beans.factory.support.DefaultSingletonBeanRegistry [main] Creating shared instance of singleton bean 'org.springframework.boot.autoconfigure.web.servlet.error.ErrorMvcAutoConfiguration$DefaultErrorViewResolverConfiguration'
2024-07-17 18:30:08,721 DEBUG org.springframework.beans.factory.support.ConstructorResolver [main] Autowiring by type from bean name 'org.springframework.boot.autoconfigure.web.servlet.error.ErrorMvcAutoConfiguration$DefaultErrorViewResolverConfiguration' via constructor to bean named 'org.springframework.boot.web.servlet.context.AnnotationConfigServletWebServerApplicationContext@5778826f'
2024-07-17 18:30:08,721 DEBUG org.springframework.beans.factory.support.ConstructorResolver [main] Autowiring by type from bean name 'org.springframework.boot.autoconfigure.web.servlet.error.ErrorMvcAutoConfiguration$DefaultErrorViewResolverConfiguration' via constructor to bean named 'spring.resources-org.springframework.boot.autoconfigure.web.ResourceProperties'
2024-07-17 18:30:08,722 DEBUG org.springframework.beans.factory.support.DefaultSingletonBeanRegistry [main] Creating shared instance of singleton bean 'conventionErrorViewResolver'
2024-07-17 18:30:08,724 DEBUG sun.rmi.runtime.Log$LoggerLog [RMI TCP Connection(2)-127.0.0.1] RMI TCP Connection(2)-127.0.0.1: (port 58089) op = 82
2024-07-17 18:30:08,725 DEBUG sun.rmi.runtime.Log$LoggerLog [RMI TCP Connection(2)-127.0.0.1] RMI TCP Connection(2)-127.0.0.1: (port 58089) op = 80
2024-07-17 18:30:08,726 DEBUG sun.rmi.runtime.Log$LoggerLog [RMI TCP Connection(2)-127.0.0.1] RMI TCP Connection(2)-127.0.0.1: name = "javax.management.ObjectName", codebase = ""
2024-07-17 18:30:08,726 DEBUG org.springframework.beans.factory.support.DefaultSingletonBeanRegistry [main] Creating shared instance of singleton bean 'errorAttributes'
2024-07-17 18:30:08,726 DEBUG sun.util.logging.internal.LoggingProviderImpl$JULWrapper [RMI TCP Connection(2)-127.0.0.1] connectionId=rmi://127.0.0.1  1, name=org.springframework.boot:type=Admin,name=SpringApplication, attribute=Ready
2024-07-17 18:30:08,727 DEBUG sun.rmi.runtime.Log$LoggerLog [RMI TCP Connection(2)-127.0.0.1] RMI TCP Connection(2)-127.0.0.1: [127.0.0.1] exception: 
javax.management.InstanceNotFoundException: org.springframework.boot:type=Admin,name=SpringApplication
	at java.management/com.sun.jmx.interceptor.DefaultMBeanServerInterceptor.getMBean(DefaultMBeanServerInterceptor.java:1088)
	at java.management/com.sun.jmx.interceptor.DefaultMBeanServerInterceptor.getAttribute(DefaultMBeanServerInterceptor.java:640)
	at java.management/com.sun.jmx.mbeanserver.JmxMBeanServer.getAttribute(JmxMBeanServer.java:679)
	at java.management.rmi/javax.management.remote.rmi.RMIConnectionImpl.doOperation(RMIConnectionImpl.java:1449)
	at java.management.rmi/javax.management.remote.rmi.RMIConnectionImpl$PrivilegedOperation.run(RMIConnectionImpl.java:1310)
	at java.management.rmi/javax.management.remote.rmi.RMIConnectionImpl.doPrivilegedOperation(RMIConnectionImpl.java:1405)
	at java.management.rmi/javax.management.remote.rmi.RMIConnectionImpl.getAttribute(RMIConnectionImpl.java:639)
	at java.base/jdk.internal.reflect.GeneratedMethodAccessor24.invoke(Unknown Source)
	at java.base/jdk.internal.reflect.DelegatingMethodAccessorImpl.invoke(DelegatingMethodAccessorImpl.java:43)
	at java.base/java.lang.reflect.Method.invoke(Method.java:568)
	at java.rmi/sun.rmi.server.UnicastServerRef.dispatch(UnicastServerRef.java:360)
	at java.rmi/sun.rmi.transport.Transport$1.run(Transport.java:200)
	at java.rmi/sun.rmi.transport.Transport$1.run(Transport.java:197)
	at java.base/java.security.AccessController.doPrivileged(AccessController.java:712)
	at java.rmi/sun.rmi.transport.Transport.serviceCall(Transport.java:196)
	at java.rmi/sun.rmi.transport.tcp.TCPTransport.handleMessages(TCPTransport.java:587)
	at java.rmi/sun.rmi.transport.tcp.TCPTransport$ConnectionHandler.run0(TCPTransport.java:828)
	at java.rmi/sun.rmi.transport.tcp.TCPTransport$ConnectionHandler.lambda$run$0(TCPTransport.java:705)
	at java.base/java.security.AccessController.doPrivileged(AccessController.java:399)
	at java.rmi/sun.rmi.transport.tcp.TCPTransport$ConnectionHandler.run(TCPTransport.java:704)
	at java.base/java.util.concurrent.ThreadPoolExecutor.runWorker(ThreadPoolExecutor.java:1136)
	at java.base/java.util.concurrent.ThreadPoolExecutor$Worker.run(ThreadPoolExecutor.java:635)
	at java.base/java.lang.Thread.run(Thread.java:833)
2024-07-17 18:30:08,730 DEBUG org.springframework.beans.factory.support.DefaultSingletonBeanRegistry [main] Creating shared instance of singleton bean 'basicErrorController'
2024-07-17 18:30:08,732 DEBUG org.springframework.beans.factory.support.ConstructorResolver [main] Autowiring by type from bean name 'basicErrorController' via factory method to bean named 'errorAttributes'
2024-07-17 18:30:08,735 DEBUG org.springframework.beans.factory.support.DefaultSingletonBeanRegistry [main] Creating shared instance of singleton bean 'requestMappingHandlerAdapter'
2024-07-17 18:30:08,738 DEBUG org.springframework.beans.factory.support.DefaultSingletonBeanRegistry [main] Creating shared instance of singleton bean 'mvcValidator'
2024-07-17 18:30:08,742 DEBUG org.springframework.beans.factory.support.ConstructorResolver [main] Autowiring by type from bean name 'requestMappingHandlerAdapter' via factory method to bean named 'mvcContentNegotiationManager'
2024-07-17 18:30:08,742 DEBUG org.springframework.beans.factory.support.ConstructorResolver [main] Autowiring by type from bean name 'requestMappingHandlerAdapter' via factory method to bean named 'mvcConversionService'
2024-07-17 18:30:08,743 DEBUG org.springframework.beans.factory.support.ConstructorResolver [main] Autowiring by type from bean name 'requestMappingHandlerAdapter' via factory method to bean named 'mvcValidator'
2024-07-17 18:30:08,745 DEBUG org.springframework.beans.factory.support.ConstructorResolver [main] Autowiring by type from bean name 'requestMappingHandlerAdapter' via factory method to bean named 'mvcContentNegotiationManager'
2024-07-17 18:30:08,745 DEBUG org.springframework.beans.factory.support.ConstructorResolver [main] Autowiring by type from bean name 'requestMappingHandlerAdapter' via factory method to bean named 'mvcConversionService'
2024-07-17 18:30:08,746 DEBUG org.springframework.beans.factory.support.ConstructorResolver [main] Autowiring by type from bean name 'requestMappingHandlerAdapter' via factory method to bean named 'mvcValidator'
2024-07-17 18:30:08,751 DEBUG org.hibernate.boot.internal.ClassLoaderAccessImpl [task-1] Not known whether passed class name [com.booking.model.user.ClubUser] is safe
2024-07-17 18:30:08,751 DEBUG org.hibernate.boot.internal.ClassLoaderAccessImpl [task-1] No temp ClassLoader provided; using live ClassLoader for loading potentially unsafe class : com.booking.model.user.ClubUser
2024-07-17 18:30:08,763 DEBUG org.springframework.beans.factory.support.DefaultSingletonBeanRegistry [main] Creating shared instance of singleton bean 'sortResolver'
2024-07-17 18:30:08,788 DEBUG org.hibernate.boot.internal.ClassLoaderAccessImpl [task-1] Not known whether passed class name [com.booking.model.user.ClubUser] is safe
2024-07-17 18:30:08,788 DEBUG org.hibernate.boot.internal.ClassLoaderAccessImpl [task-1] No temp ClassLoader provided; using live ClassLoader for loading potentially unsafe class : com.booking.model.user.ClubUser
2024-07-17 18:30:08,789 DEBUG org.springframework.beans.factory.support.DefaultSingletonBeanRegistry [main] Creating shared instance of singleton bean 'pageableResolver'
2024-07-17 18:30:08,823 DEBUG org.springframework.web.servlet.mvc.method.annotation.RequestMappingHandlerAdapter [main] ControllerAdvice beans: 0 @ModelAttribute, 0 @InitBinder, 1 RequestBodyAdvice, 1 ResponseBodyAdvice
2024-07-17 18:30:08,894 DEBUG org.springframework.beans.factory.support.DefaultSingletonBeanRegistry [main] Creating shared instance of singleton bean 'handlerFunctionAdapter'
2024-07-17 18:30:08,898 DEBUG org.springframework.beans.factory.support.DefaultSingletonBeanRegistry [main] Creating shared instance of singleton bean 'mvcUriComponentsContributor'
2024-07-17 18:30:08,899 DEBUG org.springframework.beans.factory.support.ConstructorResolver [main] Autowiring by type from bean name 'mvcUriComponentsContributor' via factory method to bean named 'mvcConversionService'
2024-07-17 18:30:08,900 DEBUG org.springframework.beans.factory.support.ConstructorResolver [main] Autowiring by type from bean name 'mvcUriComponentsContributor' via factory method to bean named 'requestMappingHandlerAdapter'
2024-07-17 18:30:08,904 DEBUG org.springframework.beans.factory.support.DefaultSingletonBeanRegistry [main] Creating shared instance of singleton bean 'httpRequestHandlerAdapter'
2024-07-17 18:30:08,905 DEBUG org.springframework.beans.factory.support.DefaultSingletonBeanRegistry [main] Creating shared instance of singleton bean 'simpleControllerHandlerAdapter'
2024-07-17 18:30:08,907 DEBUG org.springframework.beans.factory.support.DefaultSingletonBeanRegistry [main] Creating shared instance of singleton bean 'handlerExceptionResolver'
2024-07-17 18:30:08,908 DEBUG org.springframework.beans.factory.support.ConstructorResolver [main] Autowiring by type from bean name 'handlerExceptionResolver' via factory method to bean named 'mvcContentNegotiationManager'
2024-07-17 18:30:08,920 DEBUG org.springframework.web.servlet.mvc.method.annotation.ExceptionHandlerExceptionResolver [main] ControllerAdvice beans: 0 @ExceptionHandler, 1 ResponseBodyAdvice
2024-07-17 18:30:08,927 DEBUG org.springframework.beans.factory.support.DefaultSingletonBeanRegistry [main] Creating shared instance of singleton bean 'mvcViewResolver'
2024-07-17 18:30:08,928 DEBUG org.springframework.beans.factory.support.ConstructorResolver [main] Autowiring by type from bean name 'mvcViewResolver' via factory method to bean named 'mvcContentNegotiationManager'
2024-07-17 18:30:08,936 DEBUG org.springframework.beans.factory.support.DefaultSingletonBeanRegistry [main] Creating shared instance of singleton bean 'defaultViewResolver'
2024-07-17 18:30:08,946 DEBUG org.springframework.beans.factory.support.DefaultSingletonBeanRegistry [main] Creating shared instance of singleton bean 'viewResolver'
2024-07-17 18:30:08,948 DEBUG org.springframework.beans.factory.support.ConstructorResolver [main] Autowiring by type from bean name 'viewResolver' via factory method to bean named 'org.springframework.beans.factory.support.DefaultListableBeanFactory@345e5a17'
2024-07-17 18:30:08,953 DEBUG org.springframework.beans.factory.support.DefaultSingletonBeanRegistry [main] Creating shared instance of singleton bean 'org.springframework.boot.autoconfigure.jmx.JmxAutoConfiguration'
2024-07-17 18:30:08,954 DEBUG org.springframework.beans.factory.support.ConstructorResolver [main] Autowiring by type from bean name 'org.springframework.boot.autoconfigure.jmx.JmxAutoConfiguration' via constructor to bean named 'environment'
2024-07-17 18:30:08,956 DEBUG org.springframework.beans.factory.support.DefaultSingletonBeanRegistry [main] Creating shared instance of singleton bean 'mbeanExporter'
2024-07-17 18:30:08,957 DEBUG org.springframework.beans.factory.support.DefaultSingletonBeanRegistry [main] Creating shared instance of singleton bean 'objectNamingStrategy'
2024-07-17 18:30:08,962 DEBUG org.springframework.beans.factory.support.ConstructorResolver [main] Autowiring by type from bean name 'mbeanExporter' via factory method to bean named 'objectNamingStrategy'
2024-07-17 18:30:08,963 DEBUG org.springframework.beans.factory.support.ConstructorResolver [main] Autowiring by type from bean name 'mbeanExporter' via factory method to bean named 'org.springframework.beans.factory.support.DefaultListableBeanFactory@345e5a17'
2024-07-17 18:30:08,970 DEBUG org.springframework.beans.factory.support.DefaultSingletonBeanRegistry [main] Creating shared instance of singleton bean 'mbeanServer'
2024-07-17 18:30:08,978 DEBUG org.springframework.jmx.support.JmxUtils [main] Found MBeanServer: com.sun.jmx.mbeanserver.JmxMBeanServer@589b3632
2024-07-17 18:30:09,013 DEBUG org.springframework.beans.factory.support.DefaultSingletonBeanRegistry [main] Creating shared instance of singleton bean 'org.springframework.boot.autoconfigure.admin.SpringApplicationAdminJmxAutoConfiguration'
2024-07-17 18:30:09,015 DEBUG org.springframework.beans.factory.support.DefaultSingletonBeanRegistry [main] Creating shared instance of singleton bean 'springApplicationAdminRegistrar'
2024-07-17 18:30:09,016 DEBUG org.springframework.beans.factory.support.ConstructorResolver [main] Autowiring by type from bean name 'springApplicationAdminRegistrar' via factory method to bean named 'environment'
2024-07-17 18:30:09,022 DEBUG org.springframework.boot.admin.SpringApplicationAdminMXBeanRegistrar [main] Application Admin MBean registered with name 'org.springframework.boot:type=Admin,name=SpringApplication'
2024-07-17 18:30:09,028 DEBUG org.springframework.beans.factory.support.DefaultSingletonBeanRegistry [main] Creating shared instance of singleton bean 'org.springframework.boot.autoconfigure.aop.AopAutoConfiguration$AspectJAutoProxyingConfiguration$CglibAutoProxyConfiguration'
2024-07-17 18:30:09,029 DEBUG org.springframework.beans.factory.support.DefaultSingletonBeanRegistry [main] Creating shared instance of singleton bean 'org.springframework.boot.autoconfigure.aop.AopAutoConfiguration$AspectJAutoProxyingConfiguration'
2024-07-17 18:30:09,030 DEBUG org.springframework.beans.factory.support.DefaultSingletonBeanRegistry [main] Creating shared instance of singleton bean 'org.springframework.boot.autoconfigure.aop.AopAutoConfiguration'
2024-07-17 18:30:09,031 DEBUG org.springframework.beans.factory.support.DefaultSingletonBeanRegistry [main] Creating shared instance of singleton bean 'org.springframework.boot.autoconfigure.availability.ApplicationAvailabilityAutoConfiguration'
2024-07-17 18:30:09,032 DEBUG org.springframework.beans.factory.support.DefaultSingletonBeanRegistry [main] Creating shared instance of singleton bean 'applicationAvailability'
2024-07-17 18:30:09,036 DEBUG org.springframework.beans.factory.support.DefaultSingletonBeanRegistry [main] Creating shared instance of singleton bean 'org.springframework.boot.autoconfigure.transaction.jta.JtaAutoConfiguration'
2024-07-17 18:30:09,037 DEBUG org.springframework.beans.factory.support.DefaultSingletonBeanRegistry [main] Creating shared instance of singleton bean 'org.springframework.boot.autoconfigure.jdbc.DataSourceJmxConfiguration$Hikari'
2024-07-17 18:30:09,039 DEBUG org.springframework.beans.factory.support.ConstructorResolver [main] Autowiring by type from bean name 'org.springframework.boot.autoconfigure.jdbc.DataSourceJmxConfiguration$Hikari' via constructor to bean named 'dataSource'
2024-07-17 18:30:09,041 DEBUG org.springframework.beans.factory.support.DefaultSingletonBeanRegistry [main] Creating shared instance of singleton bean 'org.springframework.boot.autoconfigure.jdbc.DataSourceJmxConfiguration'
2024-07-17 18:30:09,042 DEBUG org.springframework.beans.factory.support.DefaultSingletonBeanRegistry [main] Creating shared instance of singleton bean 'org.springframework.boot.autoconfigure.jdbc.DataSourceAutoConfiguration$PooledDataSourceConfiguration'
2024-07-17 18:30:09,043 DEBUG org.springframework.beans.factory.support.DefaultSingletonBeanRegistry [main] Creating shared instance of singleton bean 'org.springframework.boot.autoconfigure.jdbc.metadata.DataSourcePoolMetadataProvidersConfiguration'
2024-07-17 18:30:09,044 DEBUG org.springframework.beans.factory.support.DefaultSingletonBeanRegistry [main] Creating shared instance of singleton bean 'org.springframework.boot.autoconfigure.jdbc.DataSourceInitializationConfiguration'
2024-07-17 18:30:09,045 DEBUG org.springframework.beans.factory.support.DefaultSingletonBeanRegistry [main] Creating shared instance of singleton bean 'org.springframework.boot.autoconfigure.jdbc.DataSourceAutoConfiguration'
2024-07-17 18:30:09,046 DEBUG org.springframework.beans.factory.support.DefaultSingletonBeanRegistry [main] Creating shared instance of singleton bean 'transactionManager'
2024-07-17 18:30:09,057 DEBUG org.springframework.beans.factory.support.DefaultSingletonBeanRegistry [main] Creating shared instance of singleton bean 'platformTransactionManagerCustomizers'
2024-07-17 18:30:09,058 DEBUG org.springframework.beans.factory.support.DefaultSingletonBeanRegistry [main] Creating shared instance of singleton bean 'org.springframework.boot.autoconfigure.transaction.TransactionAutoConfiguration'
2024-07-17 18:30:09,061 DEBUG org.springframework.beans.factory.support.DefaultSingletonBeanRegistry [main] Creating shared instance of singleton bean 'spring.transaction-org.springframework.boot.autoconfigure.transaction.TransactionProperties'
2024-07-17 18:30:09,082 DEBUG org.springframework.beans.factory.support.DefaultSingletonBeanRegistry [main] Creating shared instance of singleton bean 'org.springframework.boot.autoconfigure.orm.jpa.HibernateJpaAutoConfiguration'
2024-07-17 18:30:09,084 DEBUG org.springframework.beans.factory.support.DefaultSingletonBeanRegistry [main] Creating shared instance of singleton bean 'org.springframework.boot.autoconfigure.context.ConfigurationPropertiesAutoConfiguration'
2024-07-17 18:30:09,085 DEBUG org.springframework.beans.factory.support.DefaultSingletonBeanRegistry [main] Creating shared instance of singleton bean 'org.springframework.boot.autoconfigure.context.LifecycleAutoConfiguration'
2024-07-17 18:30:09,086 DEBUG org.springframework.beans.factory.support.DefaultSingletonBeanRegistry [main] Creating shared instance of singleton bean 'lifecycleProcessor'
2024-07-17 18:30:09,088 DEBUG org.springframework.beans.factory.support.DefaultSingletonBeanRegistry [main] Creating shared instance of singleton bean 'spring.lifecycle-org.springframework.boot.autoconfigure.context.LifecycleProperties'
2024-07-17 18:30:09,092 DEBUG org.springframework.beans.factory.support.ConstructorResolver [main] Autowiring by type from bean name 'lifecycleProcessor' via factory method to bean named 'spring.lifecycle-org.springframework.boot.autoconfigure.context.LifecycleProperties'
2024-07-17 18:30:09,096 DEBUG org.springframework.beans.factory.support.DefaultSingletonBeanRegistry [main] Creating shared instance of singleton bean 'org.springframework.boot.autoconfigure.dao.PersistenceExceptionTranslationAutoConfiguration'
2024-07-17 18:30:09,097 DEBUG org.springframework.beans.factory.support.DefaultSingletonBeanRegistry [main] Creating shared instance of singleton bean 'org.springframework.data.jpa.util.JpaMetamodelCacheCleanup'
2024-07-17 18:30:09,099 DEBUG org.springframework.beans.factory.support.DefaultSingletonBeanRegistry [main] Creating shared instance of singleton bean 'org.springframework.data.jpa.repository.support.JpaEvaluationContextExtension'
2024-07-17 18:30:09,103 DEBUG org.springframework.beans.factory.support.DefaultSingletonBeanRegistry [main] Creating shared instance of singleton bean 'org.springframework.boot.autoconfigure.gson.GsonAutoConfiguration'
2024-07-17 18:30:09,105 DEBUG org.springframework.beans.factory.support.DefaultSingletonBeanRegistry [main] Creating shared instance of singleton bean 'gsonBuilder'
2024-07-17 18:30:09,107 DEBUG org.springframework.beans.factory.support.DefaultSingletonBeanRegistry [main] Creating shared instance of singleton bean 'standardGsonBuilderCustomizer'
2024-07-17 18:30:09,108 DEBUG org.springframework.beans.factory.support.DefaultSingletonBeanRegistry [main] Creating shared instance of singleton bean 'spring.gson-org.springframework.boot.autoconfigure.gson.GsonProperties'
2024-07-17 18:30:09,117 DEBUG org.springframework.beans.factory.support.ConstructorResolver [main] Autowiring by type from bean name 'standardGsonBuilderCustomizer' via factory method to bean named 'spring.gson-org.springframework.boot.autoconfigure.gson.GsonProperties'
2024-07-17 18:30:09,119 DEBUG org.springframework.beans.factory.support.ConstructorResolver [main] Autowiring by type from bean name 'gsonBuilder' via factory method to bean named 'standardGsonBuilderCustomizer'
2024-07-17 18:30:09,137 DEBUG org.springframework.beans.factory.support.DefaultSingletonBeanRegistry [main] Creating shared instance of singleton bean 'gson'
2024-07-17 18:30:09,138 DEBUG org.springframework.beans.factory.support.ConstructorResolver [main] Autowiring by type from bean name 'gson' via factory method to bean named 'gsonBuilder'
2024-07-17 18:30:09,196 DEBUG org.springframework.beans.factory.support.DefaultSingletonBeanRegistry [main] Creating shared instance of singleton bean 'org.springframework.boot.autoconfigure.http.JacksonHttpMessageConvertersConfiguration'
2024-07-17 18:30:09,197 DEBUG org.springframework.beans.factory.support.DefaultSingletonBeanRegistry [main] Creating shared instance of singleton bean 'org.springframework.boot.autoconfigure.http.GsonHttpMessageConvertersConfiguration'
2024-07-17 18:30:09,197 DEBUG org.springframework.beans.factory.support.DefaultSingletonBeanRegistry [main] Creating shared instance of singleton bean 'org.springframework.data.web.config.ProjectingArgumentResolverRegistrar'
2024-07-17 18:30:09,200 DEBUG org.springframework.beans.factory.support.DefaultSingletonBeanRegistry [main] Creating shared instance of singleton bean 'org.springframework.boot.autoconfigure.info.ProjectInfoAutoConfiguration'
2024-07-17 18:30:09,204 DEBUG org.springframework.beans.factory.support.DefaultSingletonBeanRegistry [main] Creating shared instance of singleton bean 'spring.info-org.springframework.boot.autoconfigure.info.ProjectInfoProperties'
2024-07-17 18:30:09,207 DEBUG org.springframework.beans.factory.support.ConstructorResolver [main] Autowiring by type from bean name 'org.springframework.boot.autoconfigure.info.ProjectInfoAutoConfiguration' via constructor to bean named 'spring.info-org.springframework.boot.autoconfigure.info.ProjectInfoProperties'
2024-07-17 18:30:09,209 DEBUG org.springframework.beans.factory.support.DefaultSingletonBeanRegistry [main] Creating shared instance of singleton bean 'org.springframework.boot.autoconfigure.jdbc.JdbcTemplateConfiguration'
2024-07-17 18:30:09,210 DEBUG org.springframework.beans.factory.support.DefaultSingletonBeanRegistry [main] Creating shared instance of singleton bean 'jdbcTemplate'
2024-07-17 18:30:09,211 DEBUG org.springframework.beans.factory.support.DefaultSingletonBeanRegistry [main] Creating shared instance of singleton bean 'spring.jdbc-org.springframework.boot.autoconfigure.jdbc.JdbcProperties'
2024-07-17 18:30:09,216 DEBUG org.springframework.beans.factory.support.ConstructorResolver [main] Autowiring by type from bean name 'jdbcTemplate' via factory method to bean named 'dataSource'
2024-07-17 18:30:09,217 DEBUG org.springframework.beans.factory.support.ConstructorResolver [main] Autowiring by type from bean name 'jdbcTemplate' via factory method to bean named 'spring.jdbc-org.springframework.boot.autoconfigure.jdbc.JdbcProperties'
2024-07-17 18:30:09,237 DEBUG sun.rmi.runtime.Log$LoggerLog [RMI TCP Connection(2)-127.0.0.1] RMI TCP Connection(2)-127.0.0.1: (port 58089) op = 82
2024-07-17 18:30:09,238 DEBUG sun.rmi.runtime.Log$LoggerLog [RMI TCP Connection(2)-127.0.0.1] RMI TCP Connection(2)-127.0.0.1: (port 58089) op = 80
2024-07-17 18:30:09,239 DEBUG sun.rmi.runtime.Log$LoggerLog [RMI TCP Connection(2)-127.0.0.1] RMI TCP Connection(2)-127.0.0.1: name = "javax.management.ObjectName", codebase = ""
2024-07-17 18:30:09,240 DEBUG sun.util.logging.internal.LoggingProviderImpl$JULWrapper [RMI TCP Connection(2)-127.0.0.1] connectionId=rmi://127.0.0.1  1, name=org.springframework.boot:type=Admin,name=SpringApplication, attribute=Ready
2024-07-17 18:30:09,255 DEBUG org.springframework.beans.factory.support.DefaultSingletonBeanRegistry [main] Creating shared instance of singleton bean 'org.springframework.boot.autoconfigure.jdbc.NamedParameterJdbcTemplateConfiguration'
2024-07-17 18:30:09,257 DEBUG org.springframework.beans.factory.support.DefaultSingletonBeanRegistry [main] Creating shared instance of singleton bean 'namedParameterJdbcTemplate'
2024-07-17 18:30:09,259 DEBUG org.springframework.beans.factory.support.ConstructorResolver [main] Autowiring by type from bean name 'namedParameterJdbcTemplate' via factory method to bean named 'jdbcTemplate'
2024-07-17 18:30:09,271 DEBUG org.springframework.beans.factory.support.DefaultSingletonBeanRegistry [main] Creating shared instance of singleton bean 'org.springframework.boot.autoconfigure.jdbc.JdbcTemplateAutoConfiguration'
2024-07-17 18:30:09,272 DEBUG org.springframework.beans.factory.support.DefaultSingletonBeanRegistry [main] Creating shared instance of singleton bean 'org.springframework.boot.autoconfigure.mail.MailSenderAutoConfiguration'
2024-07-17 18:30:09,277 DEBUG org.springframework.beans.factory.support.DefaultSingletonBeanRegistry [main] Creating shared instance of singleton bean 'org.springframework.boot.autoconfigure.security.oauth2.resource.servlet.OAuth2ResourceServerAutoConfiguration'
2024-07-17 18:30:09,279 DEBUG org.springframework.beans.factory.support.DefaultSingletonBeanRegistry [main] Creating shared instance of singleton bean 'spring.security.oauth2.resourceserver-org.springframework.boot.autoconfigure.security.oauth2.resource.OAuth2ResourceServerProperties'
2024-07-17 18:30:09,284 DEBUG org.springframework.beans.factory.support.DefaultSingletonBeanRegistry [main] Creating shared instance of singleton bean 'org.springframework.boot.autoconfigure.task.TaskSchedulingAutoConfiguration'
2024-07-17 18:30:09,286 DEBUG org.springframework.beans.factory.support.DefaultSingletonBeanRegistry [main] Creating shared instance of singleton bean 'taskSchedulerBuilder'
2024-07-17 18:30:09,288 DEBUG org.springframework.beans.factory.support.DefaultSingletonBeanRegistry [main] Creating shared instance of singleton bean 'spring.task.scheduling-org.springframework.boot.autoconfigure.task.TaskSchedulingProperties'
2024-07-17 18:30:09,293 DEBUG org.springframework.beans.factory.support.ConstructorResolver [main] Autowiring by type from bean name 'taskSchedulerBuilder' via factory method to bean named 'spring.task.scheduling-org.springframework.boot.autoconfigure.task.TaskSchedulingProperties'
2024-07-17 18:30:09,298 DEBUG org.springframework.beans.factory.support.DefaultSingletonBeanRegistry [main] Creating shared instance of singleton bean 'org.springframework.boot.autoconfigure.jdbc.DataSourceTransactionManagerAutoConfiguration$DataSourceTransactionManagerConfiguration'
2024-07-17 18:30:09,302 DEBUG org.springframework.beans.factory.support.DefaultSingletonBeanRegistry [main] Creating shared instance of singleton bean 'org.springframework.boot.autoconfigure.jdbc.DataSourceTransactionManagerAutoConfiguration'
2024-07-17 18:30:09,303 DEBUG org.springframework.beans.factory.support.DefaultSingletonBeanRegistry [main] Creating shared instance of singleton bean 'org.springframework.boot.autoconfigure.transaction.TransactionAutoConfiguration$EnableTransactionManagementConfiguration$CglibAutoProxyConfiguration'
2024-07-17 18:30:09,304 DEBUG org.springframework.beans.factory.support.DefaultSingletonBeanRegistry [main] Creating shared instance of singleton bean 'org.springframework.boot.autoconfigure.transaction.TransactionAutoConfiguration$EnableTransactionManagementConfiguration'
2024-07-17 18:30:09,306 DEBUG org.springframework.beans.factory.support.DefaultSingletonBeanRegistry [main] Creating shared instance of singleton bean 'org.springframework.boot.autoconfigure.transaction.TransactionAutoConfiguration$TransactionTemplateConfiguration'
2024-07-17 18:30:09,309 DEBUG org.springframework.beans.factory.support.DefaultSingletonBeanRegistry [main] Creating shared instance of singleton bean 'transactionTemplate'
2024-07-17 18:30:09,310 DEBUG org.springframework.beans.factory.support.ConstructorResolver [main] Autowiring by type from bean name 'transactionTemplate' via factory method to bean named 'transactionManager'
2024-07-17 18:30:09,318 DEBUG org.springframework.beans.factory.support.DefaultSingletonBeanRegistry [main] Creating shared instance of singleton bean 'org.springframework.boot.autoconfigure.web.client.RestTemplateAutoConfiguration'
2024-07-17 18:30:09,321 DEBUG org.springframework.beans.factory.support.DefaultSingletonBeanRegistry [main] Creating shared instance of singleton bean 'org.springframework.boot.autoconfigure.web.embedded.EmbeddedWebServerFactoryCustomizerAutoConfiguration'
2024-07-17 18:30:09,322 DEBUG org.springframework.beans.factory.support.DefaultSingletonBeanRegistry [main] Creating shared instance of singleton bean 'multipartResolver'
2024-07-17 18:30:09,363 DEBUG org.springframework.security.config.annotation.authentication.configuration.AuthenticationConfiguration$EnableGlobalAuthenticationAutowiredConfigurer [main] Eagerly initializing {webSecurityConfig=com.booking.config.WebSecurityConfig$$EnhancerBySpringCGLIB$$2023839b@3820cfe}
2024-07-17 18:30:09,370 DEBUG org.springframework.jmx.export.MBeanExporter [main] Registering beans for JMX exposure on startup
2024-07-17 18:30:09,370 DEBUG org.springframework.jmx.export.MBeanExporter [main] Autodetecting user-defined JMX MBeans
2024-07-17 18:30:09,372 DEBUG org.hibernate.boot.internal.ClassLoaderAccessImpl [task-1] Not known whether passed class name [com.booking.model.slot.ClubSlot] is safe
2024-07-17 18:30:09,373 DEBUG org.hibernate.boot.internal.ClassLoaderAccessImpl [task-1] No temp ClassLoader provided; using live ClassLoader for loading potentially unsafe class : com.booking.model.slot.ClubSlot
2024-07-17 18:30:09,373 DEBUG org.hibernate.boot.internal.ClassLoaderAccessImpl [task-1] Not known whether passed class name [com.booking.model.slot.ClubSlot] is safe
2024-07-17 18:30:09,374 DEBUG org.hibernate.boot.internal.ClassLoaderAccessImpl [task-1] No temp ClassLoader provided; using live ClassLoader for loading potentially unsafe class : com.booking.model.slot.ClubSlot
2024-07-17 18:30:09,376 DEBUG org.springframework.jmx.export.MBeanExporter [main] Bean with name 'dataSource' has been autodetected for JMX exposure
2024-07-17 18:30:09,394 DEBUG org.springframework.jmx.export.MBeanExporter [main] Located MBean 'dataSource': registering with JMX server as MBean [com.zaxxer.hikari:name=dataSource,type=HikariDataSource]
2024-07-17 18:30:09,404 DEBUG org.springframework.context.support.DefaultLifecycleProcessor$LifecycleGroup [main] Starting beans in phase 2147483646
2024-07-17 18:30:09,405 DEBUG org.apache.juli.logging.DirectJDKLog [main] Setting state for [Connector[HTTP/1.1-8084]] to [STARTING_PREP]
2024-07-17 18:30:09,405 DEBUG org.apache.juli.logging.DirectJDKLog [main] Setting state for [Connector[HTTP/1.1-8084]] to [STARTING]
2024-07-17 18:30:09,406 INFO org.apache.juli.logging.DirectJDKLog [main] Starting ProtocolHandler ["http-nio-8084"]
2024-07-17 18:30:09,473 DEBUG org.hibernate.boot.internal.ClassLoaderAccessImpl [task-1] Not known whether passed class name [com.booking.model.slot.ClubSlotBooking] is safe
2024-07-17 18:30:09,474 DEBUG org.hibernate.boot.internal.ClassLoaderAccessImpl [task-1] No temp ClassLoader provided; using live ClassLoader for loading potentially unsafe class : com.booking.model.slot.ClubSlotBooking
2024-07-17 18:30:09,477 DEBUG org.hibernate.boot.internal.ClassLoaderAccessImpl [task-1] Not known whether passed class name [com.booking.model.slot.ClubSlotBooking] is safe
2024-07-17 18:30:09,478 DEBUG org.hibernate.boot.internal.ClassLoaderAccessImpl [task-1] No temp ClassLoader provided; using live ClassLoader for loading potentially unsafe class : com.booking.model.slot.ClubSlotBooking
2024-07-17 18:30:09,521 DEBUG org.apache.juli.logging.DirectJDKLog [main] Setting state for [Connector[HTTP/1.1-8084]] to [STARTED]
2024-07-17 18:30:09,521 DEBUG org.apache.juli.logging.DirectJDKLog [http-nio-8084-Acceptor] Counting up[http-nio-8084-Acceptor] latch=0
2024-07-17 18:30:09,532 INFO org.springframework.boot.web.embedded.tomcat.TomcatWebServer [main] Tomcat started on port(s): 8084 (http) with context path ''
2024-07-17 18:30:09,536 DEBUG org.springframework.context.support.DefaultLifecycleProcessor [main] Successfully started bean 'webServerStartStop'
2024-07-17 18:30:09,537 DEBUG org.springframework.context.support.DefaultLifecycleProcessor$LifecycleGroup [main] Starting beans in phase 2147483647
2024-07-17 18:30:09,537 DEBUG org.springframework.context.support.DefaultLifecycleProcessor [main] Successfully started bean 'webServerGracefulShutdown'
2024-07-17 18:30:09,539 INFO org.springframework.data.repository.config.DeferredRepositoryInitializationListener [main] Triggering deferred initialization of Spring Data repositories…
2024-07-17 18:30:09,541 DEBUG org.springframework.beans.factory.support.DefaultSingletonBeanRegistry [main] Creating shared instance of singleton bean 'clubSlotDao'
2024-07-17 18:30:09,547 DEBUG org.hibernate.boot.internal.ClassLoaderAccessImpl [task-1] Not known whether passed class name [com.booking.model.user.ClubConfig] is safe
2024-07-17 18:30:09,547 DEBUG org.hibernate.boot.internal.ClassLoaderAccessImpl [task-1] No temp ClassLoader provided; using live ClassLoader for loading potentially unsafe class : com.booking.model.user.ClubConfig
2024-07-17 18:30:09,548 DEBUG org.hibernate.boot.internal.ClassLoaderAccessImpl [task-1] Not known whether passed class name [com.booking.model.user.ClubConfig] is safe
2024-07-17 18:30:09,548 DEBUG org.hibernate.boot.internal.ClassLoaderAccessImpl [task-1] No temp ClassLoader provided; using live ClassLoader for loading potentially unsafe class : com.booking.model.user.ClubConfig
2024-07-17 18:30:09,569 DEBUG org.hibernate.boot.internal.ClassLoaderAccessImpl [task-1] Not known whether passed class name [com.booking.model.user.Roles] is safe
2024-07-17 18:30:09,570 DEBUG org.hibernate.boot.internal.ClassLoaderAccessImpl [task-1] No temp ClassLoader provided; using live ClassLoader for loading potentially unsafe class : com.booking.model.user.Roles
2024-07-17 18:30:09,570 DEBUG org.hibernate.boot.internal.ClassLoaderAccessImpl [task-1] Not known whether passed class name [com.booking.model.user.Roles] is safe
2024-07-17 18:30:09,570 DEBUG org.hibernate.boot.internal.ClassLoaderAccessImpl [task-1] No temp ClassLoader provided; using live ClassLoader for loading potentially unsafe class : com.booking.model.user.Roles
2024-07-17 18:30:09,589 DEBUG org.hibernate.boot.internal.ClassLoaderAccessImpl [task-1] Not known whether passed class name [com.booking.model.slot.UserBooking] is safe
2024-07-17 18:30:09,590 DEBUG org.hibernate.boot.internal.ClassLoaderAccessImpl [task-1] No temp ClassLoader provided; using live ClassLoader for loading potentially unsafe class : com.booking.model.slot.UserBooking
2024-07-17 18:30:09,591 DEBUG org.hibernate.boot.internal.ClassLoaderAccessImpl [task-1] Not known whether passed class name [com.booking.model.slot.UserBooking] is safe
2024-07-17 18:30:09,592 DEBUG org.hibernate.boot.internal.ClassLoaderAccessImpl [task-1] No temp ClassLoader provided; using live ClassLoader for loading potentially unsafe class : com.booking.model.slot.UserBooking
2024-07-17 18:30:09,662 DEBUG org.hibernate.persister.collection.AbstractCollectionPersister [task-1] Static SQL for collection: com.booking.model.user.ClubUser.roles
2024-07-17 18:30:09,663 DEBUG org.hibernate.persister.collection.AbstractCollectionPersister [task-1]  Row insert: insert into user_roles (user_id, role_id) values (?, ?)
2024-07-17 18:30:09,663 DEBUG org.hibernate.persister.collection.AbstractCollectionPersister [task-1]  Row update: update user_roles set role_id=? where user_id=? and role_id=?
2024-07-17 18:30:09,663 DEBUG org.hibernate.persister.collection.AbstractCollectionPersister [task-1]  Row delete: delete from user_roles where user_id=? and role_id=?
2024-07-17 18:30:09,663 DEBUG org.hibernate.persister.collection.AbstractCollectionPersister [task-1]  One-shot delete: delete from user_roles where user_id=?
2024-07-17 18:30:09,673 DEBUG org.hibernate.persister.entity.AbstractEntityPersister [task-1] Static SQL for entity: com.booking.model.user.ClubUser
2024-07-17 18:30:09,674 DEBUG org.hibernate.persister.entity.AbstractEntityPersister [task-1]  Version select: select user_id from club_user where user_id =?
2024-07-17 18:30:09,674 DEBUG org.hibernate.persister.entity.AbstractEntityPersister [task-1]  Snapshot select: select clubuser_.user_id, clubuser_.created_by as created_2_3_, clubuser_.created_date as created_3_3_, clubuser_.dob as dob4_3_, clubuser_.full_name as full_nam5_3_, clubuser_.membership_number as membersh6_3_, clubuser_.membership_type as membersh7_3_, clubuser_.otp as otp8_3_, clubuser_.status as status9_3_, clubuser_.user_address as user_ad10_3_, clubuser_.user_city as user_ci11_3_, clubuser_.user_email as user_em12_3_, clubuser_.user_fname as user_fn13_3_, clubuser_.user_image_url as user_im14_3_, clubuser_.user_lname as user_ln15_3_, clubuser_.user_mobile as user_mo16_3_, clubuser_.user_password as user_pa17_3_, clubuser_.user_state as user_st18_3_, clubuser_.validity as validit19_3_ from club_user clubuser_ where clubuser_.user_id=?
2024-07-17 18:30:09,675 DEBUG org.jboss.logging.DelegatingBasicLogger [task-1]  Insert 0: insert into club_user (created_by, created_date, dob, full_name, membership_number, membership_type, otp, status, user_address, user_city, user_email, user_fname, user_image_url, user_lname, user_mobile, user_password, user_state, validity, user_id) values (?, ?, ?, ?, ?, ?, ?, ?, ?, ?, ?, ?, ?, ?, ?, ?, ?, ?, ?)
2024-07-17 18:30:09,675 DEBUG org.jboss.logging.DelegatingBasicLogger [task-1]  Update 0: update club_user set created_by=?, created_date=?, dob=?, full_name=?, membership_number=?, membership_type=?, otp=?, status=?, user_address=?, user_city=?, user_email=?, user_fname=?, user_image_url=?, user_lname=?, user_mobile=?, user_password=?, user_state=?, validity=? where user_id=?
2024-07-17 18:30:09,675 DEBUG org.jboss.logging.DelegatingBasicLogger [task-1]  Delete 0: delete from club_user where user_id=?
2024-07-17 18:30:09,675 DEBUG org.hibernate.persister.entity.AbstractEntityPersister [task-1]  Identity insert: insert into club_user (created_by, created_date, dob, full_name, membership_number, membership_type, otp, status, user_address, user_city, user_email, user_fname, user_image_url, user_lname, user_mobile, user_password, user_state, validity) values (?, ?, ?, ?, ?, ?, ?, ?, ?, ?, ?, ?, ?, ?, ?, ?, ?, ?)
2024-07-17 18:30:09,681 DEBUG org.springframework.beans.factory.support.DefaultSingletonBeanRegistry [main] Creating shared instance of singleton bean 'jpaMappingContext'
2024-07-17 18:30:09,682 DEBUG org.springframework.data.jpa.repository.config.JpaMetamodelMappingContextFactoryBean [main] Initializing JpaMetamodelMappingContext…
2024-07-17 18:30:09,732 DEBUG org.hibernate.loader.plan.build.internal.spaces.QuerySpacesImpl [task-1] Adding QuerySpace : uid = <gen:0> -> org.hibernate.loader.plan.build.internal.spaces.EntityQuerySpaceImpl@2c55dc67]
2024-07-17 18:30:09,734 DEBUG org.hibernate.persister.walking.spi.MetamodelGraphWalker [task-1] Visiting attribute path : createdBy
2024-07-17 18:30:09,734 DEBUG org.hibernate.persister.walking.spi.MetamodelGraphWalker [task-1] Visiting attribute path : createdDate
2024-07-17 18:30:09,734 DEBUG org.hibernate.persister.walking.spi.MetamodelGraphWalker [task-1] Visiting attribute path : dateofBirth
2024-07-17 18:30:09,735 DEBUG org.hibernate.persister.walking.spi.MetamodelGraphWalker [task-1] Visiting attribute path : fullName
2024-07-17 18:30:09,735 DEBUG org.hibernate.persister.walking.spi.MetamodelGraphWalker [task-1] Visiting attribute path : membershipNumber
2024-07-17 18:30:09,735 DEBUG org.hibernate.persister.walking.spi.MetamodelGraphWalker [task-1] Visiting attribute path : membershipType
2024-07-17 18:30:09,735 DEBUG org.hibernate.persister.walking.spi.MetamodelGraphWalker [task-1] Visiting attribute path : otp
2024-07-17 18:30:09,735 DEBUG org.hibernate.persister.walking.spi.MetamodelGraphWalker [task-1] Visiting attribute path : roles
2024-07-17 18:30:09,747 DEBUG sun.rmi.runtime.Log$LoggerLog [RMI TCP Connection(2)-127.0.0.1] RMI TCP Connection(2)-127.0.0.1: (port 58089) op = 82
2024-07-17 18:30:09,748 DEBUG sun.rmi.runtime.Log$LoggerLog [RMI TCP Connection(2)-127.0.0.1] RMI TCP Connection(2)-127.0.0.1: (port 58089) op = 80
2024-07-17 18:30:09,749 DEBUG sun.rmi.runtime.Log$LoggerLog [RMI TCP Connection(2)-127.0.0.1] RMI TCP Connection(2)-127.0.0.1: name = "javax.management.ObjectName", codebase = ""
2024-07-17 18:30:09,750 DEBUG sun.util.logging.internal.LoggingProviderImpl$JULWrapper [RMI TCP Connection(2)-127.0.0.1] connectionId=rmi://127.0.0.1  1, name=org.springframework.boot:type=Admin,name=SpringApplication, attribute=Ready
2024-07-17 18:30:09,754 DEBUG org.hibernate.loader.plan.build.internal.spaces.QuerySpacesImpl [task-1] Adding QuerySpace : uid = <gen:1> -> org.hibernate.loader.plan.build.internal.spaces.CollectionQuerySpaceImpl@14adf497]
2024-07-17 18:30:09,760 DEBUG org.hibernate.loader.plan.build.internal.spaces.QuerySpacesImpl [task-1] Adding QuerySpace : uid = <gen:2> -> org.hibernate.loader.plan.build.internal.spaces.EntityQuerySpaceImpl@1c0bb9b7]
2024-07-17 18:30:09,763 DEBUG org.hibernate.persister.walking.spi.MetamodelGraphWalker [task-1] Visiting attribute path : roles.name
2024-07-17 18:30:09,764 DEBUG org.hibernate.persister.walking.spi.MetamodelGraphWalker [task-1] Visiting attribute path : roles.role
2024-07-17 18:30:09,764 DEBUG org.hibernate.persister.walking.spi.MetamodelGraphWalker [task-1] Visiting attribute path : status
2024-07-17 18:30:09,765 DEBUG org.hibernate.persister.walking.spi.MetamodelGraphWalker [task-1] Visiting attribute path : userAddress
2024-07-17 18:30:09,765 DEBUG org.hibernate.persister.walking.spi.MetamodelGraphWalker [task-1] Visiting attribute path : userCity
2024-07-17 18:30:09,765 DEBUG org.hibernate.persister.walking.spi.MetamodelGraphWalker [task-1] Visiting attribute path : userEmail
2024-07-17 18:30:09,765 DEBUG org.hibernate.persister.walking.spi.MetamodelGraphWalker [task-1] Visiting attribute path : userFname
2024-07-17 18:30:09,766 DEBUG org.hibernate.persister.walking.spi.MetamodelGraphWalker [task-1] Visiting attribute path : userImageUrl
2024-07-17 18:30:09,766 DEBUG org.hibernate.persister.walking.spi.MetamodelGraphWalker [task-1] Visiting attribute path : userLname
2024-07-17 18:30:09,766 DEBUG org.hibernate.persister.walking.spi.MetamodelGraphWalker [task-1] Visiting attribute path : userMobile
2024-07-17 18:30:09,766 DEBUG org.hibernate.persister.walking.spi.MetamodelGraphWalker [task-1] Visiting attribute path : userPassword
2024-07-17 18:30:09,766 DEBUG org.hibernate.persister.walking.spi.MetamodelGraphWalker [task-1] Visiting attribute path : userState
2024-07-17 18:30:09,767 DEBUG org.hibernate.persister.walking.spi.MetamodelGraphWalker [task-1] Visiting attribute path : validity
2024-07-17 18:30:09,767 DEBUG org.hibernate.loader.plan.build.internal.FetchStyleLoadPlanBuildingAssociationVisitationStrategy [task-1] Building LoadPlan...
2024-07-17 18:30:09,791 DEBUG org.hibernate.loader.plan.exec.internal.LoadQueryJoinAndFetchProcessor [task-1] processing queryspace <gen:0>
2024-07-17 18:30:09,804 DEBUG org.hibernate.loader.plan.build.spi.LoadPlanTreePrinter [task-1] LoadPlan(entity=com.booking.model.user.ClubUser)
    - Returns
       - EntityReturnImpl(entity=com.booking.model.user.ClubUser, querySpaceUid=<gen:0>, path=com.booking.model.user.ClubUser)
          - CollectionAttributeFetchImpl(collection=com.booking.model.user.ClubUser.roles, querySpaceUid=<gen:1>, path=com.booking.model.user.ClubUser.roles)
             - (collection element) CollectionFetchableElementEntityGraph(entity=com.booking.model.user.Roles, querySpaceUid=<gen:2>, path=com.booking.model.user.ClubUser.roles.<elements>)
    - QuerySpaces
       - EntityQuerySpaceImpl(uid=<gen:0>, entity=com.booking.model.user.ClubUser)
          - SQL table alias mapping - clubuser0_
          - alias suffix - 0_
          - suffixed key columns - {user_id1_3_0_}
          - JOIN (JoinDefinedByMetadata(roles)) : <gen:0> -> <gen:1>
             - CollectionQuerySpaceImpl(uid=<gen:1>, collection=com.booking.model.user.ClubUser.roles)
                - SQL table alias mapping - roles1_
                - alias suffix - 1_
                - suffixed key columns - {user_id1_6_1_}
                - entity-element alias suffix - 2_
                - 2_entity-element suffixed key columns - role_id1_4_2_
                - JOIN (JoinDefinedByMetadata(elements)) : <gen:1> -> <gen:2>
                   - EntityQuerySpaceImpl(uid=<gen:2>, entity=com.booking.model.user.Roles)
                      - SQL table alias mapping - roles2_
                      - alias suffix - 2_
                      - suffixed key columns - {role_id1_4_2_}

2024-07-17 18:30:09,808 DEBUG org.hibernate.loader.entity.plan.EntityLoader [task-1] Static select for entity com.booking.model.user.ClubUser [NONE]: select clubuser0_.user_id as user_id1_3_0_, clubuser0_.created_by as created_2_3_0_, clubuser0_.created_date as created_3_3_0_, clubuser0_.dob as dob4_3_0_, clubuser0_.full_name as full_nam5_3_0_, clubuser0_.membership_number as membersh6_3_0_, clubuser0_.membership_type as membersh7_3_0_, clubuser0_.otp as otp8_3_0_, clubuser0_.status as status9_3_0_, clubuser0_.user_address as user_ad10_3_0_, clubuser0_.user_city as user_ci11_3_0_, clubuser0_.user_email as user_em12_3_0_, clubuser0_.user_fname as user_fn13_3_0_, clubuser0_.user_image_url as user_im14_3_0_, clubuser0_.user_lname as user_ln15_3_0_, clubuser0_.user_mobile as user_mo16_3_0_, clubuser0_.user_password as user_pa17_3_0_, clubuser0_.user_state as user_st18_3_0_, clubuser0_.validity as validit19_3_0_, roles1_.user_id as user_id1_6_1_, roles2_.role_id as role_id2_6_1_, roles2_.role_id as role_id1_4_2_, roles2_.name as name2_4_2_, roles2_.role as role3_4_2_ from club_user clubuser0_ left outer join user_roles roles1_ on clubuser0_.user_id=roles1_.user_id left outer join roles roles2_ on roles1_.role_id=roles2_.role_id where clubuser0_.user_id=?
2024-07-17 18:30:09,809 DEBUG org.hibernate.loader.plan.build.internal.spaces.QuerySpacesImpl [task-1] Adding QuerySpace : uid = <gen:0> -> org.hibernate.loader.plan.build.internal.spaces.EntityQuerySpaceImpl@1726249]
2024-07-17 18:30:09,809 DEBUG org.hibernate.persister.walking.spi.MetamodelGraphWalker [task-1] Visiting attribute path : createdBy
2024-07-17 18:30:09,810 DEBUG org.hibernate.persister.walking.spi.MetamodelGraphWalker [task-1] Visiting attribute path : createdDate
2024-07-17 18:30:09,810 DEBUG org.hibernate.persister.walking.spi.MetamodelGraphWalker [task-1] Visiting attribute path : dateofBirth
2024-07-17 18:30:09,810 DEBUG org.hibernate.persister.walking.spi.MetamodelGraphWalker [task-1] Visiting attribute path : fullName
2024-07-17 18:30:09,810 DEBUG org.hibernate.persister.walking.spi.MetamodelGraphWalker [task-1] Visiting attribute path : membershipNumber
2024-07-17 18:30:09,810 DEBUG org.hibernate.persister.walking.spi.MetamodelGraphWalker [task-1] Visiting attribute path : membershipType
2024-07-17 18:30:09,811 DEBUG org.hibernate.persister.walking.spi.MetamodelGraphWalker [task-1] Visiting attribute path : otp
2024-07-17 18:30:09,811 DEBUG org.hibernate.persister.walking.spi.MetamodelGraphWalker [task-1] Visiting attribute path : roles
2024-07-17 18:30:09,811 DEBUG org.hibernate.loader.plan.build.internal.spaces.QuerySpacesImpl [task-1] Adding QuerySpace : uid = <gen:1> -> org.hibernate.loader.plan.build.internal.spaces.CollectionQuerySpaceImpl@12e9dbe2]
2024-07-17 18:30:09,812 DEBUG org.hibernate.loader.plan.build.internal.spaces.QuerySpacesImpl [task-1] Adding QuerySpace : uid = <gen:2> -> org.hibernate.loader.plan.build.internal.spaces.EntityQuerySpaceImpl@16fdbbb0]
2024-07-17 18:30:09,812 DEBUG org.hibernate.persister.walking.spi.MetamodelGraphWalker [task-1] Visiting attribute path : roles.name
2024-07-17 18:30:09,812 DEBUG org.hibernate.persister.walking.spi.MetamodelGraphWalker [task-1] Visiting attribute path : roles.role
2024-07-17 18:30:09,813 DEBUG org.hibernate.persister.walking.spi.MetamodelGraphWalker [task-1] Visiting attribute path : status
2024-07-17 18:30:09,813 DEBUG org.hibernate.persister.walking.spi.MetamodelGraphWalker [task-1] Visiting attribute path : userAddress
2024-07-17 18:30:09,813 DEBUG org.hibernate.persister.walking.spi.MetamodelGraphWalker [task-1] Visiting attribute path : userCity
2024-07-17 18:30:09,813 DEBUG org.hibernate.persister.walking.spi.MetamodelGraphWalker [task-1] Visiting attribute path : userEmail
2024-07-17 18:30:09,813 DEBUG org.hibernate.persister.walking.spi.MetamodelGraphWalker [task-1] Visiting attribute path : userFname
2024-07-17 18:30:09,814 DEBUG org.hibernate.persister.walking.spi.MetamodelGraphWalker [task-1] Visiting attribute path : userImageUrl
2024-07-17 18:30:09,814 DEBUG org.hibernate.persister.walking.spi.MetamodelGraphWalker [task-1] Visiting attribute path : userLname
2024-07-17 18:30:09,814 DEBUG org.hibernate.persister.walking.spi.MetamodelGraphWalker [task-1] Visiting attribute path : userMobile
2024-07-17 18:30:09,814 DEBUG org.hibernate.persister.walking.spi.MetamodelGraphWalker [task-1] Visiting attribute path : userPassword
2024-07-17 18:30:09,815 DEBUG org.hibernate.persister.walking.spi.MetamodelGraphWalker [task-1] Visiting attribute path : userState
2024-07-17 18:30:09,815 DEBUG org.hibernate.persister.walking.spi.MetamodelGraphWalker [task-1] Visiting attribute path : validity
2024-07-17 18:30:09,815 DEBUG org.hibernate.loader.plan.build.internal.FetchStyleLoadPlanBuildingAssociationVisitationStrategy [task-1] Building LoadPlan...
2024-07-17 18:30:09,816 DEBUG org.hibernate.loader.plan.exec.internal.LoadQueryJoinAndFetchProcessor [task-1] processing queryspace <gen:0>
2024-07-17 18:30:09,817 DEBUG org.hibernate.loader.plan.build.spi.LoadPlanTreePrinter [task-1] LoadPlan(entity=com.booking.model.user.ClubUser)
    - Returns
       - EntityReturnImpl(entity=com.booking.model.user.ClubUser, querySpaceUid=<gen:0>, path=com.booking.model.user.ClubUser)
          - CollectionAttributeFetchImpl(collection=com.booking.model.user.ClubUser.roles, querySpaceUid=<gen:1>, path=com.booking.model.user.ClubUser.roles)
             - (collection element) CollectionFetchableElementEntityGraph(entity=com.booking.model.user.Roles, querySpaceUid=<gen:2>, path=com.booking.model.user.ClubUser.roles.<elements>)
    - QuerySpaces
       - EntityQuerySpaceImpl(uid=<gen:0>, entity=com.booking.model.user.ClubUser)
          - SQL table alias mapping - clubuser0_
          - alias suffix - 0_
          - suffixed key columns - {user_id1_3_0_}
          - JOIN (JoinDefinedByMetadata(roles)) : <gen:0> -> <gen:1>
             - CollectionQuerySpaceImpl(uid=<gen:1>, collection=com.booking.model.user.ClubUser.roles)
                - SQL table alias mapping - roles1_
                - alias suffix - 1_
                - suffixed key columns - {user_id1_6_1_}
                - entity-element alias suffix - 2_
                - 2_entity-element suffixed key columns - role_id1_4_2_
                - JOIN (JoinDefinedByMetadata(elements)) : <gen:1> -> <gen:2>
                   - EntityQuerySpaceImpl(uid=<gen:2>, entity=com.booking.model.user.Roles)
                      - SQL table alias mapping - roles2_
                      - alias suffix - 2_
                      - suffixed key columns - {role_id1_4_2_}

2024-07-17 18:30:09,817 DEBUG org.hibernate.loader.entity.plan.EntityLoader [task-1] Static select for entity com.booking.model.user.ClubUser [READ]: select clubuser0_.user_id as user_id1_3_0_, clubuser0_.created_by as created_2_3_0_, clubuser0_.created_date as created_3_3_0_, clubuser0_.dob as dob4_3_0_, clubuser0_.full_name as full_nam5_3_0_, clubuser0_.membership_number as membersh6_3_0_, clubuser0_.membership_type as membersh7_3_0_, clubuser0_.otp as otp8_3_0_, clubuser0_.status as status9_3_0_, clubuser0_.user_address as user_ad10_3_0_, clubuser0_.user_city as user_ci11_3_0_, clubuser0_.user_email as user_em12_3_0_, clubuser0_.user_fname as user_fn13_3_0_, clubuser0_.user_image_url as user_im14_3_0_, clubuser0_.user_lname as user_ln15_3_0_, clubuser0_.user_mobile as user_mo16_3_0_, clubuser0_.user_password as user_pa17_3_0_, clubuser0_.user_state as user_st18_3_0_, clubuser0_.validity as validit19_3_0_, roles1_.user_id as user_id1_6_1_, roles2_.role_id as role_id2_6_1_, roles2_.role_id as role_id1_4_2_, roles2_.name as name2_4_2_, roles2_.role as role3_4_2_ from club_user clubuser0_ left outer join user_roles roles1_ on clubuser0_.user_id=roles1_.user_id left outer join roles roles2_ on roles1_.role_id=roles2_.role_id where clubuser0_.user_id=?
2024-07-17 18:30:09,837 DEBUG org.hibernate.loader.entity.CascadeEntityLoader [task-1] Static select for action ACTION_MERGE on entity com.booking.model.user.ClubUser: select clubuser0_.user_id as user_id1_3_0_, clubuser0_.created_by as created_2_3_0_, clubuser0_.created_date as created_3_3_0_, clubuser0_.dob as dob4_3_0_, clubuser0_.full_name as full_nam5_3_0_, clubuser0_.membership_number as membersh6_3_0_, clubuser0_.membership_type as membersh7_3_0_, clubuser0_.otp as otp8_3_0_, clubuser0_.status as status9_3_0_, clubuser0_.user_address as user_ad10_3_0_, clubuser0_.user_city as user_ci11_3_0_, clubuser0_.user_email as user_em12_3_0_, clubuser0_.user_fname as user_fn13_3_0_, clubuser0_.user_image_url as user_im14_3_0_, clubuser0_.user_lname as user_ln15_3_0_, clubuser0_.user_mobile as user_mo16_3_0_, clubuser0_.user_password as user_pa17_3_0_, clubuser0_.user_state as user_st18_3_0_, clubuser0_.validity as validit19_3_0_ from club_user clubuser0_ where clubuser0_.user_id=?
2024-07-17 18:30:09,838 DEBUG org.hibernate.loader.entity.CascadeEntityLoader [task-1] Static select for action ACTION_REFRESH on entity com.booking.model.user.ClubUser: select clubuser0_.user_id as user_id1_3_0_, clubuser0_.created_by as created_2_3_0_, clubuser0_.created_date as created_3_3_0_, clubuser0_.dob as dob4_3_0_, clubuser0_.full_name as full_nam5_3_0_, clubuser0_.membership_number as membersh6_3_0_, clubuser0_.membership_type as membersh7_3_0_, clubuser0_.otp as otp8_3_0_, clubuser0_.status as status9_3_0_, clubuser0_.user_address as user_ad10_3_0_, clubuser0_.user_city as user_ci11_3_0_, clubuser0_.user_email as user_em12_3_0_, clubuser0_.user_fname as user_fn13_3_0_, clubuser0_.user_image_url as user_im14_3_0_, clubuser0_.user_lname as user_ln15_3_0_, clubuser0_.user_mobile as user_mo16_3_0_, clubuser0_.user_password as user_pa17_3_0_, clubuser0_.user_state as user_st18_3_0_, clubuser0_.validity as validit19_3_0_ from club_user clubuser0_ where clubuser0_.user_id=?
2024-07-17 18:30:09,838 DEBUG org.hibernate.persister.entity.AbstractEntityPersister [task-1] Static SQL for entity: com.booking.model.slot.ClubSlot
2024-07-17 18:30:09,839 DEBUG org.hibernate.persister.entity.AbstractEntityPersister [task-1]  Version select: select slot_id from club_slot where slot_id =?
2024-07-17 18:30:09,839 DEBUG org.hibernate.persister.entity.AbstractEntityPersister [task-1]  Snapshot select: select clubslot_.slot_id, clubslot_.club_name as club_nam2_1_, clubslot_.created_by as created_3_1_, clubslot_.created_date as created_4_1_, clubslot_.player_count as player_c5_1_, clubslot_.primary_booking_id as primary_6_1_, clubslot_.secondary_booking as secondar7_1_, clubslot_.slot_available as slot_ava8_1_, clubslot_.slot_date as slot_dat9_1_, clubslot_.slot_end_timestmp as slot_en10_1_, clubslot_.slot_start_timestmp as slot_st11_1_, clubslot_.slot_status as slot_st12_1_, clubslot_.tee_time as tee_tim13_1_ from club_slot clubslot_ where clubslot_.slot_id=?
2024-07-17 18:30:09,839 DEBUG org.jboss.logging.DelegatingBasicLogger [task-1]  Insert 0: insert into club_slot (club_name, created_by, created_date, player_count, primary_booking_id, secondary_booking, slot_available, slot_date, slot_end_timestmp, slot_start_timestmp, slot_status, tee_time, slot_id) values (?, ?, ?, ?, ?, ?, ?, ?, ?, ?, ?, ?, ?)
2024-07-17 18:30:09,839 DEBUG org.jboss.logging.DelegatingBasicLogger [task-1]  Update 0: update club_slot set club_name=?, created_by=?, created_date=?, player_count=?, primary_booking_id=?, secondary_booking=?, slot_available=?, slot_date=?, slot_end_timestmp=?, slot_start_timestmp=?, slot_status=?, tee_time=? where slot_id=?
2024-07-17 18:30:09,839 DEBUG org.jboss.logging.DelegatingBasicLogger [task-1]  Delete 0: delete from club_slot where slot_id=?
2024-07-17 18:30:09,840 DEBUG org.hibernate.persister.entity.AbstractEntityPersister [task-1]  Identity insert: insert into club_slot (club_name, created_by, created_date, player_count, primary_booking_id, secondary_booking, slot_available, slot_date, slot_end_timestmp, slot_start_timestmp, slot_status, tee_time) values (?, ?, ?, ?, ?, ?, ?, ?, ?, ?, ?, ?)
2024-07-17 18:30:09,840 DEBUG org.hibernate.loader.plan.build.internal.spaces.QuerySpacesImpl [task-1] Adding QuerySpace : uid = <gen:0> -> org.hibernate.loader.plan.build.internal.spaces.EntityQuerySpaceImpl@4092db23]
2024-07-17 18:30:09,840 DEBUG org.hibernate.persister.walking.spi.MetamodelGraphWalker [task-1] Visiting attribute path : clubName
2024-07-17 18:30:09,840 DEBUG org.hibernate.persister.walking.spi.MetamodelGraphWalker [task-1] Visiting attribute path : createdBy
2024-07-17 18:30:09,841 DEBUG org.hibernate.persister.walking.spi.MetamodelGraphWalker [task-1] Visiting attribute path : createdDate
2024-07-17 18:30:09,841 DEBUG org.hibernate.persister.walking.spi.MetamodelGraphWalker [task-1] Visiting attribute path : playerCount
2024-07-17 18:30:09,841 DEBUG org.hibernate.persister.walking.spi.MetamodelGraphWalker [task-1] Visiting attribute path : primaryBookingId
2024-07-17 18:30:09,841 DEBUG org.hibernate.persister.walking.spi.MetamodelGraphWalker [task-1] Visiting attribute path : secondaryBooking
2024-07-17 18:30:09,841 DEBUG org.hibernate.persister.walking.spi.MetamodelGraphWalker [task-1] Visiting attribute path : slotAvailable
2024-07-17 18:30:09,842 DEBUG org.hibernate.persister.walking.spi.MetamodelGraphWalker [task-1] Visiting attribute path : slotDate
2024-07-17 18:30:09,842 DEBUG org.hibernate.persister.walking.spi.MetamodelGraphWalker [task-1] Visiting attribute path : slotEndTimeStamp
2024-07-17 18:30:09,842 DEBUG org.hibernate.persister.walking.spi.MetamodelGraphWalker [task-1] Visiting attribute path : slotStartTimeStamp
2024-07-17 18:30:09,842 DEBUG org.hibernate.persister.walking.spi.MetamodelGraphWalker [task-1] Visiting attribute path : slotStatus
2024-07-17 18:30:09,843 DEBUG org.hibernate.persister.walking.spi.MetamodelGraphWalker [task-1] Visiting attribute path : teeTime
2024-07-17 18:30:09,843 DEBUG org.hibernate.loader.plan.build.internal.FetchStyleLoadPlanBuildingAssociationVisitationStrategy [task-1] Building LoadPlan...
2024-07-17 18:30:09,843 DEBUG org.hibernate.loader.plan.exec.internal.LoadQueryJoinAndFetchProcessor [task-1] processing queryspace <gen:0>
2024-07-17 18:30:09,844 DEBUG org.hibernate.loader.plan.build.spi.LoadPlanTreePrinter [task-1] LoadPlan(entity=com.booking.model.slot.ClubSlot)
    - Returns
       - EntityReturnImpl(entity=com.booking.model.slot.ClubSlot, querySpaceUid=<gen:0>, path=com.booking.model.slot.ClubSlot)
    - QuerySpaces
       - EntityQuerySpaceImpl(uid=<gen:0>, entity=com.booking.model.slot.ClubSlot)
          - SQL table alias mapping - clubslot0_
          - alias suffix - 0_
          - suffixed key columns - {slot_id1_1_0_}

2024-07-17 18:30:09,844 DEBUG org.hibernate.loader.entity.plan.EntityLoader [task-1] Static select for entity com.booking.model.slot.ClubSlot [NONE]: select clubslot0_.slot_id as slot_id1_1_0_, clubslot0_.club_name as club_nam2_1_0_, clubslot0_.created_by as created_3_1_0_, clubslot0_.created_date as created_4_1_0_, clubslot0_.player_count as player_c5_1_0_, clubslot0_.primary_booking_id as primary_6_1_0_, clubslot0_.secondary_booking as secondar7_1_0_, clubslot0_.slot_available as slot_ava8_1_0_, clubslot0_.slot_date as slot_dat9_1_0_, clubslot0_.slot_end_timestmp as slot_en10_1_0_, clubslot0_.slot_start_timestmp as slot_st11_1_0_, clubslot0_.slot_status as slot_st12_1_0_, clubslot0_.tee_time as tee_tim13_1_0_ from club_slot clubslot0_ where clubslot0_.slot_id=?
2024-07-17 18:30:09,845 DEBUG org.hibernate.loader.plan.build.internal.spaces.QuerySpacesImpl [task-1] Adding QuerySpace : uid = <gen:0> -> org.hibernate.loader.plan.build.internal.spaces.EntityQuerySpaceImpl@7f95f774]
2024-07-17 18:30:09,845 DEBUG org.hibernate.persister.walking.spi.MetamodelGraphWalker [task-1] Visiting attribute path : clubName
2024-07-17 18:30:09,845 DEBUG org.hibernate.persister.walking.spi.MetamodelGraphWalker [task-1] Visiting attribute path : createdBy
2024-07-17 18:30:09,845 DEBUG org.hibernate.persister.walking.spi.MetamodelGraphWalker [task-1] Visiting attribute path : createdDate
2024-07-17 18:30:09,845 DEBUG org.hibernate.persister.walking.spi.MetamodelGraphWalker [task-1] Visiting attribute path : playerCount
2024-07-17 18:30:09,845 DEBUG org.hibernate.persister.walking.spi.MetamodelGraphWalker [task-1] Visiting attribute path : primaryBookingId
2024-07-17 18:30:09,846 DEBUG org.hibernate.persister.walking.spi.MetamodelGraphWalker [task-1] Visiting attribute path : secondaryBooking
2024-07-17 18:30:09,846 DEBUG org.hibernate.persister.walking.spi.MetamodelGraphWalker [task-1] Visiting attribute path : slotAvailable
2024-07-17 18:30:09,846 DEBUG org.hibernate.persister.walking.spi.MetamodelGraphWalker [task-1] Visiting attribute path : slotDate
2024-07-17 18:30:09,846 DEBUG org.hibernate.persister.walking.spi.MetamodelGraphWalker [task-1] Visiting attribute path : slotEndTimeStamp
2024-07-17 18:30:09,846 DEBUG org.hibernate.persister.walking.spi.MetamodelGraphWalker [task-1] Visiting attribute path : slotStartTimeStamp
2024-07-17 18:30:09,846 DEBUG org.hibernate.persister.walking.spi.MetamodelGraphWalker [task-1] Visiting attribute path : slotStatus
2024-07-17 18:30:09,847 DEBUG org.hibernate.persister.walking.spi.MetamodelGraphWalker [task-1] Visiting attribute path : teeTime
2024-07-17 18:30:09,847 DEBUG org.hibernate.loader.plan.build.internal.FetchStyleLoadPlanBuildingAssociationVisitationStrategy [task-1] Building LoadPlan...
2024-07-17 18:30:09,847 DEBUG org.hibernate.loader.plan.exec.internal.LoadQueryJoinAndFetchProcessor [task-1] processing queryspace <gen:0>
2024-07-17 18:30:09,848 DEBUG org.hibernate.loader.plan.build.spi.LoadPlanTreePrinter [task-1] LoadPlan(entity=com.booking.model.slot.ClubSlot)
    - Returns
       - EntityReturnImpl(entity=com.booking.model.slot.ClubSlot, querySpaceUid=<gen:0>, path=com.booking.model.slot.ClubSlot)
    - QuerySpaces
       - EntityQuerySpaceImpl(uid=<gen:0>, entity=com.booking.model.slot.ClubSlot)
          - SQL table alias mapping - clubslot0_
          - alias suffix - 0_
          - suffixed key columns - {slot_id1_1_0_}

2024-07-17 18:30:09,848 DEBUG org.hibernate.loader.entity.plan.EntityLoader [task-1] Static select for entity com.booking.model.slot.ClubSlot [READ]: select clubslot0_.slot_id as slot_id1_1_0_, clubslot0_.club_name as club_nam2_1_0_, clubslot0_.created_by as created_3_1_0_, clubslot0_.created_date as created_4_1_0_, clubslot0_.player_count as player_c5_1_0_, clubslot0_.primary_booking_id as primary_6_1_0_, clubslot0_.secondary_booking as secondar7_1_0_, clubslot0_.slot_available as slot_ava8_1_0_, clubslot0_.slot_date as slot_dat9_1_0_, clubslot0_.slot_end_timestmp as slot_en10_1_0_, clubslot0_.slot_start_timestmp as slot_st11_1_0_, clubslot0_.slot_status as slot_st12_1_0_, clubslot0_.tee_time as tee_tim13_1_0_ from club_slot clubslot0_ where clubslot0_.slot_id=?
2024-07-17 18:30:09,849 DEBUG org.hibernate.loader.entity.CascadeEntityLoader [task-1] Static select for action ACTION_MERGE on entity com.booking.model.slot.ClubSlot: select clubslot0_.slot_id as slot_id1_1_0_, clubslot0_.club_name as club_nam2_1_0_, clubslot0_.created_by as created_3_1_0_, clubslot0_.created_date as created_4_1_0_, clubslot0_.player_count as player_c5_1_0_, clubslot0_.primary_booking_id as primary_6_1_0_, clubslot0_.secondary_booking as secondar7_1_0_, clubslot0_.slot_available as slot_ava8_1_0_, clubslot0_.slot_date as slot_dat9_1_0_, clubslot0_.slot_end_timestmp as slot_en10_1_0_, clubslot0_.slot_start_timestmp as slot_st11_1_0_, clubslot0_.slot_status as slot_st12_1_0_, clubslot0_.tee_time as tee_tim13_1_0_ from club_slot clubslot0_ where clubslot0_.slot_id=?
2024-07-17 18:30:09,850 DEBUG org.hibernate.loader.entity.CascadeEntityLoader [task-1] Static select for action ACTION_REFRESH on entity com.booking.model.slot.ClubSlot: select clubslot0_.slot_id as slot_id1_1_0_, clubslot0_.club_name as club_nam2_1_0_, clubslot0_.created_by as created_3_1_0_, clubslot0_.created_date as created_4_1_0_, clubslot0_.player_count as player_c5_1_0_, clubslot0_.primary_booking_id as primary_6_1_0_, clubslot0_.secondary_booking as secondar7_1_0_, clubslot0_.slot_available as slot_ava8_1_0_, clubslot0_.slot_date as slot_dat9_1_0_, clubslot0_.slot_end_timestmp as slot_en10_1_0_, clubslot0_.slot_start_timestmp as slot_st11_1_0_, clubslot0_.slot_status as slot_st12_1_0_, clubslot0_.tee_time as tee_tim13_1_0_ from club_slot clubslot0_ where clubslot0_.slot_id=?
2024-07-17 18:30:09,850 DEBUG org.hibernate.persister.entity.AbstractEntityPersister [task-1] Static SQL for entity: com.booking.model.slot.ClubSlotBooking
2024-07-17 18:30:09,851 DEBUG org.hibernate.persister.entity.AbstractEntityPersister [task-1]  Version select: select booking_id from club_slot_booking where booking_id =?
2024-07-17 18:30:09,851 DEBUG org.hibernate.persister.entity.AbstractEntityPersister [task-1]  Snapshot select: select clubslotbo_.booking_id, clubslotbo_.booking_status as booking_2_2_, clubslotbo_.booking_type as booking_3_2_, clubslotbo_.created_by as created_4_2_, clubslotbo_.created_date as created_5_2_, clubslotbo_.player as player6_2_, clubslotbo_.player_count as player_c7_2_, clubslotbo_.primary_booking_id as primary_8_2_, clubslotbo_.secondary_booking as secondar9_2_, clubslotbo_.slot_date as slot_da10_2_, clubslotbo_.slot_id as slot_id11_2_, clubslotbo_.user_id as user_id12_2_ from club_slot_booking clubslotbo_ where clubslotbo_.booking_id=?
2024-07-17 18:30:09,851 DEBUG org.jboss.logging.DelegatingBasicLogger [task-1]  Insert 0: insert into club_slot_booking (booking_status, booking_type, created_by, created_date, player, player_count, primary_booking_id, secondary_booking, slot_date, slot_id, user_id, booking_id) values (?, ?, ?, ?, ?, ?, ?, ?, ?, ?, ?, ?)
2024-07-17 18:30:09,851 DEBUG org.jboss.logging.DelegatingBasicLogger [task-1]  Update 0: update club_slot_booking set booking_status=?, booking_type=?, created_by=?, created_date=?, player=?, player_count=?, primary_booking_id=?, secondary_booking=?, slot_date=?, slot_id=?, user_id=? where booking_id=?
2024-07-17 18:30:09,851 DEBUG org.jboss.logging.DelegatingBasicLogger [task-1]  Delete 0: delete from club_slot_booking where booking_id=?
2024-07-17 18:30:09,851 DEBUG org.hibernate.persister.entity.AbstractEntityPersister [task-1]  Identity insert: insert into club_slot_booking (booking_status, booking_type, created_by, created_date, player, player_count, primary_booking_id, secondary_booking, slot_date, slot_id, user_id) values (?, ?, ?, ?, ?, ?, ?, ?, ?, ?, ?)
2024-07-17 18:30:09,852 DEBUG org.hibernate.loader.plan.build.internal.spaces.QuerySpacesImpl [task-1] Adding QuerySpace : uid = <gen:0> -> org.hibernate.loader.plan.build.internal.spaces.EntityQuerySpaceImpl@4d12b7f1]
2024-07-17 18:30:09,852 DEBUG org.hibernate.persister.walking.spi.MetamodelGraphWalker [task-1] Visiting attribute path : bookingStatus
2024-07-17 18:30:09,852 DEBUG org.hibernate.persister.walking.spi.MetamodelGraphWalker [task-1] Visiting attribute path : bookingType
2024-07-17 18:30:09,852 DEBUG org.hibernate.persister.walking.spi.MetamodelGraphWalker [task-1] Visiting attribute path : createdBy
2024-07-17 18:30:09,852 DEBUG org.hibernate.persister.walking.spi.MetamodelGraphWalker [task-1] Visiting attribute path : createdDate
2024-07-17 18:30:09,852 DEBUG org.hibernate.persister.walking.spi.MetamodelGraphWalker [task-1] Visiting attribute path : player
2024-07-17 18:30:09,853 DEBUG org.hibernate.persister.walking.spi.MetamodelGraphWalker [task-1] Visiting attribute path : playerCount
2024-07-17 18:30:09,853 DEBUG org.hibernate.persister.walking.spi.MetamodelGraphWalker [task-1] Visiting attribute path : primaryBookingId
2024-07-17 18:30:09,853 DEBUG org.hibernate.persister.walking.spi.MetamodelGraphWalker [task-1] Visiting attribute path : secondaryBooking
2024-07-17 18:30:09,853 DEBUG org.hibernate.persister.walking.spi.MetamodelGraphWalker [task-1] Visiting attribute path : slotDate
2024-07-17 18:30:09,853 DEBUG org.hibernate.persister.walking.spi.MetamodelGraphWalker [task-1] Visiting attribute path : slotId
2024-07-17 18:30:09,853 DEBUG org.hibernate.persister.walking.spi.MetamodelGraphWalker [task-1] Visiting attribute path : userId
2024-07-17 18:30:09,854 DEBUG org.hibernate.loader.plan.build.internal.FetchStyleLoadPlanBuildingAssociationVisitationStrategy [task-1] Building LoadPlan...
2024-07-17 18:30:09,854 DEBUG org.hibernate.loader.plan.exec.internal.LoadQueryJoinAndFetchProcessor [task-1] processing queryspace <gen:0>
2024-07-17 18:30:09,855 DEBUG org.hibernate.loader.plan.build.spi.LoadPlanTreePrinter [task-1] LoadPlan(entity=com.booking.model.slot.ClubSlotBooking)
    - Returns
       - EntityReturnImpl(entity=com.booking.model.slot.ClubSlotBooking, querySpaceUid=<gen:0>, path=com.booking.model.slot.ClubSlotBooking)
    - QuerySpaces
       - EntityQuerySpaceImpl(uid=<gen:0>, entity=com.booking.model.slot.ClubSlotBooking)
          - SQL table alias mapping - clubslotbo0_
          - alias suffix - 0_
          - suffixed key columns - {booking_1_2_0_}

2024-07-17 18:30:09,855 DEBUG org.hibernate.loader.entity.plan.EntityLoader [task-1] Static select for entity com.booking.model.slot.ClubSlotBooking [NONE]: select clubslotbo0_.booking_id as booking_1_2_0_, clubslotbo0_.booking_status as booking_2_2_0_, clubslotbo0_.booking_type as booking_3_2_0_, clubslotbo0_.created_by as created_4_2_0_, clubslotbo0_.created_date as created_5_2_0_, clubslotbo0_.player as player6_2_0_, clubslotbo0_.player_count as player_c7_2_0_, clubslotbo0_.primary_booking_id as primary_8_2_0_, clubslotbo0_.secondary_booking as secondar9_2_0_, clubslotbo0_.slot_date as slot_da10_2_0_, clubslotbo0_.slot_id as slot_id11_2_0_, clubslotbo0_.user_id as user_id12_2_0_ from club_slot_booking clubslotbo0_ where clubslotbo0_.booking_id=?
2024-07-17 18:30:09,855 DEBUG org.hibernate.loader.plan.build.internal.spaces.QuerySpacesImpl [task-1] Adding QuerySpace : uid = <gen:0> -> org.hibernate.loader.plan.build.internal.spaces.EntityQuerySpaceImpl@69e9589c]
2024-07-17 18:30:09,856 DEBUG org.hibernate.persister.walking.spi.MetamodelGraphWalker [task-1] Visiting attribute path : bookingStatus
2024-07-17 18:30:09,856 DEBUG org.hibernate.persister.walking.spi.MetamodelGraphWalker [task-1] Visiting attribute path : bookingType
2024-07-17 18:30:09,856 DEBUG org.hibernate.persister.walking.spi.MetamodelGraphWalker [task-1] Visiting attribute path : createdBy
2024-07-17 18:30:09,856 DEBUG org.hibernate.persister.walking.spi.MetamodelGraphWalker [task-1] Visiting attribute path : createdDate
2024-07-17 18:30:09,856 DEBUG org.hibernate.persister.walking.spi.MetamodelGraphWalker [task-1] Visiting attribute path : player
2024-07-17 18:30:09,857 DEBUG org.hibernate.persister.walking.spi.MetamodelGraphWalker [task-1] Visiting attribute path : playerCount
2024-07-17 18:30:09,857 DEBUG org.hibernate.persister.walking.spi.MetamodelGraphWalker [task-1] Visiting attribute path : primaryBookingId
2024-07-17 18:30:09,857 DEBUG org.hibernate.persister.walking.spi.MetamodelGraphWalker [task-1] Visiting attribute path : secondaryBooking
2024-07-17 18:30:09,857 DEBUG org.hibernate.persister.walking.spi.MetamodelGraphWalker [task-1] Visiting attribute path : slotDate
2024-07-17 18:30:09,857 DEBUG org.hibernate.persister.walking.spi.MetamodelGraphWalker [task-1] Visiting attribute path : slotId
2024-07-17 18:30:09,858 DEBUG org.hibernate.persister.walking.spi.MetamodelGraphWalker [task-1] Visiting attribute path : userId
2024-07-17 18:30:09,858 DEBUG org.hibernate.loader.plan.build.internal.FetchStyleLoadPlanBuildingAssociationVisitationStrategy [task-1] Building LoadPlan...
2024-07-17 18:30:09,858 DEBUG org.hibernate.loader.plan.exec.internal.LoadQueryJoinAndFetchProcessor [task-1] processing queryspace <gen:0>
2024-07-17 18:30:09,859 DEBUG org.hibernate.loader.plan.build.spi.LoadPlanTreePrinter [task-1] LoadPlan(entity=com.booking.model.slot.ClubSlotBooking)
    - Returns
       - EntityReturnImpl(entity=com.booking.model.slot.ClubSlotBooking, querySpaceUid=<gen:0>, path=com.booking.model.slot.ClubSlotBooking)
    - QuerySpaces
       - EntityQuerySpaceImpl(uid=<gen:0>, entity=com.booking.model.slot.ClubSlotBooking)
          - SQL table alias mapping - clubslotbo0_
          - alias suffix - 0_
          - suffixed key columns - {booking_1_2_0_}

2024-07-17 18:30:09,859 DEBUG org.hibernate.loader.entity.plan.EntityLoader [task-1] Static select for entity com.booking.model.slot.ClubSlotBooking [READ]: select clubslotbo0_.booking_id as booking_1_2_0_, clubslotbo0_.booking_status as booking_2_2_0_, clubslotbo0_.booking_type as booking_3_2_0_, clubslotbo0_.created_by as created_4_2_0_, clubslotbo0_.created_date as created_5_2_0_, clubslotbo0_.player as player6_2_0_, clubslotbo0_.player_count as player_c7_2_0_, clubslotbo0_.primary_booking_id as primary_8_2_0_, clubslotbo0_.secondary_booking as secondar9_2_0_, clubslotbo0_.slot_date as slot_da10_2_0_, clubslotbo0_.slot_id as slot_id11_2_0_, clubslotbo0_.user_id as user_id12_2_0_ from club_slot_booking clubslotbo0_ where clubslotbo0_.booking_id=?
2024-07-17 18:30:09,860 DEBUG org.hibernate.loader.entity.CascadeEntityLoader [task-1] Static select for action ACTION_MERGE on entity com.booking.model.slot.ClubSlotBooking: select clubslotbo0_.booking_id as booking_1_2_0_, clubslotbo0_.booking_status as booking_2_2_0_, clubslotbo0_.booking_type as booking_3_2_0_, clubslotbo0_.created_by as created_4_2_0_, clubslotbo0_.created_date as created_5_2_0_, clubslotbo0_.player as player6_2_0_, clubslotbo0_.player_count as player_c7_2_0_, clubslotbo0_.primary_booking_id as primary_8_2_0_, clubslotbo0_.secondary_booking as secondar9_2_0_, clubslotbo0_.slot_date as slot_da10_2_0_, clubslotbo0_.slot_id as slot_id11_2_0_, clubslotbo0_.user_id as user_id12_2_0_ from club_slot_booking clubslotbo0_ where clubslotbo0_.booking_id=?
2024-07-17 18:30:09,860 DEBUG org.hibernate.loader.entity.CascadeEntityLoader [task-1] Static select for action ACTION_REFRESH on entity com.booking.model.slot.ClubSlotBooking: select clubslotbo0_.booking_id as booking_1_2_0_, clubslotbo0_.booking_status as booking_2_2_0_, clubslotbo0_.booking_type as booking_3_2_0_, clubslotbo0_.created_by as created_4_2_0_, clubslotbo0_.created_date as created_5_2_0_, clubslotbo0_.player as player6_2_0_, clubslotbo0_.player_count as player_c7_2_0_, clubslotbo0_.primary_booking_id as primary_8_2_0_, clubslotbo0_.secondary_booking as secondar9_2_0_, clubslotbo0_.slot_date as slot_da10_2_0_, clubslotbo0_.slot_id as slot_id11_2_0_, clubslotbo0_.user_id as user_id12_2_0_ from club_slot_booking clubslotbo0_ where clubslotbo0_.booking_id=?
2024-07-17 18:30:09,861 DEBUG org.hibernate.persister.entity.AbstractEntityPersister [task-1] Static SQL for entity: com.booking.model.user.ClubConfig
2024-07-17 18:30:09,861 DEBUG org.hibernate.persister.entity.AbstractEntityPersister [task-1]  Version select: select config_id from club_config where config_id =?
2024-07-17 18:30:09,861 DEBUG org.hibernate.persister.entity.AbstractEntityPersister [task-1]  Snapshot select: select clubconfig_.config_id, clubconfig_.category as category2_0_, clubconfig_.date_modified as date_mod3_0_, clubconfig_.key as key4_0_, clubconfig_.modified_by as modified5_0_, clubconfig_.value as value6_0_ from club_config clubconfig_ where clubconfig_.config_id=?
2024-07-17 18:30:09,861 DEBUG org.jboss.logging.DelegatingBasicLogger [task-1]  Insert 0: insert into club_config (category, date_modified, key, modified_by, value, config_id) values (?, ?, ?, ?, ?, ?)
2024-07-17 18:30:09,862 DEBUG org.jboss.logging.DelegatingBasicLogger [task-1]  Update 0: update club_config set category=?, date_modified=?, key=?, modified_by=?, value=? where config_id=?
2024-07-17 18:30:09,862 DEBUG org.jboss.logging.DelegatingBasicLogger [task-1]  Delete 0: delete from club_config where config_id=?
2024-07-17 18:30:09,862 DEBUG org.hibernate.persister.entity.AbstractEntityPersister [task-1]  Identity insert: insert into club_config (category, date_modified, key, modified_by, value) values (?, ?, ?, ?, ?)
2024-07-17 18:30:09,862 DEBUG org.hibernate.loader.plan.build.internal.spaces.QuerySpacesImpl [task-1] Adding QuerySpace : uid = <gen:0> -> org.hibernate.loader.plan.build.internal.spaces.EntityQuerySpaceImpl@5392165f]
2024-07-17 18:30:09,862 DEBUG org.hibernate.persister.walking.spi.MetamodelGraphWalker [task-1] Visiting attribute path : category
2024-07-17 18:30:09,863 DEBUG org.hibernate.persister.walking.spi.MetamodelGraphWalker [task-1] Visiting attribute path : dateModified
2024-07-17 18:30:09,863 DEBUG org.hibernate.persister.walking.spi.MetamodelGraphWalker [task-1] Visiting attribute path : key
2024-07-17 18:30:09,863 DEBUG org.hibernate.persister.walking.spi.MetamodelGraphWalker [task-1] Visiting attribute path : modifiedBy
2024-07-17 18:30:09,863 DEBUG org.hibernate.persister.walking.spi.MetamodelGraphWalker [task-1] Visiting attribute path : value
2024-07-17 18:30:09,863 DEBUG org.hibernate.loader.plan.build.internal.FetchStyleLoadPlanBuildingAssociationVisitationStrategy [task-1] Building LoadPlan...
2024-07-17 18:30:09,863 DEBUG org.hibernate.loader.plan.exec.internal.LoadQueryJoinAndFetchProcessor [task-1] processing queryspace <gen:0>
2024-07-17 18:30:09,864 DEBUG org.hibernate.loader.plan.build.spi.LoadPlanTreePrinter [task-1] LoadPlan(entity=com.booking.model.user.ClubConfig)
    - Returns
       - EntityReturnImpl(entity=com.booking.model.user.ClubConfig, querySpaceUid=<gen:0>, path=com.booking.model.user.ClubConfig)
    - QuerySpaces
       - EntityQuerySpaceImpl(uid=<gen:0>, entity=com.booking.model.user.ClubConfig)
          - SQL table alias mapping - clubconfig0_
          - alias suffix - 0_
          - suffixed key columns - {config_i1_0_0_}

2024-07-17 18:30:09,864 DEBUG org.hibernate.loader.entity.plan.EntityLoader [task-1] Static select for entity com.booking.model.user.ClubConfig [NONE]: select clubconfig0_.config_id as config_i1_0_0_, clubconfig0_.category as category2_0_0_, clubconfig0_.date_modified as date_mod3_0_0_, clubconfig0_.key as key4_0_0_, clubconfig0_.modified_by as modified5_0_0_, clubconfig0_.value as value6_0_0_ from club_config clubconfig0_ where clubconfig0_.config_id=?
2024-07-17 18:30:09,864 DEBUG org.hibernate.loader.plan.build.internal.spaces.QuerySpacesImpl [task-1] Adding QuerySpace : uid = <gen:0> -> org.hibernate.loader.plan.build.internal.spaces.EntityQuerySpaceImpl@703ffeac]
2024-07-17 18:30:09,865 DEBUG org.hibernate.persister.walking.spi.MetamodelGraphWalker [task-1] Visiting attribute path : category
2024-07-17 18:30:09,865 DEBUG org.hibernate.persister.walking.spi.MetamodelGraphWalker [task-1] Visiting attribute path : dateModified
2024-07-17 18:30:09,865 DEBUG org.hibernate.persister.walking.spi.MetamodelGraphWalker [task-1] Visiting attribute path : key
2024-07-17 18:30:09,865 DEBUG org.hibernate.persister.walking.spi.MetamodelGraphWalker [task-1] Visiting attribute path : modifiedBy
2024-07-17 18:30:09,865 DEBUG org.hibernate.persister.walking.spi.MetamodelGraphWalker [task-1] Visiting attribute path : value
2024-07-17 18:30:09,866 DEBUG org.hibernate.loader.plan.build.internal.FetchStyleLoadPlanBuildingAssociationVisitationStrategy [task-1] Building LoadPlan...
2024-07-17 18:30:09,866 DEBUG org.hibernate.loader.plan.exec.internal.LoadQueryJoinAndFetchProcessor [task-1] processing queryspace <gen:0>
2024-07-17 18:30:09,866 DEBUG org.hibernate.loader.plan.build.spi.LoadPlanTreePrinter [task-1] LoadPlan(entity=com.booking.model.user.ClubConfig)
    - Returns
       - EntityReturnImpl(entity=com.booking.model.user.ClubConfig, querySpaceUid=<gen:0>, path=com.booking.model.user.ClubConfig)
    - QuerySpaces
       - EntityQuerySpaceImpl(uid=<gen:0>, entity=com.booking.model.user.ClubConfig)
          - SQL table alias mapping - clubconfig0_
          - alias suffix - 0_
          - suffixed key columns - {config_i1_0_0_}

2024-07-17 18:30:09,867 DEBUG org.hibernate.loader.entity.plan.EntityLoader [task-1] Static select for entity com.booking.model.user.ClubConfig [READ]: select clubconfig0_.config_id as config_i1_0_0_, clubconfig0_.category as category2_0_0_, clubconfig0_.date_modified as date_mod3_0_0_, clubconfig0_.key as key4_0_0_, clubconfig0_.modified_by as modified5_0_0_, clubconfig0_.value as value6_0_0_ from club_config clubconfig0_ where clubconfig0_.config_id=?
2024-07-17 18:30:09,867 DEBUG org.hibernate.loader.entity.CascadeEntityLoader [task-1] Static select for action ACTION_MERGE on entity com.booking.model.user.ClubConfig: select clubconfig0_.config_id as config_i1_0_0_, clubconfig0_.category as category2_0_0_, clubconfig0_.date_modified as date_mod3_0_0_, clubconfig0_.key as key4_0_0_, clubconfig0_.modified_by as modified5_0_0_, clubconfig0_.value as value6_0_0_ from club_config clubconfig0_ where clubconfig0_.config_id=?
2024-07-17 18:30:09,867 DEBUG org.hibernate.loader.entity.CascadeEntityLoader [task-1] Static select for action ACTION_REFRESH on entity com.booking.model.user.ClubConfig: select clubconfig0_.config_id as config_i1_0_0_, clubconfig0_.category as category2_0_0_, clubconfig0_.date_modified as date_mod3_0_0_, clubconfig0_.key as key4_0_0_, clubconfig0_.modified_by as modified5_0_0_, clubconfig0_.value as value6_0_0_ from club_config clubconfig0_ where clubconfig0_.config_id=?
2024-07-17 18:30:09,868 DEBUG org.hibernate.persister.entity.AbstractEntityPersister [task-1] Static SQL for entity: com.booking.model.user.Roles
2024-07-17 18:30:09,868 DEBUG org.hibernate.persister.entity.AbstractEntityPersister [task-1]  Version select: select role_id from roles where role_id =?
2024-07-17 18:30:09,868 DEBUG org.hibernate.persister.entity.AbstractEntityPersister [task-1]  Snapshot select: select roles_.role_id, roles_.name as name2_4_, roles_.role as role3_4_ from roles roles_ where roles_.role_id=?
2024-07-17 18:30:09,868 DEBUG org.jboss.logging.DelegatingBasicLogger [task-1]  Insert 0: insert into roles (name, role, role_id) values (?, ?, ?)
2024-07-17 18:30:09,868 DEBUG org.jboss.logging.DelegatingBasicLogger [task-1]  Update 0: update roles set name=?, role=? where role_id=?
2024-07-17 18:30:09,869 DEBUG org.jboss.logging.DelegatingBasicLogger [task-1]  Delete 0: delete from roles where role_id=?
2024-07-17 18:30:09,869 DEBUG org.hibernate.loader.plan.build.internal.spaces.QuerySpacesImpl [task-1] Adding QuerySpace : uid = <gen:0> -> org.hibernate.loader.plan.build.internal.spaces.EntityQuerySpaceImpl@4a313e2]
2024-07-17 18:30:09,869 DEBUG org.hibernate.persister.walking.spi.MetamodelGraphWalker [task-1] Visiting attribute path : name
2024-07-17 18:30:09,869 DEBUG org.hibernate.persister.walking.spi.MetamodelGraphWalker [task-1] Visiting attribute path : role
2024-07-17 18:30:09,870 DEBUG org.hibernate.loader.plan.build.internal.FetchStyleLoadPlanBuildingAssociationVisitationStrategy [task-1] Building LoadPlan...
2024-07-17 18:30:09,870 DEBUG org.hibernate.loader.plan.exec.internal.LoadQueryJoinAndFetchProcessor [task-1] processing queryspace <gen:0>
2024-07-17 18:30:09,871 DEBUG org.hibernate.loader.plan.build.spi.LoadPlanTreePrinter [task-1] LoadPlan(entity=com.booking.model.user.Roles)
    - Returns
       - EntityReturnImpl(entity=com.booking.model.user.Roles, querySpaceUid=<gen:0>, path=com.booking.model.user.Roles)
    - QuerySpaces
       - EntityQuerySpaceImpl(uid=<gen:0>, entity=com.booking.model.user.Roles)
          - SQL table alias mapping - roles0_
          - alias suffix - 0_
          - suffixed key columns - {role_id1_4_0_}

2024-07-17 18:30:09,871 DEBUG org.hibernate.loader.entity.plan.EntityLoader [task-1] Static select for entity com.booking.model.user.Roles [NONE]: select roles0_.role_id as role_id1_4_0_, roles0_.name as name2_4_0_, roles0_.role as role3_4_0_ from roles roles0_ where roles0_.role_id=?
2024-07-17 18:30:09,871 DEBUG org.hibernate.loader.plan.build.internal.spaces.QuerySpacesImpl [task-1] Adding QuerySpace : uid = <gen:0> -> org.hibernate.loader.plan.build.internal.spaces.EntityQuerySpaceImpl@5380f3a3]
2024-07-17 18:30:09,872 DEBUG org.hibernate.persister.walking.spi.MetamodelGraphWalker [task-1] Visiting attribute path : name
2024-07-17 18:30:09,872 DEBUG org.hibernate.persister.walking.spi.MetamodelGraphWalker [task-1] Visiting attribute path : role
2024-07-17 18:30:09,872 DEBUG org.hibernate.loader.plan.build.internal.FetchStyleLoadPlanBuildingAssociationVisitationStrategy [task-1] Building LoadPlan...
2024-07-17 18:30:09,872 DEBUG org.hibernate.loader.plan.exec.internal.LoadQueryJoinAndFetchProcessor [task-1] processing queryspace <gen:0>
2024-07-17 18:30:09,873 DEBUG org.hibernate.loader.plan.build.spi.LoadPlanTreePrinter [task-1] LoadPlan(entity=com.booking.model.user.Roles)
    - Returns
       - EntityReturnImpl(entity=com.booking.model.user.Roles, querySpaceUid=<gen:0>, path=com.booking.model.user.Roles)
    - QuerySpaces
       - EntityQuerySpaceImpl(uid=<gen:0>, entity=com.booking.model.user.Roles)
          - SQL table alias mapping - roles0_
          - alias suffix - 0_
          - suffixed key columns - {role_id1_4_0_}

2024-07-17 18:30:09,873 DEBUG org.hibernate.loader.entity.plan.EntityLoader [task-1] Static select for entity com.booking.model.user.Roles [READ]: select roles0_.role_id as role_id1_4_0_, roles0_.name as name2_4_0_, roles0_.role as role3_4_0_ from roles roles0_ where roles0_.role_id=?
2024-07-17 18:30:09,873 DEBUG org.hibernate.loader.entity.CascadeEntityLoader [task-1] Static select for action ACTION_MERGE on entity com.booking.model.user.Roles: select roles0_.role_id as role_id1_4_0_, roles0_.name as name2_4_0_, roles0_.role as role3_4_0_ from roles roles0_ where roles0_.role_id=?
2024-07-17 18:30:09,873 DEBUG org.hibernate.loader.entity.CascadeEntityLoader [task-1] Static select for action ACTION_REFRESH on entity com.booking.model.user.Roles: select roles0_.role_id as role_id1_4_0_, roles0_.name as name2_4_0_, roles0_.role as role3_4_0_ from roles roles0_ where roles0_.role_id=?
2024-07-17 18:30:09,874 DEBUG org.hibernate.persister.entity.AbstractEntityPersister [task-1] Static SQL for entity: com.booking.model.slot.UserBooking
2024-07-17 18:30:09,875 DEBUG org.hibernate.persister.entity.AbstractEntityPersister [task-1]  Version select: select user_booking_id from user_booking where user_booking_id =?
2024-07-17 18:30:09,875 DEBUG org.hibernate.persister.entity.AbstractEntityPersister [task-1]  Snapshot select: select userbookin_.user_booking_id, userbookin_.approval_status as approval2_5_, userbookin_.booking_id as booking_3_5_, userbookin_.booking_name as booking_4_5_, userbookin_.booking_type as booking_5_5_, userbookin_.date_modified as date_mod6_5_, userbookin_.modified_by as modified7_5_, userbookin_.players_name as players_8_5_, userbookin_.slot_id as slot_id9_5_, userbookin_.user_id as user_id10_5_, userbookin_.user_name as user_na11_5_ from user_booking userbookin_ where userbookin_.user_booking_id=?
2024-07-17 18:30:09,875 DEBUG org.jboss.logging.DelegatingBasicLogger [task-1]  Insert 0: insert into user_booking (approval_status, booking_id, booking_name, booking_type, date_modified, modified_by, players_name, slot_id, user_id, user_name, user_booking_id) values (?, ?, ?, ?, ?, ?, ?, ?, ?, ?, ?)
2024-07-17 18:30:09,875 DEBUG org.jboss.logging.DelegatingBasicLogger [task-1]  Update 0: update user_booking set approval_status=?, booking_id=?, booking_name=?, booking_type=?, date_modified=?, modified_by=?, players_name=?, slot_id=?, user_id=?, user_name=? where user_booking_id=?
2024-07-17 18:30:09,876 DEBUG org.jboss.logging.DelegatingBasicLogger [task-1]  Delete 0: delete from user_booking where user_booking_id=?
2024-07-17 18:30:09,876 DEBUG org.hibernate.persister.entity.AbstractEntityPersister [task-1]  Identity insert: insert into user_booking (approval_status, booking_id, booking_name, booking_type, date_modified, modified_by, players_name, slot_id, user_id, user_name) values (?, ?, ?, ?, ?, ?, ?, ?, ?, ?)
2024-07-17 18:30:09,876 DEBUG org.hibernate.loader.plan.build.internal.spaces.QuerySpacesImpl [task-1] Adding QuerySpace : uid = <gen:0> -> org.hibernate.loader.plan.build.internal.spaces.EntityQuerySpaceImpl@e8c2441]
2024-07-17 18:30:09,876 DEBUG org.hibernate.persister.walking.spi.MetamodelGraphWalker [task-1] Visiting attribute path : approvalStatus
2024-07-17 18:30:09,877 DEBUG org.hibernate.persister.walking.spi.MetamodelGraphWalker [task-1] Visiting attribute path : bookingId
2024-07-17 18:30:09,877 DEBUG org.hibernate.persister.walking.spi.MetamodelGraphWalker [task-1] Visiting attribute path : bookingName
2024-07-17 18:30:09,877 DEBUG org.hibernate.persister.walking.spi.MetamodelGraphWalker [task-1] Visiting attribute path : bookingType
2024-07-17 18:30:09,877 DEBUG org.hibernate.persister.walking.spi.MetamodelGraphWalker [task-1] Visiting attribute path : dateModified
2024-07-17 18:30:09,877 DEBUG org.hibernate.persister.walking.spi.MetamodelGraphWalker [task-1] Visiting attribute path : modifiedBy
2024-07-17 18:30:09,878 DEBUG org.hibernate.persister.walking.spi.MetamodelGraphWalker [task-1] Visiting attribute path : playersName
2024-07-17 18:30:09,878 DEBUG org.hibernate.persister.walking.spi.MetamodelGraphWalker [task-1] Visiting attribute path : slotId
2024-07-17 18:30:09,878 DEBUG org.hibernate.persister.walking.spi.MetamodelGraphWalker [task-1] Visiting attribute path : userId
2024-07-17 18:30:09,878 DEBUG org.hibernate.persister.walking.spi.MetamodelGraphWalker [task-1] Visiting attribute path : userName
2024-07-17 18:30:09,879 DEBUG org.hibernate.loader.plan.build.internal.FetchStyleLoadPlanBuildingAssociationVisitationStrategy [task-1] Building LoadPlan...
2024-07-17 18:30:09,879 DEBUG org.hibernate.loader.plan.exec.internal.LoadQueryJoinAndFetchProcessor [task-1] processing queryspace <gen:0>
2024-07-17 18:30:09,880 DEBUG org.hibernate.loader.plan.build.spi.LoadPlanTreePrinter [task-1] LoadPlan(entity=com.booking.model.slot.UserBooking)
    - Returns
       - EntityReturnImpl(entity=com.booking.model.slot.UserBooking, querySpaceUid=<gen:0>, path=com.booking.model.slot.UserBooking)
    - QuerySpaces
       - EntityQuerySpaceImpl(uid=<gen:0>, entity=com.booking.model.slot.UserBooking)
          - SQL table alias mapping - userbookin0_
          - alias suffix - 0_
          - suffixed key columns - {user_boo1_5_0_}

2024-07-17 18:30:09,881 DEBUG org.hibernate.loader.entity.plan.EntityLoader [task-1] Static select for entity com.booking.model.slot.UserBooking [NONE]: select userbookin0_.user_booking_id as user_boo1_5_0_, userbookin0_.approval_status as approval2_5_0_, userbookin0_.booking_id as booking_3_5_0_, userbookin0_.booking_name as booking_4_5_0_, userbookin0_.booking_type as booking_5_5_0_, userbookin0_.date_modified as date_mod6_5_0_, userbookin0_.modified_by as modified7_5_0_, userbookin0_.players_name as players_8_5_0_, userbookin0_.slot_id as slot_id9_5_0_, userbookin0_.user_id as user_id10_5_0_, userbookin0_.user_name as user_na11_5_0_ from user_booking userbookin0_ where userbookin0_.user_booking_id=?
2024-07-17 18:30:09,881 DEBUG org.hibernate.loader.plan.build.internal.spaces.QuerySpacesImpl [task-1] Adding QuerySpace : uid = <gen:0> -> org.hibernate.loader.plan.build.internal.spaces.EntityQuerySpaceImpl@2b919dde]
2024-07-17 18:30:09,881 DEBUG org.hibernate.persister.walking.spi.MetamodelGraphWalker [task-1] Visiting attribute path : approvalStatus
2024-07-17 18:30:09,882 DEBUG org.hibernate.persister.walking.spi.MetamodelGraphWalker [task-1] Visiting attribute path : bookingId
2024-07-17 18:30:09,882 DEBUG org.hibernate.persister.walking.spi.MetamodelGraphWalker [task-1] Visiting attribute path : bookingName
2024-07-17 18:30:09,882 DEBUG org.hibernate.persister.walking.spi.MetamodelGraphWalker [task-1] Visiting attribute path : bookingType
2024-07-17 18:30:09,882 DEBUG org.hibernate.persister.walking.spi.MetamodelGraphWalker [task-1] Visiting attribute path : dateModified
2024-07-17 18:30:09,882 DEBUG org.hibernate.persister.walking.spi.MetamodelGraphWalker [task-1] Visiting attribute path : modifiedBy
2024-07-17 18:30:09,883 DEBUG org.hibernate.persister.walking.spi.MetamodelGraphWalker [task-1] Visiting attribute path : playersName
2024-07-17 18:30:09,883 DEBUG org.hibernate.persister.walking.spi.MetamodelGraphWalker [task-1] Visiting attribute path : slotId
2024-07-17 18:30:09,883 DEBUG org.hibernate.persister.walking.spi.MetamodelGraphWalker [task-1] Visiting attribute path : userId
2024-07-17 18:30:09,883 DEBUG org.hibernate.persister.walking.spi.MetamodelGraphWalker [task-1] Visiting attribute path : userName
2024-07-17 18:30:09,883 DEBUG org.hibernate.loader.plan.build.internal.FetchStyleLoadPlanBuildingAssociationVisitationStrategy [task-1] Building LoadPlan...
2024-07-17 18:30:09,884 DEBUG org.hibernate.loader.plan.exec.internal.LoadQueryJoinAndFetchProcessor [task-1] processing queryspace <gen:0>
2024-07-17 18:30:09,884 DEBUG org.hibernate.loader.plan.build.spi.LoadPlanTreePrinter [task-1] LoadPlan(entity=com.booking.model.slot.UserBooking)
    - Returns
       - EntityReturnImpl(entity=com.booking.model.slot.UserBooking, querySpaceUid=<gen:0>, path=com.booking.model.slot.UserBooking)
    - QuerySpaces
       - EntityQuerySpaceImpl(uid=<gen:0>, entity=com.booking.model.slot.UserBooking)
          - SQL table alias mapping - userbookin0_
          - alias suffix - 0_
          - suffixed key columns - {user_boo1_5_0_}

2024-07-17 18:30:09,884 DEBUG org.hibernate.loader.entity.plan.EntityLoader [task-1] Static select for entity com.booking.model.slot.UserBooking [READ]: select userbookin0_.user_booking_id as user_boo1_5_0_, userbookin0_.approval_status as approval2_5_0_, userbookin0_.booking_id as booking_3_5_0_, userbookin0_.booking_name as booking_4_5_0_, userbookin0_.booking_type as booking_5_5_0_, userbookin0_.date_modified as date_mod6_5_0_, userbookin0_.modified_by as modified7_5_0_, userbookin0_.players_name as players_8_5_0_, userbookin0_.slot_id as slot_id9_5_0_, userbookin0_.user_id as user_id10_5_0_, userbookin0_.user_name as user_na11_5_0_ from user_booking userbookin0_ where userbookin0_.user_booking_id=?
2024-07-17 18:30:09,885 DEBUG org.hibernate.loader.entity.CascadeEntityLoader [task-1] Static select for action ACTION_MERGE on entity com.booking.model.slot.UserBooking: select userbookin0_.user_booking_id as user_boo1_5_0_, userbookin0_.approval_status as approval2_5_0_, userbookin0_.booking_id as booking_3_5_0_, userbookin0_.booking_name as booking_4_5_0_, userbookin0_.booking_type as booking_5_5_0_, userbookin0_.date_modified as date_mod6_5_0_, userbookin0_.modified_by as modified7_5_0_, userbookin0_.players_name as players_8_5_0_, userbookin0_.slot_id as slot_id9_5_0_, userbookin0_.user_id as user_id10_5_0_, userbookin0_.user_name as user_na11_5_0_ from user_booking userbookin0_ where userbookin0_.user_booking_id=?
2024-07-17 18:30:09,885 DEBUG org.hibernate.loader.entity.CascadeEntityLoader [task-1] Static select for action ACTION_REFRESH on entity com.booking.model.slot.UserBooking: select userbookin0_.user_booking_id as user_boo1_5_0_, userbookin0_.approval_status as approval2_5_0_, userbookin0_.booking_id as booking_3_5_0_, userbookin0_.booking_name as booking_4_5_0_, userbookin0_.booking_type as booking_5_5_0_, userbookin0_.date_modified as date_mod6_5_0_, userbookin0_.modified_by as modified7_5_0_, userbookin0_.players_name as players_8_5_0_, userbookin0_.slot_id as slot_id9_5_0_, userbookin0_.user_id as user_id10_5_0_, userbookin0_.user_name as user_na11_5_0_ from user_booking userbookin0_ where userbookin0_.user_booking_id=?
2024-07-17 18:30:09,893 DEBUG org.hibernate.loader.plan.build.internal.spaces.QuerySpacesImpl [task-1] Adding QuerySpace : uid = <gen:0> -> org.hibernate.loader.plan.build.internal.spaces.CollectionQuerySpaceImpl@609b750f]
2024-07-17 18:30:09,893 DEBUG org.hibernate.loader.plan.build.internal.spaces.QuerySpacesImpl [task-1] Adding QuerySpace : uid = <gen:1> -> org.hibernate.loader.plan.build.internal.spaces.EntityQuerySpaceImpl@5dac4a53]
2024-07-17 18:30:09,893 DEBUG org.hibernate.persister.walking.spi.MetamodelGraphWalker [task-1] Visiting attribute path : name
2024-07-17 18:30:09,894 DEBUG org.hibernate.persister.walking.spi.MetamodelGraphWalker [task-1] Visiting attribute path : role
2024-07-17 18:30:09,894 DEBUG org.hibernate.loader.plan.build.internal.FetchStyleLoadPlanBuildingAssociationVisitationStrategy [task-1] Building LoadPlan...
2024-07-17 18:30:09,897 DEBUG org.hibernate.loader.plan.exec.internal.LoadQueryJoinAndFetchProcessor [task-1] processing queryspace <gen:0>
2024-07-17 18:30:09,897 DEBUG org.hibernate.loader.plan.build.spi.LoadPlanTreePrinter [task-1] LoadPlan(collection=com.booking.model.user.ClubUser.roles)
    - Returns
       - CollectionReturnImpl(collection=com.booking.model.user.ClubUser.roles, querySpaceUid=<gen:0>, path=[com.booking.model.user.ClubUser.roles])
          - (collection element) CollectionFetchableElementEntityGraph(entity=com.booking.model.user.Roles, querySpaceUid=<gen:1>, path=[com.booking.model.user.ClubUser.roles].<elements>)
    - QuerySpaces
       - CollectionQuerySpaceImpl(uid=<gen:0>, collection=com.booking.model.user.ClubUser.roles)
          - SQL table alias mapping - roles0_
          - alias suffix - 0_
          - suffixed key columns - {user_id1_6_0_}
          - entity-element alias suffix - 1_
          - 1_entity-element suffixed key columns - role_id1_4_1_
          - JOIN (JoinDefinedByMetadata(elements)) : <gen:0> -> <gen:1>
             - EntityQuerySpaceImpl(uid=<gen:1>, entity=com.booking.model.user.Roles)
                - SQL table alias mapping - roles1_
                - alias suffix - 1_
                - suffixed key columns - {role_id1_4_1_}

2024-07-17 18:30:09,898 DEBUG org.hibernate.loader.collection.plan.CollectionLoader [task-1] Static select for collection com.booking.model.user.ClubUser.roles: select roles0_.user_id as user_id1_6_0_, roles0_.role_id as role_id2_6_0_, roles1_.role_id as role_id1_4_1_, roles1_.name as name2_4_1_, roles1_.role as role3_4_1_ from user_roles roles0_ inner join roles roles1_ on roles0_.role_id=roles1_.role_id where roles0_.user_id=?
2024-07-17 18:30:09,986 DEBUG org.hibernate.tool.schema.spi.SchemaManagementToolCoordinator [task-1] No actions specified; doing nothing
2024-07-17 18:30:09,986 INFO org.hibernate.engine.transaction.jta.platform.internal.JtaPlatformInitiator [task-1] HHH000490: Using JtaPlatform implementation: [org.hibernate.engine.transaction.jta.platform.internal.NoJtaPlatform]
2024-07-17 18:30:09,988 DEBUG org.hibernate.query.spi.NamedQueryRepository [task-1] Checking 1 named HQL queries
2024-07-17 18:30:09,988 DEBUG org.hibernate.query.spi.NamedQueryRepository [task-1] Checking named query: ClubSlotBooking.findAll
2024-07-17 18:30:10,006 DEBUG org.hibernate.stat.internal.StatisticsInitiator [task-1] Statistics initialized [enabled=false]
2024-07-17 18:30:10,018 DEBUG org.hibernate.hql.internal.QueryTranslatorFactoryInitiator [task-1] QueryTranslatorFactory: org.hibernate.hql.internal.ast.ASTQueryTranslatorFactory@49bcbe45
2024-07-17 18:30:10,062 DEBUG org.hibernate.hql.internal.ast.QueryTranslatorImpl [task-1] parse() - HQL: SELECT o FROM com.booking.model.slot.ClubSlotBooking o
2024-07-17 18:30:10,068 DEBUG org.hibernate.hql.internal.ast.ErrorTracker [task-1] throwQueryException() : no errors
2024-07-17 18:30:10,080 DEBUG org.hibernate.hql.internal.ast.QueryTranslatorImpl [task-1] --- HQL AST ---
 \-[QUERY] Node: 'query'
    \-[SELECT_FROM] Node: 'SELECT_FROM'
       +-[FROM] Node: 'FROM'
       |  \-[RANGE] Node: 'RANGE'
       |     +-[DOT] Node: '.'
       |     |  +-[DOT] Node: '.'
       |     |  |  +-[DOT] Node: '.'
       |     |  |  |  +-[DOT] Node: '.'
       |     |  |  |  |  +-[IDENT] Node: 'com'
       |     |  |  |  |  \-[IDENT] Node: 'booking'
       |     |  |  |  \-[IDENT] Node: 'model'
       |     |  |  \-[IDENT] Node: 'slot'
       |     |  \-[IDENT] Node: 'ClubSlotBooking'
       |     \-[ALIAS] Node: 'o'
       \-[SELECT] Node: 'SELECT'
          \-[IDENT] Node: 'o'

2024-07-17 18:30:10,109 DEBUG org.hibernate.hql.internal.antlr.HqlSqlBaseWalker [task-1] select << begin [level=1, statement=select]
2024-07-17 18:30:10,130 DEBUG org.hibernate.hql.internal.ast.tree.FromElement [task-1] FromClause{level=1} : com.booking.model.slot.ClubSlotBooking (o) -> clubslotbo0_
2024-07-17 18:30:10,132 DEBUG org.hibernate.hql.internal.ast.tree.FromReferenceNode [task-1] Resolved : o -> clubslotbo0_.booking_id
2024-07-17 18:30:10,134 DEBUG org.hibernate.hql.internal.antlr.HqlSqlBaseWalker [task-1] select : finishing up [level=1, statement=select]
2024-07-17 18:30:10,135 DEBUG org.hibernate.hql.internal.ast.HqlSqlWalker [task-1] processQuery() :  ( SELECT ( {select clause} clubslotbo0_.booking_id ) ( FromClause{level=1} club_slot_booking clubslotbo0_ ) )
2024-07-17 18:30:10,145 DEBUG org.hibernate.hql.internal.ast.util.JoinProcessor [task-1] Tables referenced from query nodes:
 \-QueryNode
    +-SelectClause
    | referencedTables(entity ClubSlotBooking): [club_slot_booking]
    |  +-IdentNode
    |  | persister: SingleTableEntityPersister(com.booking.model.slot.ClubSlotBooking)
    |  | originalText: o
    |  \-SqlFragment
    \-FromClause
       \-FromElement

2024-07-17 18:30:10,149 DEBUG org.hibernate.hql.internal.ast.util.JoinProcessor [task-1] Using FROM fragment [club_slot_booking clubslotbo0_]
2024-07-17 18:30:10,150 DEBUG org.hibernate.hql.internal.antlr.HqlSqlBaseWalker [task-1] select >> end [level=1, statement=select]
2024-07-17 18:30:10,150 DEBUG org.hibernate.hql.internal.ast.QueryTranslatorImpl [task-1] --- SQL AST ---
 \-[SELECT] QueryNode: 'SELECT'  querySpaces (club_slot_booking)
    +-[SELECT_CLAUSE] SelectClause: '{select clause}'
    |  +-[ALIAS_REF] IdentNode: 'clubslotbo0_.booking_id as booking_1_2_' {alias=o, className=com.booking.model.slot.ClubSlotBooking, tableAlias=clubslotbo0_}
    |  \-[SQL_TOKEN] SqlFragment: 'clubslotbo0_.booking_status as booking_2_2_, clubslotbo0_.booking_type as booking_3_2_, clubslotbo0_.created_by as created_4_2_, clubslotbo0_.created_date as created_5_2_, clubslotbo0_.player as player6_2_, clubslotbo0_.player_count as player_c7_2_, clubslotbo0_.primary_booking_id as primary_8_2_, clubslotbo0_.secondary_booking as secondar9_2_, clubslotbo0_.slot_date as slot_da10_2_, clubslotbo0_.slot_id as slot_id11_2_, clubslotbo0_.user_id as user_id12_2_'
    \-[FROM] FromClause: 'FROM' FromClause{level=1, fromElementCounter=1, fromElements=1, fromElementByClassAlias=[o], fromElementByTableAlias=[clubslotbo0_], fromElementsByPath=[], collectionJoinFromElementsByPath=[], impliedElements=[]}
       \-[FROM_FRAGMENT] FromElement: 'club_slot_booking clubslotbo0_' FromElement{explicit,not a collection join,not a fetch join,fetch non-lazy properties,classAlias=o,role=null,tableName=club_slot_booking,tableAlias=clubslotbo0_,origin=null,columns={,className=com.booking.model.slot.ClubSlotBooking}}

2024-07-17 18:30:10,150 DEBUG org.hibernate.hql.internal.ast.ErrorTracker [task-1] throwQueryException() : no errors
2024-07-17 18:30:10,160 DEBUG org.hibernate.hql.internal.ast.QueryTranslatorImpl [task-1] HQL: SELECT o FROM com.booking.model.slot.ClubSlotBooking o
2024-07-17 18:30:10,161 DEBUG org.hibernate.hql.internal.ast.QueryTranslatorImpl [task-1] SQL: select clubslotbo0_.booking_id as booking_1_2_, clubslotbo0_.booking_status as booking_2_2_, clubslotbo0_.booking_type as booking_3_2_, clubslotbo0_.created_by as created_4_2_, clubslotbo0_.created_date as created_5_2_, clubslotbo0_.player as player6_2_, clubslotbo0_.player_count as player_c7_2_, clubslotbo0_.primary_booking_id as primary_8_2_, clubslotbo0_.secondary_booking as secondar9_2_, clubslotbo0_.slot_date as slot_da10_2_, clubslotbo0_.slot_id as slot_id11_2_, clubslotbo0_.user_id as user_id12_2_ from club_slot_booking clubslotbo0_
2024-07-17 18:30:10,161 DEBUG org.hibernate.hql.internal.ast.ErrorTracker [task-1] throwQueryException() : no errors
2024-07-17 18:30:10,166 DEBUG org.hibernate.query.spi.NamedQueryRepository [task-1] Checking 0 named SQL queries
2024-07-17 18:30:10,180 DEBUG org.hibernate.internal.SessionFactoryRegistry [task-1] Initializing SessionFactoryRegistry : org.hibernate.internal.SessionFactoryRegistry@521660b0
2024-07-17 18:30:10,180 DEBUG org.hibernate.internal.SessionFactoryRegistry [task-1] Registering SessionFactory: 712ee7b1-b3ff-45e9-a511-eae7c6cbfa35 (<unnamed>)
2024-07-17 18:30:10,181 DEBUG org.hibernate.internal.SessionFactoryRegistry [task-1] Not binding SessionFactory to JNDI, no JNDI name configured
2024-07-17 18:30:10,182 INFO org.springframework.orm.jpa.AbstractEntityManagerFactoryBean [task-1] Initialized JPA EntityManagerFactory for persistence unit 'default'
2024-07-17 18:30:10,184 DEBUG org.springframework.jdbc.datasource.DataSourceUtils [task-2] Fetching JDBC Connection from DataSource
2024-07-17 18:30:10,202 DEBUG org.springframework.data.jpa.repository.config.JpaMetamodelMappingContextFactoryBean [main] Finished initializing JpaMetamodelMappingContext!
2024-07-17 18:30:10,240 DEBUG org.springframework.orm.jpa.SharedEntityManagerCreator$SharedEntityManagerInvocationHandler [main] Creating new EntityManager for shared EntityManager invocation
2024-07-17 18:30:10,269 DEBUG sun.rmi.runtime.Log$LoggerLog [RMI TCP Connection(2)-127.0.0.1] RMI TCP Connection(2)-127.0.0.1: (port 58089) op = 82
2024-07-17 18:30:10,270 DEBUG sun.rmi.runtime.Log$LoggerLog [RMI TCP Connection(2)-127.0.0.1] RMI TCP Connection(2)-127.0.0.1: (port 58089) op = 80
2024-07-17 18:30:10,270 DEBUG sun.rmi.runtime.Log$LoggerLog [RMI TCP Connection(2)-127.0.0.1] RMI TCP Connection(2)-127.0.0.1: name = "javax.management.ObjectName", codebase = ""
2024-07-17 18:30:10,271 DEBUG sun.util.logging.internal.LoggingProviderImpl$JULWrapper [RMI TCP Connection(2)-127.0.0.1] connectionId=rmi://127.0.0.1  1, name=org.springframework.boot:type=Admin,name=SpringApplication, attribute=Ready
2024-07-17 18:30:10,314 DEBUG org.springframework.orm.jpa.SharedEntityManagerCreator$SharedEntityManagerInvocationHandler [main] Creating new EntityManager for shared EntityManager invocation
2024-07-17 18:30:10,391 DEBUG org.springframework.data.repository.core.support.RepositoryFactorySupport [main] Initializing repository instance for com.booking.dao.ClubSlotDao…
2024-07-17 18:30:10,415 DEBUG org.springframework.orm.jpa.SharedEntityManagerCreator$SharedEntityManagerInvocationHandler [main] Creating new EntityManager for shared EntityManager invocation
2024-07-17 18:30:10,548 DEBUG org.springframework.data.jpa.repository.query.JpaQueryFactory [main] Looking up query for method findBySlotStartTimeStampAfterAndSlotEndTimeStampBefore
2024-07-17 18:30:10,554 DEBUG org.springframework.orm.jpa.SharedEntityManagerCreator$SharedEntityManagerInvocationHandler [main] Creating new EntityManager for shared EntityManager invocation
2024-07-17 18:30:10,562 DEBUG org.springframework.data.jpa.repository.query.JpaQueryFactory [main] Looking up query for method findBySlotDateBeforeAndSlotDateAfterAndSlotAvailable
2024-07-17 18:30:10,564 DEBUG org.springframework.data.jpa.repository.query.NamedQuery [main] Looking up named query ClubSlot.findBySlotDateBeforeAndSlotDateAfterAndSlotAvailable
2024-07-17 18:30:10,571 DEBUG org.hibernate.engine.transaction.internal.TransactionImpl [main] On TransactionImpl creation, JpaCompliance#isJpaTransactionComplianceEnabled == false
2024-07-17 18:30:10,571 DEBUG org.springframework.data.jpa.repository.query.NamedQuery [main] Did not find named query ClubSlot.findBySlotDateBeforeAndSlotDateAfterAndSlotAvailable
2024-07-17 18:30:10,575 DEBUG org.springframework.orm.jpa.SharedEntityManagerCreator$SharedEntityManagerInvocationHandler [main] Creating new EntityManager for shared EntityManager invocation
2024-07-17 18:30:10,644 DEBUG org.springframework.data.jpa.repository.query.JpaQueryFactory [main] Looking up query for method findBySlotId
2024-07-17 18:30:10,644 DEBUG org.springframework.data.jpa.repository.query.NamedQuery [main] Looking up named query ClubSlot.findBySlotId
2024-07-17 18:30:10,645 DEBUG org.hibernate.engine.transaction.internal.TransactionImpl [main] On TransactionImpl creation, JpaCompliance#isJpaTransactionComplianceEnabled == false
2024-07-17 18:30:10,645 DEBUG org.springframework.data.jpa.repository.query.NamedQuery [main] Did not find named query ClubSlot.findBySlotId
2024-07-17 18:30:10,645 DEBUG org.springframework.orm.jpa.SharedEntityManagerCreator$SharedEntityManagerInvocationHandler [main] Creating new EntityManager for shared EntityManager invocation
2024-07-17 18:30:10,647 DEBUG org.springframework.data.jpa.repository.query.JpaQueryFactory [main] Looking up query for method findBySlotDateBefore
2024-07-17 18:30:10,647 DEBUG org.springframework.data.jpa.repository.query.NamedQuery [main] Looking up named query ClubSlot.findBySlotDateBefore
2024-07-17 18:30:10,648 DEBUG org.hibernate.engine.transaction.internal.TransactionImpl [main] On TransactionImpl creation, JpaCompliance#isJpaTransactionComplianceEnabled == false
2024-07-17 18:30:10,648 DEBUG org.springframework.data.jpa.repository.query.NamedQuery [main] Did not find named query ClubSlot.findBySlotDateBefore
2024-07-17 18:30:10,649 DEBUG org.springframework.orm.jpa.SharedEntityManagerCreator$SharedEntityManagerInvocationHandler [main] Creating new EntityManager for shared EntityManager invocation
2024-07-17 18:30:10,654 DEBUG org.springframework.data.jpa.repository.query.JpaQueryFactory [main] Looking up query for method updateSlotStatus
2024-07-17 18:30:10,654 DEBUG org.springframework.orm.jpa.SharedEntityManagerCreator$SharedEntityManagerInvocationHandler [main] Creating new EntityManager for shared EntityManager invocation
2024-07-17 18:30:10,659 DEBUG org.springframework.data.jpa.repository.query.JpaQueryFactory [main] Looking up query for method findBySlotStartTimeStampGreaterThanEqualAndSlotStartTimeStampLessThanEqual
2024-07-17 18:30:10,659 DEBUG org.springframework.orm.jpa.SharedEntityManagerCreator$SharedEntityManagerInvocationHandler [main] Creating new EntityManager for shared EntityManager invocation
2024-07-17 18:30:10,665 DEBUG org.springframework.data.jpa.repository.query.JpaQueryFactory [main] Looking up query for method deleteSlotsWithinDateRangeAndOnSpecificDays
2024-07-17 18:30:10,665 DEBUG org.springframework.orm.jpa.SharedEntityManagerCreator$SharedEntityManagerInvocationHandler [main] Creating new EntityManager for shared EntityManager invocation
2024-07-17 18:30:10,667 DEBUG org.springframework.data.jpa.repository.query.JpaQueryFactory [main] Looking up query for method updateSlotStatusBySlotId
2024-07-17 18:30:10,668 DEBUG org.springframework.orm.jpa.SharedEntityManagerCreator$SharedEntityManagerInvocationHandler [main] Creating new EntityManager for shared EntityManager invocation
2024-07-17 18:30:10,670 DEBUG org.springframework.data.jpa.repository.query.JpaQueryFactory [main] Looking up query for method findAdminSlot
2024-07-17 18:30:10,671 DEBUG org.springframework.orm.jpa.SharedEntityManagerCreator$SharedEntityManagerInvocationHandler [main] Creating new EntityManager for shared EntityManager invocation
2024-07-17 18:30:10,674 DEBUG org.springframework.data.jpa.repository.query.JpaQueryFactory [main] Looking up query for method findAdminSlot
2024-07-17 18:30:10,674 DEBUG org.springframework.orm.jpa.SharedEntityManagerCreator$SharedEntityManagerInvocationHandler [main] Creating new EntityManager for shared EntityManager invocation
2024-07-17 18:30:10,677 DEBUG org.springframework.data.jpa.repository.query.JpaQueryFactory [main] Looking up query for method findBySlotStartTimeStampAfterOrderBySlotStartTimeStampAsc
2024-07-17 18:30:10,677 DEBUG org.springframework.data.jpa.repository.query.NamedQuery [main] Looking up named query ClubSlot.findBySlotStartTimeStampAfterOrderBySlotStartTimeStampAsc
2024-07-17 18:30:10,678 DEBUG org.hibernate.engine.transaction.internal.TransactionImpl [main] On TransactionImpl creation, JpaCompliance#isJpaTransactionComplianceEnabled == false
2024-07-17 18:30:10,679 DEBUG org.springframework.data.jpa.repository.query.NamedQuery [main] Did not find named query ClubSlot.findBySlotStartTimeStampAfterOrderBySlotStartTimeStampAsc
2024-07-17 18:30:10,679 DEBUG org.springframework.orm.jpa.SharedEntityManagerCreator$SharedEntityManagerInvocationHandler [main] Creating new EntityManager for shared EntityManager invocation
2024-07-17 18:30:10,685 DEBUG org.springframework.data.jpa.repository.query.JpaQueryFactory [main] Looking up query for method updateSlotAvailability
2024-07-17 18:30:10,686 DEBUG org.springframework.orm.jpa.SharedEntityManagerCreator$SharedEntityManagerInvocationHandler [main] Creating new EntityManager for shared EntityManager invocation
2024-07-17 18:30:10,688 DEBUG org.springframework.data.jpa.repository.query.JpaQueryFactory [main] Looking up query for method findBySlotStartTimeStampAfterAndSlotAvailableAndSlotStatusNotOrderBySlotStartTimeStampAsc
2024-07-17 18:30:10,689 DEBUG org.springframework.data.jpa.repository.query.NamedQuery [main] Looking up named query ClubSlot.findBySlotStartTimeStampAfterAndSlotAvailableAndSlotStatusNotOrderBySlotStartTimeStampAsc
2024-07-17 18:30:10,690 DEBUG org.hibernate.engine.transaction.internal.TransactionImpl [main] On TransactionImpl creation, JpaCompliance#isJpaTransactionComplianceEnabled == false
2024-07-17 18:30:10,691 DEBUG org.springframework.data.jpa.repository.query.NamedQuery [main] Did not find named query ClubSlot.findBySlotStartTimeStampAfterAndSlotAvailableAndSlotStatusNotOrderBySlotStartTimeStampAsc
2024-07-17 18:30:10,691 DEBUG org.springframework.orm.jpa.SharedEntityManagerCreator$SharedEntityManagerInvocationHandler [main] Creating new EntityManager for shared EntityManager invocation
2024-07-17 18:30:10,700 DEBUG org.springframework.data.repository.core.support.RepositoryFactorySupport [main] Finished creation of repository instance for com.booking.dao.ClubSlotDao.
2024-07-17 18:30:10,705 DEBUG org.springframework.beans.factory.support.DefaultSingletonBeanRegistry [main] Creating shared instance of singleton bean 'roleDao'
2024-07-17 18:30:10,712 DEBUG org.springframework.orm.jpa.SharedEntityManagerCreator$SharedEntityManagerInvocationHandler [main] Creating new EntityManager for shared EntityManager invocation
2024-07-17 18:30:10,719 DEBUG org.springframework.data.repository.core.support.RepositoryFactorySupport [main] Initializing repository instance for com.booking.dao.RoleDao…
2024-07-17 18:30:10,721 DEBUG org.springframework.orm.jpa.SharedEntityManagerCreator$SharedEntityManagerInvocationHandler [main] Creating new EntityManager for shared EntityManager invocation
2024-07-17 18:30:10,725 DEBUG org.springframework.data.jpa.repository.query.JpaQueryFactory [main] Looking up query for method findByName
2024-07-17 18:30:10,726 DEBUG org.springframework.data.jpa.repository.query.NamedQuery [main] Looking up named query Roles.findByName
2024-07-17 18:30:10,726 DEBUG org.hibernate.engine.transaction.internal.TransactionImpl [main] On TransactionImpl creation, JpaCompliance#isJpaTransactionComplianceEnabled == false
2024-07-17 18:30:10,727 DEBUG org.springframework.data.jpa.repository.query.NamedQuery [main] Did not find named query Roles.findByName
2024-07-17 18:30:10,728 DEBUG org.springframework.orm.jpa.SharedEntityManagerCreator$SharedEntityManagerInvocationHandler [main] Creating new EntityManager for shared EntityManager invocation
2024-07-17 18:30:10,732 DEBUG org.springframework.data.repository.core.support.RepositoryFactorySupport [main] Finished creation of repository instance for com.booking.dao.RoleDao.
2024-07-17 18:30:10,737 DEBUG org.springframework.beans.factory.support.DefaultSingletonBeanRegistry [main] Creating shared instance of singleton bean 'userDao'
2024-07-17 18:30:10,745 DEBUG org.springframework.orm.jpa.SharedEntityManagerCreator$SharedEntityManagerInvocationHandler [main] Creating new EntityManager for shared EntityManager invocation
2024-07-17 18:30:10,771 DEBUG org.springframework.data.repository.core.support.RepositoryFactorySupport [main] Initializing repository instance for com.booking.dao.UserDao…
2024-07-17 18:30:10,772 DEBUG org.springframework.orm.jpa.SharedEntityManagerCreator$SharedEntityManagerInvocationHandler [main] Creating new EntityManager for shared EntityManager invocation
2024-07-17 18:30:10,773 DEBUG sun.rmi.runtime.Log$LoggerLog [RMI TCP Connection(2)-127.0.0.1] RMI TCP Connection(2)-127.0.0.1: (port 58089) op = 82
2024-07-17 18:30:10,774 DEBUG sun.rmi.runtime.Log$LoggerLog [RMI TCP Connection(2)-127.0.0.1] RMI TCP Connection(2)-127.0.0.1: (port 58089) op = 80
2024-07-17 18:30:10,774 DEBUG sun.rmi.runtime.Log$LoggerLog [RMI TCP Connection(2)-127.0.0.1] RMI TCP Connection(2)-127.0.0.1: name = "javax.management.ObjectName", codebase = ""
2024-07-17 18:30:10,775 DEBUG sun.util.logging.internal.LoggingProviderImpl$JULWrapper [RMI TCP Connection(2)-127.0.0.1] connectionId=rmi://127.0.0.1  1, name=org.springframework.boot:type=Admin,name=SpringApplication, attribute=Ready
2024-07-17 18:30:10,785 DEBUG org.springframework.data.jpa.repository.query.JpaQueryFactory [main] Looking up query for method deleteByUserId
2024-07-17 18:30:10,786 DEBUG org.springframework.data.jpa.repository.query.NamedQuery [main] Looking up named query ClubUser.deleteByUserId
2024-07-17 18:30:10,786 DEBUG org.hibernate.engine.transaction.internal.TransactionImpl [main] On TransactionImpl creation, JpaCompliance#isJpaTransactionComplianceEnabled == false
2024-07-17 18:30:10,787 DEBUG org.springframework.data.jpa.repository.query.NamedQuery [main] Did not find named query ClubUser.deleteByUserId
2024-07-17 18:30:10,787 DEBUG org.springframework.orm.jpa.SharedEntityManagerCreator$SharedEntityManagerInvocationHandler [main] Creating new EntityManager for shared EntityManager invocation
2024-07-17 18:30:10,789 DEBUG org.springframework.data.jpa.repository.query.JpaQueryFactory [main] Looking up query for method findByUserEmail
2024-07-17 18:30:10,790 DEBUG org.springframework.orm.jpa.SharedEntityManagerCreator$SharedEntityManagerInvocationHandler [main] Creating new EntityManager for shared EntityManager invocation
2024-07-17 18:30:10,791 DEBUG org.springframework.data.jpa.repository.query.JpaQueryFactory [main] Looking up query for method findByUserId
2024-07-17 18:30:10,792 DEBUG org.springframework.data.jpa.repository.query.NamedQuery [main] Looking up named query ClubUser.findByUserId
2024-07-17 18:30:10,792 DEBUG org.hibernate.engine.transaction.internal.TransactionImpl [main] On TransactionImpl creation, JpaCompliance#isJpaTransactionComplianceEnabled == false
2024-07-17 18:30:10,792 DEBUG org.springframework.data.jpa.repository.query.NamedQuery [main] Did not find named query ClubUser.findByUserId
2024-07-17 18:30:10,793 DEBUG org.springframework.orm.jpa.SharedEntityManagerCreator$SharedEntityManagerInvocationHandler [main] Creating new EntityManager for shared EntityManager invocation
2024-07-17 18:30:10,794 DEBUG org.springframework.data.jpa.repository.query.JpaQueryFactory [main] Looking up query for method findByUserMobileOrUserEmail
2024-07-17 18:30:10,795 DEBUG org.springframework.data.jpa.repository.query.NamedQuery [main] Looking up named query ClubUser.findByUserMobileOrUserEmail
2024-07-17 18:30:10,795 DEBUG org.hibernate.engine.transaction.internal.TransactionImpl [main] On TransactionImpl creation, JpaCompliance#isJpaTransactionComplianceEnabled == false
2024-07-17 18:30:10,796 DEBUG org.springframework.data.jpa.repository.query.NamedQuery [main] Did not find named query ClubUser.findByUserMobileOrUserEmail
2024-07-17 18:30:10,796 DEBUG org.springframework.orm.jpa.SharedEntityManagerCreator$SharedEntityManagerInvocationHandler [main] Creating new EntityManager for shared EntityManager invocation
2024-07-17 18:30:10,799 DEBUG org.springframework.data.jpa.repository.query.JpaQueryFactory [main] Looking up query for method findByUserMobile
2024-07-17 18:30:10,799 DEBUG org.springframework.data.jpa.repository.query.NamedQuery [main] Looking up named query ClubUser.findByUserMobile
2024-07-17 18:30:10,800 DEBUG org.hibernate.engine.transaction.internal.TransactionImpl [main] On TransactionImpl creation, JpaCompliance#isJpaTransactionComplianceEnabled == false
2024-07-17 18:30:10,801 DEBUG org.springframework.data.jpa.repository.query.NamedQuery [main] Did not find named query ClubUser.findByUserMobile
2024-07-17 18:30:10,801 DEBUG org.springframework.orm.jpa.SharedEntityManagerCreator$SharedEntityManagerInvocationHandler [main] Creating new EntityManager for shared EntityManager invocation
2024-07-17 18:30:10,809 DEBUG org.springframework.data.jpa.repository.query.JpaQueryFactory [main] Looking up query for method findAllUserList
2024-07-17 18:30:10,809 DEBUG org.springframework.orm.jpa.SharedEntityManagerCreator$SharedEntityManagerInvocationHandler [main] Creating new EntityManager for shared EntityManager invocation
2024-07-17 18:30:10,812 DEBUG org.springframework.data.jpa.repository.query.JpaQueryFactory [main] Looking up query for method updatePassword
2024-07-17 18:30:10,813 DEBUG org.springframework.orm.jpa.SharedEntityManagerCreator$SharedEntityManagerInvocationHandler [main] Creating new EntityManager for shared EntityManager invocation
2024-07-17 18:30:10,815 DEBUG org.springframework.data.jpa.repository.query.JpaQueryFactory [main] Looking up query for method findByOtp
2024-07-17 18:30:10,816 DEBUG org.springframework.data.jpa.repository.query.NamedQuery [main] Looking up named query ClubUser.findByOtp
2024-07-17 18:30:10,817 DEBUG org.hibernate.engine.transaction.internal.TransactionImpl [main] On TransactionImpl creation, JpaCompliance#isJpaTransactionComplianceEnabled == false
2024-07-17 18:30:10,817 DEBUG org.springframework.data.jpa.repository.query.NamedQuery [main] Did not find named query ClubUser.findByOtp
2024-07-17 18:30:10,818 DEBUG org.springframework.orm.jpa.SharedEntityManagerCreator$SharedEntityManagerInvocationHandler [main] Creating new EntityManager for shared EntityManager invocation
2024-07-17 18:30:10,822 DEBUG org.springframework.data.repository.core.support.RepositoryFactorySupport [main] Finished creation of repository instance for com.booking.dao.UserDao.
2024-07-17 18:30:10,827 DEBUG org.springframework.beans.factory.support.DefaultSingletonBeanRegistry [main] Creating shared instance of singleton bean 'userBookingDao'
2024-07-17 18:30:10,834 DEBUG org.springframework.orm.jpa.SharedEntityManagerCreator$SharedEntityManagerInvocationHandler [main] Creating new EntityManager for shared EntityManager invocation
2024-07-17 18:30:10,857 DEBUG org.springframework.data.repository.core.support.RepositoryFactorySupport [main] Initializing repository instance for com.booking.dao.UserBookingDao…
2024-07-17 18:30:10,858 DEBUG org.springframework.orm.jpa.SharedEntityManagerCreator$SharedEntityManagerInvocationHandler [main] Creating new EntityManager for shared EntityManager invocation
2024-07-17 18:30:10,866 DEBUG org.springframework.data.jpa.repository.query.JpaQueryFactory [main] Looking up query for method findByUserId
2024-07-17 18:30:10,867 DEBUG org.springframework.data.jpa.repository.query.NamedQuery [main] Looking up named query UserBooking.findByUserId
2024-07-17 18:30:10,867 DEBUG org.hibernate.engine.transaction.internal.TransactionImpl [main] On TransactionImpl creation, JpaCompliance#isJpaTransactionComplianceEnabled == false
2024-07-17 18:30:10,868 DEBUG org.springframework.data.jpa.repository.query.NamedQuery [main] Did not find named query UserBooking.findByUserId
2024-07-17 18:30:10,868 DEBUG org.springframework.orm.jpa.SharedEntityManagerCreator$SharedEntityManagerInvocationHandler [main] Creating new EntityManager for shared EntityManager invocation
2024-07-17 18:30:10,870 DEBUG org.springframework.data.jpa.repository.query.JpaQueryFactory [main] Looking up query for method findByBookingId
2024-07-17 18:30:10,870 DEBUG org.springframework.data.jpa.repository.query.NamedQuery [main] Looking up named query UserBooking.findByBookingId
2024-07-17 18:30:10,871 DEBUG org.hibernate.engine.transaction.internal.TransactionImpl [main] On TransactionImpl creation, JpaCompliance#isJpaTransactionComplianceEnabled == false
2024-07-17 18:30:10,871 DEBUG org.springframework.data.jpa.repository.query.NamedQuery [main] Did not find named query UserBooking.findByBookingId
2024-07-17 18:30:10,871 DEBUG org.springframework.orm.jpa.SharedEntityManagerCreator$SharedEntityManagerInvocationHandler [main] Creating new EntityManager for shared EntityManager invocation
2024-07-17 18:30:10,877 DEBUG org.springframework.data.jpa.repository.query.JpaQueryFactory [main] Looking up query for method findBySlotRangeandTeeTime
2024-07-17 18:30:10,877 DEBUG org.springframework.orm.jpa.SharedEntityManagerCreator$SharedEntityManagerInvocationHandler [main] Creating new EntityManager for shared EntityManager invocation
2024-07-17 18:30:10,879 DEBUG org.springframework.data.jpa.repository.query.JpaQueryFactory [main] Looking up query for method updateApprovalStatus
2024-07-17 18:30:10,880 DEBUG org.springframework.orm.jpa.SharedEntityManagerCreator$SharedEntityManagerInvocationHandler [main] Creating new EntityManager for shared EntityManager invocation
2024-07-17 18:30:10,882 DEBUG org.springframework.data.jpa.repository.query.JpaQueryFactory [main] Looking up query for method findByUserIdSlotDate
2024-07-17 18:30:10,882 DEBUG org.springframework.orm.jpa.SharedEntityManagerCreator$SharedEntityManagerInvocationHandler [main] Creating new EntityManager for shared EntityManager invocation
2024-07-17 18:30:10,884 DEBUG org.springframework.data.jpa.repository.query.JpaQueryFactory [main] Looking up query for method deleteByBookingId
2024-07-17 18:30:10,885 DEBUG org.springframework.orm.jpa.SharedEntityManagerCreator$SharedEntityManagerInvocationHandler [main] Creating new EntityManager for shared EntityManager invocation
2024-07-17 18:30:10,887 DEBUG org.springframework.data.jpa.repository.query.JpaQueryFactory [main] Looking up query for method deleteBySlotId
2024-07-17 18:30:10,888 DEBUG org.springframework.orm.jpa.SharedEntityManagerCreator$SharedEntityManagerInvocationHandler [main] Creating new EntityManager for shared EntityManager invocation
2024-07-17 18:30:10,894 DEBUG org.springframework.data.repository.core.support.RepositoryFactorySupport [main] Finished creation of repository instance for com.booking.dao.UserBookingDao.
2024-07-17 18:30:10,898 DEBUG org.springframework.beans.factory.support.DefaultSingletonBeanRegistry [main] Creating shared instance of singleton bean 'clubConfigDao'
2024-07-17 18:30:10,905 DEBUG org.springframework.orm.jpa.SharedEntityManagerCreator$SharedEntityManagerInvocationHandler [main] Creating new EntityManager for shared EntityManager invocation
2024-07-17 18:30:10,913 DEBUG org.springframework.data.repository.core.support.RepositoryFactorySupport [main] Initializing repository instance for com.booking.dao.ClubConfigDao…
2024-07-17 18:30:10,914 DEBUG org.springframework.orm.jpa.SharedEntityManagerCreator$SharedEntityManagerInvocationHandler [main] Creating new EntityManager for shared EntityManager invocation
2024-07-17 18:30:10,919 DEBUG org.springframework.data.jpa.repository.query.JpaQueryFactory [main] Looking up query for method findByKey
2024-07-17 18:30:10,919 DEBUG org.springframework.data.jpa.repository.query.NamedQuery [main] Looking up named query ClubConfig.findByKey
2024-07-17 18:30:10,919 DEBUG org.hibernate.engine.transaction.internal.TransactionImpl [main] On TransactionImpl creation, JpaCompliance#isJpaTransactionComplianceEnabled == false
2024-07-17 18:30:10,920 DEBUG org.springframework.data.jpa.repository.query.NamedQuery [main] Did not find named query ClubConfig.findByKey
2024-07-17 18:30:10,921 DEBUG org.springframework.orm.jpa.SharedEntityManagerCreator$SharedEntityManagerInvocationHandler [main] Creating new EntityManager for shared EntityManager invocation
2024-07-17 18:30:10,922 DEBUG org.springframework.data.jpa.repository.query.JpaQueryFactory [main] Looking up query for method findByConfigId
2024-07-17 18:30:10,923 DEBUG org.springframework.data.jpa.repository.query.NamedQuery [main] Looking up named query ClubConfig.findByConfigId
2024-07-17 18:30:10,923 DEBUG org.hibernate.engine.transaction.internal.TransactionImpl [main] On TransactionImpl creation, JpaCompliance#isJpaTransactionComplianceEnabled == false
2024-07-17 18:30:10,924 DEBUG org.springframework.data.jpa.repository.query.NamedQuery [main] Did not find named query ClubConfig.findByConfigId
2024-07-17 18:30:10,924 DEBUG org.springframework.orm.jpa.SharedEntityManagerCreator$SharedEntityManagerInvocationHandler [main] Creating new EntityManager for shared EntityManager invocation
2024-07-17 18:30:10,928 DEBUG org.springframework.data.repository.core.support.RepositoryFactorySupport [main] Finished creation of repository instance for com.booking.dao.ClubConfigDao.
2024-07-17 18:30:10,931 DEBUG org.springframework.beans.factory.support.DefaultSingletonBeanRegistry [main] Creating shared instance of singleton bean 'clubSlotBookingDao'
2024-07-17 18:30:10,937 DEBUG org.springframework.orm.jpa.SharedEntityManagerCreator$SharedEntityManagerInvocationHandler [main] Creating new EntityManager for shared EntityManager invocation
2024-07-17 18:30:10,955 DEBUG org.springframework.data.repository.core.support.RepositoryFactorySupport [main] Initializing repository instance for com.booking.dao.ClubSlotBookingDao…
2024-07-17 18:30:10,956 DEBUG org.springframework.orm.jpa.SharedEntityManagerCreator$SharedEntityManagerInvocationHandler [main] Creating new EntityManager for shared EntityManager invocation
2024-07-17 18:30:10,965 DEBUG org.springframework.data.jpa.repository.query.JpaQueryFactory [main] Looking up query for method findBySlotDate
2024-07-17 18:30:10,966 DEBUG org.springframework.data.jpa.repository.query.NamedQuery [main] Looking up named query ClubSlotBooking.findBySlotDate
2024-07-17 18:30:10,967 DEBUG org.hibernate.engine.transaction.internal.TransactionImpl [main] On TransactionImpl creation, JpaCompliance#isJpaTransactionComplianceEnabled == false
2024-07-17 18:30:10,967 DEBUG org.springframework.data.jpa.repository.query.NamedQuery [main] Did not find named query ClubSlotBooking.findBySlotDate
2024-07-17 18:30:10,968 DEBUG org.springframework.orm.jpa.SharedEntityManagerCreator$SharedEntityManagerInvocationHandler [main] Creating new EntityManager for shared EntityManager invocation
2024-07-17 18:30:10,970 DEBUG org.springframework.data.jpa.repository.query.JpaQueryFactory [main] Looking up query for method findBySlotDateAndBookingStatusNot
2024-07-17 18:30:10,970 DEBUG org.springframework.data.jpa.repository.query.NamedQuery [main] Looking up named query ClubSlotBooking.findBySlotDateAndBookingStatusNot
2024-07-17 18:30:10,971 DEBUG org.hibernate.engine.transaction.internal.TransactionImpl [main] On TransactionImpl creation, JpaCompliance#isJpaTransactionComplianceEnabled == false
2024-07-17 18:30:10,971 DEBUG org.springframework.data.jpa.repository.query.NamedQuery [main] Did not find named query ClubSlotBooking.findBySlotDateAndBookingStatusNot
2024-07-17 18:30:10,972 DEBUG org.springframework.orm.jpa.SharedEntityManagerCreator$SharedEntityManagerInvocationHandler [main] Creating new EntityManager for shared EntityManager invocation
2024-07-17 18:30:10,974 DEBUG org.springframework.data.jpa.repository.query.JpaQueryFactory [main] Looking up query for method deleteBySlotId
2024-07-17 18:30:10,975 DEBUG org.springframework.orm.jpa.SharedEntityManagerCreator$SharedEntityManagerInvocationHandler [main] Creating new EntityManager for shared EntityManager invocation
2024-07-17 18:30:10,977 DEBUG org.springframework.data.jpa.repository.query.JpaQueryFactory [main] Looking up query for method findByBookingId
2024-07-17 18:30:10,977 DEBUG org.springframework.data.jpa.repository.query.NamedQuery [main] Looking up named query ClubSlotBooking.findByBookingId
2024-07-17 18:30:10,978 DEBUG org.hibernate.engine.transaction.internal.TransactionImpl [main] On TransactionImpl creation, JpaCompliance#isJpaTransactionComplianceEnabled == false
2024-07-17 18:30:10,978 DEBUG org.springframework.data.jpa.repository.query.NamedQuery [main] Did not find named query ClubSlotBooking.findByBookingId
2024-07-17 18:30:10,979 DEBUG org.springframework.orm.jpa.SharedEntityManagerCreator$SharedEntityManagerInvocationHandler [main] Creating new EntityManager for shared EntityManager invocation
2024-07-17 18:30:10,980 DEBUG org.springframework.data.jpa.repository.query.JpaQueryFactory [main] Looking up query for method findByUserId
2024-07-17 18:30:10,981 DEBUG org.springframework.data.jpa.repository.query.NamedQuery [main] Looking up named query ClubSlotBooking.findByUserId
2024-07-17 18:30:10,981 DEBUG org.hibernate.engine.transaction.internal.TransactionImpl [main] On TransactionImpl creation, JpaCompliance#isJpaTransactionComplianceEnabled == false
2024-07-17 18:30:10,982 DEBUG org.springframework.data.jpa.repository.query.NamedQuery [main] Did not find named query ClubSlotBooking.findByUserId
2024-07-17 18:30:10,983 DEBUG org.springframework.orm.jpa.SharedEntityManagerCreator$SharedEntityManagerInvocationHandler [main] Creating new EntityManager for shared EntityManager invocation
2024-07-17 18:30:10,985 DEBUG org.springframework.data.jpa.repository.query.JpaQueryFactory [main] Looking up query for method updateApprovalStatus
2024-07-17 18:30:10,985 DEBUG org.springframework.orm.jpa.SharedEntityManagerCreator$SharedEntityManagerInvocationHandler [main] Creating new EntityManager for shared EntityManager invocation
2024-07-17 18:30:10,987 DEBUG org.springframework.data.jpa.repository.query.JpaQueryFactory [main] Looking up query for method findByPrimaryBookingIdAndBookingStatus
2024-07-17 18:30:10,988 DEBUG org.springframework.data.jpa.repository.query.NamedQuery [main] Looking up named query ClubSlotBooking.findByPrimaryBookingIdAndBookingStatus
2024-07-17 18:30:10,988 DEBUG org.hibernate.engine.transaction.internal.TransactionImpl [main] On TransactionImpl creation, JpaCompliance#isJpaTransactionComplianceEnabled == false
2024-07-17 18:30:10,989 DEBUG org.springframework.data.jpa.repository.query.NamedQuery [main] Did not find named query ClubSlotBooking.findByPrimaryBookingIdAndBookingStatus
2024-07-17 18:30:10,989 DEBUG org.springframework.orm.jpa.SharedEntityManagerCreator$SharedEntityManagerInvocationHandler [main] Creating new EntityManager for shared EntityManager invocation
2024-07-17 18:30:10,994 DEBUG org.springframework.data.repository.core.support.RepositoryFactorySupport [main] Finished creation of repository instance for com.booking.dao.ClubSlotBookingDao.
2024-07-17 18:30:10,997 INFO org.springframework.data.repository.config.DeferredRepositoryInitializationListener [main] Spring Data repositories initialized!
2024-07-17 18:30:11,019 DEBUG org.springframework.boot.autoconfigure.logging.ConditionEvaluationReportLoggingListener [main] 


============================
CONDITIONS EVALUATION REPORT
============================


Positive matches:
-----------------

   AopAutoConfiguration matched:
      - @ConditionalOnProperty (spring.aop.auto=true) matched (OnPropertyCondition)

   AopAutoConfiguration.AspectJAutoProxyingConfiguration matched:
      - @ConditionalOnClass found required class 'org.aspectj.weaver.Advice' (OnClassCondition)

   AopAutoConfiguration.AspectJAutoProxyingConfiguration.CglibAutoProxyConfiguration matched:
      - @ConditionalOnProperty (spring.aop.proxy-target-class=true) matched (OnPropertyCondition)

   DataSourceAutoConfiguration matched:
      - @ConditionalOnClass found required classes 'javax.sql.DataSource', 'org.springframework.jdbc.datasource.embedded.EmbeddedDatabaseType' (OnClassCondition)
      - @ConditionalOnMissingBean (types: io.r2dbc.spi.ConnectionFactory; SearchStrategy: all) did not find any beans (OnBeanCondition)

   DataSourceAutoConfiguration.PooledDataSourceConfiguration matched:
      - AnyNestedCondition 1 matched 1 did not; NestedCondition on DataSourceAutoConfiguration.PooledDataSourceCondition.PooledDataSourceAvailable PooledDataSource found supported DataSource; NestedCondition on DataSourceAutoConfiguration.PooledDataSourceCondition.ExplicitType @ConditionalOnProperty (spring.datasource.type) did not find property 'type' (DataSourceAutoConfiguration.PooledDataSourceCondition)
      - @ConditionalOnMissingBean (types: javax.sql.DataSource,javax.sql.XADataSource; SearchStrategy: all) did not find any beans (OnBeanCondition)

   DataSourceConfiguration.Hikari matched:
      - @ConditionalOnClass found required class 'com.zaxxer.hikari.HikariDataSource' (OnClassCondition)
      - @ConditionalOnProperty (spring.datasource.type=com.zaxxer.hikari.HikariDataSource) matched (OnPropertyCondition)
      - @ConditionalOnMissingBean (types: javax.sql.DataSource; SearchStrategy: all) did not find any beans (OnBeanCondition)

   DataSourceJmxConfiguration matched:
      - @ConditionalOnProperty (spring.jmx.enabled=true) matched (OnPropertyCondition)

   DataSourceJmxConfiguration.Hikari matched:
      - @ConditionalOnClass found required class 'com.zaxxer.hikari.HikariDataSource' (OnClassCondition)
      - @ConditionalOnSingleCandidate (types: javax.sql.DataSource; SearchStrategy: all) found a primary bean from beans 'dataSource' (OnBeanCondition)

   DataSourcePoolMetadataProvidersConfiguration.HikariPoolDataSourceMetadataProviderConfiguration matched:
      - @ConditionalOnClass found required class 'com.zaxxer.hikari.HikariDataSource' (OnClassCondition)

   DataSourceTransactionManagerAutoConfiguration matched:
      - @ConditionalOnClass found required classes 'org.springframework.jdbc.core.JdbcTemplate', 'org.springframework.transaction.PlatformTransactionManager' (OnClassCondition)

   DataSourceTransactionManagerAutoConfiguration.DataSourceTransactionManagerConfiguration matched:
      - @ConditionalOnSingleCandidate (types: javax.sql.DataSource; SearchStrategy: all) found a primary bean from beans 'dataSource' (OnBeanCondition)

   DispatcherServletAutoConfiguration matched:
      - @ConditionalOnClass found required class 'org.springframework.web.servlet.DispatcherServlet' (OnClassCondition)
      - found 'session' scope (OnWebApplicationCondition)

   DispatcherServletAutoConfiguration.DispatcherServletConfiguration matched:
      - @ConditionalOnClass found required class 'javax.servlet.ServletRegistration' (OnClassCondition)
      - Default DispatcherServlet did not find dispatcher servlet beans (DispatcherServletAutoConfiguration.DefaultDispatcherServletCondition)

   DispatcherServletAutoConfiguration.DispatcherServletRegistrationConfiguration matched:
      - @ConditionalOnClass found required class 'javax.servlet.ServletRegistration' (OnClassCondition)
      - DispatcherServlet Registration did not find servlet registration bean (DispatcherServletAutoConfiguration.DispatcherServletRegistrationCondition)

   DispatcherServletAutoConfiguration.DispatcherServletRegistrationConfiguration#dispatcherServletRegistration matched:
      - @ConditionalOnBean (names: dispatcherServlet types: org.springframework.web.servlet.DispatcherServlet; SearchStrategy: all) found bean 'dispatcherServlet' (OnBeanCondition)

   EmbeddedWebServerFactoryCustomizerAutoConfiguration matched:
      - @ConditionalOnWebApplication (required) found 'session' scope (OnWebApplicationCondition)

   EmbeddedWebServerFactoryCustomizerAutoConfiguration.TomcatWebServerFactoryCustomizerConfiguration matched:
      - @ConditionalOnClass found required classes 'org.apache.catalina.startup.Tomcat', 'org.apache.coyote.UpgradeProtocol' (OnClassCondition)

   ErrorMvcAutoConfiguration matched:
      - @ConditionalOnClass found required classes 'javax.servlet.Servlet', 'org.springframework.web.servlet.DispatcherServlet' (OnClassCondition)
      - found 'session' scope (OnWebApplicationCondition)

   ErrorMvcAutoConfiguration#basicErrorController matched:
      - @ConditionalOnMissingBean (types: org.springframework.boot.web.servlet.error.ErrorController; SearchStrategy: current) did not find any beans (OnBeanCondition)

   ErrorMvcAutoConfiguration#errorAttributes matched:
      - @ConditionalOnMissingBean (types: org.springframework.boot.web.servlet.error.ErrorAttributes; SearchStrategy: current) did not find any beans (OnBeanCondition)

   ErrorMvcAutoConfiguration.DefaultErrorViewResolverConfiguration#conventionErrorViewResolver matched:
      - @ConditionalOnBean (types: org.springframework.web.servlet.DispatcherServlet; SearchStrategy: all) found bean 'dispatcherServlet'; @ConditionalOnMissingBean (types: org.springframework.boot.autoconfigure.web.servlet.error.ErrorViewResolver; SearchStrategy: all) did not find any beans (OnBeanCondition)

   ErrorMvcAutoConfiguration.WhitelabelErrorViewConfiguration matched:
      - @ConditionalOnProperty (server.error.whitelabel.enabled) matched (OnPropertyCondition)
      - ErrorTemplate Missing did not find error template view (ErrorMvcAutoConfiguration.ErrorTemplateMissingCondition)

   ErrorMvcAutoConfiguration.WhitelabelErrorViewConfiguration#beanNameViewResolver matched:
      - @ConditionalOnMissingBean (types: org.springframework.web.servlet.view.BeanNameViewResolver; SearchStrategy: all) did not find any beans (OnBeanCondition)

   ErrorMvcAutoConfiguration.WhitelabelErrorViewConfiguration#defaultErrorView matched:
      - @ConditionalOnMissingBean (names: error; SearchStrategy: all) did not find any beans (OnBeanCondition)

   GenericCacheConfiguration matched:
      - Cache org.springframework.boot.autoconfigure.cache.GenericCacheConfiguration automatic cache type (CacheCondition)

   GsonAutoConfiguration matched:
      - @ConditionalOnClass found required class 'com.google.gson.Gson' (OnClassCondition)

   GsonAutoConfiguration#gson matched:
      - @ConditionalOnMissingBean (types: com.google.gson.Gson; SearchStrategy: all) did not find any beans (OnBeanCondition)

   GsonAutoConfiguration#gsonBuilder matched:
      - @ConditionalOnMissingBean (types: com.google.gson.GsonBuilder; SearchStrategy: all) did not find any beans (OnBeanCondition)

   GsonHttpMessageConvertersConfiguration matched:
      - @ConditionalOnClass found required class 'com.google.gson.Gson' (OnClassCondition)

   HibernateJpaAutoConfiguration matched:
      - @ConditionalOnClass found required classes 'org.springframework.orm.jpa.LocalContainerEntityManagerFactoryBean', 'javax.persistence.EntityManager', 'org.hibernate.engine.spi.SessionImplementor' (OnClassCondition)

   HibernateJpaConfiguration matched:
      - @ConditionalOnSingleCandidate (types: javax.sql.DataSource; SearchStrategy: all) found a primary bean from beans 'dataSource' (OnBeanCondition)

   HttpEncodingAutoConfiguration matched:
      - @ConditionalOnClass found required class 'org.springframework.web.filter.CharacterEncodingFilter' (OnClassCondition)
      - found 'session' scope (OnWebApplicationCondition)
      - @ConditionalOnProperty (server.servlet.encoding.enabled) matched (OnPropertyCondition)

   HttpEncodingAutoConfiguration#characterEncodingFilter matched:
      - @ConditionalOnMissingBean (types: org.springframework.web.filter.CharacterEncodingFilter; SearchStrategy: all) did not find any beans (OnBeanCondition)

   HttpMessageConvertersAutoConfiguration matched:
      - @ConditionalOnClass found required class 'org.springframework.http.converter.HttpMessageConverter' (OnClassCondition)
      - NoneNestedConditions 0 matched 1 did not; NestedCondition on HttpMessageConvertersAutoConfiguration.NotReactiveWebApplicationCondition.ReactiveWebApplication did not find reactive web application classes (HttpMessageConvertersAutoConfiguration.NotReactiveWebApplicationCondition)

   HttpMessageConvertersAutoConfiguration#messageConverters matched:
      - @ConditionalOnMissingBean (types: org.springframework.boot.autoconfigure.http.HttpMessageConverters; SearchStrategy: all) did not find any beans (OnBeanCondition)

   HttpMessageConvertersAutoConfiguration.StringHttpMessageConverterConfiguration matched:
      - @ConditionalOnClass found required class 'org.springframework.http.converter.StringHttpMessageConverter' (OnClassCondition)

   HttpMessageConvertersAutoConfiguration.StringHttpMessageConverterConfiguration#stringHttpMessageConverter matched:
      - @ConditionalOnMissingBean (types: org.springframework.http.converter.StringHttpMessageConverter; SearchStrategy: all) did not find any beans (OnBeanCondition)

   JacksonAutoConfiguration matched:
      - @ConditionalOnClass found required class 'com.fasterxml.jackson.databind.ObjectMapper' (OnClassCondition)

   JacksonAutoConfiguration.Jackson2ObjectMapperBuilderCustomizerConfiguration matched:
      - @ConditionalOnClass found required class 'org.springframework.http.converter.json.Jackson2ObjectMapperBuilder' (OnClassCondition)

   JacksonAutoConfiguration.JacksonObjectMapperBuilderConfiguration matched:
      - @ConditionalOnClass found required class 'org.springframework.http.converter.json.Jackson2ObjectMapperBuilder' (OnClassCondition)

   JacksonAutoConfiguration.JacksonObjectMapperBuilderConfiguration#jacksonObjectMapperBuilder matched:
      - @ConditionalOnMissingBean (types: org.springframework.http.converter.json.Jackson2ObjectMapperBuilder; SearchStrategy: all) did not find any beans (OnBeanCondition)

   JacksonAutoConfiguration.JacksonObjectMapperConfiguration matched:
      - @ConditionalOnClass found required class 'org.springframework.http.converter.json.Jackson2ObjectMapperBuilder' (OnClassCondition)

   JacksonAutoConfiguration.JacksonObjectMapperConfiguration#jacksonObjectMapper matched:
      - @ConditionalOnMissingBean (types: com.fasterxml.jackson.databind.ObjectMapper; SearchStrategy: all) did not find any beans (OnBeanCondition)

   JacksonAutoConfiguration.ParameterNamesModuleConfiguration matched:
      - @ConditionalOnClass found required class 'com.fasterxml.jackson.module.paramnames.ParameterNamesModule' (OnClassCondition)

   JacksonAutoConfiguration.ParameterNamesModuleConfiguration#parameterNamesModule matched:
      - @ConditionalOnMissingBean (types: com.fasterxml.jackson.module.paramnames.ParameterNamesModule; SearchStrategy: all) did not find any beans (OnBeanCondition)

   JacksonHttpMessageConvertersConfiguration.MappingJackson2HttpMessageConverterConfiguration matched:
      - @ConditionalOnClass found required class 'com.fasterxml.jackson.databind.ObjectMapper' (OnClassCondition)
      - @ConditionalOnProperty (spring.mvc.converters.preferred-json-mapper=jackson) matched (OnPropertyCondition)
      - @ConditionalOnBean (types: com.fasterxml.jackson.databind.ObjectMapper; SearchStrategy: all) found bean 'jacksonObjectMapper' (OnBeanCondition)

   JacksonHttpMessageConvertersConfiguration.MappingJackson2HttpMessageConverterConfiguration#mappingJackson2HttpMessageConverter matched:
      - @ConditionalOnMissingBean (types: org.springframework.http.converter.json.MappingJackson2HttpMessageConverter ignored: org.springframework.hateoas.server.mvc.TypeConstrainedMappingJackson2HttpMessageConverter,org.springframework.data.rest.webmvc.alps.AlpsJsonHttpMessageConverter; SearchStrategy: all) did not find any beans (OnBeanCondition)

   JdbcTemplateAutoConfiguration matched:
      - @ConditionalOnClass found required classes 'javax.sql.DataSource', 'org.springframework.jdbc.core.JdbcTemplate' (OnClassCondition)
      - @ConditionalOnSingleCandidate (types: javax.sql.DataSource; SearchStrategy: all) found a primary bean from beans 'dataSource' (OnBeanCondition)

   JdbcTemplateConfiguration matched:
      - @ConditionalOnMissingBean (types: org.springframework.jdbc.core.JdbcOperations; SearchStrategy: all) did not find any beans (OnBeanCondition)

   JmxAutoConfiguration matched:
      - @ConditionalOnClass found required class 'org.springframework.jmx.export.MBeanExporter' (OnClassCondition)
      - @ConditionalOnProperty (spring.jmx.enabled=true) matched (OnPropertyCondition)

   JmxAutoConfiguration#mbeanExporter matched:
      - @ConditionalOnMissingBean (types: org.springframework.jmx.export.MBeanExporter; SearchStrategy: current) did not find any beans (OnBeanCondition)

   JmxAutoConfiguration#mbeanServer matched:
      - @ConditionalOnMissingBean (types: javax.management.MBeanServer; SearchStrategy: all) did not find any beans (OnBeanCondition)

   JmxAutoConfiguration#objectNamingStrategy matched:
      - @ConditionalOnMissingBean (types: org.springframework.jmx.export.naming.ObjectNamingStrategy; SearchStrategy: current) did not find any beans (OnBeanCondition)

   JpaBaseConfiguration#entityManagerFactory matched:
      - @ConditionalOnMissingBean (types: org.springframework.orm.jpa.LocalContainerEntityManagerFactoryBean,javax.persistence.EntityManagerFactory; SearchStrategy: all) did not find any beans (OnBeanCondition)

   JpaBaseConfiguration#entityManagerFactoryBuilder matched:
      - @ConditionalOnMissingBean (types: org.springframework.boot.orm.jpa.EntityManagerFactoryBuilder; SearchStrategy: all) did not find any beans (OnBeanCondition)

   JpaBaseConfiguration#jpaVendorAdapter matched:
      - @ConditionalOnMissingBean (types: org.springframework.orm.jpa.JpaVendorAdapter; SearchStrategy: all) did not find any beans (OnBeanCondition)

   JpaBaseConfiguration#transactionManager matched:
      - @ConditionalOnMissingBean (types: org.springframework.transaction.PlatformTransactionManager; SearchStrategy: all) did not find any beans (OnBeanCondition)

   JpaBaseConfiguration.JpaWebConfiguration matched:
      - @ConditionalOnClass found required class 'org.springframework.web.servlet.config.annotation.WebMvcConfigurer' (OnClassCondition)
      - found 'session' scope (OnWebApplicationCondition)
      - @ConditionalOnProperty (spring.jpa.open-in-view=true) matched (OnPropertyCondition)
      - @ConditionalOnMissingBean (types: org.springframework.orm.jpa.support.OpenEntityManagerInViewInterceptor,org.springframework.orm.jpa.support.OpenEntityManagerInViewFilter; SearchStrategy: all) did not find any beans (OnBeanCondition)

   JpaRepositoriesAutoConfiguration matched:
      - @ConditionalOnClass found required class 'org.springframework.data.jpa.repository.JpaRepository' (OnClassCondition)
      - @ConditionalOnProperty (spring.data.jpa.repositories.enabled=true) matched (OnPropertyCondition)
      - @ConditionalOnBean (types: javax.sql.DataSource; SearchStrategy: all) found bean 'dataSource'; @ConditionalOnMissingBean (types: org.springframework.data.jpa.repository.support.JpaRepositoryFactoryBean,org.springframework.data.jpa.repository.config.JpaRepositoryConfigExtension; SearchStrategy: all) did not find any beans (OnBeanCondition)

   JpaRepositoriesAutoConfiguration#entityManagerFactoryBootstrapExecutorCustomizer matched:
      - AnyNestedCondition 1 matched 1 did not; NestedCondition on JpaRepositoriesAutoConfiguration.BootstrapExecutorCondition.LazyBootstrapMode @ConditionalOnProperty (spring.data.jpa.repositories.bootstrap-mode=lazy) did not find property 'bootstrap-mode'; NestedCondition on JpaRepositoriesAutoConfiguration.BootstrapExecutorCondition.DeferredBootstrapMode @ConditionalOnProperty (spring.data.jpa.repositories.bootstrap-mode=deferred) matched (JpaRepositoriesAutoConfiguration.BootstrapExecutorCondition)

   JtaAutoConfiguration matched:
      - @ConditionalOnClass found required class 'javax.transaction.Transaction' (OnClassCondition)
      - @ConditionalOnProperty (spring.jta.enabled) matched (OnPropertyCondition)

   LifecycleAutoConfiguration#defaultLifecycleProcessor matched:
      - @ConditionalOnMissingBean (names: lifecycleProcessor; SearchStrategy: all) did not find any beans (OnBeanCondition)

   MailSenderAutoConfiguration matched:
      - @ConditionalOnClass found required classes 'javax.mail.internet.MimeMessage', 'javax.activation.MimeType', 'org.springframework.mail.MailSender' (OnClassCondition)
      - AnyNestedCondition 1 matched 1 did not; NestedCondition on MailSenderAutoConfiguration.MailSenderCondition.JndiNameProperty @ConditionalOnProperty (spring.mail.jndi-name) did not find property 'jndi-name'; NestedCondition on MailSenderAutoConfiguration.MailSenderCondition.HostProperty @ConditionalOnProperty (spring.mail.host) matched (MailSenderAutoConfiguration.MailSenderCondition)
      - @ConditionalOnMissingBean (types: org.springframework.mail.MailSender; SearchStrategy: all) did not find any beans (OnBeanCondition)

   MailSenderPropertiesConfiguration matched:
      - @ConditionalOnProperty (spring.mail.host) matched (OnPropertyCondition)

   MailSenderPropertiesConfiguration#mailSender matched:
      - @ConditionalOnMissingBean (types: org.springframework.mail.javamail.JavaMailSender; SearchStrategy: all) did not find any beans (OnBeanCondition)

   MultipartAutoConfiguration matched:
      - @ConditionalOnClass found required classes 'javax.servlet.Servlet', 'org.springframework.web.multipart.support.StandardServletMultipartResolver', 'javax.servlet.MultipartConfigElement' (OnClassCondition)
      - found 'session' scope (OnWebApplicationCondition)
      - @ConditionalOnProperty (spring.servlet.multipart.enabled) matched (OnPropertyCondition)

   MultipartAutoConfiguration#multipartConfigElement matched:
      - @ConditionalOnMissingBean (types: javax.servlet.MultipartConfigElement,org.springframework.web.multipart.commons.CommonsMultipartResolver; SearchStrategy: all) did not find any beans (OnBeanCondition)

   MultipartAutoConfiguration#multipartResolver matched:
      - @ConditionalOnMissingBean (types: org.springframework.web.multipart.MultipartResolver; SearchStrategy: all) did not find any beans (OnBeanCondition)

   NamedParameterJdbcTemplateConfiguration matched:
      - @ConditionalOnSingleCandidate (types: org.springframework.jdbc.core.JdbcTemplate; SearchStrategy: all) found a primary bean from beans 'jdbcTemplate'; @ConditionalOnMissingBean (types: org.springframework.jdbc.core.namedparam.NamedParameterJdbcOperations; SearchStrategy: all) did not find any beans (OnBeanCondition)

   NoOpCacheConfiguration matched:
      - Cache org.springframework.boot.autoconfigure.cache.NoOpCacheConfiguration automatic cache type (CacheCondition)

   OAuth2ResourceServerAutoConfiguration matched:
      - found 'session' scope (OnWebApplicationCondition)

   PersistenceExceptionTranslationAutoConfiguration matched:
      - @ConditionalOnClass found required class 'org.springframework.dao.annotation.PersistenceExceptionTranslationPostProcessor' (OnClassCondition)

   PersistenceExceptionTranslationAutoConfiguration#persistenceExceptionTranslationPostProcessor matched:
      - @ConditionalOnProperty (spring.dao.exceptiontranslation.enabled) matched (OnPropertyCondition)
      - @ConditionalOnMissingBean (types: org.springframework.dao.annotation.PersistenceExceptionTranslationPostProcessor; SearchStrategy: all) did not find any beans (OnBeanCondition)

   PropertyPlaceholderAutoConfiguration#propertySourcesPlaceholderConfigurer matched:
      - @ConditionalOnMissingBean (types: org.springframework.context.support.PropertySourcesPlaceholderConfigurer; SearchStrategy: current) did not find any beans (OnBeanCondition)

   RestTemplateAutoConfiguration matched:
      - @ConditionalOnClass found required class 'org.springframework.web.client.RestTemplate' (OnClassCondition)
      - NoneNestedConditions 0 matched 1 did not; NestedCondition on RestTemplateAutoConfiguration.NotReactiveWebApplicationCondition.ReactiveWebApplication did not find reactive web application classes (RestTemplateAutoConfiguration.NotReactiveWebApplicationCondition)

   RestTemplateAutoConfiguration#restTemplateBuilder matched:
      - @ConditionalOnMissingBean (types: org.springframework.boot.web.client.RestTemplateBuilder; SearchStrategy: all) did not find any beans (OnBeanCondition)

   SecurityAutoConfiguration matched:
      - @ConditionalOnClass found required class 'org.springframework.security.authentication.DefaultAuthenticationEventPublisher' (OnClassCondition)

   SecurityAutoConfiguration#authenticationEventPublisher matched:
      - @ConditionalOnMissingBean (types: org.springframework.security.authentication.AuthenticationEventPublisher; SearchStrategy: all) did not find any beans (OnBeanCondition)

   SecurityFilterAutoConfiguration matched:
      - @ConditionalOnClass found required classes 'org.springframework.security.web.context.AbstractSecurityWebApplicationInitializer', 'org.springframework.security.config.http.SessionCreationPolicy' (OnClassCondition)
      - found 'session' scope (OnWebApplicationCondition)

   SecurityFilterAutoConfiguration#securityFilterChainRegistration matched:
      - @ConditionalOnBean (names: springSecurityFilterChain; SearchStrategy: all) found bean 'springSecurityFilterChain' (OnBeanCondition)

   ServletWebServerFactoryAutoConfiguration matched:
      - @ConditionalOnClass found required class 'javax.servlet.ServletRequest' (OnClassCondition)
      - found 'session' scope (OnWebApplicationCondition)

   ServletWebServerFactoryAutoConfiguration#tomcatServletWebServerFactoryCustomizer matched:
      - @ConditionalOnClass found required class 'org.apache.catalina.startup.Tomcat' (OnClassCondition)

   ServletWebServerFactoryConfiguration.EmbeddedTomcat matched:
      - @ConditionalOnClass found required classes 'javax.servlet.Servlet', 'org.apache.catalina.startup.Tomcat', 'org.apache.coyote.UpgradeProtocol' (OnClassCondition)
      - @ConditionalOnMissingBean (types: org.springframework.boot.web.servlet.server.ServletWebServerFactory; SearchStrategy: current) did not find any beans (OnBeanCondition)

   SimpleCacheConfiguration matched:
      - Cache org.springframework.boot.autoconfigure.cache.SimpleCacheConfiguration automatic cache type (CacheCondition)

   SpringApplicationAdminJmxAutoConfiguration matched:
      - @ConditionalOnProperty (spring.application.admin.enabled=true) matched (OnPropertyCondition)

   SpringApplicationAdminJmxAutoConfiguration#springApplicationAdminRegistrar matched:
      - @ConditionalOnMissingBean (types: org.springframework.boot.admin.SpringApplicationAdminMXBeanRegistrar; SearchStrategy: all) did not find any beans (OnBeanCondition)

   SpringDataWebAutoConfiguration matched:
      - @ConditionalOnClass found required classes 'org.springframework.data.web.PageableHandlerMethodArgumentResolver', 'org.springframework.web.servlet.config.annotation.WebMvcConfigurer' (OnClassCondition)
      - found 'session' scope (OnWebApplicationCondition)
      - @ConditionalOnMissingBean (types: org.springframework.data.web.PageableHandlerMethodArgumentResolver; SearchStrategy: all) did not find any beans (OnBeanCondition)

   SpringDataWebAutoConfiguration#pageableCustomizer matched:
      - @ConditionalOnMissingBean (types: org.springframework.data.web.config.PageableHandlerMethodArgumentResolverCustomizer; SearchStrategy: all) did not find any beans (OnBeanCondition)

   SpringDataWebAutoConfiguration#sortCustomizer matched:
      - @ConditionalOnMissingBean (types: org.springframework.data.web.config.SortHandlerMethodArgumentResolverCustomizer; SearchStrategy: all) did not find any beans (OnBeanCondition)

   SpringLoggingAutoConfiguration#restTemplate matched:
      - @ConditionalOnMissingBean (types: org.springframework.web.client.RestTemplate; SearchStrategy: all) did not find any beans (OnBeanCondition)

   TaskExecutionAutoConfiguration matched:
      - @ConditionalOnClass found required class 'org.springframework.scheduling.concurrent.ThreadPoolTaskExecutor' (OnClassCondition)

   TaskExecutionAutoConfiguration#applicationTaskExecutor matched:
      - @ConditionalOnMissingBean (types: java.util.concurrent.Executor; SearchStrategy: all) did not find any beans (OnBeanCondition)

   TaskExecutionAutoConfiguration#taskExecutorBuilder matched:
      - @ConditionalOnMissingBean (types: org.springframework.boot.task.TaskExecutorBuilder; SearchStrategy: all) did not find any beans (OnBeanCondition)

   TaskSchedulingAutoConfiguration matched:
      - @ConditionalOnClass found required class 'org.springframework.scheduling.concurrent.ThreadPoolTaskScheduler' (OnClassCondition)

   TaskSchedulingAutoConfiguration#taskSchedulerBuilder matched:
      - @ConditionalOnMissingBean (types: org.springframework.boot.task.TaskSchedulerBuilder; SearchStrategy: all) did not find any beans (OnBeanCondition)

   TransactionAutoConfiguration matched:
      - @ConditionalOnClass found required class 'org.springframework.transaction.PlatformTransactionManager' (OnClassCondition)

   TransactionAutoConfiguration#platformTransactionManagerCustomizers matched:
      - @ConditionalOnMissingBean (types: org.springframework.boot.autoconfigure.transaction.TransactionManagerCustomizers; SearchStrategy: all) did not find any beans (OnBeanCondition)

   TransactionAutoConfiguration.EnableTransactionManagementConfiguration matched:
      - @ConditionalOnBean (types: org.springframework.transaction.TransactionManager; SearchStrategy: all) found bean 'transactionManager'; @ConditionalOnMissingBean (types: org.springframework.transaction.annotation.AbstractTransactionManagementConfiguration; SearchStrategy: all) did not find any beans (OnBeanCondition)

   TransactionAutoConfiguration.EnableTransactionManagementConfiguration.CglibAutoProxyConfiguration matched:
      - @ConditionalOnProperty (spring.aop.proxy-target-class=true) matched (OnPropertyCondition)

   TransactionAutoConfiguration.TransactionTemplateConfiguration matched:
      - @ConditionalOnSingleCandidate (types: org.springframework.transaction.PlatformTransactionManager; SearchStrategy: all) found a primary bean from beans 'transactionManager' (OnBeanCondition)

   TransactionAutoConfiguration.TransactionTemplateConfiguration#transactionTemplate matched:
      - @ConditionalOnMissingBean (types: org.springframework.transaction.support.TransactionOperations; SearchStrategy: all) did not find any beans (OnBeanCondition)

   WebMvcAutoConfiguration matched:
      - @ConditionalOnClass found required classes 'javax.servlet.Servlet', 'org.springframework.web.servlet.DispatcherServlet', 'org.springframework.web.servlet.config.annotation.WebMvcConfigurer' (OnClassCondition)
      - found 'session' scope (OnWebApplicationCondition)
      - @ConditionalOnMissingBean (types: org.springframework.web.servlet.config.annotation.WebMvcConfigurationSupport; SearchStrategy: all) did not find any beans (OnBeanCondition)

   WebMvcAutoConfiguration#formContentFilter matched:
      - @ConditionalOnProperty (spring.mvc.formcontent.filter.enabled) matched (OnPropertyCondition)
      - @ConditionalOnMissingBean (types: org.springframework.web.filter.FormContentFilter; SearchStrategy: all) did not find any beans (OnBeanCondition)

   WebMvcAutoConfiguration.WebMvcAutoConfigurationAdapter#defaultViewResolver matched:
      - @ConditionalOnMissingBean (types: org.springframework.web.servlet.view.InternalResourceViewResolver; SearchStrategy: all) did not find any beans (OnBeanCondition)

   WebMvcAutoConfiguration.WebMvcAutoConfigurationAdapter#requestContextFilter matched:
      - @ConditionalOnMissingBean (types: org.springframework.web.context.request.RequestContextListener,org.springframework.web.filter.RequestContextFilter; SearchStrategy: all) did not find any beans (OnBeanCondition)

   WebMvcAutoConfiguration.WebMvcAutoConfigurationAdapter#viewResolver matched:
      - @ConditionalOnBean (types: org.springframework.web.servlet.ViewResolver; SearchStrategy: all) found beans 'defaultViewResolver', 'beanNameViewResolver', 'mvcViewResolver'; @ConditionalOnMissingBean (names: viewResolver types: org.springframework.web.servlet.view.ContentNegotiatingViewResolver; SearchStrategy: all) did not find any beans (OnBeanCondition)

   WebSocketServletAutoConfiguration matched:
      - @ConditionalOnClass found required classes 'javax.servlet.Servlet', 'javax.websocket.server.ServerContainer' (OnClassCondition)
      - found 'session' scope (OnWebApplicationCondition)

   WebSocketServletAutoConfiguration.TomcatWebSocketConfiguration matched:
      - @ConditionalOnClass found required classes 'org.apache.catalina.startup.Tomcat', 'org.apache.tomcat.websocket.server.WsSci' (OnClassCondition)

   WebSocketServletAutoConfiguration.TomcatWebSocketConfiguration#websocketServletWebServerCustomizer matched:
      - @ConditionalOnMissingBean (names: websocketServletWebServerCustomizer; SearchStrategy: all) did not find any beans (OnBeanCondition)


Negative matches:
-----------------

   ActiveMQAutoConfiguration:
      Did not match:
         - @ConditionalOnClass did not find required class 'javax.jms.ConnectionFactory' (OnClassCondition)

   AopAutoConfiguration.AspectJAutoProxyingConfiguration.JdkDynamicAutoProxyConfiguration:
      Did not match:
         - @ConditionalOnProperty (spring.aop.proxy-target-class=false) did not find property 'proxy-target-class' (OnPropertyCondition)

   AopAutoConfiguration.ClassProxyingConfiguration:
      Did not match:
         - @ConditionalOnMissingClass found unwanted class 'org.aspectj.weaver.Advice' (OnClassCondition)

   ArtemisAutoConfiguration:
      Did not match:
         - @ConditionalOnClass did not find required class 'javax.jms.ConnectionFactory' (OnClassCondition)

   AtomikosJtaConfiguration:
      Did not match:
         - @ConditionalOnClass did not find required class 'com.atomikos.icatch.jta.UserTransactionManager' (OnClassCondition)

   BatchAutoConfiguration:
      Did not match:
         - @ConditionalOnClass did not find required class 'org.springframework.batch.core.launch.JobLauncher' (OnClassCondition)

   BitronixJtaConfiguration:
      Did not match:
         - @ConditionalOnClass did not find required class 'bitronix.tm.jndi.BitronixContext' (OnClassCondition)

   CacheAutoConfiguration:
      Did not match:
         - @ConditionalOnBean (types: org.springframework.cache.interceptor.CacheAspectSupport; SearchStrategy: all) did not find any beans of type org.springframework.cache.interceptor.CacheAspectSupport (OnBeanCondition)
      Matched:
         - @ConditionalOnClass found required class 'org.springframework.cache.CacheManager' (OnClassCondition)

   CacheAutoConfiguration.CacheManagerEntityManagerFactoryDependsOnPostProcessor:
      Did not match:
         - Ancestor org.springframework.boot.autoconfigure.cache.CacheAutoConfiguration did not match (ConditionEvaluationReport.AncestorsMatchedCondition)
      Matched:
         - @ConditionalOnClass found required class 'org.springframework.orm.jpa.LocalContainerEntityManagerFactoryBean' (OnClassCondition)

   CaffeineCacheConfiguration:
      Did not match:
         - @ConditionalOnClass did not find required class 'com.github.benmanes.caffeine.cache.Caffeine' (OnClassCondition)

   CassandraAutoConfiguration:
      Did not match:
         - @ConditionalOnClass did not find required class 'com.datastax.oss.driver.api.core.CqlSession' (OnClassCondition)

   CassandraDataAutoConfiguration:
      Did not match:
         - @ConditionalOnClass did not find required class 'com.datastax.oss.driver.api.core.CqlSession' (OnClassCondition)

   CassandraReactiveDataAutoConfiguration:
      Did not match:
         - @ConditionalOnClass did not find required class 'com.datastax.oss.driver.api.core.CqlSession' (OnClassCondition)

   CassandraReactiveRepositoriesAutoConfiguration:
      Did not match:
         - @ConditionalOnClass did not find required class 'org.springframework.data.cassandra.ReactiveSession' (OnClassCondition)

   CassandraRepositoriesAutoConfiguration:
      Did not match:
         - @ConditionalOnClass did not find required class 'com.datastax.oss.driver.api.core.CqlSession' (OnClassCondition)

   ClientHttpConnectorAutoConfiguration:
      Did not match:
         - @ConditionalOnClass did not find required class 'org.springframework.web.reactive.function.client.WebClient' (OnClassCondition)

   CodecsAutoConfiguration:
      Did not match:
         - @ConditionalOnClass did not find required class 'org.springframework.web.reactive.function.client.WebClient' (OnClassCondition)

   CouchbaseAutoConfiguration:
      Did not match:
         - @ConditionalOnClass did not find required class 'com.couchbase.client.java.Cluster' (OnClassCondition)

   CouchbaseCacheConfiguration:
      Did not match:
         - @ConditionalOnClass did not find required class 'com.couchbase.client.java.Cluster' (OnClassCondition)

   CouchbaseDataAutoConfiguration:
      Did not match:
         - @ConditionalOnClass did not find required class 'com.couchbase.client.java.Bucket' (OnClassCondition)

   CouchbaseReactiveDataAutoConfiguration:
      Did not match:
         - @ConditionalOnClass did not find required class 'com.couchbase.client.java.Cluster' (OnClassCondition)

   CouchbaseReactiveRepositoriesAutoConfiguration:
      Did not match:
         - @ConditionalOnClass did not find required class 'com.couchbase.client.java.Cluster' (OnClassCondition)

   CouchbaseRepositoriesAutoConfiguration:
      Did not match:
         - @ConditionalOnClass did not find required class 'com.couchbase.client.java.Bucket' (OnClassCondition)

   DataSourceAutoConfiguration.EmbeddedDatabaseConfiguration:
      Did not match:
         - EmbeddedDataSource spring.datasource.url is set (DataSourceAutoConfiguration.EmbeddedDatabaseCondition)

   DataSourceConfiguration.Dbcp2:
      Did not match:
         - @ConditionalOnClass did not find required class 'org.apache.commons.dbcp2.BasicDataSource' (OnClassCondition)

   DataSourceConfiguration.Generic:
      Did not match:
         - @ConditionalOnProperty (spring.datasource.type) did not find property 'spring.datasource.type' (OnPropertyCondition)

   DataSourceConfiguration.Tomcat:
      Did not match:
         - @ConditionalOnClass did not find required class 'org.apache.tomcat.jdbc.pool.DataSource' (OnClassCondition)

   DataSourceJmxConfiguration.TomcatDataSourceJmxConfiguration:
      Did not match:
         - @ConditionalOnClass did not find required class 'org.apache.tomcat.jdbc.pool.DataSourceProxy' (OnClassCondition)

   DataSourcePoolMetadataProvidersConfiguration.CommonsDbcp2PoolDataSourceMetadataProviderConfiguration:
      Did not match:
         - @ConditionalOnClass did not find required class 'org.apache.commons.dbcp2.BasicDataSource' (OnClassCondition)

   DataSourcePoolMetadataProvidersConfiguration.TomcatDataSourcePoolMetadataProviderConfiguration:
      Did not match:
         - @ConditionalOnClass did not find required class 'org.apache.tomcat.jdbc.pool.DataSource' (OnClassCondition)

   DataSourceTransactionManagerAutoConfiguration.DataSourceTransactionManagerConfiguration#transactionManager:
      Did not match:
         - @ConditionalOnMissingBean (types: org.springframework.transaction.PlatformTransactionManager; SearchStrategy: all) found beans of type 'org.springframework.transaction.PlatformTransactionManager' transactionManager (OnBeanCondition)

   DispatcherServletAutoConfiguration.DispatcherServletConfiguration#multipartResolver:
      Did not match:
         - @ConditionalOnBean (types: org.springframework.web.multipart.MultipartResolver; SearchStrategy: all) did not find any beans of type org.springframework.web.multipart.MultipartResolver (OnBeanCondition)

   EhCacheCacheConfiguration:
      Did not match:
         - @ConditionalOnClass did not find required class 'net.sf.ehcache.Cache' (OnClassCondition)

   ElasticsearchDataAutoConfiguration:
      Did not match:
         - @ConditionalOnClass did not find required class 'org.springframework.data.elasticsearch.core.ElasticsearchTemplate' (OnClassCondition)

   ElasticsearchRepositoriesAutoConfiguration:
      Did not match:
         - @ConditionalOnClass did not find required class 'org.elasticsearch.client.Client' (OnClassCondition)

   ElasticsearchRestClientAutoConfiguration:
      Did not match:
         - @ConditionalOnClass did not find required class 'org.elasticsearch.client.RestClient' (OnClassCondition)

   EmbeddedLdapAutoConfiguration:
      Did not match:
         - @ConditionalOnClass did not find required class 'com.unboundid.ldap.listener.InMemoryDirectoryServer' (OnClassCondition)

   EmbeddedMongoAutoConfiguration:
      Did not match:
         - @ConditionalOnClass did not find required class 'com.mongodb.MongoClientSettings' (OnClassCondition)

   EmbeddedWebServerFactoryCustomizerAutoConfiguration.JettyWebServerFactoryCustomizerConfiguration:
      Did not match:
         - @ConditionalOnClass did not find required classes 'org.eclipse.jetty.server.Server', 'org.eclipse.jetty.util.Loader', 'org.eclipse.jetty.webapp.WebAppContext' (OnClassCondition)

   EmbeddedWebServerFactoryCustomizerAutoConfiguration.NettyWebServerFactoryCustomizerConfiguration:
      Did not match:
         - @ConditionalOnClass did not find required class 'reactor.netty.http.server.HttpServer' (OnClassCondition)

   EmbeddedWebServerFactoryCustomizerAutoConfiguration.UndertowWebServerFactoryCustomizerConfiguration:
      Did not match:
         - @ConditionalOnClass did not find required classes 'io.undertow.Undertow', 'org.xnio.SslClientAuthMode' (OnClassCondition)

   ErrorWebFluxAutoConfiguration:
      Did not match:
         - @ConditionalOnClass did not find required class 'org.springframework.web.reactive.config.WebFluxConfigurer' (OnClassCondition)

   FlywayAutoConfiguration:
      Did not match:
         - @ConditionalOnClass did not find required class 'org.flywaydb.core.Flyway' (OnClassCondition)

   FreeMarkerAutoConfiguration:
      Did not match:
         - @ConditionalOnClass did not find required class 'freemarker.template.Configuration' (OnClassCondition)

   GroovyTemplateAutoConfiguration:
      Did not match:
         - @ConditionalOnClass did not find required class 'groovy.text.markup.MarkupTemplateEngine' (OnClassCondition)

   GsonHttpMessageConvertersConfiguration.GsonHttpMessageConverterConfiguration:
      Did not match:
         - AnyNestedCondition 0 matched 2 did not; NestedCondition on GsonHttpMessageConvertersConfiguration.PreferGsonOrJacksonAndJsonbUnavailableCondition.JacksonJsonbUnavailable NoneNestedConditions 1 matched 1 did not; NestedCondition on GsonHttpMessageConvertersConfiguration.JacksonAndJsonbUnavailableCondition.JsonbPreferred @ConditionalOnProperty (spring.mvc.converters.preferred-json-mapper=jsonb) did not find property 'spring.mvc.converters.preferred-json-mapper'; NestedCondition on GsonHttpMessageConvertersConfiguration.JacksonAndJsonbUnavailableCondition.JacksonAvailable @ConditionalOnBean (types: org.springframework.http.converter.json.MappingJackson2HttpMessageConverter; SearchStrategy: all) found bean 'mappingJackson2HttpMessageConverter'; NestedCondition on GsonHttpMessageConvertersConfiguration.PreferGsonOrJacksonAndJsonbUnavailableCondition.GsonPreferred @ConditionalOnProperty (spring.mvc.converters.preferred-json-mapper=gson) did not find property 'spring.mvc.converters.preferred-json-mapper' (GsonHttpMessageConvertersConfiguration.PreferGsonOrJacksonAndJsonbUnavailableCondition)

   H2ConsoleAutoConfiguration:
      Did not match:
         - @ConditionalOnClass did not find required class 'org.h2.server.web.WebServlet' (OnClassCondition)

   HazelcastAutoConfiguration:
      Did not match:
         - @ConditionalOnClass did not find required class 'com.hazelcast.core.HazelcastInstance' (OnClassCondition)

   HazelcastCacheConfiguration:
      Did not match:
         - @ConditionalOnClass did not find required class 'com.hazelcast.core.HazelcastInstance' (OnClassCondition)

   HazelcastJpaDependencyAutoConfiguration:
      Did not match:
         - @ConditionalOnClass did not find required class 'com.hazelcast.core.HazelcastInstance' (OnClassCondition)

   HttpHandlerAutoConfiguration:
      Did not match:
         - @ConditionalOnClass did not find required class 'org.springframework.web.reactive.DispatcherHandler' (OnClassCondition)

   HypermediaAutoConfiguration:
      Did not match:
         - @ConditionalOnClass did not find required class 'org.springframework.hateoas.EntityModel' (OnClassCondition)

   InfinispanCacheConfiguration:
      Did not match:
         - @ConditionalOnClass did not find required class 'org.infinispan.spring.embedded.provider.SpringEmbeddedCacheManager' (OnClassCondition)

   InfluxDbAutoConfiguration:
      Did not match:
         - @ConditionalOnClass did not find required class 'org.influxdb.InfluxDB' (OnClassCondition)

   IntegrationAutoConfiguration:
      Did not match:
         - @ConditionalOnClass did not find required class 'org.springframework.integration.config.EnableIntegration' (OnClassCondition)

   JCacheCacheConfiguration:
      Did not match:
         - @ConditionalOnClass did not find required class 'javax.cache.Caching' (OnClassCondition)

   JacksonHttpMessageConvertersConfiguration.MappingJackson2XmlHttpMessageConverterConfiguration:
      Did not match:
         - @ConditionalOnClass did not find required class 'com.fasterxml.jackson.dataformat.xml.XmlMapper' (OnClassCondition)

   JdbcRepositoriesAutoConfiguration:
      Did not match:
         - @ConditionalOnClass did not find required class 'org.springframework.data.jdbc.repository.config.AbstractJdbcConfiguration' (OnClassCondition)

   JerseyAutoConfiguration:
      Did not match:
         - @ConditionalOnClass did not find required class 'org.glassfish.jersey.server.spring.SpringComponentProvider' (OnClassCondition)

   JmsAutoConfiguration:
      Did not match:
         - @ConditionalOnClass did not find required class 'javax.jms.Message' (OnClassCondition)

   JndiConnectionFactoryAutoConfiguration:
      Did not match:
         - @ConditionalOnClass did not find required class 'org.springframework.jms.core.JmsTemplate' (OnClassCondition)

   JndiDataSourceAutoConfiguration:
      Did not match:
         - @ConditionalOnProperty (spring.datasource.jndi-name) did not find property 'jndi-name' (OnPropertyCondition)
      Matched:
         - @ConditionalOnClass found required classes 'javax.sql.DataSource', 'org.springframework.jdbc.datasource.embedded.EmbeddedDatabaseType' (OnClassCondition)

   JndiJtaConfiguration:
      Did not match:
         - @ConditionalOnJndi JNDI environment is not available (OnJndiCondition)
      Matched:
         - @ConditionalOnClass found required class 'org.springframework.transaction.jta.JtaTransactionManager' (OnClassCondition)

   JooqAutoConfiguration:
      Did not match:
         - @ConditionalOnClass did not find required class 'org.jooq.DSLContext' (OnClassCondition)

   JsonbAutoConfiguration:
      Did not match:
         - @ConditionalOnClass did not find required class 'javax.json.bind.Jsonb' (OnClassCondition)

   JsonbHttpMessageConvertersConfiguration:
      Did not match:
         - @ConditionalOnClass did not find required class 'javax.json.bind.Jsonb' (OnClassCondition)

   KafkaAutoConfiguration:
      Did not match:
         - @ConditionalOnClass did not find required class 'org.springframework.kafka.core.KafkaTemplate' (OnClassCondition)

   LdapAutoConfiguration:
      Did not match:
         - @ConditionalOnClass did not find required class 'org.springframework.ldap.core.ContextSource' (OnClassCondition)

   LdapRepositoriesAutoConfiguration:
      Did not match:
         - @ConditionalOnClass did not find required class 'org.springframework.data.ldap.repository.LdapRepository' (OnClassCondition)

   LiquibaseAutoConfiguration:
      Did not match:
         - @ConditionalOnClass did not find required class 'liquibase.change.DatabaseChange' (OnClassCondition)

   MailSenderJndiConfiguration:
      Did not match:
         - @ConditionalOnProperty (spring.mail.jndi-name) did not find property 'jndi-name' (OnPropertyCondition)
      Matched:
         - @ConditionalOnClass found required class 'javax.mail.Session' (OnClassCondition)

   MailSenderValidatorAutoConfiguration:
      Did not match:
         - @ConditionalOnProperty (spring.mail.test-connection) did not find property 'test-connection' (OnPropertyCondition)

   MessageSourceAutoConfiguration:
      Did not match:
         - ResourceBundle did not find bundle with basename messages (MessageSourceAutoConfiguration.ResourceBundleCondition)

   MongoAutoConfiguration:
      Did not match:
         - @ConditionalOnClass did not find required class 'com.mongodb.client.MongoClient' (OnClassCondition)

   MongoDataAutoConfiguration:
      Did not match:
         - @ConditionalOnClass did not find required class 'com.mongodb.client.MongoClient' (OnClassCondition)

   MongoReactiveAutoConfiguration:
      Did not match:
         - @ConditionalOnClass did not find required class 'com.mongodb.reactivestreams.client.MongoClient' (OnClassCondition)

   MongoReactiveDataAutoConfiguration:
      Did not match:
         - @ConditionalOnClass did not find required class 'com.mongodb.reactivestreams.client.MongoClient' (OnClassCondition)

   MongoReactiveRepositoriesAutoConfiguration:
      Did not match:
         - @ConditionalOnClass did not find required class 'com.mongodb.reactivestreams.client.MongoClient' (OnClassCondition)

   MongoRepositoriesAutoConfiguration:
      Did not match:
         - @ConditionalOnClass did not find required class 'com.mongodb.client.MongoClient' (OnClassCondition)

   MustacheAutoConfiguration:
      Did not match:
         - @ConditionalOnClass did not find required class 'com.samskivert.mustache.Mustache' (OnClassCondition)

   Neo4jDataAutoConfiguration:
      Did not match:
         - @ConditionalOnClass did not find required class 'org.neo4j.ogm.session.SessionFactory' (OnClassCondition)

   Neo4jRepositoriesAutoConfiguration:
      Did not match:
         - @ConditionalOnClass did not find required class 'org.neo4j.ogm.session.Neo4jSession' (OnClassCondition)

   OAuth2ClientAutoConfiguration:
      Did not match:
         - @ConditionalOnClass did not find required class 'org.springframework.security.oauth2.client.registration.ClientRegistration' (OnClassCondition)

   Oauth2ResourceServerConfiguration.JwtConfiguration:
      Did not match:
         - @ConditionalOnClass did not find required classes 'org.springframework.security.oauth2.server.resource.authentication.JwtAuthenticationToken', 'org.springframework.security.oauth2.jwt.JwtDecoder' (OnClassCondition)

   Oauth2ResourceServerConfiguration.OpaqueTokenConfiguration:
      Did not match:
         - @ConditionalOnClass did not find required classes 'org.springframework.security.oauth2.server.resource.BearerTokenAuthenticationToken', 'org.springframework.security.oauth2.server.resource.introspection.OpaqueTokenIntrospector' (OnClassCondition)

   ProjectInfoAutoConfiguration#buildProperties:
      Did not match:
         - @ConditionalOnResource did not find resource '${spring.info.build.location:classpath:META-INF/build-info.properties}' (OnResourceCondition)

   ProjectInfoAutoConfiguration#gitProperties:
      Did not match:
         - GitResource did not find git info at classpath:git.properties (ProjectInfoAutoConfiguration.GitResourceAvailableCondition)

   QuartzAutoConfiguration:
      Did not match:
         - @ConditionalOnClass did not find required class 'org.quartz.Scheduler' (OnClassCondition)

   R2dbcAutoConfiguration:
      Did not match:
         - @ConditionalOnClass did not find required class 'io.r2dbc.spi.ConnectionFactory' (OnClassCondition)

   R2dbcDataAutoConfiguration:
      Did not match:
         - @ConditionalOnClass did not find required class 'org.springframework.data.r2dbc.core.DatabaseClient' (OnClassCondition)

   R2dbcRepositoriesAutoConfiguration:
      Did not match:
         - @ConditionalOnClass did not find required class 'io.r2dbc.spi.ConnectionFactory' (OnClassCondition)

   R2dbcTransactionManagerAutoConfiguration:
      Did not match:
         - @ConditionalOnClass did not find required class 'org.springframework.data.r2dbc.connectionfactory.R2dbcTransactionManager' (OnClassCondition)

   RSocketMessagingAutoConfiguration:
      Did not match:
         - @ConditionalOnClass did not find required class 'io.rsocket.RSocketFactory' (OnClassCondition)

   RSocketRequesterAutoConfiguration:
      Did not match:
         - @ConditionalOnClass did not find required class 'io.rsocket.RSocketFactory' (OnClassCondition)

   RSocketSecurityAutoConfiguration:
      Did not match:
         - @ConditionalOnClass did not find required class 'org.springframework.security.rsocket.core.SecuritySocketAcceptorInterceptor' (OnClassCondition)

   RSocketServerAutoConfiguration:
      Did not match:
         - @ConditionalOnClass did not find required class 'io.rsocket.core.RSocketServer' (OnClassCondition)

   RSocketStrategiesAutoConfiguration:
      Did not match:
         - @ConditionalOnClass did not find required class 'io.netty.buffer.PooledByteBufAllocator' (OnClassCondition)

   RabbitAutoConfiguration:
      Did not match:
         - @ConditionalOnClass did not find required class 'com.rabbitmq.client.Channel' (OnClassCondition)

   ReactiveElasticsearchRepositoriesAutoConfiguration:
      Did not match:
         - @ConditionalOnClass did not find required class 'org.springframework.data.elasticsearch.client.reactive.ReactiveElasticsearchClient' (OnClassCondition)

   ReactiveElasticsearchRestClientAutoConfiguration:
      Did not match:
         - @ConditionalOnClass did not find required class 'reactor.netty.http.client.HttpClient' (OnClassCondition)

   ReactiveOAuth2ClientAutoConfiguration:
      Did not match:
         - @ConditionalOnClass did not find required class 'reactor.core.publisher.Flux' (OnClassCondition)

   ReactiveOAuth2ResourceServerAutoConfiguration:
      Did not match:
         - @ConditionalOnWebApplication did not find reactive web application classes (OnWebApplicationCondition)

   ReactiveSecurityAutoConfiguration:
      Did not match:
         - @ConditionalOnClass did not find required class 'reactor.core.publisher.Flux' (OnClassCondition)

   ReactiveUserDetailsServiceAutoConfiguration:
      Did not match:
         - AnyNestedCondition 0 matched 2 did not; NestedCondition on ReactiveUserDetailsServiceAutoConfiguration.ReactiveUserDetailsServiceCondition.ReactiveWebApplicationCondition did not find reactive web application classes; NestedCondition on ReactiveUserDetailsServiceAutoConfiguration.ReactiveUserDetailsServiceCondition.RSocketSecurityEnabledCondition @ConditionalOnBean (types: org.springframework.messaging.rsocket.annotation.support.RSocketMessageHandler; SearchStrategy: all) did not find any beans of type org.springframework.messaging.rsocket.annotation.support.RSocketMessageHandler (ReactiveUserDetailsServiceAutoConfiguration.ReactiveUserDetailsServiceCondition)
      Matched:
         - @ConditionalOnClass found required class 'org.springframework.security.authentication.ReactiveAuthenticationManager' (OnClassCondition)

   ReactiveWebServerFactoryAutoConfiguration:
      Did not match:
         - @ConditionalOnWebApplication did not find reactive web application classes (OnWebApplicationCondition)

   RedisAutoConfiguration:
      Did not match:
         - @ConditionalOnClass did not find required class 'org.springframework.data.redis.core.RedisOperations' (OnClassCondition)

   RedisCacheConfiguration:
      Did not match:
         - @ConditionalOnClass did not find required class 'org.springframework.data.redis.connection.RedisConnectionFactory' (OnClassCondition)

   RedisReactiveAutoConfiguration:
      Did not match:
         - @ConditionalOnClass did not find required class 'reactor.core.publisher.Flux' (OnClassCondition)

   RedisRepositoriesAutoConfiguration:
      Did not match:
         - @ConditionalOnClass did not find required class 'org.springframework.data.redis.repository.configuration.EnableRedisRepositories' (OnClassCondition)

   RepositoryRestMvcAutoConfiguration:
      Did not match:
         - @ConditionalOnClass did not find required class 'org.springframework.data.rest.webmvc.config.RepositoryRestMvcConfiguration' (OnClassCondition)

   Saml2RelyingPartyAutoConfiguration:
      Did not match:
         - @ConditionalOnClass did not find required class 'org.springframework.security.saml2.provider.service.registration.RelyingPartyRegistrationRepository' (OnClassCondition)

   SecurityDataConfiguration:
      Did not match:
         - @ConditionalOnClass did not find required class 'org.springframework.security.data.repository.query.SecurityEvaluationContextExtension' (OnClassCondition)

   SendGridAutoConfiguration:
      Did not match:
         - @ConditionalOnClass did not find required class 'com.sendgrid.SendGrid' (OnClassCondition)

   ServletWebServerFactoryAutoConfiguration#forwardedHeaderFilter:
      Did not match:
         - @ConditionalOnProperty (server.forward-headers-strategy=framework) did not find property 'server.forward-headers-strategy' (OnPropertyCondition)

   ServletWebServerFactoryConfiguration.EmbeddedJetty:
      Did not match:
         - @ConditionalOnClass did not find required classes 'org.eclipse.jetty.server.Server', 'org.eclipse.jetty.util.Loader', 'org.eclipse.jetty.webapp.WebAppContext' (OnClassCondition)

   ServletWebServerFactoryConfiguration.EmbeddedUndertow:
      Did not match:
         - @ConditionalOnClass did not find required classes 'io.undertow.Undertow', 'org.xnio.SslClientAuthMode' (OnClassCondition)

   SessionAutoConfiguration:
      Did not match:
         - @ConditionalOnClass did not find required class 'org.springframework.session.Session' (OnClassCondition)

   SolrAutoConfiguration:
      Did not match:
         - @ConditionalOnClass did not find required class 'org.apache.solr.client.solrj.impl.CloudSolrClient' (OnClassCondition)

   SolrRepositoriesAutoConfiguration:
      Did not match:
         - @ConditionalOnClass did not find required class 'org.apache.solr.client.solrj.SolrClient' (OnClassCondition)

   SpringBootWebSecurityConfiguration:
      Did not match:
         - @ConditionalOnMissingBean (types: org.springframework.security.config.annotation.web.configuration.WebSecurityConfigurerAdapter; SearchStrategy: all) found beans of type 'org.springframework.security.config.annotation.web.configuration.WebSecurityConfigurerAdapter' webSecurityConfig (OnBeanCondition)
      Matched:
         - @ConditionalOnClass found required class 'org.springframework.security.config.annotation.web.configuration.WebSecurityConfigurerAdapter' (OnClassCondition)
         - found 'session' scope (OnWebApplicationCondition)

   SpringLoggingAutoConfiguration#logstashAppender:
      Did not match:
         - @ConditionalOnProperty (logging.logstash.enabled) did not find property 'logging.logstash.enabled' (OnPropertyCondition)

   TaskSchedulingAutoConfiguration#taskScheduler:
      Did not match:
         - @ConditionalOnBean (names: org.springframework.context.annotation.internalScheduledAnnotationProcessor; SearchStrategy: all) did not find any beans named org.springframework.context.annotation.internalScheduledAnnotationProcessor (OnBeanCondition)

   ThymeleafAutoConfiguration:
      Did not match:
         - @ConditionalOnClass did not find required class 'org.thymeleaf.spring5.SpringTemplateEngine' (OnClassCondition)

   TransactionAutoConfiguration#transactionalOperator:
      Did not match:
         - @ConditionalOnSingleCandidate (types: org.springframework.transaction.ReactiveTransactionManager; SearchStrategy: all) did not find any beans (OnBeanCondition)

   TransactionAutoConfiguration.EnableTransactionManagementConfiguration.JdkDynamicAutoProxyConfiguration:
      Did not match:
         - @ConditionalOnProperty (spring.aop.proxy-target-class=false) did not find property 'proxy-target-class' (OnPropertyCondition)

   UserDetailsServiceAutoConfiguration:
      Did not match:
         - @ConditionalOnMissingBean (types: org.springframework.security.authentication.AuthenticationManager,org.springframework.security.authentication.AuthenticationProvider,org.springframework.security.core.userdetails.UserDetailsService,org.springframework.security.oauth2.jwt.JwtDecoder,org.springframework.security.oauth2.server.resource.introspection.OpaqueTokenIntrospector; SearchStrategy: all) found beans of type 'org.springframework.security.authentication.AuthenticationManager' authenticationManagerBean and found beans of type 'org.springframework.security.core.userdetails.UserDetailsService' userService (OnBeanCondition)
      Matched:
         - @ConditionalOnClass found required class 'org.springframework.security.authentication.AuthenticationManager' (OnClassCondition)

   ValidationAutoConfiguration:
      Did not match:
         - @ConditionalOnClass did not find required class 'javax.validation.executable.ExecutableValidator' (OnClassCondition)

   WebClientAutoConfiguration:
      Did not match:
         - @ConditionalOnClass did not find required class 'org.springframework.web.reactive.function.client.WebClient' (OnClassCondition)

   WebFluxAutoConfiguration:
      Did not match:
         - @ConditionalOnClass did not find required class 'org.springframework.web.reactive.config.WebFluxConfigurer' (OnClassCondition)

   WebMvcAutoConfiguration#hiddenHttpMethodFilter:
      Did not match:
         - @ConditionalOnProperty (spring.mvc.hiddenmethod.filter.enabled) did not find property 'enabled' (OnPropertyCondition)

   WebMvcAutoConfiguration.ResourceChainCustomizerConfiguration:
      Did not match:
         - @ConditionalOnEnabledResourceChain did not find class org.webjars.WebJarAssetLocator (OnEnabledResourceChainCondition)

   WebMvcAutoConfiguration.WebMvcAutoConfigurationAdapter#beanNameViewResolver:
      Did not match:
         - @ConditionalOnMissingBean (types: org.springframework.web.servlet.view.BeanNameViewResolver; SearchStrategy: all) found beans of type 'org.springframework.web.servlet.view.BeanNameViewResolver' beanNameViewResolver (OnBeanCondition)

   WebMvcAutoConfiguration.WebMvcAutoConfigurationAdapter#localeResolver:
      Did not match:
         - @ConditionalOnProperty (spring.mvc.locale) did not find property 'locale' (OnPropertyCondition)

   WebSecurityEnablerConfiguration:
      Did not match:
         - @ConditionalOnMissingBean (names: springSecurityFilterChain; SearchStrategy: all) found beans named springSecurityFilterChain (OnBeanCondition)
      Matched:
         - found 'session' scope (OnWebApplicationCondition)

   WebServiceTemplateAutoConfiguration:
      Did not match:
         - @ConditionalOnClass did not find required class 'org.springframework.oxm.Marshaller' (OnClassCondition)

   WebServicesAutoConfiguration:
      Did not match:
         - @ConditionalOnClass did not find required class 'org.springframework.ws.transport.http.MessageDispatcherServlet' (OnClassCondition)

   WebSocketMessagingAutoConfiguration:
      Did not match:
         - @ConditionalOnClass did not find required class 'org.springframework.web.socket.config.annotation.WebSocketMessageBrokerConfigurer' (OnClassCondition)

   WebSocketReactiveAutoConfiguration:
      Did not match:
         - @ConditionalOnWebApplication did not find reactive web application classes (OnWebApplicationCondition)

   WebSocketServletAutoConfiguration.JettyWebSocketConfiguration:
      Did not match:
         - @ConditionalOnClass did not find required class 'org.eclipse.jetty.websocket.jsr356.server.deploy.WebSocketServerContainerInitializer' (OnClassCondition)

   WebSocketServletAutoConfiguration.UndertowWebSocketConfiguration:
      Did not match:
         - @ConditionalOnClass did not find required class 'io.undertow.websockets.jsr.Bootstrap' (OnClassCondition)

   XADataSourceAutoConfiguration:
      Did not match:
         - @ConditionalOnBean (types: org.springframework.boot.jdbc.XADataSourceWrapper; SearchStrategy: all) did not find any beans of type org.springframework.boot.jdbc.XADataSourceWrapper (OnBeanCondition)
      Matched:
         - @ConditionalOnClass found required classes 'javax.sql.DataSource', 'javax.transaction.TransactionManager', 'org.springframework.jdbc.datasource.embedded.EmbeddedDatabaseType' (OnClassCondition)


Exclusions:
-----------

    None


Unconditional classes:
----------------------

    org.springframework.boot.autoconfigure.context.ConfigurationPropertiesAutoConfiguration

    org.springframework.boot.autoconfigure.context.LifecycleAutoConfiguration

    org.springframework.boot.autoconfigure.context.PropertyPlaceholderAutoConfiguration

    com.booking.logger.SpringLoggingAutoConfiguration

    org.springframework.boot.autoconfigure.availability.ApplicationAvailabilityAutoConfiguration

    org.springframework.boot.autoconfigure.info.ProjectInfoAutoConfiguration



2024-07-17 18:30:11,026 INFO org.springframework.boot.StartupInfoLogger [main] Started BookingApplication in 15.938 seconds (JVM running for 19.709)
2024-07-17 18:30:11,327 DEBUG sun.rmi.runtime.Log$LoggerLog [RMI TCP Connection(2)-127.0.0.1] RMI TCP Connection(2)-127.0.0.1: (port 58089) op = 82
2024-07-17 18:30:11,328 DEBUG sun.rmi.runtime.Log$LoggerLog [RMI TCP Connection(2)-127.0.0.1] RMI TCP Connection(2)-127.0.0.1: (port 58089) op = 80
2024-07-17 18:30:11,329 DEBUG sun.rmi.runtime.Log$LoggerLog [RMI TCP Connection(2)-127.0.0.1] RMI TCP Connection(2)-127.0.0.1: name = "javax.management.ObjectName", codebase = ""
2024-07-17 18:30:11,330 DEBUG sun.util.logging.internal.LoggingProviderImpl$JULWrapper [RMI TCP Connection(2)-127.0.0.1] connectionId=rmi://127.0.0.1  1, name=org.springframework.boot:type=Admin,name=SpringApplication, attribute=Ready
2024-07-17 18:30:24,491 DEBUG sun.rmi.runtime.Log$LoggerLog [RMI TCP Connection(1)-127.0.0.1] RMI TCP Connection(1)-127.0.0.1: (port 58079) connection closed
2024-07-17 18:30:24,492 DEBUG sun.rmi.runtime.Log$LoggerLog [RMI TCP Connection(1)-127.0.0.1] RMI TCP Connection(1)-127.0.0.1: close connection, socket: Socket[addr=/127.0.0.1,port=58091,localport=58079]
2024-07-17 18:30:24,493 DEBUG sun.rmi.runtime.Log$LoggerLog [RMI TCP Connection(1)-127.0.0.1] RMI TCP Connection(1)-127.0.0.1: socket close: Socket[addr=/127.0.0.1,port=58091,localport=58079]
2024-07-17 18:30:35,687 DEBUG com.zaxxer.hikari.pool.HikariPool [HikariPool-1 housekeeper] HikariPool-1 - Pool stats (total=10, active=0, idle=10, waiting=0)
2024-07-17 18:30:35,688 DEBUG com.zaxxer.hikari.pool.HikariPool [HikariPool-1 housekeeper] HikariPool-1 - Fill pool skipped, pool is at sufficient level.
2024-07-17 18:30:39,526 DEBUG sun.rmi.runtime.Log$LoggerLog [RMI TCP Connection(2)-127.0.0.1] RMI TCP Connection(2)-127.0.0.1: (port 58089) connection closed
2024-07-17 18:30:39,527 DEBUG sun.rmi.runtime.Log$LoggerLog [RMI TCP Connection(2)-127.0.0.1] RMI TCP Connection(2)-127.0.0.1: close connection, socket: Socket[addr=/127.0.0.1,port=58092,localport=58089]
2024-07-17 18:30:39,528 DEBUG sun.rmi.runtime.Log$LoggerLog [RMI TCP Connection(2)-127.0.0.1] RMI TCP Connection(2)-127.0.0.1: socket close: Socket[addr=/127.0.0.1,port=58092,localport=58089]
2024-07-17 18:30:47,959 DEBUG org.apache.juli.logging.DirectJDKLog [http-nio-8084-Acceptor] Counting up[http-nio-8084-Acceptor] latch=1
2024-07-17 18:30:47,978 DEBUG org.apache.juli.logging.DirectJDKLog [http-nio-8084-Acceptor] Counting up[http-nio-8084-Acceptor] latch=2
2024-07-17 18:30:47,984 DEBUG org.apache.juli.logging.DirectJDKLog [http-nio-8084-exec-1] Processing socket [org.apache.tomcat.util.net.NioChannel@77215b8a:java.nio.channels.SocketChannel[connected local=/[0:0:0:0:0:0:0:1]:8084 remote=/[0:0:0:0:0:0:0:1]:58119]] with status [OPEN_READ]
2024-07-17 18:30:47,985 DEBUG org.apache.juli.logging.DirectJDKLog [http-nio-8084-exec-1] Found processor [null] for socket [org.apache.tomcat.util.net.NioChannel@77215b8a:java.nio.channels.SocketChannel[connected local=/[0:0:0:0:0:0:0:1]:8084 remote=/[0:0:0:0:0:0:0:1]:58119]]
2024-07-17 18:30:47,987 DEBUG org.apache.juli.logging.DirectJDKLog [http-nio-8084-exec-2] Processing socket [org.apache.tomcat.util.net.NioChannel@eb6fad7:java.nio.channels.SocketChannel[connected local=/[0:0:0:0:0:0:0:1]:8084 remote=/[0:0:0:0:0:0:0:1]:58120]] with status [OPEN_READ]
2024-07-17 18:30:47,988 DEBUG org.apache.juli.logging.DirectJDKLog [http-nio-8084-exec-2] Found processor [null] for socket [org.apache.tomcat.util.net.NioChannel@eb6fad7:java.nio.channels.SocketChannel[connected local=/[0:0:0:0:0:0:0:1]:8084 remote=/[0:0:0:0:0:0:0:1]:58120]]
2024-07-17 18:30:47,989 DEBUG org.apache.juli.logging.DirectJDKLog [http-nio-8084-exec-2] Popped processor [null] from cache
2024-07-17 18:30:47,989 DEBUG org.apache.juli.logging.DirectJDKLog [http-nio-8084-exec-1] Popped processor [null] from cache
2024-07-17 18:30:48,129 DEBUG org.apache.juli.logging.DirectJDKLog [http-nio-8084-exec-1] Register [org.apache.coyote.http11.Http11Processor@1d9d5384] as [Tomcat:type=RequestProcessor,worker="http-nio-8084",name=HttpRequest1]
2024-07-17 18:30:48,129 DEBUG org.apache.juli.logging.DirectJDKLog [http-nio-8084-exec-1] Created new processor [org.apache.coyote.http11.Http11Processor@1d9d5384]
2024-07-17 18:30:48,130 DEBUG org.apache.juli.logging.DirectJDKLog [http-nio-8084-exec-2] Register [org.apache.coyote.http11.Http11Processor@66f8004b] as [Tomcat:type=RequestProcessor,worker="http-nio-8084",name=HttpRequest2]
2024-07-17 18:30:48,130 DEBUG org.apache.juli.logging.DirectJDKLog [http-nio-8084-exec-2] Created new processor [org.apache.coyote.http11.Http11Processor@66f8004b]
2024-07-17 18:30:48,133 DEBUG org.apache.juli.logging.DirectJDKLog [http-nio-8084-exec-2] Socket: [org.apache.tomcat.util.net.NioEndpoint$NioSocketWrapper@62cbdd5e:org.apache.tomcat.util.net.NioChannel@eb6fad7:java.nio.channels.SocketChannel[connected local=/[0:0:0:0:0:0:0:1]:8084 remote=/[0:0:0:0:0:0:0:1]:58120]], Read from buffer: [0]
2024-07-17 18:30:48,133 DEBUG org.apache.juli.logging.DirectJDKLog [http-nio-8084-exec-1] Socket: [org.apache.tomcat.util.net.NioEndpoint$NioSocketWrapper@3fe8ccb4:org.apache.tomcat.util.net.NioChannel@77215b8a:java.nio.channels.SocketChannel[connected local=/[0:0:0:0:0:0:0:1]:8084 remote=/[0:0:0:0:0:0:0:1]:58119]], Read from buffer: [0]
2024-07-17 18:30:48,134 DEBUG org.apache.juli.logging.DirectJDKLog [http-nio-8084-exec-2] Socket: [org.apache.tomcat.util.net.NioEndpoint$NioSocketWrapper@62cbdd5e:org.apache.tomcat.util.net.NioChannel@eb6fad7:java.nio.channels.SocketChannel[connected local=/[0:0:0:0:0:0:0:1]:8084 remote=/[0:0:0:0:0:0:0:1]:58120]], Read direct from socket: [643]
2024-07-17 18:30:48,134 DEBUG org.apache.juli.logging.DirectJDKLog [http-nio-8084-exec-1] Socket: [org.apache.tomcat.util.net.NioEndpoint$NioSocketWrapper@3fe8ccb4:org.apache.tomcat.util.net.NioChannel@77215b8a:java.nio.channels.SocketChannel[connected local=/[0:0:0:0:0:0:0:1]:8084 remote=/[0:0:0:0:0:0:0:1]:58119]], Read direct from socket: [643]
2024-07-17 18:30:48,135 DEBUG org.apache.juli.logging.DirectJDKLog [http-nio-8084-exec-2] Received [POST /slot/listallslot HTTP/1.1
Host: localhost:8084
Connection: keep-alive
Content-Length: 2
sec-ch-ua: "Not/A)Brand";v="8", "Chromium";v="126", "Google Chrome";v="126"
Accept: application/json, text/plain, */*
Content-Type: application/json
sec-ch-ua-mobile: ?0
User-Agent: Mozilla/5.0 (Windows NT 10.0; Win64; x64) AppleWebKit/537.36 (KHTML, like Gecko) Chrome/126.0.0.0 Safari/537.36
sec-ch-ua-platform: "Windows"
Origin: http://localhost:3000
Sec-Fetch-Site: same-site
Sec-Fetch-Mode: cors
Sec-Fetch-Dest: empty
Referer: http://localhost:3000/
Accept-Encoding: gzip, deflate, br, zstd
Accept-Language: en-US,en;q=0.9

{}]
2024-07-17 18:30:48,135 DEBUG org.apache.juli.logging.DirectJDKLog [http-nio-8084-exec-1] Received [POST /slot/listallslot HTTP/1.1
Host: localhost:8084
Connection: keep-alive
Content-Length: 2
sec-ch-ua: "Not/A)Brand";v="8", "Chromium";v="126", "Google Chrome";v="126"
Accept: application/json, text/plain, */*
Content-Type: application/json
sec-ch-ua-mobile: ?0
User-Agent: Mozilla/5.0 (Windows NT 10.0; Win64; x64) AppleWebKit/537.36 (KHTML, like Gecko) Chrome/126.0.0.0 Safari/537.36
sec-ch-ua-platform: "Windows"
Origin: http://localhost:3000
Sec-Fetch-Site: same-site
Sec-Fetch-Mode: cors
Sec-Fetch-Dest: empty
Referer: http://localhost:3000/
Accept-Encoding: gzip, deflate, br, zstd
Accept-Language: en-US,en;q=0.9

{}]
2024-07-17 18:30:48,217 DEBUG org.apache.juli.logging.DirectJDKLog [http-nio-8084-exec-1] Set query string encoding to UTF-8
2024-07-17 18:30:48,217 DEBUG org.apache.juli.logging.DirectJDKLog [http-nio-8084-exec-2] Set query string encoding to UTF-8
2024-07-17 18:30:48,228 DEBUG org.apache.juli.logging.DirectJDKLog [http-nio-8084-exec-1] Security checking request POST /slot/listallslot
2024-07-17 18:30:48,228 DEBUG org.apache.juli.logging.DirectJDKLog [http-nio-8084-exec-2] Security checking request POST /slot/listallslot
2024-07-17 18:30:48,229 DEBUG org.apache.juli.logging.DirectJDKLog [http-nio-8084-exec-2]   No applicable constraints defined
2024-07-17 18:30:48,230 DEBUG org.apache.juli.logging.DirectJDKLog [http-nio-8084-exec-1]   No applicable constraints defined
2024-07-17 18:30:48,240 DEBUG org.apache.juli.logging.DirectJDKLog [http-nio-8084-exec-2] Loading persistent provider registrations from [C:\Users\Admin\AppData\Local\Temp\tomcat.15086564015624214695.8084\conf\jaspic-providers.xml]
2024-07-17 18:30:48,241 DEBUG org.apache.juli.logging.DirectJDKLog [http-nio-8084-exec-1] Not subject to any constraint
2024-07-17 18:30:48,241 DEBUG org.apache.juli.logging.DirectJDKLog [http-nio-8084-exec-2] Not subject to any constraint
2024-07-17 18:30:48,252 INFO org.apache.juli.logging.DirectJDKLog [http-nio-8084-exec-2] Initializing Spring DispatcherServlet 'dispatcherServlet'
2024-07-17 18:30:48,252 INFO org.springframework.web.servlet.FrameworkServlet [http-nio-8084-exec-2] Initializing Servlet 'dispatcherServlet'
2024-07-17 18:30:48,253 DEBUG org.springframework.web.servlet.DispatcherServlet [http-nio-8084-exec-2] Detected StandardServletMultipartResolver
2024-07-17 18:30:48,284 DEBUG org.springframework.web.servlet.FrameworkServlet [http-nio-8084-exec-2] enableLoggingRequestDetails='false': request parameters and headers will be masked to prevent unsafe logging of potentially sensitive data
2024-07-17 18:30:48,284 INFO org.springframework.web.servlet.FrameworkServlet [http-nio-8084-exec-2] Completed initialization in 31 ms
2024-07-17 18:30:48,330 DEBUG org.springframework.security.web.FilterChainProxy$VirtualFilterChain [http-nio-8084-exec-2] /slot/listallslot at position 1 of 11 in additional filter chain; firing Filter: 'WebAsyncManagerIntegrationFilter'
2024-07-17 18:30:48,330 DEBUG org.springframework.security.web.FilterChainProxy$VirtualFilterChain [http-nio-8084-exec-1] /slot/listallslot at position 1 of 11 in additional filter chain; firing Filter: 'WebAsyncManagerIntegrationFilter'
2024-07-17 18:30:48,335 DEBUG org.springframework.security.web.FilterChainProxy$VirtualFilterChain [http-nio-8084-exec-2] /slot/listallslot at position 2 of 11 in additional filter chain; firing Filter: 'SecurityContextPersistenceFilter'
2024-07-17 18:30:48,335 DEBUG org.springframework.security.web.FilterChainProxy$VirtualFilterChain [http-nio-8084-exec-1] /slot/listallslot at position 2 of 11 in additional filter chain; firing Filter: 'SecurityContextPersistenceFilter'
2024-07-17 18:30:48,342 DEBUG org.springframework.security.web.FilterChainProxy$VirtualFilterChain [http-nio-8084-exec-1] /slot/listallslot at position 3 of 11 in additional filter chain; firing Filter: 'HeaderWriterFilter'
2024-07-17 18:30:48,342 DEBUG org.springframework.security.web.FilterChainProxy$VirtualFilterChain [http-nio-8084-exec-2] /slot/listallslot at position 3 of 11 in additional filter chain; firing Filter: 'HeaderWriterFilter'
2024-07-17 18:30:48,352 DEBUG org.springframework.security.web.FilterChainProxy$VirtualFilterChain [http-nio-8084-exec-2] /slot/listallslot at position 4 of 11 in additional filter chain; firing Filter: 'CorsFilter'
2024-07-17 18:30:48,352 DEBUG org.springframework.security.web.FilterChainProxy$VirtualFilterChain [http-nio-8084-exec-1] /slot/listallslot at position 4 of 11 in additional filter chain; firing Filter: 'CorsFilter'
2024-07-17 18:30:48,363 DEBUG org.springframework.web.servlet.handler.AbstractHandlerMapping [http-nio-8084-exec-2] Mapped to com.booking.controller.SlotController#ListAllSlot(ClubSlot)
2024-07-17 18:30:48,363 DEBUG org.springframework.web.servlet.handler.AbstractHandlerMapping [http-nio-8084-exec-1] Mapped to com.booking.controller.SlotController#ListAllSlot(ClubSlot)
2024-07-17 18:30:48,423 DEBUG org.springframework.security.web.FilterChainProxy$VirtualFilterChain [http-nio-8084-exec-1] /slot/listallslot at position 5 of 11 in additional filter chain; firing Filter: 'LogoutFilter'
2024-07-17 18:30:48,423 DEBUG org.springframework.security.web.FilterChainProxy$VirtualFilterChain [http-nio-8084-exec-2] /slot/listallslot at position 5 of 11 in additional filter chain; firing Filter: 'LogoutFilter'
2024-07-17 18:30:48,424 DEBUG org.springframework.security.web.util.matcher.OrRequestMatcher [http-nio-8084-exec-2] Trying to match using Ant [pattern='/logout', GET]
2024-07-17 18:30:48,424 DEBUG org.springframework.security.web.util.matcher.OrRequestMatcher [http-nio-8084-exec-1] Trying to match using Ant [pattern='/logout', GET]
2024-07-17 18:30:48,425 DEBUG org.springframework.security.web.util.matcher.AntPathRequestMatcher [http-nio-8084-exec-1] Request 'POST /slot/listallslot' doesn't match 'GET /logout'
2024-07-17 18:30:48,425 DEBUG org.springframework.security.web.util.matcher.AntPathRequestMatcher [http-nio-8084-exec-2] Request 'POST /slot/listallslot' doesn't match 'GET /logout'
2024-07-17 18:30:48,425 DEBUG org.springframework.security.web.util.matcher.OrRequestMatcher [http-nio-8084-exec-1] Trying to match using Ant [pattern='/logout', POST]
2024-07-17 18:30:48,425 DEBUG org.springframework.security.web.util.matcher.OrRequestMatcher [http-nio-8084-exec-2] Trying to match using Ant [pattern='/logout', POST]
2024-07-17 18:30:48,426 DEBUG org.springframework.security.web.util.matcher.AntPathRequestMatcher [http-nio-8084-exec-1] Checking match of request : '/slot/listallslot'; against '/logout'
2024-07-17 18:30:48,426 DEBUG org.springframework.security.web.util.matcher.AntPathRequestMatcher [http-nio-8084-exec-2] Checking match of request : '/slot/listallslot'; against '/logout'
2024-07-17 18:30:48,426 DEBUG org.springframework.security.web.util.matcher.OrRequestMatcher [http-nio-8084-exec-2] Trying to match using Ant [pattern='/logout', PUT]
2024-07-17 18:30:48,426 DEBUG org.springframework.security.web.util.matcher.OrRequestMatcher [http-nio-8084-exec-1] Trying to match using Ant [pattern='/logout', PUT]
2024-07-17 18:30:48,429 DEBUG org.springframework.security.web.util.matcher.AntPathRequestMatcher [http-nio-8084-exec-2] Request 'POST /slot/listallslot' doesn't match 'PUT /logout'
2024-07-17 18:30:48,430 DEBUG org.springframework.security.web.util.matcher.AntPathRequestMatcher [http-nio-8084-exec-1] Request 'POST /slot/listallslot' doesn't match 'PUT /logout'
2024-07-17 18:30:48,430 DEBUG org.springframework.security.web.util.matcher.OrRequestMatcher [http-nio-8084-exec-2] Trying to match using Ant [pattern='/logout', DELETE]
2024-07-17 18:30:48,430 DEBUG org.springframework.security.web.util.matcher.OrRequestMatcher [http-nio-8084-exec-1] Trying to match using Ant [pattern='/logout', DELETE]
2024-07-17 18:30:48,431 DEBUG org.springframework.security.web.util.matcher.AntPathRequestMatcher [http-nio-8084-exec-1] Request 'POST /slot/listallslot' doesn't match 'DELETE /logout'
2024-07-17 18:30:48,431 DEBUG org.springframework.security.web.util.matcher.AntPathRequestMatcher [http-nio-8084-exec-2] Request 'POST /slot/listallslot' doesn't match 'DELETE /logout'
2024-07-17 18:30:48,432 DEBUG org.springframework.security.web.util.matcher.OrRequestMatcher [http-nio-8084-exec-2] No matches found
2024-07-17 18:30:48,432 DEBUG org.springframework.security.web.util.matcher.OrRequestMatcher [http-nio-8084-exec-1] No matches found
2024-07-17 18:30:48,432 DEBUG org.springframework.security.web.FilterChainProxy$VirtualFilterChain [http-nio-8084-exec-1] /slot/listallslot at position 6 of 11 in additional filter chain; firing Filter: 'RequestCacheAwareFilter'
2024-07-17 18:30:48,432 DEBUG org.springframework.security.web.FilterChainProxy$VirtualFilterChain [http-nio-8084-exec-2] /slot/listallslot at position 6 of 11 in additional filter chain; firing Filter: 'RequestCacheAwareFilter'
2024-07-17 18:30:48,433 DEBUG org.springframework.security.web.FilterChainProxy$VirtualFilterChain [http-nio-8084-exec-2] /slot/listallslot at position 7 of 11 in additional filter chain; firing Filter: 'SecurityContextHolderAwareRequestFilter'
2024-07-17 18:30:48,433 DEBUG org.springframework.security.web.FilterChainProxy$VirtualFilterChain [http-nio-8084-exec-1] /slot/listallslot at position 7 of 11 in additional filter chain; firing Filter: 'SecurityContextHolderAwareRequestFilter'
2024-07-17 18:30:48,437 DEBUG org.springframework.security.web.FilterChainProxy$VirtualFilterChain [http-nio-8084-exec-2] /slot/listallslot at position 8 of 11 in additional filter chain; firing Filter: 'AnonymousAuthenticationFilter'
2024-07-17 18:30:48,437 DEBUG org.springframework.security.web.FilterChainProxy$VirtualFilterChain [http-nio-8084-exec-1] /slot/listallslot at position 8 of 11 in additional filter chain; firing Filter: 'AnonymousAuthenticationFilter'
2024-07-17 18:30:48,441 DEBUG org.springframework.security.web.authentication.AnonymousAuthenticationFilter [http-nio-8084-exec-1] Populated SecurityContextHolder with anonymous token: 'org.springframework.security.authentication.AnonymousAuthenticationToken@cd846fe5: Principal: anonymousUser; Credentials: [PROTECTED]; Authenticated: true; Details: org.springframework.security.web.authentication.WebAuthenticationDetails@b364: RemoteIpAddress: 0:0:0:0:0:0:0:1; SessionId: null; Granted Authorities: ROLE_ANONYMOUS'
2024-07-17 18:30:48,441 DEBUG org.springframework.security.web.authentication.AnonymousAuthenticationFilter [http-nio-8084-exec-2] Populated SecurityContextHolder with anonymous token: 'org.springframework.security.authentication.AnonymousAuthenticationToken@cd846fe5: Principal: anonymousUser; Credentials: [PROTECTED]; Authenticated: true; Details: org.springframework.security.web.authentication.WebAuthenticationDetails@b364: RemoteIpAddress: 0:0:0:0:0:0:0:1; SessionId: null; Granted Authorities: ROLE_ANONYMOUS'
2024-07-17 18:30:48,442 DEBUG org.springframework.security.web.FilterChainProxy$VirtualFilterChain [http-nio-8084-exec-2] /slot/listallslot at position 9 of 11 in additional filter chain; firing Filter: 'SessionManagementFilter'
2024-07-17 18:30:48,442 DEBUG org.springframework.security.web.FilterChainProxy$VirtualFilterChain [http-nio-8084-exec-1] /slot/listallslot at position 9 of 11 in additional filter chain; firing Filter: 'SessionManagementFilter'
2024-07-17 18:30:48,443 DEBUG org.springframework.security.web.FilterChainProxy$VirtualFilterChain [http-nio-8084-exec-2] /slot/listallslot at position 10 of 11 in additional filter chain; firing Filter: 'ExceptionTranslationFilter'
2024-07-17 18:30:48,443 DEBUG org.springframework.security.web.FilterChainProxy$VirtualFilterChain [http-nio-8084-exec-1] /slot/listallslot at position 10 of 11 in additional filter chain; firing Filter: 'ExceptionTranslationFilter'
2024-07-17 18:30:48,443 DEBUG org.springframework.security.web.FilterChainProxy$VirtualFilterChain [http-nio-8084-exec-1] /slot/listallslot at position 11 of 11 in additional filter chain; firing Filter: 'FilterSecurityInterceptor'
2024-07-17 18:30:48,443 DEBUG org.springframework.security.web.FilterChainProxy$VirtualFilterChain [http-nio-8084-exec-2] /slot/listallslot at position 11 of 11 in additional filter chain; firing Filter: 'FilterSecurityInterceptor'
2024-07-17 18:30:48,449 DEBUG org.springframework.security.web.util.matcher.AntPathRequestMatcher [http-nio-8084-exec-1] Request '/slot/listallslot' matched by universal pattern '/**'
2024-07-17 18:30:48,449 DEBUG org.springframework.security.web.util.matcher.AntPathRequestMatcher [http-nio-8084-exec-2] Request '/slot/listallslot' matched by universal pattern '/**'
2024-07-17 18:30:48,450 DEBUG org.springframework.security.access.intercept.AbstractSecurityInterceptor [http-nio-8084-exec-1] Secure object: FilterInvocation: URL: /slot/listallslot; Attributes: [permitAll]
2024-07-17 18:30:48,450 DEBUG org.springframework.security.access.intercept.AbstractSecurityInterceptor [http-nio-8084-exec-2] Secure object: FilterInvocation: URL: /slot/listallslot; Attributes: [permitAll]
2024-07-17 18:30:48,450 DEBUG org.springframework.security.access.intercept.AbstractSecurityInterceptor [http-nio-8084-exec-1] Previously Authenticated: org.springframework.security.authentication.AnonymousAuthenticationToken@cd846fe5: Principal: anonymousUser; Credentials: [PROTECTED]; Authenticated: true; Details: org.springframework.security.web.authentication.WebAuthenticationDetails@b364: RemoteIpAddress: 0:0:0:0:0:0:0:1; SessionId: null; Granted Authorities: ROLE_ANONYMOUS
2024-07-17 18:30:48,450 DEBUG org.springframework.security.access.intercept.AbstractSecurityInterceptor [http-nio-8084-exec-2] Previously Authenticated: org.springframework.security.authentication.AnonymousAuthenticationToken@cd846fe5: Principal: anonymousUser; Credentials: [PROTECTED]; Authenticated: true; Details: org.springframework.security.web.authentication.WebAuthenticationDetails@b364: RemoteIpAddress: 0:0:0:0:0:0:0:1; SessionId: null; Granted Authorities: ROLE_ANONYMOUS
2024-07-17 18:30:48,470 DEBUG org.springframework.security.access.vote.AffirmativeBased [http-nio-8084-exec-2] Voter: org.springframework.security.web.access.expression.WebExpressionVoter@554361c6, returned: 1
2024-07-17 18:30:48,470 DEBUG org.springframework.security.access.vote.AffirmativeBased [http-nio-8084-exec-1] Voter: org.springframework.security.web.access.expression.WebExpressionVoter@554361c6, returned: 1
2024-07-17 18:30:48,471 DEBUG org.springframework.security.access.intercept.AbstractSecurityInterceptor [http-nio-8084-exec-2] Authorization successful
2024-07-17 18:30:48,471 DEBUG org.springframework.security.access.intercept.AbstractSecurityInterceptor [http-nio-8084-exec-1] Authorization successful
2024-07-17 18:30:48,472 DEBUG org.springframework.security.access.intercept.AbstractSecurityInterceptor [http-nio-8084-exec-1] RunAsManager did not change Authentication object
2024-07-17 18:30:48,472 DEBUG org.springframework.security.access.intercept.AbstractSecurityInterceptor [http-nio-8084-exec-2] RunAsManager did not change Authentication object
2024-07-17 18:30:48,473 DEBUG org.springframework.security.web.FilterChainProxy$VirtualFilterChain [http-nio-8084-exec-2] /slot/listallslot reached end of additional filter chain; proceeding with original chain
2024-07-17 18:30:48,473 DEBUG org.springframework.security.web.FilterChainProxy$VirtualFilterChain [http-nio-8084-exec-1] /slot/listallslot reached end of additional filter chain; proceeding with original chain
2024-07-17 18:30:48,474 WARN com.booking.config.JwtAuthenticationFilter [http-nio-8084-exec-1] Couldn't find bearer string, header will be ignored
2024-07-17 18:30:48,474 WARN com.booking.config.JwtAuthenticationFilter [http-nio-8084-exec-2] Couldn't find bearer string, header will be ignored
2024-07-17 18:30:48,475 DEBUG org.springframework.web.servlet.handler.AbstractHandlerMapping [http-nio-8084-exec-1] Mapped to com.booking.controller.SlotController#ListAllSlot(ClubSlot)
2024-07-17 18:30:48,475 DEBUG org.springframework.web.servlet.handler.AbstractHandlerMapping [http-nio-8084-exec-2] Mapped to com.booking.controller.SlotController#ListAllSlot(ClubSlot)
2024-07-17 18:30:48,509 INFO com.booking.logger.SpringLoggingFilter [http-nio-8084-exec-2] Request: method=POST, uri=/slot/listallslot, payload={}, audit=true
2024-07-17 18:30:48,509 INFO com.booking.logger.SpringLoggingFilter [http-nio-8084-exec-1] Request: method=POST, uri=/slot/listallslot, payload={}, audit=true
2024-07-17 18:30:48,523 DEBUG org.apache.juli.logging.DirectJDKLog [http-nio-8084-exec-1] Set encoding to UTF-8
2024-07-17 18:30:48,523 DEBUG org.apache.juli.logging.DirectJDKLog [http-nio-8084-exec-2] Set encoding to UTF-8
2024-07-17 18:30:48,524 DEBUG org.springframework.core.log.LogFormatUtils [http-nio-8084-exec-1] POST "/slot/listallslot", parameters={}
2024-07-17 18:30:48,524 DEBUG org.springframework.core.log.LogFormatUtils [http-nio-8084-exec-2] POST "/slot/listallslot", parameters={}
2024-07-17 18:30:48,532 DEBUG org.springframework.web.servlet.handler.AbstractHandlerMapping [http-nio-8084-exec-1] Mapped to com.booking.controller.SlotController#ListAllSlot(ClubSlot)
2024-07-17 18:30:48,532 DEBUG org.springframework.web.servlet.handler.AbstractHandlerMapping [http-nio-8084-exec-2] Mapped to com.booking.controller.SlotController#ListAllSlot(ClubSlot)
2024-07-17 18:30:48,538 DEBUG org.springframework.orm.jpa.support.OpenEntityManagerInViewInterceptor [http-nio-8084-exec-2] Opening JPA EntityManager in OpenEntityManagerInViewInterceptor
2024-07-17 18:30:48,538 DEBUG org.springframework.orm.jpa.support.OpenEntityManagerInViewInterceptor [http-nio-8084-exec-1] Opening JPA EntityManager in OpenEntityManagerInViewInterceptor
2024-07-17 18:30:48,905 DEBUG org.springframework.core.log.LogFormatUtils [http-nio-8084-exec-1] Read "application/json;charset=UTF-8" to [com.booking.model.slot.ClubSlot@70e93753]
2024-07-17 18:30:48,905 DEBUG org.springframework.core.log.LogFormatUtils [http-nio-8084-exec-2] Read "application/json;charset=UTF-8" to [com.booking.model.slot.ClubSlot@6f42787]
2024-07-17 18:30:49,137 DEBUG org.hibernate.engine.jdbc.spi.SqlStatementLogger [http-nio-8084-exec-1]  select cs.slot_id as slotId, cs.club_name as clubName, cs.created_by as createdBy, cs.created_date as createdDate, cs.player_count as playerCount, cs.primary_booking_id as primaryBookingId, cs.secondary_booking as secondaryBooking, cs.slot_available as slotAvailable, cs.slot_date as slotDate, cs.slot_end_timestmp as slotEndTimestmp, cs.slot_start_timestmp as slotStartTimeStamp, cs.slot_status as slotStatus, cs.tee_time as teeTime from club_slot cs where cs.slot_start_timestmp >? order by cs.slot_start_timestmp asc

2024-07-17 18:30:49,137 DEBUG org.hibernate.engine.jdbc.spi.SqlStatementLogger [http-nio-8084-exec-2]  select cs.slot_id as slotId, cs.club_name as clubName, cs.created_by as createdBy, cs.created_date as createdDate, cs.player_count as playerCount, cs.primary_booking_id as primaryBookingId, cs.secondary_booking as secondaryBooking, cs.slot_available as slotAvailable, cs.slot_date as slotDate, cs.slot_end_timestmp as slotEndTimestmp, cs.slot_start_timestmp as slotStartTimeStamp, cs.slot_status as slotStatus, cs.tee_time as teeTime from club_slot cs where cs.slot_start_timestmp >? order by cs.slot_start_timestmp asc

2024-07-17 18:30:49,193 DEBUG org.jboss.logging.DelegatingBasicLogger [http-nio-8084-exec-1] Result set row: 0
2024-07-17 18:30:49,193 DEBUG org.jboss.logging.DelegatingBasicLogger [http-nio-8084-exec-2] Result set row: 0
2024-07-17 18:30:49,194 DEBUG org.hibernate.loader.Loader [http-nio-8084-exec-1] Result row: 
2024-07-17 18:30:49,194 DEBUG org.hibernate.loader.Loader [http-nio-8084-exec-2] Result row: 
2024-07-17 18:30:49,206 DEBUG org.jboss.logging.DelegatingBasicLogger [http-nio-8084-exec-2] Result set row: 1
2024-07-17 18:30:49,206 DEBUG org.jboss.logging.DelegatingBasicLogger [http-nio-8084-exec-1] Result set row: 1
2024-07-17 18:30:49,207 DEBUG org.hibernate.loader.Loader [http-nio-8084-exec-2] Result row: 
2024-07-17 18:30:49,207 DEBUG org.hibernate.loader.Loader [http-nio-8084-exec-1] Result row: 
2024-07-17 18:30:49,208 DEBUG org.jboss.logging.DelegatingBasicLogger [http-nio-8084-exec-2] Result set row: 2
2024-07-17 18:30:49,209 DEBUG org.jboss.logging.DelegatingBasicLogger [http-nio-8084-exec-1] Result set row: 2
2024-07-17 18:30:49,209 DEBUG org.hibernate.loader.Loader [http-nio-8084-exec-2] Result row: 
2024-07-17 18:30:49,210 DEBUG org.hibernate.loader.Loader [http-nio-8084-exec-1] Result row: 
2024-07-17 18:30:49,211 DEBUG org.jboss.logging.DelegatingBasicLogger [http-nio-8084-exec-1] Result set row: 3
2024-07-17 18:30:49,211 DEBUG org.jboss.logging.DelegatingBasicLogger [http-nio-8084-exec-2] Result set row: 3
2024-07-17 18:30:49,212 DEBUG org.hibernate.loader.Loader [http-nio-8084-exec-1] Result row: 
2024-07-17 18:30:49,212 DEBUG org.hibernate.loader.Loader [http-nio-8084-exec-2] Result row: 
2024-07-17 18:30:49,214 DEBUG org.jboss.logging.DelegatingBasicLogger [http-nio-8084-exec-1] Result set row: 4
2024-07-17 18:30:49,214 DEBUG org.jboss.logging.DelegatingBasicLogger [http-nio-8084-exec-2] Result set row: 4
2024-07-17 18:30:49,218 DEBUG org.hibernate.loader.Loader [http-nio-8084-exec-2] Result row: 
2024-07-17 18:30:49,218 DEBUG org.hibernate.loader.Loader [http-nio-8084-exec-1] Result row: 
2024-07-17 18:30:49,220 DEBUG org.jboss.logging.DelegatingBasicLogger [http-nio-8084-exec-2] Result set row: 5
2024-07-17 18:30:49,221 DEBUG org.jboss.logging.DelegatingBasicLogger [http-nio-8084-exec-1] Result set row: 5
2024-07-17 18:30:49,221 DEBUG org.hibernate.loader.Loader [http-nio-8084-exec-2] Result row: 
2024-07-17 18:30:49,221 DEBUG org.hibernate.loader.Loader [http-nio-8084-exec-1] Result row: 
2024-07-17 18:30:49,223 DEBUG org.jboss.logging.DelegatingBasicLogger [http-nio-8084-exec-2] Result set row: 6
2024-07-17 18:30:49,223 DEBUG org.jboss.logging.DelegatingBasicLogger [http-nio-8084-exec-1] Result set row: 6
2024-07-17 18:30:49,224 DEBUG org.hibernate.loader.Loader [http-nio-8084-exec-1] Result row: 
2024-07-17 18:30:49,224 DEBUG org.hibernate.loader.Loader [http-nio-8084-exec-2] Result row: 
2024-07-17 18:30:49,226 DEBUG org.jboss.logging.DelegatingBasicLogger [http-nio-8084-exec-2] Result set row: 7
2024-07-17 18:30:49,226 DEBUG org.jboss.logging.DelegatingBasicLogger [http-nio-8084-exec-1] Result set row: 7
2024-07-17 18:30:49,227 DEBUG org.hibernate.loader.Loader [http-nio-8084-exec-1] Result row: 
2024-07-17 18:30:49,227 DEBUG org.hibernate.loader.Loader [http-nio-8084-exec-2] Result row: 
2024-07-17 18:30:49,228 DEBUG org.jboss.logging.DelegatingBasicLogger [http-nio-8084-exec-1] Result set row: 8
2024-07-17 18:30:49,228 DEBUG org.jboss.logging.DelegatingBasicLogger [http-nio-8084-exec-2] Result set row: 8
2024-07-17 18:30:49,229 DEBUG org.hibernate.loader.Loader [http-nio-8084-exec-2] Result row: 
2024-07-17 18:30:49,229 DEBUG org.hibernate.loader.Loader [http-nio-8084-exec-1] Result row: 
2024-07-17 18:30:49,231 DEBUG org.jboss.logging.DelegatingBasicLogger [http-nio-8084-exec-2] Result set row: 9
2024-07-17 18:30:49,235 DEBUG org.hibernate.loader.Loader [http-nio-8084-exec-2] Result row: 
2024-07-17 18:30:49,231 DEBUG org.jboss.logging.DelegatingBasicLogger [http-nio-8084-exec-1] Result set row: 9
2024-07-17 18:30:49,237 DEBUG org.hibernate.loader.Loader [http-nio-8084-exec-1] Result row: 
2024-07-17 18:30:49,237 DEBUG org.jboss.logging.DelegatingBasicLogger [http-nio-8084-exec-2] Result set row: 10
2024-07-17 18:30:49,238 DEBUG org.hibernate.loader.Loader [http-nio-8084-exec-2] Result row: 
2024-07-17 18:30:49,239 DEBUG org.jboss.logging.DelegatingBasicLogger [http-nio-8084-exec-1] Result set row: 10
2024-07-17 18:30:49,240 DEBUG org.jboss.logging.DelegatingBasicLogger [http-nio-8084-exec-2] Result set row: 11
2024-07-17 18:30:49,240 DEBUG org.hibernate.loader.Loader [http-nio-8084-exec-1] Result row: 
2024-07-17 18:30:49,241 DEBUG org.hibernate.loader.Loader [http-nio-8084-exec-2] Result row: 
2024-07-17 18:30:49,241 DEBUG org.jboss.logging.DelegatingBasicLogger [http-nio-8084-exec-1] Result set row: 11
2024-07-17 18:30:49,242 DEBUG org.hibernate.loader.Loader [http-nio-8084-exec-1] Result row: 
2024-07-17 18:30:49,294 DEBUG org.apache.juli.logging.DirectJDKLog [http-nio-8084-exec-2]     findClass(com.booking.model.slot.ClubSlotModelCustomizer)
2024-07-17 18:30:49,296 DEBUG org.apache.juli.logging.DirectJDKLog [http-nio-8084-exec-2]     --> Returning ClassNotFoundException
2024-07-17 18:30:49,300 DEBUG org.apache.juli.logging.DirectJDKLog [http-nio-8084-exec-1]     findClass(com.booking.model.slot.ClubSlotModelCustomizer)
2024-07-17 18:30:49,304 DEBUG org.apache.juli.logging.DirectJDKLog [http-nio-8084-exec-1]     --> Returning ClassNotFoundException
2024-07-17 18:30:49,344 DEBUG org.springframework.web.servlet.mvc.method.annotation.AbstractMessageConverterMethodProcessor [http-nio-8084-exec-2] Using 'application/json', given [application/json, text/plain, */*] and supported [application/json, application/*+json, application/json, application/*+json]
2024-07-17 18:30:49,344 DEBUG org.springframework.web.servlet.mvc.method.annotation.AbstractMessageConverterMethodProcessor [http-nio-8084-exec-1] Using 'application/json', given [application/json, text/plain, */*] and supported [application/json, application/*+json, application/json, application/*+json]
2024-07-17 18:30:49,349 DEBUG org.springframework.core.log.LogFormatUtils [http-nio-8084-exec-1] Writing [{slotList=[org.springframework.data.jpa.repository.query.AbstractJpaQuery$TupleConverter$TupleBacked (truncated)...]
2024-07-17 18:30:49,351 DEBUG org.springframework.core.log.LogFormatUtils [http-nio-8084-exec-2] Writing [{slotList=[org.springframework.data.jpa.repository.query.AbstractJpaQuery$TupleConverter$TupleBacked (truncated)...]
2024-07-17 18:30:49,509 DEBUG org.springframework.security.web.header.writers.HstsHeaderWriter [http-nio-8084-exec-1] Not injecting HSTS header since it did not match the requestMatcher org.springframework.security.web.header.writers.HstsHeaderWriter$SecureRequestMatcher@3bf9b20
2024-07-17 18:30:49,509 DEBUG org.springframework.security.web.header.writers.HstsHeaderWriter [http-nio-8084-exec-2] Not injecting HSTS header since it did not match the requestMatcher org.springframework.security.web.header.writers.HstsHeaderWriter$SecureRequestMatcher@3bf9b20
2024-07-17 18:30:49,512 DEBUG org.springframework.orm.jpa.support.OpenEntityManagerInViewInterceptor [http-nio-8084-exec-1] Closing JPA EntityManager in OpenEntityManagerInViewInterceptor
2024-07-17 18:30:49,512 DEBUG org.springframework.orm.jpa.support.OpenEntityManagerInViewInterceptor [http-nio-8084-exec-2] Closing JPA EntityManager in OpenEntityManagerInViewInterceptor
2024-07-17 18:30:49,513 DEBUG org.springframework.web.servlet.FrameworkServlet [http-nio-8084-exec-2] Completed 200 OK
2024-07-17 18:30:49,513 DEBUG org.springframework.web.servlet.FrameworkServlet [http-nio-8084-exec-1] Completed 200 OK
2024-07-17 18:30:49,516 INFO com.booking.logger.SpringLoggingFilter [http-nio-8084-exec-2] Response(1040 ms): status=200, payload={"slotList":[{"secondaryBooking":"Y","primaryBookingId":0,"slotStartTimeStamp":"2024-07-17T13:30:00.000+00:00","slotDuration":null,"teeTime":"T1","slotDate":"2024-07-17","slotId":927,"slotStatus":"Created","playerCount":3,"slotEndTimeStmp":"2024-07-17T13:50:00.000+00:00","slotAvailable":"Y","createdBy":"Admin","clubName":"Bhubaneswar Golf Club!","createdDate":"2024-07-17T12:45:41.744+00:00"},{"secondaryBooking":"Y","primaryBookingId":0,"slotStartTimeStamp":"2024-07-17T13:50:00.000+00:00","slotDuration":null,"teeTime":"T1","slotDate":"2024-07-17","slotId":928,"slotStatus":"Created","playerCount":3,"slotEndTimeStmp":"2024-07-17T14:10:00.000+00:00","slotAvailable":"Y","createdBy":"Admin","clubName":"Bhubaneswar Golf Club!","createdDate":"2024-07-17T12:45:41.744+00:00"},{"secondaryBooking":"Y","primaryBookingId":0,"slotStartTimeStamp":"2024-07-17T14:10:00.000+00:00","slotDuration":null,"teeTime":"T1","slotDate":"2024-07-17","slotId":929,"slotStatus":"Created","playerCount":3,"slotEndTimeStmp":"2024-07-17T14:30:00.000+00:00","slotAvailable":"Y","createdBy":"Admin","clubName":"Bhubaneswar Golf Club!","createdDate":"2024-07-17T12:45:41.744+00:00"},{"secondaryBooking":"Y","primaryBookingId":0,"slotStartTimeStamp":"2024-07-17T14:30:00.000+00:00","slotDuration":null,"teeTime":"T1","slotDate":"2024-07-17","slotId":930,"slotStatus":"Created","playerCount":3,"slotEndTimeStmp":"2024-07-17T14:50:00.000+00:00","slotAvailable":"Y","createdBy":"Admin","clubName":"Bhubaneswar Golf Club!","createdDate":"2024-07-17T12:45:41.744+00:00"},{"secondaryBooking":"Y","primaryBookingId":0,"slotStartTimeStamp":"2024-07-18T13:30:00.000+00:00","slotDuration":null,"teeTime":"T1","slotDate":"2024-07-18","slotId":931,"slotStatus":"Created","playerCount":3,"slotEndTimeStmp":"2024-07-18T13:50:00.000+00:00","slotAvailable":"Y","createdBy":"Admin","clubName":"Bhubaneswar Golf Club!","createdDate":"2024-07-17T12:45:41.744+00:00"},{"secondaryBooking":"Y","primaryBookingId":0,"slotStartTimeStamp":"2024-07-18T13:50:00.000+00:00","slotDuration":null,"teeTime":"T1","slotDate":"2024-07-18","slotId":932,"slotStatus":"Created","playerCount":3,"slotEndTimeStmp":"2024-07-18T14:10:00.000+00:00","slotAvailable":"Y","createdBy":"Admin","clubName":"Bhubaneswar Golf Club!","createdDate":"2024-07-17T12:45:41.744+00:00"},{"secondaryBooking":"Y","primaryBookingId":0,"slotStartTimeStamp":"2024-07-18T14:10:00.000+00:00","slotDuration":null,"teeTime":"T1","slotDate":"2024-07-18","slotId":933,"slotStatus":"Created","playerCount":3,"slotEndTimeStmp":"2024-07-18T14:30:00.000+00:00","slotAvailable":"Y","createdBy":"Admin","clubName":"Bhubaneswar Golf Club!","createdDate":"2024-07-17T12:45:41.744+00:00"},{"secondaryBooking":"Y","primaryBookingId":0,"slotStartTimeStamp":"2024-07-18T14:30:00.000+00:00","slotDuration":null,"teeTime":"T1","slotDate":"2024-07-18","slotId":934,"slotStatus":"Created","playerCount":3,"slotEndTimeStmp":"2024-07-18T14:50:00.000+00:00","slotAvailable":"Y","createdBy":"Admin","clubName":"Bhubaneswar Golf Club!","createdDate":"2024-07-17T12:45:41.744+00:00"},{"secondaryBooking":"Y","primaryBookingId":0,"slotStartTimeStamp":"2024-07-19T13:30:00.000+00:00","slotDuration":null,"teeTime":"T1","slotDate":"2024-07-19","slotId":935,"slotStatus":"Created","playerCount":3,"slotEndTimeStmp":"2024-07-19T13:50:00.000+00:00","slotAvailable":"Y","createdBy":"Admin","clubName":"Bhubaneswar Golf Club!","createdDate":"2024-07-17T12:45:41.744+00:00"},{"secondaryBooking":"Y","primaryBookingId":0,"slotStartTimeStamp":"2024-07-19T13:50:00.000+00:00","slotDuration":null,"teeTime":"T1","slotDate":"2024-07-19","slotId":936,"slotStatus":"Created","playerCount":3,"slotEndTimeStmp":"2024-07-19T14:10:00.000+00:00","slotAvailable":"Y","createdBy":"Admin","clubName":"Bhubaneswar Golf Club!","createdDate":"2024-07-17T12:45:41.744+00:00"},{"secondaryBooking":"Y","primaryBookingId":0,"slotStartTimeStamp":"2024-07-19T14:10:00.000+00:00","slotDuration":null,"teeTime":"T1","slotDate":"2024-07-19","slotId":937,"slotStatus":"Created","playerCount":3,"slotEndTimeStmp":"2024-07-19T14:30:00.000+00:00","slotAvailable":"Y","createdBy":"Admin","clubName":"Bhubaneswar Golf Club!","createdDate":"2024-07-17T12:45:41.744+00:00"},{"secondaryBooking":"Y","primaryBookingId":0,"slotStartTimeStamp":"2024-07-19T14:30:00.000+00:00","slotDuration":null,"teeTime":"T1","slotDate":"2024-07-19","slotId":938,"slotStatus":"Created","playerCount":3,"slotEndTimeStmp":"2024-07-19T14:50:00.000+00:00","slotAvailable":"Y","createdBy":"Admin","clubName":"Bhubaneswar Golf Club!","createdDate":"2024-07-17T12:45:41.744+00:00"}],"slotAvalaibity":{"17-07-2024":"Y","18-07-2024":"Y","19-07-2024":"Y"}}, audit=true
2024-07-17 18:30:49,519 INFO com.booking.logger.SpringLoggingFilter [http-nio-8084-exec-1] Response(1040 ms): status=200, payload={"slotList":[{"secondaryBooking":"Y","primaryBookingId":0,"slotStartTimeStamp":"2024-07-17T13:30:00.000+00:00","slotDuration":null,"teeTime":"T1","slotDate":"2024-07-17","slotId":927,"slotStatus":"Created","playerCount":3,"slotEndTimeStmp":"2024-07-17T13:50:00.000+00:00","slotAvailable":"Y","createdBy":"Admin","clubName":"Bhubaneswar Golf Club!","createdDate":"2024-07-17T12:45:41.744+00:00"},{"secondaryBooking":"Y","primaryBookingId":0,"slotStartTimeStamp":"2024-07-17T13:50:00.000+00:00","slotDuration":null,"teeTime":"T1","slotDate":"2024-07-17","slotId":928,"slotStatus":"Created","playerCount":3,"slotEndTimeStmp":"2024-07-17T14:10:00.000+00:00","slotAvailable":"Y","createdBy":"Admin","clubName":"Bhubaneswar Golf Club!","createdDate":"2024-07-17T12:45:41.744+00:00"},{"secondaryBooking":"Y","primaryBookingId":0,"slotStartTimeStamp":"2024-07-17T14:10:00.000+00:00","slotDuration":null,"teeTime":"T1","slotDate":"2024-07-17","slotId":929,"slotStatus":"Created","playerCount":3,"slotEndTimeStmp":"2024-07-17T14:30:00.000+00:00","slotAvailable":"Y","createdBy":"Admin","clubName":"Bhubaneswar Golf Club!","createdDate":"2024-07-17T12:45:41.744+00:00"},{"secondaryBooking":"Y","primaryBookingId":0,"slotStartTimeStamp":"2024-07-17T14:30:00.000+00:00","slotDuration":null,"teeTime":"T1","slotDate":"2024-07-17","slotId":930,"slotStatus":"Created","playerCount":3,"slotEndTimeStmp":"2024-07-17T14:50:00.000+00:00","slotAvailable":"Y","createdBy":"Admin","clubName":"Bhubaneswar Golf Club!","createdDate":"2024-07-17T12:45:41.744+00:00"},{"secondaryBooking":"Y","primaryBookingId":0,"slotStartTimeStamp":"2024-07-18T13:30:00.000+00:00","slotDuration":null,"teeTime":"T1","slotDate":"2024-07-18","slotId":931,"slotStatus":"Created","playerCount":3,"slotEndTimeStmp":"2024-07-18T13:50:00.000+00:00","slotAvailable":"Y","createdBy":"Admin","clubName":"Bhubaneswar Golf Club!","createdDate":"2024-07-17T12:45:41.744+00:00"},{"secondaryBooking":"Y","primaryBookingId":0,"slotStartTimeStamp":"2024-07-18T13:50:00.000+00:00","slotDuration":null,"teeTime":"T1","slotDate":"2024-07-18","slotId":932,"slotStatus":"Created","playerCount":3,"slotEndTimeStmp":"2024-07-18T14:10:00.000+00:00","slotAvailable":"Y","createdBy":"Admin","clubName":"Bhubaneswar Golf Club!","createdDate":"2024-07-17T12:45:41.744+00:00"},{"secondaryBooking":"Y","primaryBookingId":0,"slotStartTimeStamp":"2024-07-18T14:10:00.000+00:00","slotDuration":null,"teeTime":"T1","slotDate":"2024-07-18","slotId":933,"slotStatus":"Created","playerCount":3,"slotEndTimeStmp":"2024-07-18T14:30:00.000+00:00","slotAvailable":"Y","createdBy":"Admin","clubName":"Bhubaneswar Golf Club!","createdDate":"2024-07-17T12:45:41.744+00:00"},{"secondaryBooking":"Y","primaryBookingId":0,"slotStartTimeStamp":"2024-07-18T14:30:00.000+00:00","slotDuration":null,"teeTime":"T1","slotDate":"2024-07-18","slotId":934,"slotStatus":"Created","playerCount":3,"slotEndTimeStmp":"2024-07-18T14:50:00.000+00:00","slotAvailable":"Y","createdBy":"Admin","clubName":"Bhubaneswar Golf Club!","createdDate":"2024-07-17T12:45:41.744+00:00"},{"secondaryBooking":"Y","primaryBookingId":0,"slotStartTimeStamp":"2024-07-19T13:30:00.000+00:00","slotDuration":null,"teeTime":"T1","slotDate":"2024-07-19","slotId":935,"slotStatus":"Created","playerCount":3,"slotEndTimeStmp":"2024-07-19T13:50:00.000+00:00","slotAvailable":"Y","createdBy":"Admin","clubName":"Bhubaneswar Golf Club!","createdDate":"2024-07-17T12:45:41.744+00:00"},{"secondaryBooking":"Y","primaryBookingId":0,"slotStartTimeStamp":"2024-07-19T13:50:00.000+00:00","slotDuration":null,"teeTime":"T1","slotDate":"2024-07-19","slotId":936,"slotStatus":"Created","playerCount":3,"slotEndTimeStmp":"2024-07-19T14:10:00.000+00:00","slotAvailable":"Y","createdBy":"Admin","clubName":"Bhubaneswar Golf Club!","createdDate":"2024-07-17T12:45:41.744+00:00"},{"secondaryBooking":"Y","primaryBookingId":0,"slotStartTimeStamp":"2024-07-19T14:10:00.000+00:00","slotDuration":null,"teeTime":"T1","slotDate":"2024-07-19","slotId":937,"slotStatus":"Created","playerCount":3,"slotEndTimeStmp":"2024-07-19T14:30:00.000+00:00","slotAvailable":"Y","createdBy":"Admin","clubName":"Bhubaneswar Golf Club!","createdDate":"2024-07-17T12:45:41.744+00:00"},{"secondaryBooking":"Y","primaryBookingId":0,"slotStartTimeStamp":"2024-07-19T14:30:00.000+00:00","slotDuration":null,"teeTime":"T1","slotDate":"2024-07-19","slotId":938,"slotStatus":"Created","playerCount":3,"slotEndTimeStmp":"2024-07-19T14:50:00.000+00:00","slotAvailable":"Y","createdBy":"Admin","clubName":"Bhubaneswar Golf Club!","createdDate":"2024-07-17T12:45:41.744+00:00"}],"slotAvalaibity":{"17-07-2024":"Y","18-07-2024":"Y","19-07-2024":"Y"}}, audit=true
2024-07-17 18:30:49,520 DEBUG org.springframework.security.web.access.ExceptionTranslationFilter [http-nio-8084-exec-2] Chain processed normally
2024-07-17 18:30:49,521 DEBUG org.springframework.security.web.access.ExceptionTranslationFilter [http-nio-8084-exec-1] Chain processed normally
2024-07-17 18:30:49,521 DEBUG org.springframework.security.web.context.SecurityContextPersistenceFilter [http-nio-8084-exec-2] SecurityContextHolder now cleared, as request processing completed
2024-07-17 18:30:49,521 DEBUG org.springframework.security.web.context.SecurityContextPersistenceFilter [http-nio-8084-exec-1] SecurityContextHolder now cleared, as request processing completed
2024-07-17 18:30:49,537 DEBUG org.apache.juli.logging.DirectJDKLog [http-nio-8084-exec-1] Socket: [org.apache.tomcat.util.net.NioEndpoint$NioSocketWrapper@3fe8ccb4:org.apache.tomcat.util.net.NioChannel@77215b8a:java.nio.channels.SocketChannel[connected local=/[0:0:0:0:0:0:0:1]:8084 remote=/[0:0:0:0:0:0:0:1]:58119]], Read from buffer: [0]
2024-07-17 18:30:49,537 DEBUG org.apache.juli.logging.DirectJDKLog [http-nio-8084-exec-2] Socket: [org.apache.tomcat.util.net.NioEndpoint$NioSocketWrapper@62cbdd5e:org.apache.tomcat.util.net.NioChannel@eb6fad7:java.nio.channels.SocketChannel[connected local=/[0:0:0:0:0:0:0:1]:8084 remote=/[0:0:0:0:0:0:0:1]:58120]], Read from buffer: [0]
2024-07-17 18:30:49,538 DEBUG org.apache.juli.logging.DirectJDKLog [http-nio-8084-exec-1] Socket: [org.apache.tomcat.util.net.NioEndpoint$NioSocketWrapper@3fe8ccb4:org.apache.tomcat.util.net.NioChannel@77215b8a:java.nio.channels.SocketChannel[connected local=/[0:0:0:0:0:0:0:1]:8084 remote=/[0:0:0:0:0:0:0:1]:58119]], Read direct from socket: [0]
2024-07-17 18:30:49,538 DEBUG org.apache.juli.logging.DirectJDKLog [http-nio-8084-exec-2] Socket: [org.apache.tomcat.util.net.NioEndpoint$NioSocketWrapper@62cbdd5e:org.apache.tomcat.util.net.NioChannel@eb6fad7:java.nio.channels.SocketChannel[connected local=/[0:0:0:0:0:0:0:1]:8084 remote=/[0:0:0:0:0:0:0:1]:58120]], Read direct from socket: [0]
2024-07-17 18:30:49,539 DEBUG org.apache.juli.logging.DirectJDKLog [http-nio-8084-exec-1] Socket: [org.apache.tomcat.util.net.NioEndpoint$NioSocketWrapper@3fe8ccb4:org.apache.tomcat.util.net.NioChannel@77215b8a:java.nio.channels.SocketChannel[connected local=/[0:0:0:0:0:0:0:1]:8084 remote=/[0:0:0:0:0:0:0:1]:58119]], Status in: [OPEN_READ], State out: [OPEN]
2024-07-17 18:30:49,539 DEBUG org.apache.juli.logging.DirectJDKLog [http-nio-8084-exec-2] Socket: [org.apache.tomcat.util.net.NioEndpoint$NioSocketWrapper@62cbdd5e:org.apache.tomcat.util.net.NioChannel@eb6fad7:java.nio.channels.SocketChannel[connected local=/[0:0:0:0:0:0:0:1]:8084 remote=/[0:0:0:0:0:0:0:1]:58120]], Status in: [OPEN_READ], State out: [OPEN]
2024-07-17 18:30:49,540 DEBUG org.apache.juli.logging.DirectJDKLog [http-nio-8084-exec-1] Pushed Processor [org.apache.coyote.http11.Http11Processor@1d9d5384]
2024-07-17 18:30:49,540 DEBUG org.apache.juli.logging.DirectJDKLog [http-nio-8084-exec-2] Pushed Processor [org.apache.coyote.http11.Http11Processor@66f8004b]
2024-07-17 18:30:49,541 DEBUG org.apache.juli.logging.DirectJDKLog [http-nio-8084-exec-2] Registered read interest for [org.apache.tomcat.util.net.NioEndpoint$NioSocketWrapper@62cbdd5e:org.apache.tomcat.util.net.NioChannel@eb6fad7:java.nio.channels.SocketChannel[connected local=/[0:0:0:0:0:0:0:1]:8084 remote=/[0:0:0:0:0:0:0:1]:58120]]
2024-07-17 18:30:49,541 DEBUG org.apache.juli.logging.DirectJDKLog [http-nio-8084-exec-1] Registered read interest for [org.apache.tomcat.util.net.NioEndpoint$NioSocketWrapper@3fe8ccb4:org.apache.tomcat.util.net.NioChannel@77215b8a:java.nio.channels.SocketChannel[connected local=/[0:0:0:0:0:0:0:1]:8084 remote=/[0:0:0:0:0:0:0:1]:58119]]
2024-07-17 18:30:54,601 DEBUG sun.rmi.runtime.Log$LoggerLog [RMI TCP Connection(3)-127.0.0.1] RMI TCP Connection(3)-127.0.0.1: accepted socket from [127.0.0.1:58125]
2024-07-17 18:30:54,602 DEBUG sun.rmi.runtime.Log$LoggerLog [RMI TCP Connection(3)-127.0.0.1] RMI TCP Connection(3)-127.0.0.1: (port 58089) op = 80
2024-07-17 18:30:54,603 DEBUG sun.util.logging.internal.LoggingProviderImpl$JULWrapper [RMI TCP Connection(3)-127.0.0.1] connectionId=rmi://127.0.0.1  1
2024-07-17 18:31:05,702 DEBUG com.zaxxer.hikari.pool.HikariPool [HikariPool-1 housekeeper] HikariPool-1 - Pool stats (total=10, active=0, idle=10, waiting=0)
2024-07-17 18:31:05,703 DEBUG com.zaxxer.hikari.pool.HikariPool [HikariPool-1 housekeeper] HikariPool-1 - Fill pool skipped, pool is at sufficient level.
2024-07-17 18:31:07,403 DEBUG org.apache.juli.logging.DirectJDKLog [Catalina-utility-1] Start expire sessions StandardManager at 1721221267403 sessioncount 0
2024-07-17 18:31:07,406 DEBUG org.apache.juli.logging.DirectJDKLog [Catalina-utility-1] End expire sessions StandardManager processingTime 2 expired sessions: 0
2024-07-17 18:31:09,605 DEBUG sun.rmi.runtime.Log$LoggerLog [RMI TCP Connection(3)-127.0.0.1] RMI TCP Connection(3)-127.0.0.1: (port 58089) connection closed
2024-07-17 18:31:09,606 DEBUG sun.rmi.runtime.Log$LoggerLog [RMI TCP Connection(3)-127.0.0.1] RMI TCP Connection(3)-127.0.0.1: close connection, socket: Socket[addr=/127.0.0.1,port=58125,localport=58089]
2024-07-17 18:31:09,607 DEBUG sun.rmi.runtime.Log$LoggerLog [RMI TCP Connection(3)-127.0.0.1] RMI TCP Connection(3)-127.0.0.1: socket close: Socket[addr=/127.0.0.1,port=58125,localport=58089]
2024-07-17 18:31:22,083 DEBUG org.apache.juli.logging.DirectJDKLog [http-nio-8084-exec-3] Processing socket [org.apache.tomcat.util.net.NioChannel@eb6fad7:java.nio.channels.SocketChannel[connected local=/[0:0:0:0:0:0:0:1]:8084 remote=/[0:0:0:0:0:0:0:1]:58120]] with status [OPEN_READ]
2024-07-17 18:31:22,084 DEBUG org.apache.juli.logging.DirectJDKLog [http-nio-8084-exec-3] Found processor [null] for socket [org.apache.tomcat.util.net.NioChannel@eb6fad7:java.nio.channels.SocketChannel[connected local=/[0:0:0:0:0:0:0:1]:8084 remote=/[0:0:0:0:0:0:0:1]:58120]]
2024-07-17 18:31:22,086 DEBUG org.apache.juli.logging.DirectJDKLog [http-nio-8084-exec-3] Popped processor [org.apache.coyote.http11.Http11Processor@66f8004b] from cache
2024-07-17 18:31:22,087 DEBUG org.apache.juli.logging.DirectJDKLog [http-nio-8084-exec-3] Socket: [org.apache.tomcat.util.net.NioEndpoint$NioSocketWrapper@62cbdd5e:org.apache.tomcat.util.net.NioChannel@eb6fad7:java.nio.channels.SocketChannel[connected local=/[0:0:0:0:0:0:0:1]:8084 remote=/[0:0:0:0:0:0:0:1]:58120]], Read from buffer: [0]
2024-07-17 18:31:22,088 DEBUG org.apache.juli.logging.DirectJDKLog [http-nio-8084-exec-3] Socket: [org.apache.tomcat.util.net.NioEndpoint$NioSocketWrapper@62cbdd5e:org.apache.tomcat.util.net.NioChannel@eb6fad7:java.nio.channels.SocketChannel[connected local=/[0:0:0:0:0:0:0:1]:8084 remote=/[0:0:0:0:0:0:0:1]:58120]], Read direct from socket: [1045]
2024-07-17 18:31:22,089 DEBUG org.apache.juli.logging.DirectJDKLog [http-nio-8084-exec-3] Received [POST /slot/blockslot HTTP/1.1
Host: localhost:8084
Connection: keep-alive
Content-Length: 404
sec-ch-ua: "Not/A)Brand";v="8", "Chromium";v="126", "Google Chrome";v="126"
Accept: application/json, text/plain, */*
Content-Type: application/json
sec-ch-ua-mobile: ?0
User-Agent: Mozilla/5.0 (Windows NT 10.0; Win64; x64) AppleWebKit/537.36 (KHTML, like Gecko) Chrome/126.0.0.0 Safari/537.36
sec-ch-ua-platform: "Windows"
Origin: http://localhost:3000
Sec-Fetch-Site: same-site
Sec-Fetch-Mode: cors
Sec-Fetch-Dest: empty
Referer: http://localhost:3000/
Accept-Encoding: gzip, deflate, br, zstd
Accept-Language: en-US,en;q=0.9

{"createdBy":"Admin","slotDate":"2024-07-17","start":"13:30:00","end":"14:30:00","slotStartTimeStamp":"2024-07-17T13:30:00.000Z","slotEndTimeStamp":"2024-07-19T14:30:00.000Z","createdDate":"2024-07-17T13:01:22.076Z","playerCount":3,"slotStatus":"Blocked for VIP","clubName":"Bhubaneswar Golf Club!","secondaryBooking":"Y","slotDuration":"20","slotAvailable":"Y","teeTime":"T1","slotDays":[1,2,3,4,5,6,7]}]
2024-07-17 18:31:22,093 DEBUG org.apache.juli.logging.DirectJDKLog [http-nio-8084-exec-3] Security checking request POST /slot/blockslot
2024-07-17 18:31:22,094 DEBUG org.apache.juli.logging.DirectJDKLog [http-nio-8084-exec-3]   No applicable constraints defined
2024-07-17 18:31:22,095 DEBUG org.apache.juli.logging.DirectJDKLog [http-nio-8084-exec-3] Not subject to any constraint
2024-07-17 18:31:22,096 DEBUG org.springframework.security.web.FilterChainProxy$VirtualFilterChain [http-nio-8084-exec-3] /slot/blockslot at position 1 of 11 in additional filter chain; firing Filter: 'WebAsyncManagerIntegrationFilter'
2024-07-17 18:31:22,098 DEBUG org.springframework.security.web.FilterChainProxy$VirtualFilterChain [http-nio-8084-exec-3] /slot/blockslot at position 2 of 11 in additional filter chain; firing Filter: 'SecurityContextPersistenceFilter'
2024-07-17 18:31:22,099 DEBUG org.springframework.security.web.FilterChainProxy$VirtualFilterChain [http-nio-8084-exec-3] /slot/blockslot at position 3 of 11 in additional filter chain; firing Filter: 'HeaderWriterFilter'
2024-07-17 18:31:22,099 DEBUG org.springframework.security.web.FilterChainProxy$VirtualFilterChain [http-nio-8084-exec-3] /slot/blockslot at position 4 of 11 in additional filter chain; firing Filter: 'CorsFilter'
2024-07-17 18:31:22,101 DEBUG org.springframework.web.servlet.handler.AbstractHandlerMapping [http-nio-8084-exec-3] Mapped to com.booking.controller.SlotController#blockSlot(ClubSlot)
2024-07-17 18:31:22,105 DEBUG org.springframework.security.web.FilterChainProxy$VirtualFilterChain [http-nio-8084-exec-3] /slot/blockslot at position 5 of 11 in additional filter chain; firing Filter: 'LogoutFilter'
2024-07-17 18:31:22,106 DEBUG org.springframework.security.web.util.matcher.OrRequestMatcher [http-nio-8084-exec-3] Trying to match using Ant [pattern='/logout', GET]
2024-07-17 18:31:22,106 DEBUG org.springframework.security.web.util.matcher.AntPathRequestMatcher [http-nio-8084-exec-3] Request 'POST /slot/blockslot' doesn't match 'GET /logout'
2024-07-17 18:31:22,107 DEBUG org.springframework.security.web.util.matcher.OrRequestMatcher [http-nio-8084-exec-3] Trying to match using Ant [pattern='/logout', POST]
2024-07-17 18:31:22,108 DEBUG org.springframework.security.web.util.matcher.AntPathRequestMatcher [http-nio-8084-exec-3] Checking match of request : '/slot/blockslot'; against '/logout'
2024-07-17 18:31:22,108 DEBUG org.springframework.security.web.util.matcher.OrRequestMatcher [http-nio-8084-exec-3] Trying to match using Ant [pattern='/logout', PUT]
2024-07-17 18:31:22,109 DEBUG org.springframework.security.web.util.matcher.AntPathRequestMatcher [http-nio-8084-exec-3] Request 'POST /slot/blockslot' doesn't match 'PUT /logout'
2024-07-17 18:31:22,110 DEBUG org.springframework.security.web.util.matcher.OrRequestMatcher [http-nio-8084-exec-3] Trying to match using Ant [pattern='/logout', DELETE]
2024-07-17 18:31:22,111 DEBUG org.springframework.security.web.util.matcher.AntPathRequestMatcher [http-nio-8084-exec-3] Request 'POST /slot/blockslot' doesn't match 'DELETE /logout'
2024-07-17 18:31:22,111 DEBUG org.springframework.security.web.util.matcher.OrRequestMatcher [http-nio-8084-exec-3] No matches found
2024-07-17 18:31:22,112 DEBUG org.springframework.security.web.FilterChainProxy$VirtualFilterChain [http-nio-8084-exec-3] /slot/blockslot at position 6 of 11 in additional filter chain; firing Filter: 'RequestCacheAwareFilter'
2024-07-17 18:31:22,112 DEBUG org.springframework.security.web.FilterChainProxy$VirtualFilterChain [http-nio-8084-exec-3] /slot/blockslot at position 7 of 11 in additional filter chain; firing Filter: 'SecurityContextHolderAwareRequestFilter'
2024-07-17 18:31:22,113 DEBUG org.springframework.security.web.FilterChainProxy$VirtualFilterChain [http-nio-8084-exec-3] /slot/blockslot at position 8 of 11 in additional filter chain; firing Filter: 'AnonymousAuthenticationFilter'
2024-07-17 18:31:22,114 DEBUG org.springframework.security.web.authentication.AnonymousAuthenticationFilter [http-nio-8084-exec-3] Populated SecurityContextHolder with anonymous token: 'org.springframework.security.authentication.AnonymousAuthenticationToken@cd846fe5: Principal: anonymousUser; Credentials: [PROTECTED]; Authenticated: true; Details: org.springframework.security.web.authentication.WebAuthenticationDetails@b364: RemoteIpAddress: 0:0:0:0:0:0:0:1; SessionId: null; Granted Authorities: ROLE_ANONYMOUS'
2024-07-17 18:31:22,115 DEBUG org.springframework.security.web.FilterChainProxy$VirtualFilterChain [http-nio-8084-exec-3] /slot/blockslot at position 9 of 11 in additional filter chain; firing Filter: 'SessionManagementFilter'
2024-07-17 18:31:22,116 DEBUG org.springframework.security.web.FilterChainProxy$VirtualFilterChain [http-nio-8084-exec-3] /slot/blockslot at position 10 of 11 in additional filter chain; firing Filter: 'ExceptionTranslationFilter'
2024-07-17 18:31:22,117 DEBUG org.springframework.security.web.FilterChainProxy$VirtualFilterChain [http-nio-8084-exec-3] /slot/blockslot at position 11 of 11 in additional filter chain; firing Filter: 'FilterSecurityInterceptor'
2024-07-17 18:31:22,118 DEBUG org.springframework.security.web.util.matcher.AntPathRequestMatcher [http-nio-8084-exec-3] Request '/slot/blockslot' matched by universal pattern '/**'
2024-07-17 18:31:22,118 DEBUG org.springframework.security.access.intercept.AbstractSecurityInterceptor [http-nio-8084-exec-3] Secure object: FilterInvocation: URL: /slot/blockslot; Attributes: [permitAll]
2024-07-17 18:31:22,119 DEBUG org.springframework.security.access.intercept.AbstractSecurityInterceptor [http-nio-8084-exec-3] Previously Authenticated: org.springframework.security.authentication.AnonymousAuthenticationToken@cd846fe5: Principal: anonymousUser; Credentials: [PROTECTED]; Authenticated: true; Details: org.springframework.security.web.authentication.WebAuthenticationDetails@b364: RemoteIpAddress: 0:0:0:0:0:0:0:1; SessionId: null; Granted Authorities: ROLE_ANONYMOUS
2024-07-17 18:31:22,120 DEBUG org.springframework.security.access.vote.AffirmativeBased [http-nio-8084-exec-3] Voter: org.springframework.security.web.access.expression.WebExpressionVoter@554361c6, returned: 1
2024-07-17 18:31:22,121 DEBUG org.springframework.security.access.intercept.AbstractSecurityInterceptor [http-nio-8084-exec-3] Authorization successful
2024-07-17 18:31:22,122 DEBUG org.springframework.security.access.intercept.AbstractSecurityInterceptor [http-nio-8084-exec-3] RunAsManager did not change Authentication object
2024-07-17 18:31:22,123 DEBUG org.springframework.security.web.FilterChainProxy$VirtualFilterChain [http-nio-8084-exec-3] /slot/blockslot reached end of additional filter chain; proceeding with original chain
2024-07-17 18:31:22,123 WARN com.booking.config.JwtAuthenticationFilter [http-nio-8084-exec-3] Couldn't find bearer string, header will be ignored
2024-07-17 18:31:22,125 DEBUG org.springframework.web.servlet.handler.AbstractHandlerMapping [http-nio-8084-exec-3] Mapped to com.booking.controller.SlotController#blockSlot(ClubSlot)
2024-07-17 18:31:22,126 INFO com.booking.logger.SpringLoggingFilter [http-nio-8084-exec-3] Request: method=POST, uri=/slot/blockslot, payload={"createdBy":"Admin","slotDate":"2024-07-17","start":"13:30:00","end":"14:30:00","slotStartTimeStamp":"2024-07-17T13:30:00.000Z","slotEndTimeStamp":"2024-07-19T14:30:00.000Z","createdDate":"2024-07-17T13:01:22.076Z","playerCount":3,"slotStatus":"Blocked for VIP","clubName":"Bhubaneswar Golf Club!","secondaryBooking":"Y","slotDuration":"20","slotAvailable":"Y","teeTime":"T1","slotDays":[1,2,3,4,5,6,7]}, audit=true
2024-07-17 18:31:22,128 DEBUG org.apache.juli.logging.DirectJDKLog [http-nio-8084-exec-3] Set encoding to UTF-8
2024-07-17 18:31:22,128 DEBUG org.springframework.core.log.LogFormatUtils [http-nio-8084-exec-3] POST "/slot/blockslot", parameters={}
2024-07-17 18:31:22,129 DEBUG org.springframework.web.servlet.handler.AbstractHandlerMapping [http-nio-8084-exec-3] Mapped to com.booking.controller.SlotController#blockSlot(ClubSlot)
2024-07-17 18:31:22,130 DEBUG org.springframework.orm.jpa.support.OpenEntityManagerInViewInterceptor [http-nio-8084-exec-3] Opening JPA EntityManager in OpenEntityManagerInViewInterceptor
2024-07-17 18:31:22,142 DEBUG org.springframework.core.log.LogFormatUtils [http-nio-8084-exec-3] Read "application/json;charset=UTF-8" to [com.booking.model.slot.ClubSlot@a6076f9]
2024-07-17 18:31:28,897 DEBUG org.hibernate.engine.jdbc.spi.SqlStatementLogger [http-nio-8084-exec-3] select cs.slot_id as slotId, cs.club_name as clubName, cs.created_by as createdBy, cs.created_date as createdDate, cs.player_count as playerCount, cs.primary_booking_id as primaryBookingId, cs.secondary_booking as secondaryBooking, cs.slot_available as slotAvailable, cs.slot_date as slotDate, cs.slot_end_timestmp as slotEndTimestmp, cs.slot_start_timestmp as slotStartTimeStamp, cs.slot_status as slotStatus, cs.tee_time as teeTime from club_slot cs where cs.slot_start_timestmp >=? and cs.slot_Start_timestmp <=? and cs.tee_time =?
2024-07-17 18:31:29,284 DEBUG org.jboss.logging.DelegatingBasicLogger [http-nio-8084-exec-3] Result set row: 0
2024-07-17 18:31:30,750 DEBUG org.hibernate.engine.jdbc.spi.SqlExceptionHelper [http-nio-8084-exec-3] could not execute query [select cs.slot_id as slotId, cs.club_name as clubName, cs.created_by as createdBy, cs.created_date as createdDate, cs.player_count as playerCount, cs.primary_booking_id as primaryBookingId, cs.secondary_booking as secondaryBooking, cs.slot_available as slotAvailable, cs.slot_date as slotDate, cs.slot_end_timestmp as slotEndTimestmp, cs.slot_start_timestmp as slotStartTimeStamp, cs.slot_status as slotStatus, cs.tee_time as teeTime from club_slot cs where cs.slot_start_timestmp >=? and cs.slot_Start_timestmp <=? and cs.tee_time =?]
org.postgresql.util.PSQLException: The column name slot_id was not found in this ResultSet.
	at org.postgresql.jdbc.PgResultSet.findColumn(PgResultSet.java:2614)
	at org.postgresql.jdbc.PgResultSet.getInt(PgResultSet.java:2505)
	at com.zaxxer.hikari.pool.HikariProxyResultSet.getInt(HikariProxyResultSet.java)
	at org.hibernate.type.descriptor.sql.IntegerTypeDescriptor$2.doExtract(IntegerTypeDescriptor.java:62)
	at org.hibernate.type.descriptor.sql.BasicExtractor.extract(BasicExtractor.java:47)
	at org.hibernate.type.AbstractStandardBasicType.nullSafeGet(AbstractStandardBasicType.java:257)
	at org.hibernate.type.AbstractStandardBasicType.nullSafeGet(AbstractStandardBasicType.java:253)
	at org.hibernate.type.AbstractStandardBasicType.nullSafeGet(AbstractStandardBasicType.java:243)
	at org.hibernate.type.AbstractStandardBasicType.hydrate(AbstractStandardBasicType.java:329)
	at org.hibernate.loader.Loader.extractKeysFromResultSet(Loader.java:806)
	at org.hibernate.loader.Loader.getRowFromResultSet(Loader.java:730)
	at org.hibernate.loader.Loader.processResultSet(Loader.java:1006)
	at org.hibernate.loader.Loader.doQuery(Loader.java:962)
	at org.hibernate.loader.Loader.doQueryAndInitializeNonLazyCollections(Loader.java:352)
	at org.hibernate.loader.Loader.doList(Loader.java:2831)
	at org.hibernate.loader.Loader.doList(Loader.java:2813)
	at org.hibernate.loader.Loader.listIgnoreQueryCache(Loader.java:2645)
	at org.hibernate.loader.Loader.list(Loader.java:2640)
	at org.hibernate.loader.custom.CustomLoader.list(CustomLoader.java:338)
	at org.hibernate.internal.SessionImpl.listCustomQuery(SessionImpl.java:2139)
	at org.hibernate.internal.AbstractSharedSessionContract.list(AbstractSharedSessionContract.java:1163)
	at org.hibernate.query.internal.NativeQueryImpl.doList(NativeQueryImpl.java:173)
	at org.hibernate.query.internal.AbstractProducedQuery.list(AbstractProducedQuery.java:1533)
	at org.hibernate.query.Query.getResultList(Query.java:165)
	at org.springframework.data.jpa.repository.query.JpaQueryExecution$CollectionExecution.doExecute(JpaQueryExecution.java:126)
	at org.springframework.data.jpa.repository.query.JpaQueryExecution.execute(JpaQueryExecution.java:88)
	at org.springframework.data.jpa.repository.query.AbstractJpaQuery.doExecute(AbstractJpaQuery.java:154)
	at org.springframework.data.jpa.repository.query.AbstractJpaQuery.execute(AbstractJpaQuery.java:142)
	at org.springframework.data.repository.core.support.QueryExecutorMethodInterceptor$QueryMethodInvoker.invoke(QueryExecutorMethodInterceptor.java:195)
	at org.springframework.data.repository.core.support.QueryExecutorMethodInterceptor.doInvoke(QueryExecutorMethodInterceptor.java:152)
	at org.springframework.data.repository.core.support.QueryExecutorMethodInterceptor.invoke(QueryExecutorMethodInterceptor.java:130)
	at org.springframework.aop.framework.ReflectiveMethodInvocation.proceed(ReflectiveMethodInvocation.java:186)
	at org.springframework.transaction.interceptor.TransactionAspectSupport.invokeWithinTransaction(TransactionAspectSupport.java:367)
	at org.springframework.transaction.interceptor.TransactionInterceptor.invoke(TransactionInterceptor.java:118)
	at org.springframework.aop.framework.ReflectiveMethodInvocation.proceed(ReflectiveMethodInvocation.java:186)
	at org.springframework.dao.support.PersistenceExceptionTranslationInterceptor.invoke(PersistenceExceptionTranslationInterceptor.java:139)
	at org.springframework.aop.framework.ReflectiveMethodInvocation.proceed(ReflectiveMethodInvocation.java:186)
	at org.springframework.data.jpa.repository.support.CrudMethodMetadataPostProcessor$CrudMethodMetadataPopulatingMethodInterceptor.invoke(CrudMethodMetadataPostProcessor.java:149)
	at org.springframework.aop.framework.ReflectiveMethodInvocation.proceed(ReflectiveMethodInvocation.java:186)
	at org.springframework.aop.interceptor.ExposeInvocationInterceptor.invoke(ExposeInvocationInterceptor.java:95)
	at org.springframework.aop.framework.ReflectiveMethodInvocation.proceed(ReflectiveMethodInvocation.java:186)
	at org.springframework.aop.framework.JdkDynamicAopProxy.invoke(JdkDynamicAopProxy.java:212)
	at jdk.proxy2/jdk.proxy2.$Proxy120.findBySlotStartTimeStampGreaterThanEqualAndSlotStartTimeStampLessThanEqual(Unknown Source)
	at java.base/jdk.internal.reflect.NativeMethodAccessorImpl.invoke0(Native Method)
	at java.base/jdk.internal.reflect.NativeMethodAccessorImpl.invoke(NativeMethodAccessorImpl.java:77)
	at java.base/jdk.internal.reflect.DelegatingMethodAccessorImpl.invoke(DelegatingMethodAccessorImpl.java:43)
	at java.base/java.lang.reflect.Method.invoke(Method.java:568)
	at org.springframework.aop.support.AopUtils.invokeJoinpointUsingReflection(AopUtils.java:344)
	at org.springframework.aop.framework.JdkDynamicAopProxy.invoke(JdkDynamicAopProxy.java:205)
	at jdk.proxy2/jdk.proxy2.$Proxy87.findBySlotStartTimeStampGreaterThanEqualAndSlotStartTimeStampLessThanEqual(Unknown Source)
	at com.booking.service.impl.SlotServiceImpl.vipSlot(SlotServiceImpl.java:366)
	at com.booking.service.impl.SlotServiceImpl$$FastClassBySpringCGLIB$$e22bed04.invoke(<generated>)
	at org.springframework.cglib.proxy.MethodProxy.invoke(MethodProxy.java:218)
	at org.springframework.aop.framework.CglibAopProxy$DynamicAdvisedInterceptor.intercept(CglibAopProxy.java:687)
	at com.booking.service.impl.SlotServiceImpl$$EnhancerBySpringCGLIB$$36babe25.vipSlot(<generated>)
	at com.booking.controller.SlotController.blockSlot(SlotController.java:39)
	at java.base/jdk.internal.reflect.NativeMethodAccessorImpl.invoke0(Native Method)
	at java.base/jdk.internal.reflect.NativeMethodAccessorImpl.invoke(NativeMethodAccessorImpl.java:77)
	at java.base/jdk.internal.reflect.DelegatingMethodAccessorImpl.invoke(DelegatingMethodAccessorImpl.java:43)
	at java.base/java.lang.reflect.Method.invoke(Method.java:568)
	at org.springframework.web.method.support.InvocableHandlerMethod.doInvoke(InvocableHandlerMethod.java:190)
	at org.springframework.web.method.support.InvocableHandlerMethod.invokeForRequest(InvocableHandlerMethod.java:138)
	at org.springframework.web.servlet.mvc.method.annotation.ServletInvocableHandlerMethod.invokeAndHandle(ServletInvocableHandlerMethod.java:105)
	at org.springframework.web.servlet.mvc.method.annotation.RequestMappingHandlerAdapter.invokeHandlerMethod(RequestMappingHandlerAdapter.java:879)
	at org.springframework.web.servlet.mvc.method.annotation.RequestMappingHandlerAdapter.handleInternal(RequestMappingHandlerAdapter.java:793)
	at org.springframework.web.servlet.mvc.method.AbstractHandlerMethodAdapter.handle(AbstractHandlerMethodAdapter.java:87)
	at org.springframework.web.servlet.DispatcherServlet.doDispatch(DispatcherServlet.java:1040)
	at org.springframework.web.servlet.DispatcherServlet.doService(DispatcherServlet.java:943)
	at org.springframework.web.servlet.FrameworkServlet.processRequest(FrameworkServlet.java:1006)
	at org.springframework.web.servlet.FrameworkServlet.doPost(FrameworkServlet.java:909)
	at javax.servlet.http.HttpServlet.service(HttpServlet.java:660)
	at org.springframework.web.servlet.FrameworkServlet.service(FrameworkServlet.java:883)
	at javax.servlet.http.HttpServlet.service(HttpServlet.java:741)
	at org.apache.catalina.core.ApplicationFilterChain.internalDoFilter(ApplicationFilterChain.java:231)
	at org.apache.catalina.core.ApplicationFilterChain.doFilter(ApplicationFilterChain.java:166)
	at org.apache.tomcat.websocket.server.WsFilter.doFilter(WsFilter.java:53)
	at org.apache.catalina.core.ApplicationFilterChain.internalDoFilter(ApplicationFilterChain.java:193)
	at org.apache.catalina.core.ApplicationFilterChain.doFilter(ApplicationFilterChain.java:166)
	at com.booking.logger.SpringLoggingFilter.doFilterInternal(SpringLoggingFilter.java:66)
	at org.springframework.web.filter.OncePerRequestFilter.doFilter(OncePerRequestFilter.java:119)
	at org.apache.catalina.core.ApplicationFilterChain.internalDoFilter(ApplicationFilterChain.java:193)
	at org.apache.catalina.core.ApplicationFilterChain.doFilter(ApplicationFilterChain.java:166)
	at com.booking.config.JwtAuthenticationFilter.doFilterInternal(JwtAuthenticationFilter.java:66)
	at org.springframework.web.filter.OncePerRequestFilter.doFilter(OncePerRequestFilter.java:119)
	at org.apache.catalina.core.ApplicationFilterChain.internalDoFilter(ApplicationFilterChain.java:193)
	at org.apache.catalina.core.ApplicationFilterChain.doFilter(ApplicationFilterChain.java:166)
	at org.springframework.security.web.FilterChainProxy$VirtualFilterChain.doFilter(FilterChainProxy.java:320)
	at org.springframework.security.web.access.intercept.FilterSecurityInterceptor.invoke(FilterSecurityInterceptor.java:126)
	at org.springframework.security.web.access.intercept.FilterSecurityInterceptor.doFilter(FilterSecurityInterceptor.java:90)
	at org.springframework.security.web.FilterChainProxy$VirtualFilterChain.doFilter(FilterChainProxy.java:334)
	at org.springframework.security.web.access.ExceptionTranslationFilter.doFilter(ExceptionTranslationFilter.java:118)
	at org.springframework.security.web.FilterChainProxy$VirtualFilterChain.doFilter(FilterChainProxy.java:334)
	at org.springframework.security.web.session.SessionManagementFilter.doFilter(SessionManagementFilter.java:137)
	at org.springframework.security.web.FilterChainProxy$VirtualFilterChain.doFilter(FilterChainProxy.java:334)
	at org.springframework.security.web.authentication.AnonymousAuthenticationFilter.doFilter(AnonymousAuthenticationFilter.java:111)
	at org.springframework.security.web.FilterChainProxy$VirtualFilterChain.doFilter(FilterChainProxy.java:334)
	at org.springframework.security.web.servletapi.SecurityContextHolderAwareRequestFilter.doFilter(SecurityContextHolderAwareRequestFilter.java:158)
	at org.springframework.security.web.FilterChainProxy$VirtualFilterChain.doFilter(FilterChainProxy.java:334)
	at org.springframework.security.web.savedrequest.RequestCacheAwareFilter.doFilter(RequestCacheAwareFilter.java:63)
	at org.springframework.security.web.FilterChainProxy$VirtualFilterChain.doFilter(FilterChainProxy.java:334)
	at org.springframework.security.web.authentication.logout.LogoutFilter.doFilter(LogoutFilter.java:116)
	at org.springframework.security.web.FilterChainProxy$VirtualFilterChain.doFilter(FilterChainProxy.java:334)
	at org.springframework.web.filter.CorsFilter.doFilterInternal(CorsFilter.java:92)
	at org.springframework.web.filter.OncePerRequestFilter.doFilter(OncePerRequestFilter.java:119)
	at org.springframework.security.web.FilterChainProxy$VirtualFilterChain.doFilter(FilterChainProxy.java:334)
	at org.springframework.security.web.header.HeaderWriterFilter.doHeadersAfter(HeaderWriterFilter.java:92)
	at org.springframework.security.web.header.HeaderWriterFilter.doFilterInternal(HeaderWriterFilter.java:77)
	at org.springframework.web.filter.OncePerRequestFilter.doFilter(OncePerRequestFilter.java:119)
	at org.springframework.security.web.FilterChainProxy$VirtualFilterChain.doFilter(FilterChainProxy.java:334)
	at org.springframework.security.web.context.SecurityContextPersistenceFilter.doFilter(SecurityContextPersistenceFilter.java:105)
	at org.springframework.security.web.FilterChainProxy$VirtualFilterChain.doFilter(FilterChainProxy.java:334)
	at org.springframework.security.web.context.request.async.WebAsyncManagerIntegrationFilter.doFilterInternal(WebAsyncManagerIntegrationFilter.java:56)
	at org.springframework.web.filter.OncePerRequestFilter.doFilter(OncePerRequestFilter.java:119)
	at org.springframework.security.web.FilterChainProxy$VirtualFilterChain.doFilter(FilterChainProxy.java:334)
	at org.springframework.security.web.FilterChainProxy.doFilterInternal(FilterChainProxy.java:215)
	at org.springframework.security.web.FilterChainProxy.doFilter(FilterChainProxy.java:178)
	at org.springframework.web.filter.DelegatingFilterProxy.invokeDelegate(DelegatingFilterProxy.java:358)
	at org.springframework.web.filter.DelegatingFilterProxy.doFilter(DelegatingFilterProxy.java:271)
	at org.apache.catalina.core.ApplicationFilterChain.internalDoFilter(ApplicationFilterChain.java:193)
	at org.apache.catalina.core.ApplicationFilterChain.doFilter(ApplicationFilterChain.java:166)
	at org.springframework.web.filter.RequestContextFilter.doFilterInternal(RequestContextFilter.java:100)
	at org.springframework.web.filter.OncePerRequestFilter.doFilter(OncePerRequestFilter.java:119)
	at org.apache.catalina.core.ApplicationFilterChain.internalDoFilter(ApplicationFilterChain.java:193)
	at org.apache.catalina.core.ApplicationFilterChain.doFilter(ApplicationFilterChain.java:166)
	at org.springframework.web.filter.FormContentFilter.doFilterInternal(FormContentFilter.java:93)
	at org.springframework.web.filter.OncePerRequestFilter.doFilter(OncePerRequestFilter.java:119)
	at org.apache.catalina.core.ApplicationFilterChain.internalDoFilter(ApplicationFilterChain.java:193)
	at org.apache.catalina.core.ApplicationFilterChain.doFilter(ApplicationFilterChain.java:166)
	at org.springframework.web.filter.CharacterEncodingFilter.doFilterInternal(CharacterEncodingFilter.java:201)
	at org.springframework.web.filter.OncePerRequestFilter.doFilter(OncePerRequestFilter.java:119)
	at org.apache.catalina.core.ApplicationFilterChain.internalDoFilter(ApplicationFilterChain.java:193)
	at org.apache.catalina.core.ApplicationFilterChain.doFilter(ApplicationFilterChain.java:166)
	at org.apache.catalina.core.StandardWrapperValve.invoke(StandardWrapperValve.java:202)
	at org.apache.catalina.core.StandardContextValve.invoke(StandardContextValve.java:96)
	at org.apache.catalina.authenticator.AuthenticatorBase.invoke(AuthenticatorBase.java:541)
	at org.apache.catalina.core.StandardHostValve.invoke(StandardHostValve.java:139)
	at org.apache.catalina.valves.ErrorReportValve.invoke(ErrorReportValve.java:92)
	at org.apache.catalina.core.StandardEngineValve.invoke(StandardEngineValve.java:74)
	at org.apache.catalina.connector.CoyoteAdapter.service(CoyoteAdapter.java:343)
	at org.apache.coyote.http11.Http11Processor.service(Http11Processor.java:373)
	at org.apache.coyote.AbstractProcessorLight.process(AbstractProcessorLight.java:65)
	at org.apache.coyote.AbstractProtocol$ConnectionHandler.process(AbstractProtocol.java:868)
	at org.apache.tomcat.util.net.NioEndpoint$SocketProcessor.doRun(NioEndpoint.java:1590)
	at org.apache.tomcat.util.net.SocketProcessorBase.run(SocketProcessorBase.java:49)
	at java.base/java.util.concurrent.ThreadPoolExecutor.runWorker(ThreadPoolExecutor.java:1136)
	at java.base/java.util.concurrent.ThreadPoolExecutor$Worker.run(ThreadPoolExecutor.java:635)
	at org.apache.tomcat.util.threads.TaskThread$WrappingRunnable.run(TaskThread.java:61)
	at java.base/java.lang.Thread.run(Thread.java:833)
2024-07-17 18:31:31,362 WARN org.hibernate.engine.jdbc.spi.SqlExceptionHelper [http-nio-8084-exec-3] SQL Error: 0, SQLState: 42703
2024-07-17 18:31:31,421 ERROR org.hibernate.engine.jdbc.spi.SqlExceptionHelper [http-nio-8084-exec-3] The column name slot_id was not found in this ResultSet.
2024-07-17 18:31:31,948 DEBUG org.hibernate.engine.transaction.internal.TransactionImpl [http-nio-8084-exec-3] On TransactionImpl creation, JpaCompliance#isJpaTransactionComplianceEnabled == false
2024-07-17 18:31:35,716 DEBUG com.zaxxer.hikari.pool.HikariPool [HikariPool-1 housekeeper] HikariPool-1 - Pool stats (total=10, active=1, idle=9, waiting=0)
2024-07-17 18:31:35,717 DEBUG com.zaxxer.hikari.pool.HikariPool [HikariPool-1 housekeeper] HikariPool-1 - Fill pool skipped, pool is at sufficient level.
2024-07-17 18:31:50,356 DEBUG org.apache.juli.logging.DirectJDKLog [http-nio-8084-exec-6] Processing socket [org.apache.tomcat.util.net.NioChannel@77215b8a:java.nio.channels.SocketChannel[connected local=/[0:0:0:0:0:0:0:1]:8084 remote=/[0:0:0:0:0:0:0:1]:58119]] with status [ERROR]
2024-07-17 18:31:50,358 DEBUG org.apache.juli.logging.DirectJDKLog [http-nio-8084-exec-6] Found processor [null] for socket [org.apache.tomcat.util.net.NioChannel@77215b8a:java.nio.channels.SocketChannel[connected local=/[0:0:0:0:0:0:0:1]:8084 remote=/[0:0:0:0:0:0:0:1]:58119]]
2024-07-17 18:31:50,359 DEBUG org.apache.juli.logging.DirectJDKLog [http-nio-8084-exec-6] Counting down[http-nio-8084-exec-6] latch=2
2024-07-17 18:31:50,360 DEBUG org.apache.juli.logging.DirectJDKLog [http-nio-8084-exec-6] Calling [org.apache.tomcat.util.net.NioEndpoint@44fa1e8e].closeSocket([org.apache.tomcat.util.net.NioEndpoint$NioSocketWrapper@3fe8ccb4:org.apache.tomcat.util.net.NioChannel@77215b8a:java.nio.channels.SocketChannel[connected local=/[0:0:0:0:0:0:0:1]:8084 remote=/[0:0:0:0:0:0:0:1]:58119]])
2024-07-17 18:31:54,615 DEBUG sun.rmi.runtime.Log$LoggerLog [RMI TCP Connection(4)-127.0.0.1] RMI TCP Connection(4)-127.0.0.1: accepted socket from [127.0.0.1:58126]
2024-07-17 18:31:54,617 DEBUG sun.rmi.runtime.Log$LoggerLog [RMI TCP Connection(4)-127.0.0.1] RMI TCP Connection(4)-127.0.0.1: (port 58089) op = 80
2024-07-17 18:31:54,618 DEBUG sun.util.logging.internal.LoggingProviderImpl$JULWrapper [RMI TCP Connection(4)-127.0.0.1] connectionId=rmi://127.0.0.1  1
2024-07-17 18:32:05,732 DEBUG com.zaxxer.hikari.pool.HikariPool [HikariPool-1 housekeeper] HikariPool-1 - Pool stats (total=10, active=1, idle=9, waiting=0)
2024-07-17 18:32:05,733 DEBUG com.zaxxer.hikari.pool.HikariPool [HikariPool-1 housekeeper] HikariPool-1 - Fill pool skipped, pool is at sufficient level.
2024-07-17 18:32:07,451 DEBUG org.apache.juli.logging.DirectJDKLog [Catalina-utility-1] Start expire sessions StandardManager at 1721221327450 sessioncount 0
2024-07-17 18:32:07,452 DEBUG org.apache.juli.logging.DirectJDKLog [Catalina-utility-1] End expire sessions StandardManager processingTime 2 expired sessions: 0
2024-07-17 18:32:09,620 DEBUG sun.rmi.runtime.Log$LoggerLog [RMI TCP Connection(4)-127.0.0.1] RMI TCP Connection(4)-127.0.0.1: (port 58089) connection closed
2024-07-17 18:32:09,621 DEBUG sun.rmi.runtime.Log$LoggerLog [RMI TCP Connection(4)-127.0.0.1] RMI TCP Connection(4)-127.0.0.1: close connection, socket: Socket[addr=/127.0.0.1,port=58126,localport=58089]
2024-07-17 18:32:09,622 DEBUG sun.rmi.runtime.Log$LoggerLog [RMI TCP Connection(4)-127.0.0.1] RMI TCP Connection(4)-127.0.0.1: socket close: Socket[addr=/127.0.0.1,port=58126,localport=58089]
2024-07-17 18:32:35,735 DEBUG com.zaxxer.hikari.pool.HikariPool [HikariPool-1 housekeeper] HikariPool-1 - Pool stats (total=10, active=1, idle=9, waiting=0)
2024-07-17 18:32:35,738 DEBUG com.zaxxer.hikari.pool.HikariPool [HikariPool-1 housekeeper] HikariPool-1 - Fill pool skipped, pool is at sufficient level.
