2024-10-04 02:27:13,722 WARN com.zaxxer.hikari.pool.HikariPool$HouseKeeper [HikariPool-1 housekeeper] HikariPool-1 - Thread starvation or clock leap detected (housekeeper delta=3h31s878ms153µs800ns).
2024-10-04 02:27:19,463 DEBUG com.zaxxer.hikari.pool.HikariPool [HikariPool-1 housekeeper] HikariPool-1 - Pool stats (total=10, active=0, idle=10, waiting=0)
2024-10-04 02:27:19,465 DEBUG com.zaxxer.hikari.pool.HikariPool [HikariPool-1 housekeeper] HikariPool-1 - Fill pool skipped, pool is at sufficient level.
2024-10-04 02:27:19,467 DEBUG com.zaxxer.hikari.pool.PoolBase [HikariPool-1 connection closer] HikariPool-1 - Closing connection org.postgresql.jdbc.PgConnection@78402fa5: (connection has passed maxLifetime)
2024-10-04 02:27:19,467 DEBUG com.zaxxer.hikari.pool.HikariPool [HikariPool-1 housekeeper] HikariPool-1 - Add connection elided, waiting 0, queue 1
2024-10-04 02:27:19,470 DEBUG com.zaxxer.hikari.pool.HikariPool [HikariPool-1 housekeeper] HikariPool-1 - Add connection elided, waiting 0, queue 1
2024-10-04 02:27:19,470 DEBUG com.zaxxer.hikari.pool.PoolBase [HikariPool-1 connection closer] HikariPool-1 - Closing connection org.postgresql.jdbc.PgConnection@9704fc2: (connection has passed maxLifetime)
2024-10-04 02:27:19,471 DEBUG com.zaxxer.hikari.pool.HikariPool [HikariPool-1 housekeeper] HikariPool-1 - Add connection elided, waiting 0, queue 4
2024-10-04 02:27:19,472 DEBUG com.zaxxer.hikari.pool.PoolBase [HikariPool-1 connection closer] HikariPool-1 - Closing connection org.postgresql.jdbc.PgConnection@397d259e: (connection has passed maxLifetime)
2024-10-04 02:27:19,472 DEBUG com.zaxxer.hikari.pool.HikariPool [HikariPool-1 housekeeper] HikariPool-1 - Add connection elided, waiting 0, queue 5
2024-10-04 02:27:19,472 DEBUG com.zaxxer.hikari.pool.PoolBase [HikariPool-1 connection closer] HikariPool-1 - Closing connection org.postgresql.jdbc.PgConnection@7687cf05: (connection has passed maxLifetime)
2024-10-04 02:27:19,473 DEBUG com.zaxxer.hikari.pool.HikariPool [HikariPool-1 housekeeper] HikariPool-1 - Add connection elided, waiting 0, queue 6
2024-10-04 02:27:19,473 DEBUG com.zaxxer.hikari.pool.PoolBase [HikariPool-1 connection closer] HikariPool-1 - Closing connection org.postgresql.jdbc.PgConnection@7c7fa475: (connection has passed maxLifetime)
2024-10-04 02:27:19,473 DEBUG com.zaxxer.hikari.pool.HikariPool [HikariPool-1 housekeeper] HikariPool-1 - Add connection elided, waiting 0, queue 7
2024-10-04 02:27:19,474 DEBUG com.zaxxer.hikari.pool.HikariPool [HikariPool-1 housekeeper] HikariPool-1 - Add connection elided, waiting 0, queue 9
2024-10-04 02:27:19,474 DEBUG com.zaxxer.hikari.pool.PoolBase [HikariPool-1 connection closer] HikariPool-1 - Closing connection org.postgresql.jdbc.PgConnection@1295b1c7: (connection has passed maxLifetime)
2024-10-04 02:27:19,474 DEBUG com.zaxxer.hikari.pool.HikariPool [HikariPool-1 housekeeper] HikariPool-1 - Add connection elided, waiting 0, queue 9
2024-10-04 02:27:19,474 DEBUG com.zaxxer.hikari.pool.PoolBase [HikariPool-1 connection closer] HikariPool-1 - Closing connection org.postgresql.jdbc.PgConnection@186ddab7: (connection has passed maxLifetime)
2024-10-04 02:27:19,476 DEBUG com.zaxxer.hikari.pool.HikariPool [HikariPool-1 connection closer] HikariPool-1 - Fill pool skipped, pool is at sufficient level.
2024-10-04 02:27:19,474 DEBUG org.postgresql.Driver [HikariPool-1 connection adder] Connecting with URL: jdbc:postgresql://database-1.cnaee60qc6yl.us-east-2.rds.amazonaws.com/clubdb
2024-10-04 02:27:19,477 DEBUG com.zaxxer.hikari.pool.PoolBase [HikariPool-1 connection closer] HikariPool-1 - Closing connection org.postgresql.jdbc.PgConnection@57973df1: (connection has passed maxLifetime)
2024-10-04 02:27:19,478 DEBUG org.postgresql.jdbc.PgConnection [HikariPool-1 connection adder] PostgreSQL JDBC Driver 42.2.14
2024-10-04 02:27:19,497 DEBUG org.postgresql.jdbc.PgConnection [HikariPool-1 connection adder]   setDefaultFetchSize = 0
2024-10-04 02:27:19,497 DEBUG com.zaxxer.hikari.pool.HikariPool [HikariPool-1 connection closer] HikariPool-1 - Fill pool skipped, pool is at sufficient level.
2024-10-04 02:27:19,498 DEBUG org.postgresql.jdbc.PgConnection [HikariPool-1 connection adder]   setPrepareThreshold = 5
2024-10-04 02:27:19,498 DEBUG com.zaxxer.hikari.pool.PoolBase [HikariPool-1 connection closer] HikariPool-1 - Closing connection org.postgresql.jdbc.PgConnection@7dce19ba: (connection has passed maxLifetime)
2024-10-04 02:27:19,499 DEBUG org.postgresql.core.v3.ConnectionFactoryImpl [HikariPool-1 connection adder] Trying to establish a protocol version 3 connection to database-1.cnaee60qc6yl.us-east-2.rds.amazonaws.com:5432
2024-10-04 02:27:19,500 DEBUG com.zaxxer.hikari.pool.HikariPool [HikariPool-1 connection closer] HikariPool-1 - Fill pool skipped, pool is at sufficient level.
2024-10-04 02:27:19,500 DEBUG com.zaxxer.hikari.pool.PoolBase [HikariPool-1 connection closer] HikariPool-1 - Closing connection org.postgresql.jdbc.PgConnection@16aa37ca: (connection has passed maxLifetime)
2024-10-04 02:27:19,501 DEBUG com.zaxxer.hikari.pool.HikariPool [HikariPool-1 connection closer] HikariPool-1 - Fill pool skipped, pool is at sufficient level.
2024-10-04 02:27:19,502 DEBUG org.postgresql.Driver [HikariPool-1 connection adder] Connection error: 
org.postgresql.util.PSQLException: The connection attempt failed.
	at org.postgresql.core.v3.ConnectionFactoryImpl.openConnectionImpl(ConnectionFactoryImpl.java:297)
	at org.postgresql.core.ConnectionFactory.openConnection(ConnectionFactory.java:49)
	at org.postgresql.jdbc.PgConnection.<init>(PgConnection.java:217)
	at org.postgresql.Driver.makeConnection(Driver.java:458)
	at org.postgresql.Driver.connect(Driver.java:260)
	at com.zaxxer.hikari.util.DriverDataSource.getConnection(DriverDataSource.java:138)
	at com.zaxxer.hikari.pool.PoolBase.newConnection(PoolBase.java:358)
	at com.zaxxer.hikari.pool.PoolBase.newPoolEntry(PoolBase.java:206)
	at com.zaxxer.hikari.pool.HikariPool.createPoolEntry(HikariPool.java:477)
	at com.zaxxer.hikari.pool.HikariPool.access$100(HikariPool.java:71)
	at com.zaxxer.hikari.pool.HikariPool$PoolEntryCreator.call(HikariPool.java:725)
	at com.zaxxer.hikari.pool.HikariPool$PoolEntryCreator.call(HikariPool.java:711)
	at java.base/java.util.concurrent.FutureTask.run(FutureTask.java:264)
	at java.base/java.util.concurrent.ThreadPoolExecutor.runWorker(ThreadPoolExecutor.java:1136)
	at java.base/java.util.concurrent.ThreadPoolExecutor$Worker.run(ThreadPoolExecutor.java:635)
	at java.base/java.lang.Thread.run(Thread.java:833)
Caused by: java.net.UnknownHostException: database-1.cnaee60qc6yl.us-east-2.rds.amazonaws.com
	at java.base/sun.nio.ch.NioSocketImpl.connect(NioSocketImpl.java:567)
	at java.base/java.net.SocksSocketImpl.connect(SocksSocketImpl.java:327)
	at java.base/java.net.Socket.connect(Socket.java:633)
	at org.postgresql.core.PGStream.<init>(PGStream.java:81)
	at org.postgresql.core.v3.ConnectionFactoryImpl.tryConnect(ConnectionFactoryImpl.java:93)
	at org.postgresql.core.v3.ConnectionFactoryImpl.openConnectionImpl(ConnectionFactoryImpl.java:197)
	... 15 common frames omitted
2024-10-04 02:27:19,504 DEBUG com.zaxxer.hikari.pool.PoolBase [HikariPool-1 connection adder] HikariPool-1 - Failed to create/setup connection: The connection attempt failed.
2024-10-04 02:27:19,504 DEBUG com.zaxxer.hikari.pool.HikariPool [HikariPool-1 connection adder] HikariPool-1 - Cannot acquire connection from data source
org.postgresql.util.PSQLException: The connection attempt failed.
	at org.postgresql.core.v3.ConnectionFactoryImpl.openConnectionImpl(ConnectionFactoryImpl.java:297)
	at org.postgresql.core.ConnectionFactory.openConnection(ConnectionFactory.java:49)
	at org.postgresql.jdbc.PgConnection.<init>(PgConnection.java:217)
	at org.postgresql.Driver.makeConnection(Driver.java:458)
	at org.postgresql.Driver.connect(Driver.java:260)
	at com.zaxxer.hikari.util.DriverDataSource.getConnection(DriverDataSource.java:138)
	at com.zaxxer.hikari.pool.PoolBase.newConnection(PoolBase.java:358)
	at com.zaxxer.hikari.pool.PoolBase.newPoolEntry(PoolBase.java:206)
	at com.zaxxer.hikari.pool.HikariPool.createPoolEntry(HikariPool.java:477)
	at com.zaxxer.hikari.pool.HikariPool.access$100(HikariPool.java:71)
	at com.zaxxer.hikari.pool.HikariPool$PoolEntryCreator.call(HikariPool.java:725)
	at com.zaxxer.hikari.pool.HikariPool$PoolEntryCreator.call(HikariPool.java:711)
	at java.base/java.util.concurrent.FutureTask.run(FutureTask.java:264)
	at java.base/java.util.concurrent.ThreadPoolExecutor.runWorker(ThreadPoolExecutor.java:1136)
	at java.base/java.util.concurrent.ThreadPoolExecutor$Worker.run(ThreadPoolExecutor.java:635)
	at java.base/java.lang.Thread.run(Thread.java:833)
Caused by: java.net.UnknownHostException: database-1.cnaee60qc6yl.us-east-2.rds.amazonaws.com
	at java.base/sun.nio.ch.NioSocketImpl.connect(NioSocketImpl.java:567)
	at java.base/java.net.SocksSocketImpl.connect(SocksSocketImpl.java:327)
	at java.base/java.net.Socket.connect(Socket.java:633)
	at org.postgresql.core.PGStream.<init>(PGStream.java:81)
	at org.postgresql.core.v3.ConnectionFactoryImpl.tryConnect(ConnectionFactoryImpl.java:93)
	at org.postgresql.core.v3.ConnectionFactoryImpl.openConnectionImpl(ConnectionFactoryImpl.java:197)
	... 15 common frames omitted
2024-10-04 02:27:19,768 DEBUG org.postgresql.Driver [HikariPool-1 connection adder] Connecting with URL: jdbc:postgresql://database-1.cnaee60qc6yl.us-east-2.rds.amazonaws.com/clubdb
2024-10-04 02:27:19,769 DEBUG org.postgresql.jdbc.PgConnection [HikariPool-1 connection adder] PostgreSQL JDBC Driver 42.2.14
2024-10-04 02:27:19,769 DEBUG org.postgresql.jdbc.PgConnection [HikariPool-1 connection adder]   setDefaultFetchSize = 0
2024-10-04 02:27:19,770 DEBUG org.postgresql.jdbc.PgConnection [HikariPool-1 connection adder]   setPrepareThreshold = 5
2024-10-04 02:27:19,770 DEBUG org.postgresql.core.v3.ConnectionFactoryImpl [HikariPool-1 connection adder] Trying to establish a protocol version 3 connection to database-1.cnaee60qc6yl.us-east-2.rds.amazonaws.com:5432
2024-10-04 02:27:19,771 DEBUG org.postgresql.Driver [HikariPool-1 connection adder] Connection error: 
org.postgresql.util.PSQLException: The connection attempt failed.
	at org.postgresql.core.v3.ConnectionFactoryImpl.openConnectionImpl(ConnectionFactoryImpl.java:297)
	at org.postgresql.core.ConnectionFactory.openConnection(ConnectionFactory.java:49)
	at org.postgresql.jdbc.PgConnection.<init>(PgConnection.java:217)
	at org.postgresql.Driver.makeConnection(Driver.java:458)
	at org.postgresql.Driver.connect(Driver.java:260)
	at com.zaxxer.hikari.util.DriverDataSource.getConnection(DriverDataSource.java:138)
	at com.zaxxer.hikari.pool.PoolBase.newConnection(PoolBase.java:358)
	at com.zaxxer.hikari.pool.PoolBase.newPoolEntry(PoolBase.java:206)
	at com.zaxxer.hikari.pool.HikariPool.createPoolEntry(HikariPool.java:477)
	at com.zaxxer.hikari.pool.HikariPool.access$100(HikariPool.java:71)
	at com.zaxxer.hikari.pool.HikariPool$PoolEntryCreator.call(HikariPool.java:725)
	at com.zaxxer.hikari.pool.HikariPool$PoolEntryCreator.call(HikariPool.java:711)
	at java.base/java.util.concurrent.FutureTask.run(FutureTask.java:264)
	at java.base/java.util.concurrent.ThreadPoolExecutor.runWorker(ThreadPoolExecutor.java:1136)
	at java.base/java.util.concurrent.ThreadPoolExecutor$Worker.run(ThreadPoolExecutor.java:635)
	at java.base/java.lang.Thread.run(Thread.java:833)
Caused by: java.net.UnknownHostException: database-1.cnaee60qc6yl.us-east-2.rds.amazonaws.com
	at java.base/sun.nio.ch.NioSocketImpl.connect(NioSocketImpl.java:567)
	at java.base/java.net.SocksSocketImpl.connect(SocksSocketImpl.java:327)
	at java.base/java.net.Socket.connect(Socket.java:633)
	at org.postgresql.core.PGStream.<init>(PGStream.java:81)
	at org.postgresql.core.v3.ConnectionFactoryImpl.tryConnect(ConnectionFactoryImpl.java:93)
	at org.postgresql.core.v3.ConnectionFactoryImpl.openConnectionImpl(ConnectionFactoryImpl.java:197)
	... 15 common frames omitted
2024-10-04 02:27:19,772 DEBUG com.zaxxer.hikari.pool.HikariPool [HikariPool-1 connection adder] HikariPool-1 - Cannot acquire connection from data source
org.postgresql.util.PSQLException: The connection attempt failed.
	at org.postgresql.core.v3.ConnectionFactoryImpl.openConnectionImpl(ConnectionFactoryImpl.java:297)
	at org.postgresql.core.ConnectionFactory.openConnection(ConnectionFactory.java:49)
	at org.postgresql.jdbc.PgConnection.<init>(PgConnection.java:217)
	at org.postgresql.Driver.makeConnection(Driver.java:458)
	at org.postgresql.Driver.connect(Driver.java:260)
	at com.zaxxer.hikari.util.DriverDataSource.getConnection(DriverDataSource.java:138)
	at com.zaxxer.hikari.pool.PoolBase.newConnection(PoolBase.java:358)
	at com.zaxxer.hikari.pool.PoolBase.newPoolEntry(PoolBase.java:206)
	at com.zaxxer.hikari.pool.HikariPool.createPoolEntry(HikariPool.java:477)
	at com.zaxxer.hikari.pool.HikariPool.access$100(HikariPool.java:71)
	at com.zaxxer.hikari.pool.HikariPool$PoolEntryCreator.call(HikariPool.java:725)
	at com.zaxxer.hikari.pool.HikariPool$PoolEntryCreator.call(HikariPool.java:711)
	at java.base/java.util.concurrent.FutureTask.run(FutureTask.java:264)
	at java.base/java.util.concurrent.ThreadPoolExecutor.runWorker(ThreadPoolExecutor.java:1136)
	at java.base/java.util.concurrent.ThreadPoolExecutor$Worker.run(ThreadPoolExecutor.java:635)
	at java.base/java.lang.Thread.run(Thread.java:833)
Caused by: java.net.UnknownHostException: database-1.cnaee60qc6yl.us-east-2.rds.amazonaws.com
	at java.base/sun.nio.ch.NioSocketImpl.connect(NioSocketImpl.java:567)
	at java.base/java.net.SocksSocketImpl.connect(SocksSocketImpl.java:327)
	at java.base/java.net.Socket.connect(Socket.java:633)
	at org.postgresql.core.PGStream.<init>(PGStream.java:81)
	at org.postgresql.core.v3.ConnectionFactoryImpl.tryConnect(ConnectionFactoryImpl.java:93)
	at org.postgresql.core.v3.ConnectionFactoryImpl.openConnectionImpl(ConnectionFactoryImpl.java:197)
	... 15 common frames omitted
2024-10-04 02:27:20,150 DEBUG org.postgresql.Driver [HikariPool-1 connection adder] Connecting with URL: jdbc:postgresql://database-1.cnaee60qc6yl.us-east-2.rds.amazonaws.com/clubdb
2024-10-04 02:27:20,151 DEBUG org.postgresql.jdbc.PgConnection [HikariPool-1 connection adder] PostgreSQL JDBC Driver 42.2.14
2024-10-04 02:27:20,151 DEBUG org.postgresql.jdbc.PgConnection [HikariPool-1 connection adder]   setDefaultFetchSize = 0
2024-10-04 02:27:20,152 DEBUG org.postgresql.jdbc.PgConnection [HikariPool-1 connection adder]   setPrepareThreshold = 5
2024-10-04 02:27:20,152 DEBUG org.postgresql.core.v3.ConnectionFactoryImpl [HikariPool-1 connection adder] Trying to establish a protocol version 3 connection to database-1.cnaee60qc6yl.us-east-2.rds.amazonaws.com:5432
2024-10-04 02:27:20,153 DEBUG org.postgresql.Driver [HikariPool-1 connection adder] Connection error: 
org.postgresql.util.PSQLException: The connection attempt failed.
	at org.postgresql.core.v3.ConnectionFactoryImpl.openConnectionImpl(ConnectionFactoryImpl.java:297)
	at org.postgresql.core.ConnectionFactory.openConnection(ConnectionFactory.java:49)
	at org.postgresql.jdbc.PgConnection.<init>(PgConnection.java:217)
	at org.postgresql.Driver.makeConnection(Driver.java:458)
	at org.postgresql.Driver.connect(Driver.java:260)
	at com.zaxxer.hikari.util.DriverDataSource.getConnection(DriverDataSource.java:138)
	at com.zaxxer.hikari.pool.PoolBase.newConnection(PoolBase.java:358)
	at com.zaxxer.hikari.pool.PoolBase.newPoolEntry(PoolBase.java:206)
	at com.zaxxer.hikari.pool.HikariPool.createPoolEntry(HikariPool.java:477)
	at com.zaxxer.hikari.pool.HikariPool.access$100(HikariPool.java:71)
	at com.zaxxer.hikari.pool.HikariPool$PoolEntryCreator.call(HikariPool.java:725)
	at com.zaxxer.hikari.pool.HikariPool$PoolEntryCreator.call(HikariPool.java:711)
	at java.base/java.util.concurrent.FutureTask.run(FutureTask.java:264)
	at java.base/java.util.concurrent.ThreadPoolExecutor.runWorker(ThreadPoolExecutor.java:1136)
	at java.base/java.util.concurrent.ThreadPoolExecutor$Worker.run(ThreadPoolExecutor.java:635)
	at java.base/java.lang.Thread.run(Thread.java:833)
Caused by: java.net.UnknownHostException: database-1.cnaee60qc6yl.us-east-2.rds.amazonaws.com
	at java.base/sun.nio.ch.NioSocketImpl.connect(NioSocketImpl.java:567)
	at java.base/java.net.SocksSocketImpl.connect(SocksSocketImpl.java:327)
	at java.base/java.net.Socket.connect(Socket.java:633)
	at org.postgresql.core.PGStream.<init>(PGStream.java:81)
	at org.postgresql.core.v3.ConnectionFactoryImpl.tryConnect(ConnectionFactoryImpl.java:93)
	at org.postgresql.core.v3.ConnectionFactoryImpl.openConnectionImpl(ConnectionFactoryImpl.java:197)
	... 15 common frames omitted
2024-10-04 02:27:20,155 DEBUG com.zaxxer.hikari.pool.HikariPool [HikariPool-1 connection adder] HikariPool-1 - Cannot acquire connection from data source
org.postgresql.util.PSQLException: The connection attempt failed.
	at org.postgresql.core.v3.ConnectionFactoryImpl.openConnectionImpl(ConnectionFactoryImpl.java:297)
	at org.postgresql.core.ConnectionFactory.openConnection(ConnectionFactory.java:49)
	at org.postgresql.jdbc.PgConnection.<init>(PgConnection.java:217)
	at org.postgresql.Driver.makeConnection(Driver.java:458)
	at org.postgresql.Driver.connect(Driver.java:260)
	at com.zaxxer.hikari.util.DriverDataSource.getConnection(DriverDataSource.java:138)
	at com.zaxxer.hikari.pool.PoolBase.newConnection(PoolBase.java:358)
	at com.zaxxer.hikari.pool.PoolBase.newPoolEntry(PoolBase.java:206)
	at com.zaxxer.hikari.pool.HikariPool.createPoolEntry(HikariPool.java:477)
	at com.zaxxer.hikari.pool.HikariPool.access$100(HikariPool.java:71)
	at com.zaxxer.hikari.pool.HikariPool$PoolEntryCreator.call(HikariPool.java:725)
	at com.zaxxer.hikari.pool.HikariPool$PoolEntryCreator.call(HikariPool.java:711)
	at java.base/java.util.concurrent.FutureTask.run(FutureTask.java:264)
	at java.base/java.util.concurrent.ThreadPoolExecutor.runWorker(ThreadPoolExecutor.java:1136)
	at java.base/java.util.concurrent.ThreadPoolExecutor$Worker.run(ThreadPoolExecutor.java:635)
	at java.base/java.lang.Thread.run(Thread.java:833)
Caused by: java.net.UnknownHostException: database-1.cnaee60qc6yl.us-east-2.rds.amazonaws.com
	at java.base/sun.nio.ch.NioSocketImpl.connect(NioSocketImpl.java:567)
	at java.base/java.net.SocksSocketImpl.connect(SocksSocketImpl.java:327)
	at java.base/java.net.Socket.connect(Socket.java:633)
	at org.postgresql.core.PGStream.<init>(PGStream.java:81)
	at org.postgresql.core.v3.ConnectionFactoryImpl.tryConnect(ConnectionFactoryImpl.java:93)
	at org.postgresql.core.v3.ConnectionFactoryImpl.openConnectionImpl(ConnectionFactoryImpl.java:197)
	... 15 common frames omitted
2024-10-04 02:27:20,720 DEBUG org.postgresql.Driver [HikariPool-1 connection adder] Connecting with URL: jdbc:postgresql://database-1.cnaee60qc6yl.us-east-2.rds.amazonaws.com/clubdb
2024-10-04 02:27:20,721 DEBUG org.postgresql.jdbc.PgConnection [HikariPool-1 connection adder] PostgreSQL JDBC Driver 42.2.14
2024-10-04 02:27:20,722 DEBUG org.postgresql.jdbc.PgConnection [HikariPool-1 connection adder]   setDefaultFetchSize = 0
2024-10-04 02:27:20,723 DEBUG org.postgresql.jdbc.PgConnection [HikariPool-1 connection adder]   setPrepareThreshold = 5
2024-10-04 02:27:20,723 DEBUG org.postgresql.core.v3.ConnectionFactoryImpl [HikariPool-1 connection adder] Trying to establish a protocol version 3 connection to database-1.cnaee60qc6yl.us-east-2.rds.amazonaws.com:5432
2024-10-04 02:27:20,724 DEBUG org.postgresql.Driver [HikariPool-1 connection adder] Connection error: 
org.postgresql.util.PSQLException: The connection attempt failed.
	at org.postgresql.core.v3.ConnectionFactoryImpl.openConnectionImpl(ConnectionFactoryImpl.java:297)
	at org.postgresql.core.ConnectionFactory.openConnection(ConnectionFactory.java:49)
	at org.postgresql.jdbc.PgConnection.<init>(PgConnection.java:217)
	at org.postgresql.Driver.makeConnection(Driver.java:458)
	at org.postgresql.Driver.connect(Driver.java:260)
	at com.zaxxer.hikari.util.DriverDataSource.getConnection(DriverDataSource.java:138)
	at com.zaxxer.hikari.pool.PoolBase.newConnection(PoolBase.java:358)
	at com.zaxxer.hikari.pool.PoolBase.newPoolEntry(PoolBase.java:206)
	at com.zaxxer.hikari.pool.HikariPool.createPoolEntry(HikariPool.java:477)
	at com.zaxxer.hikari.pool.HikariPool.access$100(HikariPool.java:71)
	at com.zaxxer.hikari.pool.HikariPool$PoolEntryCreator.call(HikariPool.java:725)
	at com.zaxxer.hikari.pool.HikariPool$PoolEntryCreator.call(HikariPool.java:711)
	at java.base/java.util.concurrent.FutureTask.run(FutureTask.java:264)
	at java.base/java.util.concurrent.ThreadPoolExecutor.runWorker(ThreadPoolExecutor.java:1136)
	at java.base/java.util.concurrent.ThreadPoolExecutor$Worker.run(ThreadPoolExecutor.java:635)
	at java.base/java.lang.Thread.run(Thread.java:833)
Caused by: java.net.UnknownHostException: database-1.cnaee60qc6yl.us-east-2.rds.amazonaws.com
	at java.base/sun.nio.ch.NioSocketImpl.connect(NioSocketImpl.java:567)
	at java.base/java.net.SocksSocketImpl.connect(SocksSocketImpl.java:327)
	at java.base/java.net.Socket.connect(Socket.java:633)
	at org.postgresql.core.PGStream.<init>(PGStream.java:81)
	at org.postgresql.core.v3.ConnectionFactoryImpl.tryConnect(ConnectionFactoryImpl.java:93)
	at org.postgresql.core.v3.ConnectionFactoryImpl.openConnectionImpl(ConnectionFactoryImpl.java:197)
	... 15 common frames omitted
2024-10-04 02:27:20,725 DEBUG com.zaxxer.hikari.pool.HikariPool [HikariPool-1 connection adder] HikariPool-1 - Cannot acquire connection from data source
org.postgresql.util.PSQLException: The connection attempt failed.
	at org.postgresql.core.v3.ConnectionFactoryImpl.openConnectionImpl(ConnectionFactoryImpl.java:297)
	at org.postgresql.core.ConnectionFactory.openConnection(ConnectionFactory.java:49)
	at org.postgresql.jdbc.PgConnection.<init>(PgConnection.java:217)
	at org.postgresql.Driver.makeConnection(Driver.java:458)
	at org.postgresql.Driver.connect(Driver.java:260)
	at com.zaxxer.hikari.util.DriverDataSource.getConnection(DriverDataSource.java:138)
	at com.zaxxer.hikari.pool.PoolBase.newConnection(PoolBase.java:358)
	at com.zaxxer.hikari.pool.PoolBase.newPoolEntry(PoolBase.java:206)
	at com.zaxxer.hikari.pool.HikariPool.createPoolEntry(HikariPool.java:477)
	at com.zaxxer.hikari.pool.HikariPool.access$100(HikariPool.java:71)
	at com.zaxxer.hikari.pool.HikariPool$PoolEntryCreator.call(HikariPool.java:725)
	at com.zaxxer.hikari.pool.HikariPool$PoolEntryCreator.call(HikariPool.java:711)
	at java.base/java.util.concurrent.FutureTask.run(FutureTask.java:264)
	at java.base/java.util.concurrent.ThreadPoolExecutor.runWorker(ThreadPoolExecutor.java:1136)
	at java.base/java.util.concurrent.ThreadPoolExecutor$Worker.run(ThreadPoolExecutor.java:635)
	at java.base/java.lang.Thread.run(Thread.java:833)
Caused by: java.net.UnknownHostException: database-1.cnaee60qc6yl.us-east-2.rds.amazonaws.com
	at java.base/sun.nio.ch.NioSocketImpl.connect(NioSocketImpl.java:567)
	at java.base/java.net.SocksSocketImpl.connect(SocksSocketImpl.java:327)
	at java.base/java.net.Socket.connect(Socket.java:633)
	at org.postgresql.core.PGStream.<init>(PGStream.java:81)
	at org.postgresql.core.v3.ConnectionFactoryImpl.tryConnect(ConnectionFactoryImpl.java:93)
	at org.postgresql.core.v3.ConnectionFactoryImpl.openConnectionImpl(ConnectionFactoryImpl.java:197)
	... 15 common frames omitted
2024-10-04 02:27:21,589 DEBUG org.postgresql.Driver [HikariPool-1 connection adder] Connecting with URL: jdbc:postgresql://database-1.cnaee60qc6yl.us-east-2.rds.amazonaws.com/clubdb
2024-10-04 02:27:21,590 DEBUG org.postgresql.jdbc.PgConnection [HikariPool-1 connection adder] PostgreSQL JDBC Driver 42.2.14
2024-10-04 02:27:21,591 DEBUG org.postgresql.jdbc.PgConnection [HikariPool-1 connection adder]   setDefaultFetchSize = 0
2024-10-04 02:27:21,591 DEBUG org.postgresql.jdbc.PgConnection [HikariPool-1 connection adder]   setPrepareThreshold = 5
2024-10-04 02:27:21,593 DEBUG org.postgresql.core.v3.ConnectionFactoryImpl [HikariPool-1 connection adder] Trying to establish a protocol version 3 connection to database-1.cnaee60qc6yl.us-east-2.rds.amazonaws.com:5432
2024-10-04 02:27:21,594 DEBUG org.postgresql.Driver [HikariPool-1 connection adder] Connection error: 
org.postgresql.util.PSQLException: The connection attempt failed.
	at org.postgresql.core.v3.ConnectionFactoryImpl.openConnectionImpl(ConnectionFactoryImpl.java:297)
	at org.postgresql.core.ConnectionFactory.openConnection(ConnectionFactory.java:49)
	at org.postgresql.jdbc.PgConnection.<init>(PgConnection.java:217)
	at org.postgresql.Driver.makeConnection(Driver.java:458)
	at org.postgresql.Driver.connect(Driver.java:260)
	at com.zaxxer.hikari.util.DriverDataSource.getConnection(DriverDataSource.java:138)
	at com.zaxxer.hikari.pool.PoolBase.newConnection(PoolBase.java:358)
	at com.zaxxer.hikari.pool.PoolBase.newPoolEntry(PoolBase.java:206)
	at com.zaxxer.hikari.pool.HikariPool.createPoolEntry(HikariPool.java:477)
	at com.zaxxer.hikari.pool.HikariPool.access$100(HikariPool.java:71)
	at com.zaxxer.hikari.pool.HikariPool$PoolEntryCreator.call(HikariPool.java:725)
	at com.zaxxer.hikari.pool.HikariPool$PoolEntryCreator.call(HikariPool.java:711)
	at java.base/java.util.concurrent.FutureTask.run(FutureTask.java:264)
	at java.base/java.util.concurrent.ThreadPoolExecutor.runWorker(ThreadPoolExecutor.java:1136)
	at java.base/java.util.concurrent.ThreadPoolExecutor$Worker.run(ThreadPoolExecutor.java:635)
	at java.base/java.lang.Thread.run(Thread.java:833)
Caused by: java.net.UnknownHostException: database-1.cnaee60qc6yl.us-east-2.rds.amazonaws.com
	at java.base/sun.nio.ch.NioSocketImpl.connect(NioSocketImpl.java:567)
	at java.base/java.net.SocksSocketImpl.connect(SocksSocketImpl.java:327)
	at java.base/java.net.Socket.connect(Socket.java:633)
	at org.postgresql.core.PGStream.<init>(PGStream.java:81)
	at org.postgresql.core.v3.ConnectionFactoryImpl.tryConnect(ConnectionFactoryImpl.java:93)
	at org.postgresql.core.v3.ConnectionFactoryImpl.openConnectionImpl(ConnectionFactoryImpl.java:197)
	... 15 common frames omitted
2024-10-04 02:27:21,595 DEBUG com.zaxxer.hikari.pool.HikariPool [HikariPool-1 connection adder] HikariPool-1 - Cannot acquire connection from data source
org.postgresql.util.PSQLException: The connection attempt failed.
	at org.postgresql.core.v3.ConnectionFactoryImpl.openConnectionImpl(ConnectionFactoryImpl.java:297)
	at org.postgresql.core.ConnectionFactory.openConnection(ConnectionFactory.java:49)
	at org.postgresql.jdbc.PgConnection.<init>(PgConnection.java:217)
	at org.postgresql.Driver.makeConnection(Driver.java:458)
	at org.postgresql.Driver.connect(Driver.java:260)
	at com.zaxxer.hikari.util.DriverDataSource.getConnection(DriverDataSource.java:138)
	at com.zaxxer.hikari.pool.PoolBase.newConnection(PoolBase.java:358)
	at com.zaxxer.hikari.pool.PoolBase.newPoolEntry(PoolBase.java:206)
	at com.zaxxer.hikari.pool.HikariPool.createPoolEntry(HikariPool.java:477)
	at com.zaxxer.hikari.pool.HikariPool.access$100(HikariPool.java:71)
	at com.zaxxer.hikari.pool.HikariPool$PoolEntryCreator.call(HikariPool.java:725)
	at com.zaxxer.hikari.pool.HikariPool$PoolEntryCreator.call(HikariPool.java:711)
	at java.base/java.util.concurrent.FutureTask.run(FutureTask.java:264)
	at java.base/java.util.concurrent.ThreadPoolExecutor.runWorker(ThreadPoolExecutor.java:1136)
	at java.base/java.util.concurrent.ThreadPoolExecutor$Worker.run(ThreadPoolExecutor.java:635)
	at java.base/java.lang.Thread.run(Thread.java:833)
Caused by: java.net.UnknownHostException: database-1.cnaee60qc6yl.us-east-2.rds.amazonaws.com
	at java.base/sun.nio.ch.NioSocketImpl.connect(NioSocketImpl.java:567)
	at java.base/java.net.SocksSocketImpl.connect(SocksSocketImpl.java:327)
	at java.base/java.net.Socket.connect(Socket.java:633)
	at org.postgresql.core.PGStream.<init>(PGStream.java:81)
	at org.postgresql.core.v3.ConnectionFactoryImpl.tryConnect(ConnectionFactoryImpl.java:93)
	at org.postgresql.core.v3.ConnectionFactoryImpl.openConnectionImpl(ConnectionFactoryImpl.java:197)
	... 15 common frames omitted
2024-10-04 02:27:21,887 DEBUG org.apache.juli.logging.DirectJDKLog [Catalina-utility-1] Start expire sessions StandardManager at 1727989041885 sessioncount 0
2024-10-04 02:27:21,898 DEBUG org.apache.juli.logging.DirectJDKLog [Catalina-utility-1] End expire sessions StandardManager processingTime 9 expired sessions: 0
2024-10-04 02:27:22,861 DEBUG org.postgresql.Driver [HikariPool-1 connection adder] Connecting with URL: jdbc:postgresql://database-1.cnaee60qc6yl.us-east-2.rds.amazonaws.com/clubdb
2024-10-04 02:27:22,862 DEBUG org.postgresql.jdbc.PgConnection [HikariPool-1 connection adder] PostgreSQL JDBC Driver 42.2.14
2024-10-04 02:27:22,863 DEBUG org.postgresql.jdbc.PgConnection [HikariPool-1 connection adder]   setDefaultFetchSize = 0
2024-10-04 02:27:22,864 DEBUG org.postgresql.jdbc.PgConnection [HikariPool-1 connection adder]   setPrepareThreshold = 5
2024-10-04 02:27:22,864 DEBUG org.postgresql.core.v3.ConnectionFactoryImpl [HikariPool-1 connection adder] Trying to establish a protocol version 3 connection to database-1.cnaee60qc6yl.us-east-2.rds.amazonaws.com:5432
2024-10-04 02:27:22,865 DEBUG org.postgresql.Driver [HikariPool-1 connection adder] Connection error: 
org.postgresql.util.PSQLException: The connection attempt failed.
	at org.postgresql.core.v3.ConnectionFactoryImpl.openConnectionImpl(ConnectionFactoryImpl.java:297)
	at org.postgresql.core.ConnectionFactory.openConnection(ConnectionFactory.java:49)
	at org.postgresql.jdbc.PgConnection.<init>(PgConnection.java:217)
	at org.postgresql.Driver.makeConnection(Driver.java:458)
	at org.postgresql.Driver.connect(Driver.java:260)
	at com.zaxxer.hikari.util.DriverDataSource.getConnection(DriverDataSource.java:138)
	at com.zaxxer.hikari.pool.PoolBase.newConnection(PoolBase.java:358)
	at com.zaxxer.hikari.pool.PoolBase.newPoolEntry(PoolBase.java:206)
	at com.zaxxer.hikari.pool.HikariPool.createPoolEntry(HikariPool.java:477)
	at com.zaxxer.hikari.pool.HikariPool.access$100(HikariPool.java:71)
	at com.zaxxer.hikari.pool.HikariPool$PoolEntryCreator.call(HikariPool.java:725)
	at com.zaxxer.hikari.pool.HikariPool$PoolEntryCreator.call(HikariPool.java:711)
	at java.base/java.util.concurrent.FutureTask.run(FutureTask.java:264)
	at java.base/java.util.concurrent.ThreadPoolExecutor.runWorker(ThreadPoolExecutor.java:1136)
	at java.base/java.util.concurrent.ThreadPoolExecutor$Worker.run(ThreadPoolExecutor.java:635)
	at java.base/java.lang.Thread.run(Thread.java:833)
Caused by: java.net.UnknownHostException: database-1.cnaee60qc6yl.us-east-2.rds.amazonaws.com
	at java.base/sun.nio.ch.NioSocketImpl.connect(NioSocketImpl.java:567)
	at java.base/java.net.SocksSocketImpl.connect(SocksSocketImpl.java:327)
	at java.base/java.net.Socket.connect(Socket.java:633)
	at org.postgresql.core.PGStream.<init>(PGStream.java:81)
	at org.postgresql.core.v3.ConnectionFactoryImpl.tryConnect(ConnectionFactoryImpl.java:93)
	at org.postgresql.core.v3.ConnectionFactoryImpl.openConnectionImpl(ConnectionFactoryImpl.java:197)
	... 15 common frames omitted
2024-10-04 02:27:22,866 DEBUG com.zaxxer.hikari.pool.HikariPool [HikariPool-1 connection adder] HikariPool-1 - Cannot acquire connection from data source
org.postgresql.util.PSQLException: The connection attempt failed.
	at org.postgresql.core.v3.ConnectionFactoryImpl.openConnectionImpl(ConnectionFactoryImpl.java:297)
	at org.postgresql.core.ConnectionFactory.openConnection(ConnectionFactory.java:49)
	at org.postgresql.jdbc.PgConnection.<init>(PgConnection.java:217)
	at org.postgresql.Driver.makeConnection(Driver.java:458)
	at org.postgresql.Driver.connect(Driver.java:260)
	at com.zaxxer.hikari.util.DriverDataSource.getConnection(DriverDataSource.java:138)
	at com.zaxxer.hikari.pool.PoolBase.newConnection(PoolBase.java:358)
	at com.zaxxer.hikari.pool.PoolBase.newPoolEntry(PoolBase.java:206)
	at com.zaxxer.hikari.pool.HikariPool.createPoolEntry(HikariPool.java:477)
	at com.zaxxer.hikari.pool.HikariPool.access$100(HikariPool.java:71)
	at com.zaxxer.hikari.pool.HikariPool$PoolEntryCreator.call(HikariPool.java:725)
	at com.zaxxer.hikari.pool.HikariPool$PoolEntryCreator.call(HikariPool.java:711)
	at java.base/java.util.concurrent.FutureTask.run(FutureTask.java:264)
	at java.base/java.util.concurrent.ThreadPoolExecutor.runWorker(ThreadPoolExecutor.java:1136)
	at java.base/java.util.concurrent.ThreadPoolExecutor$Worker.run(ThreadPoolExecutor.java:635)
	at java.base/java.lang.Thread.run(Thread.java:833)
Caused by: java.net.UnknownHostException: database-1.cnaee60qc6yl.us-east-2.rds.amazonaws.com
	at java.base/sun.nio.ch.NioSocketImpl.connect(NioSocketImpl.java:567)
	at java.base/java.net.SocksSocketImpl.connect(SocksSocketImpl.java:327)
	at java.base/java.net.Socket.connect(Socket.java:633)
	at org.postgresql.core.PGStream.<init>(PGStream.java:81)
	at org.postgresql.core.v3.ConnectionFactoryImpl.tryConnect(ConnectionFactoryImpl.java:93)
	at org.postgresql.core.v3.ConnectionFactoryImpl.openConnectionImpl(ConnectionFactoryImpl.java:197)
	... 15 common frames omitted
2024-10-04 07:46:57,829 DEBUG org.postgresql.Driver [HikariPool-1 connection adder] Connecting with URL: jdbc:postgresql://database-1.cnaee60qc6yl.us-east-2.rds.amazonaws.com/clubdb
2024-10-04 07:46:57,830 DEBUG org.postgresql.jdbc.PgConnection [HikariPool-1 connection adder] PostgreSQL JDBC Driver 42.2.14
2024-10-04 07:46:57,830 DEBUG org.postgresql.jdbc.PgConnection [HikariPool-1 connection adder]   setDefaultFetchSize = 0
2024-10-04 07:46:57,830 DEBUG org.postgresql.jdbc.PgConnection [HikariPool-1 connection adder]   setPrepareThreshold = 5
2024-10-04 07:46:57,831 DEBUG org.postgresql.core.v3.ConnectionFactoryImpl [HikariPool-1 connection adder] Trying to establish a protocol version 3 connection to database-1.cnaee60qc6yl.us-east-2.rds.amazonaws.com:5432
2024-10-04 07:46:57,832 DEBUG org.postgresql.Driver [HikariPool-1 connection adder] Connection error: 
org.postgresql.util.PSQLException: The connection attempt failed.
	at org.postgresql.core.v3.ConnectionFactoryImpl.openConnectionImpl(ConnectionFactoryImpl.java:297)
	at org.postgresql.core.ConnectionFactory.openConnection(ConnectionFactory.java:49)
	at org.postgresql.jdbc.PgConnection.<init>(PgConnection.java:217)
	at org.postgresql.Driver.makeConnection(Driver.java:458)
	at org.postgresql.Driver.connect(Driver.java:260)
	at com.zaxxer.hikari.util.DriverDataSource.getConnection(DriverDataSource.java:138)
	at com.zaxxer.hikari.pool.PoolBase.newConnection(PoolBase.java:358)
	at com.zaxxer.hikari.pool.PoolBase.newPoolEntry(PoolBase.java:206)
	at com.zaxxer.hikari.pool.HikariPool.createPoolEntry(HikariPool.java:477)
	at com.zaxxer.hikari.pool.HikariPool.access$100(HikariPool.java:71)
	at com.zaxxer.hikari.pool.HikariPool$PoolEntryCreator.call(HikariPool.java:725)
	at com.zaxxer.hikari.pool.HikariPool$PoolEntryCreator.call(HikariPool.java:711)
	at java.base/java.util.concurrent.FutureTask.run(FutureTask.java:264)
	at java.base/java.util.concurrent.ThreadPoolExecutor.runWorker(ThreadPoolExecutor.java:1136)
	at java.base/java.util.concurrent.ThreadPoolExecutor$Worker.run(ThreadPoolExecutor.java:635)
	at java.base/java.lang.Thread.run(Thread.java:833)
Caused by: java.net.UnknownHostException: database-1.cnaee60qc6yl.us-east-2.rds.amazonaws.com
	at java.base/sun.nio.ch.NioSocketImpl.connect(NioSocketImpl.java:567)
	at java.base/java.net.SocksSocketImpl.connect(SocksSocketImpl.java:327)
	at java.base/java.net.Socket.connect(Socket.java:633)
	at org.postgresql.core.PGStream.<init>(PGStream.java:81)
	at org.postgresql.core.v3.ConnectionFactoryImpl.tryConnect(ConnectionFactoryImpl.java:93)
	at org.postgresql.core.v3.ConnectionFactoryImpl.openConnectionImpl(ConnectionFactoryImpl.java:197)
	... 15 common frames omitted
2024-10-04 07:46:57,832 DEBUG com.zaxxer.hikari.pool.HikariPool [HikariPool-1 connection adder] HikariPool-1 - Cannot acquire connection from data source
org.postgresql.util.PSQLException: The connection attempt failed.
	at org.postgresql.core.v3.ConnectionFactoryImpl.openConnectionImpl(ConnectionFactoryImpl.java:297)
	at org.postgresql.core.ConnectionFactory.openConnection(ConnectionFactory.java:49)
	at org.postgresql.jdbc.PgConnection.<init>(PgConnection.java:217)
	at org.postgresql.Driver.makeConnection(Driver.java:458)
	at org.postgresql.Driver.connect(Driver.java:260)
	at com.zaxxer.hikari.util.DriverDataSource.getConnection(DriverDataSource.java:138)
	at com.zaxxer.hikari.pool.PoolBase.newConnection(PoolBase.java:358)
	at com.zaxxer.hikari.pool.PoolBase.newPoolEntry(PoolBase.java:206)
	at com.zaxxer.hikari.pool.HikariPool.createPoolEntry(HikariPool.java:477)
	at com.zaxxer.hikari.pool.HikariPool.access$100(HikariPool.java:71)
	at com.zaxxer.hikari.pool.HikariPool$PoolEntryCreator.call(HikariPool.java:725)
	at com.zaxxer.hikari.pool.HikariPool$PoolEntryCreator.call(HikariPool.java:711)
	at java.base/java.util.concurrent.FutureTask.run(FutureTask.java:264)
	at java.base/java.util.concurrent.ThreadPoolExecutor.runWorker(ThreadPoolExecutor.java:1136)
	at java.base/java.util.concurrent.ThreadPoolExecutor$Worker.run(ThreadPoolExecutor.java:635)
	at java.base/java.lang.Thread.run(Thread.java:833)
Caused by: java.net.UnknownHostException: database-1.cnaee60qc6yl.us-east-2.rds.amazonaws.com
	at java.base/sun.nio.ch.NioSocketImpl.connect(NioSocketImpl.java:567)
	at java.base/java.net.SocksSocketImpl.connect(SocksSocketImpl.java:327)
	at java.base/java.net.Socket.connect(Socket.java:633)
	at org.postgresql.core.PGStream.<init>(PGStream.java:81)
	at org.postgresql.core.v3.ConnectionFactoryImpl.tryConnect(ConnectionFactoryImpl.java:93)
	at org.postgresql.core.v3.ConnectionFactoryImpl.openConnectionImpl(ConnectionFactoryImpl.java:197)
	... 15 common frames omitted
2024-10-04 07:47:01,343 DEBUG org.postgresql.Driver [HikariPool-1 connection adder] Connecting with URL: jdbc:postgresql://database-1.cnaee60qc6yl.us-east-2.rds.amazonaws.com/clubdb
2024-10-04 07:47:01,343 DEBUG org.postgresql.jdbc.PgConnection [HikariPool-1 connection adder] PostgreSQL JDBC Driver 42.2.14
2024-10-04 07:47:01,344 DEBUG org.postgresql.jdbc.PgConnection [HikariPool-1 connection adder]   setDefaultFetchSize = 0
2024-10-04 07:47:01,344 DEBUG org.postgresql.jdbc.PgConnection [HikariPool-1 connection adder]   setPrepareThreshold = 5
2024-10-04 07:47:01,344 DEBUG org.postgresql.core.v3.ConnectionFactoryImpl [HikariPool-1 connection adder] Trying to establish a protocol version 3 connection to database-1.cnaee60qc6yl.us-east-2.rds.amazonaws.com:5432
2024-10-04 07:47:01,345 DEBUG org.postgresql.Driver [HikariPool-1 connection adder] Connection error: 
org.postgresql.util.PSQLException: The connection attempt failed.
	at org.postgresql.core.v3.ConnectionFactoryImpl.openConnectionImpl(ConnectionFactoryImpl.java:297)
	at org.postgresql.core.ConnectionFactory.openConnection(ConnectionFactory.java:49)
	at org.postgresql.jdbc.PgConnection.<init>(PgConnection.java:217)
	at org.postgresql.Driver.makeConnection(Driver.java:458)
	at org.postgresql.Driver.connect(Driver.java:260)
	at com.zaxxer.hikari.util.DriverDataSource.getConnection(DriverDataSource.java:138)
	at com.zaxxer.hikari.pool.PoolBase.newConnection(PoolBase.java:358)
	at com.zaxxer.hikari.pool.PoolBase.newPoolEntry(PoolBase.java:206)
	at com.zaxxer.hikari.pool.HikariPool.createPoolEntry(HikariPool.java:477)
	at com.zaxxer.hikari.pool.HikariPool.access$100(HikariPool.java:71)
	at com.zaxxer.hikari.pool.HikariPool$PoolEntryCreator.call(HikariPool.java:725)
	at com.zaxxer.hikari.pool.HikariPool$PoolEntryCreator.call(HikariPool.java:711)
	at java.base/java.util.concurrent.FutureTask.run(FutureTask.java:264)
	at java.base/java.util.concurrent.ThreadPoolExecutor.runWorker(ThreadPoolExecutor.java:1136)
	at java.base/java.util.concurrent.ThreadPoolExecutor$Worker.run(ThreadPoolExecutor.java:635)
	at java.base/java.lang.Thread.run(Thread.java:833)
Caused by: java.net.UnknownHostException: database-1.cnaee60qc6yl.us-east-2.rds.amazonaws.com
	at java.base/sun.nio.ch.NioSocketImpl.connect(NioSocketImpl.java:567)
	at java.base/java.net.SocksSocketImpl.connect(SocksSocketImpl.java:327)
	at java.base/java.net.Socket.connect(Socket.java:633)
	at org.postgresql.core.PGStream.<init>(PGStream.java:81)
	at org.postgresql.core.v3.ConnectionFactoryImpl.tryConnect(ConnectionFactoryImpl.java:93)
	at org.postgresql.core.v3.ConnectionFactoryImpl.openConnectionImpl(ConnectionFactoryImpl.java:197)
	... 15 common frames omitted
2024-10-04 07:47:01,345 DEBUG com.zaxxer.hikari.pool.HikariPool [HikariPool-1 connection adder] HikariPool-1 - Cannot acquire connection from data source
org.postgresql.util.PSQLException: The connection attempt failed.
	at org.postgresql.core.v3.ConnectionFactoryImpl.openConnectionImpl(ConnectionFactoryImpl.java:297)
	at org.postgresql.core.ConnectionFactory.openConnection(ConnectionFactory.java:49)
	at org.postgresql.jdbc.PgConnection.<init>(PgConnection.java:217)
	at org.postgresql.Driver.makeConnection(Driver.java:458)
	at org.postgresql.Driver.connect(Driver.java:260)
	at com.zaxxer.hikari.util.DriverDataSource.getConnection(DriverDataSource.java:138)
	at com.zaxxer.hikari.pool.PoolBase.newConnection(PoolBase.java:358)
	at com.zaxxer.hikari.pool.PoolBase.newPoolEntry(PoolBase.java:206)
	at com.zaxxer.hikari.pool.HikariPool.createPoolEntry(HikariPool.java:477)
	at com.zaxxer.hikari.pool.HikariPool.access$100(HikariPool.java:71)
	at com.zaxxer.hikari.pool.HikariPool$PoolEntryCreator.call(HikariPool.java:725)
	at com.zaxxer.hikari.pool.HikariPool$PoolEntryCreator.call(HikariPool.java:711)
	at java.base/java.util.concurrent.FutureTask.run(FutureTask.java:264)
	at java.base/java.util.concurrent.ThreadPoolExecutor.runWorker(ThreadPoolExecutor.java:1136)
	at java.base/java.util.concurrent.ThreadPoolExecutor$Worker.run(ThreadPoolExecutor.java:635)
	at java.base/java.lang.Thread.run(Thread.java:833)
Caused by: java.net.UnknownHostException: database-1.cnaee60qc6yl.us-east-2.rds.amazonaws.com
	at java.base/sun.nio.ch.NioSocketImpl.connect(NioSocketImpl.java:567)
	at java.base/java.net.SocksSocketImpl.connect(SocksSocketImpl.java:327)
	at java.base/java.net.Socket.connect(Socket.java:633)
	at org.postgresql.core.PGStream.<init>(PGStream.java:81)
	at org.postgresql.core.v3.ConnectionFactoryImpl.tryConnect(ConnectionFactoryImpl.java:93)
	at org.postgresql.core.v3.ConnectionFactoryImpl.openConnectionImpl(ConnectionFactoryImpl.java:197)
	... 15 common frames omitted
2024-10-04 07:47:05,612 DEBUG org.postgresql.Driver [HikariPool-1 connection adder] Connecting with URL: jdbc:postgresql://database-1.cnaee60qc6yl.us-east-2.rds.amazonaws.com/clubdb
2024-10-04 07:47:05,612 DEBUG org.postgresql.jdbc.PgConnection [HikariPool-1 connection adder] PostgreSQL JDBC Driver 42.2.14
2024-10-04 07:47:05,613 DEBUG org.postgresql.jdbc.PgConnection [HikariPool-1 connection adder]   setDefaultFetchSize = 0
2024-10-04 07:47:05,613 DEBUG org.postgresql.jdbc.PgConnection [HikariPool-1 connection adder]   setPrepareThreshold = 5
2024-10-04 07:47:05,613 DEBUG org.postgresql.core.v3.ConnectionFactoryImpl [HikariPool-1 connection adder] Trying to establish a protocol version 3 connection to database-1.cnaee60qc6yl.us-east-2.rds.amazonaws.com:5432
2024-10-04 07:47:05,614 DEBUG org.postgresql.Driver [HikariPool-1 connection adder] Connection error: 
org.postgresql.util.PSQLException: The connection attempt failed.
	at org.postgresql.core.v3.ConnectionFactoryImpl.openConnectionImpl(ConnectionFactoryImpl.java:297)
	at org.postgresql.core.ConnectionFactory.openConnection(ConnectionFactory.java:49)
	at org.postgresql.jdbc.PgConnection.<init>(PgConnection.java:217)
	at org.postgresql.Driver.makeConnection(Driver.java:458)
	at org.postgresql.Driver.connect(Driver.java:260)
	at com.zaxxer.hikari.util.DriverDataSource.getConnection(DriverDataSource.java:138)
	at com.zaxxer.hikari.pool.PoolBase.newConnection(PoolBase.java:358)
	at com.zaxxer.hikari.pool.PoolBase.newPoolEntry(PoolBase.java:206)
	at com.zaxxer.hikari.pool.HikariPool.createPoolEntry(HikariPool.java:477)
	at com.zaxxer.hikari.pool.HikariPool.access$100(HikariPool.java:71)
	at com.zaxxer.hikari.pool.HikariPool$PoolEntryCreator.call(HikariPool.java:725)
	at com.zaxxer.hikari.pool.HikariPool$PoolEntryCreator.call(HikariPool.java:711)
	at java.base/java.util.concurrent.FutureTask.run(FutureTask.java:264)
	at java.base/java.util.concurrent.ThreadPoolExecutor.runWorker(ThreadPoolExecutor.java:1136)
	at java.base/java.util.concurrent.ThreadPoolExecutor$Worker.run(ThreadPoolExecutor.java:635)
	at java.base/java.lang.Thread.run(Thread.java:833)
Caused by: java.net.UnknownHostException: database-1.cnaee60qc6yl.us-east-2.rds.amazonaws.com
	at java.base/sun.nio.ch.NioSocketImpl.connect(NioSocketImpl.java:567)
	at java.base/java.net.SocksSocketImpl.connect(SocksSocketImpl.java:327)
	at java.base/java.net.Socket.connect(Socket.java:633)
	at org.postgresql.core.PGStream.<init>(PGStream.java:81)
	at org.postgresql.core.v3.ConnectionFactoryImpl.tryConnect(ConnectionFactoryImpl.java:93)
	at org.postgresql.core.v3.ConnectionFactoryImpl.openConnectionImpl(ConnectionFactoryImpl.java:197)
	... 15 common frames omitted
2024-10-04 07:47:05,614 DEBUG com.zaxxer.hikari.pool.HikariPool [HikariPool-1 connection adder] HikariPool-1 - Cannot acquire connection from data source
org.postgresql.util.PSQLException: The connection attempt failed.
	at org.postgresql.core.v3.ConnectionFactoryImpl.openConnectionImpl(ConnectionFactoryImpl.java:297)
	at org.postgresql.core.ConnectionFactory.openConnection(ConnectionFactory.java:49)
	at org.postgresql.jdbc.PgConnection.<init>(PgConnection.java:217)
	at org.postgresql.Driver.makeConnection(Driver.java:458)
	at org.postgresql.Driver.connect(Driver.java:260)
	at com.zaxxer.hikari.util.DriverDataSource.getConnection(DriverDataSource.java:138)
	at com.zaxxer.hikari.pool.PoolBase.newConnection(PoolBase.java:358)
	at com.zaxxer.hikari.pool.PoolBase.newPoolEntry(PoolBase.java:206)
	at com.zaxxer.hikari.pool.HikariPool.createPoolEntry(HikariPool.java:477)
	at com.zaxxer.hikari.pool.HikariPool.access$100(HikariPool.java:71)
	at com.zaxxer.hikari.pool.HikariPool$PoolEntryCreator.call(HikariPool.java:725)
	at com.zaxxer.hikari.pool.HikariPool$PoolEntryCreator.call(HikariPool.java:711)
	at java.base/java.util.concurrent.FutureTask.run(FutureTask.java:264)
	at java.base/java.util.concurrent.ThreadPoolExecutor.runWorker(ThreadPoolExecutor.java:1136)
	at java.base/java.util.concurrent.ThreadPoolExecutor$Worker.run(ThreadPoolExecutor.java:635)
	at java.base/java.lang.Thread.run(Thread.java:833)
Caused by: java.net.UnknownHostException: database-1.cnaee60qc6yl.us-east-2.rds.amazonaws.com
	at java.base/sun.nio.ch.NioSocketImpl.connect(NioSocketImpl.java:567)
	at java.base/java.net.SocksSocketImpl.connect(SocksSocketImpl.java:327)
	at java.base/java.net.Socket.connect(Socket.java:633)
	at org.postgresql.core.PGStream.<init>(PGStream.java:81)
	at org.postgresql.core.v3.ConnectionFactoryImpl.tryConnect(ConnectionFactoryImpl.java:93)
	at org.postgresql.core.v3.ConnectionFactoryImpl.openConnectionImpl(ConnectionFactoryImpl.java:197)
	... 15 common frames omitted
2024-10-04 07:47:12,016 DEBUG org.postgresql.Driver [HikariPool-1 connection adder] Connecting with URL: jdbc:postgresql://database-1.cnaee60qc6yl.us-east-2.rds.amazonaws.com/clubdb
2024-10-04 07:47:12,016 DEBUG org.postgresql.jdbc.PgConnection [HikariPool-1 connection adder] PostgreSQL JDBC Driver 42.2.14
2024-10-04 07:47:12,017 DEBUG org.postgresql.jdbc.PgConnection [HikariPool-1 connection adder]   setDefaultFetchSize = 0
2024-10-04 07:47:12,017 DEBUG org.postgresql.jdbc.PgConnection [HikariPool-1 connection adder]   setPrepareThreshold = 5
2024-10-04 07:47:12,017 DEBUG org.postgresql.core.v3.ConnectionFactoryImpl [HikariPool-1 connection adder] Trying to establish a protocol version 3 connection to database-1.cnaee60qc6yl.us-east-2.rds.amazonaws.com:5432
2024-10-04 07:47:12,443 DEBUG org.postgresql.core.v3.ConnectionFactoryImpl [HikariPool-1 connection adder] Receive Buffer Size is 65,536
2024-10-04 07:47:12,443 DEBUG org.postgresql.core.v3.ConnectionFactoryImpl [HikariPool-1 connection adder] Send Buffer Size is 65,536
2024-10-04 07:47:12,710 DEBUG org.postgresql.ssl.MakeSSL [HikariPool-1 connection adder] converting regular socket connection to ssl
2024-10-04 07:47:13,003 DEBUG sun.util.logging.internal.LoggingProviderImpl$JULWrapper [HikariPool-1 connection adder]  TLSHandshake: database-1.cnaee60qc6yl.us-east-2.rds.amazonaws.com:5432, TLSv1.3, TLS_AES_256_GCM_SHA384, -791690251
2024-10-04 07:47:14,617 DEBUG com.zaxxer.hikari.pool.HikariPool$PoolEntryCreator [HikariPool-1 connection adder] HikariPool-1 - Added connection org.postgresql.jdbc.PgConnection@67d3785e
2024-10-04 07:47:14,617 DEBUG org.postgresql.Driver [HikariPool-1 connection adder] Connecting with URL: jdbc:postgresql://database-1.cnaee60qc6yl.us-east-2.rds.amazonaws.com/clubdb
2024-10-04 07:47:14,618 DEBUG org.postgresql.jdbc.PgConnection [HikariPool-1 connection adder] PostgreSQL JDBC Driver 42.2.14
2024-10-04 07:47:14,618 DEBUG org.postgresql.jdbc.PgConnection [HikariPool-1 connection adder]   setDefaultFetchSize = 0
2024-10-04 07:47:14,618 DEBUG org.postgresql.jdbc.PgConnection [HikariPool-1 connection adder]   setPrepareThreshold = 5
2024-10-04 07:47:14,619 DEBUG org.postgresql.core.v3.ConnectionFactoryImpl [HikariPool-1 connection adder] Trying to establish a protocol version 3 connection to database-1.cnaee60qc6yl.us-east-2.rds.amazonaws.com:5432
2024-10-04 07:47:14,866 DEBUG org.postgresql.core.v3.ConnectionFactoryImpl [HikariPool-1 connection adder] Receive Buffer Size is 65,536
2024-10-04 07:47:14,866 DEBUG org.postgresql.core.v3.ConnectionFactoryImpl [HikariPool-1 connection adder] Send Buffer Size is 65,536
2024-10-04 07:47:15,117 DEBUG org.postgresql.ssl.MakeSSL [HikariPool-1 connection adder] converting regular socket connection to ssl
2024-10-04 07:47:15,384 DEBUG sun.util.logging.internal.LoggingProviderImpl$JULWrapper [HikariPool-1 connection adder]  TLSHandshake: database-1.cnaee60qc6yl.us-east-2.rds.amazonaws.com:5432, TLSv1.3, TLS_AES_256_GCM_SHA384, -791690251
2024-10-04 07:47:16,651 DEBUG com.zaxxer.hikari.pool.HikariPool$PoolEntryCreator [HikariPool-1 connection adder] HikariPool-1 - Added connection org.postgresql.jdbc.PgConnection@69148ad4
2024-10-04 07:47:16,651 DEBUG org.postgresql.Driver [HikariPool-1 connection adder] Connecting with URL: jdbc:postgresql://database-1.cnaee60qc6yl.us-east-2.rds.amazonaws.com/clubdb
2024-10-04 07:47:16,652 DEBUG org.postgresql.jdbc.PgConnection [HikariPool-1 connection adder] PostgreSQL JDBC Driver 42.2.14
2024-10-04 07:47:16,652 DEBUG org.postgresql.jdbc.PgConnection [HikariPool-1 connection adder]   setDefaultFetchSize = 0
2024-10-04 07:47:16,652 DEBUG org.postgresql.jdbc.PgConnection [HikariPool-1 connection adder]   setPrepareThreshold = 5
2024-10-04 07:47:16,653 DEBUG org.postgresql.core.v3.ConnectionFactoryImpl [HikariPool-1 connection adder] Trying to establish a protocol version 3 connection to database-1.cnaee60qc6yl.us-east-2.rds.amazonaws.com:5432
2024-10-04 07:47:16,901 DEBUG org.postgresql.core.v3.ConnectionFactoryImpl [HikariPool-1 connection adder] Receive Buffer Size is 65,536
2024-10-04 07:47:16,902 DEBUG org.postgresql.core.v3.ConnectionFactoryImpl [HikariPool-1 connection adder] Send Buffer Size is 65,536
2024-10-04 07:47:17,144 DEBUG org.postgresql.ssl.MakeSSL [HikariPool-1 connection adder] converting regular socket connection to ssl
2024-10-04 07:47:17,405 DEBUG sun.util.logging.internal.LoggingProviderImpl$JULWrapper [HikariPool-1 connection adder]  TLSHandshake: database-1.cnaee60qc6yl.us-east-2.rds.amazonaws.com:5432, TLSv1.3, TLS_AES_256_GCM_SHA384, -791690251
2024-10-04 07:47:18,681 DEBUG com.zaxxer.hikari.pool.HikariPool$PoolEntryCreator [HikariPool-1 connection adder] HikariPool-1 - Added connection org.postgresql.jdbc.PgConnection@6d2b132e
2024-10-04 07:47:18,681 DEBUG org.postgresql.Driver [HikariPool-1 connection adder] Connecting with URL: jdbc:postgresql://database-1.cnaee60qc6yl.us-east-2.rds.amazonaws.com/clubdb
2024-10-04 07:47:18,682 DEBUG org.postgresql.jdbc.PgConnection [HikariPool-1 connection adder] PostgreSQL JDBC Driver 42.2.14
2024-10-04 07:47:18,682 DEBUG org.postgresql.jdbc.PgConnection [HikariPool-1 connection adder]   setDefaultFetchSize = 0
2024-10-04 07:47:18,682 DEBUG org.postgresql.jdbc.PgConnection [HikariPool-1 connection adder]   setPrepareThreshold = 5
2024-10-04 07:47:18,682 DEBUG org.postgresql.core.v3.ConnectionFactoryImpl [HikariPool-1 connection adder] Trying to establish a protocol version 3 connection to database-1.cnaee60qc6yl.us-east-2.rds.amazonaws.com:5432
2024-10-04 07:47:18,931 DEBUG org.postgresql.core.v3.ConnectionFactoryImpl [HikariPool-1 connection adder] Receive Buffer Size is 65,536
2024-10-04 07:47:18,932 DEBUG org.postgresql.core.v3.ConnectionFactoryImpl [HikariPool-1 connection adder] Send Buffer Size is 65,536
2024-10-04 07:47:19,186 DEBUG org.postgresql.ssl.MakeSSL [HikariPool-1 connection adder] converting regular socket connection to ssl
2024-10-04 07:47:19,449 DEBUG sun.util.logging.internal.LoggingProviderImpl$JULWrapper [HikariPool-1 connection adder]  TLSHandshake: database-1.cnaee60qc6yl.us-east-2.rds.amazonaws.com:5432, TLSv1.3, TLS_AES_256_GCM_SHA384, -791690251
2024-10-04 07:47:20,815 DEBUG com.zaxxer.hikari.pool.HikariPool$PoolEntryCreator [HikariPool-1 connection adder] HikariPool-1 - Added connection org.postgresql.jdbc.PgConnection@282980ef
2024-10-04 07:47:20,816 DEBUG org.postgresql.Driver [HikariPool-1 connection adder] Connecting with URL: jdbc:postgresql://database-1.cnaee60qc6yl.us-east-2.rds.amazonaws.com/clubdb
2024-10-04 07:47:20,816 DEBUG org.postgresql.jdbc.PgConnection [HikariPool-1 connection adder] PostgreSQL JDBC Driver 42.2.14
2024-10-04 07:47:20,817 DEBUG org.postgresql.jdbc.PgConnection [HikariPool-1 connection adder]   setDefaultFetchSize = 0
2024-10-04 07:47:20,817 DEBUG org.postgresql.jdbc.PgConnection [HikariPool-1 connection adder]   setPrepareThreshold = 5
2024-10-04 07:47:20,817 DEBUG org.postgresql.core.v3.ConnectionFactoryImpl [HikariPool-1 connection adder] Trying to establish a protocol version 3 connection to database-1.cnaee60qc6yl.us-east-2.rds.amazonaws.com:5432
2024-10-04 07:47:21,071 DEBUG org.postgresql.core.v3.ConnectionFactoryImpl [HikariPool-1 connection adder] Receive Buffer Size is 65,536
2024-10-04 07:47:21,071 DEBUG org.postgresql.core.v3.ConnectionFactoryImpl [HikariPool-1 connection adder] Send Buffer Size is 65,536
2024-10-04 07:47:21,427 DEBUG org.postgresql.ssl.MakeSSL [HikariPool-1 connection adder] converting regular socket connection to ssl
2024-10-04 07:47:21,761 DEBUG sun.util.logging.internal.LoggingProviderImpl$JULWrapper [HikariPool-1 connection adder]  TLSHandshake: database-1.cnaee60qc6yl.us-east-2.rds.amazonaws.com:5432, TLSv1.3, TLS_AES_256_GCM_SHA384, -791690251
2024-10-04 07:47:22,530 WARN com.zaxxer.hikari.pool.HikariPool$HouseKeeper [HikariPool-1 housekeeper] HikariPool-1 - Thread starvation or clock leap detected (housekeeper delta=5h20m17s491ms184µs200ns).
2024-10-04 07:47:22,530 DEBUG com.zaxxer.hikari.pool.HikariPool [HikariPool-1 housekeeper] HikariPool-1 - Pool stats (total=4, active=0, idle=4, waiting=0)
2024-10-04 07:47:22,531 DEBUG com.zaxxer.hikari.pool.HikariPool [HikariPool-1 housekeeper] HikariPool-1 - Fill pool skipped, pool is at sufficient level.
2024-10-04 07:47:23,189 DEBUG com.zaxxer.hikari.pool.HikariPool$PoolEntryCreator [HikariPool-1 connection adder] HikariPool-1 - Added connection org.postgresql.jdbc.PgConnection@54c40c3c
2024-10-04 07:47:23,189 DEBUG com.zaxxer.hikari.pool.HikariPool [HikariPool-1 connection adder] HikariPool-1 - After adding stats (total=5, active=0, idle=5, waiting=0)
2024-10-04 07:47:23,190 DEBUG org.postgresql.Driver [HikariPool-1 connection adder] Connecting with URL: jdbc:postgresql://database-1.cnaee60qc6yl.us-east-2.rds.amazonaws.com/clubdb
2024-10-04 07:47:23,191 DEBUG org.postgresql.jdbc.PgConnection [HikariPool-1 connection adder] PostgreSQL JDBC Driver 42.2.14
2024-10-04 07:47:23,191 DEBUG org.postgresql.jdbc.PgConnection [HikariPool-1 connection adder]   setDefaultFetchSize = 0
2024-10-04 07:47:23,191 DEBUG org.postgresql.jdbc.PgConnection [HikariPool-1 connection adder]   setPrepareThreshold = 5
2024-10-04 07:47:23,191 DEBUG org.postgresql.core.v3.ConnectionFactoryImpl [HikariPool-1 connection adder] Trying to establish a protocol version 3 connection to database-1.cnaee60qc6yl.us-east-2.rds.amazonaws.com:5432
2024-10-04 07:47:23,447 DEBUG org.postgresql.core.v3.ConnectionFactoryImpl [HikariPool-1 connection adder] Receive Buffer Size is 65,536
2024-10-04 07:47:23,447 DEBUG org.postgresql.core.v3.ConnectionFactoryImpl [HikariPool-1 connection adder] Send Buffer Size is 65,536
2024-10-04 07:47:23,690 DEBUG org.postgresql.ssl.MakeSSL [HikariPool-1 connection adder] converting regular socket connection to ssl
2024-10-04 07:47:23,957 DEBUG sun.util.logging.internal.LoggingProviderImpl$JULWrapper [HikariPool-1 connection adder]  TLSHandshake: database-1.cnaee60qc6yl.us-east-2.rds.amazonaws.com:5432, TLSv1.3, TLS_AES_256_GCM_SHA384, -791690251
2024-10-04 07:47:25,352 DEBUG com.zaxxer.hikari.pool.HikariPool$PoolEntryCreator [HikariPool-1 connection adder] HikariPool-1 - Added connection org.postgresql.jdbc.PgConnection@19cb6e5a
2024-10-04 07:47:25,352 DEBUG com.zaxxer.hikari.pool.HikariPool [HikariPool-1 connection adder] HikariPool-1 - After adding stats (total=6, active=0, idle=6, waiting=0)
2024-10-04 07:47:25,353 DEBUG org.postgresql.Driver [HikariPool-1 connection adder] Connecting with URL: jdbc:postgresql://database-1.cnaee60qc6yl.us-east-2.rds.amazonaws.com/clubdb
2024-10-04 07:47:25,353 DEBUG org.postgresql.jdbc.PgConnection [HikariPool-1 connection adder] PostgreSQL JDBC Driver 42.2.14
2024-10-04 07:47:25,353 DEBUG org.postgresql.jdbc.PgConnection [HikariPool-1 connection adder]   setDefaultFetchSize = 0
2024-10-04 07:47:25,353 DEBUG org.postgresql.jdbc.PgConnection [HikariPool-1 connection adder]   setPrepareThreshold = 5
2024-10-04 07:47:25,353 DEBUG org.postgresql.core.v3.ConnectionFactoryImpl [HikariPool-1 connection adder] Trying to establish a protocol version 3 connection to database-1.cnaee60qc6yl.us-east-2.rds.amazonaws.com:5432
2024-10-04 07:47:25,607 DEBUG org.postgresql.core.v3.ConnectionFactoryImpl [HikariPool-1 connection adder] Receive Buffer Size is 65,536
2024-10-04 07:47:25,607 DEBUG org.postgresql.core.v3.ConnectionFactoryImpl [HikariPool-1 connection adder] Send Buffer Size is 65,536
2024-10-04 07:47:25,908 DEBUG org.postgresql.ssl.MakeSSL [HikariPool-1 connection adder] converting regular socket connection to ssl
2024-10-04 07:47:26,237 DEBUG sun.util.logging.internal.LoggingProviderImpl$JULWrapper [HikariPool-1 connection adder]  TLSHandshake: database-1.cnaee60qc6yl.us-east-2.rds.amazonaws.com:5432, TLSv1.3, TLS_AES_256_GCM_SHA384, -791690251
2024-10-04 07:47:27,691 DEBUG com.zaxxer.hikari.pool.HikariPool$PoolEntryCreator [HikariPool-1 connection adder] HikariPool-1 - Added connection org.postgresql.jdbc.PgConnection@2cccbc2e
2024-10-04 07:47:27,691 DEBUG com.zaxxer.hikari.pool.HikariPool [HikariPool-1 connection adder] HikariPool-1 - After adding stats (total=7, active=0, idle=7, waiting=0)
2024-10-04 07:47:27,692 DEBUG org.postgresql.Driver [HikariPool-1 connection adder] Connecting with URL: jdbc:postgresql://database-1.cnaee60qc6yl.us-east-2.rds.amazonaws.com/clubdb
2024-10-04 07:47:27,692 DEBUG org.postgresql.jdbc.PgConnection [HikariPool-1 connection adder] PostgreSQL JDBC Driver 42.2.14
2024-10-04 07:47:27,693 DEBUG org.postgresql.jdbc.PgConnection [HikariPool-1 connection adder]   setDefaultFetchSize = 0
2024-10-04 07:47:27,694 DEBUG org.postgresql.jdbc.PgConnection [HikariPool-1 connection adder]   setPrepareThreshold = 5
2024-10-04 07:47:27,694 DEBUG org.postgresql.core.v3.ConnectionFactoryImpl [HikariPool-1 connection adder] Trying to establish a protocol version 3 connection to database-1.cnaee60qc6yl.us-east-2.rds.amazonaws.com:5432
2024-10-04 07:47:27,947 DEBUG org.postgresql.core.v3.ConnectionFactoryImpl [HikariPool-1 connection adder] Receive Buffer Size is 65,536
2024-10-04 07:47:27,947 DEBUG org.postgresql.core.v3.ConnectionFactoryImpl [HikariPool-1 connection adder] Send Buffer Size is 65,536
2024-10-04 07:47:28,198 DEBUG org.postgresql.ssl.MakeSSL [HikariPool-1 connection adder] converting regular socket connection to ssl
2024-10-04 07:47:28,465 DEBUG sun.util.logging.internal.LoggingProviderImpl$JULWrapper [HikariPool-1 connection adder]  TLSHandshake: database-1.cnaee60qc6yl.us-east-2.rds.amazonaws.com:5432, TLSv1.3, TLS_AES_256_GCM_SHA384, -791690251
2024-10-04 07:47:29,549 DEBUG sun.rmi.runtime.Log$LoggerLog [RMI TCP Connection(1143)-127.0.0.1] RMI TCP Connection(1143)-127.0.0.1: accepted socket from [127.0.0.1:56604]
2024-10-04 07:47:29,549 DEBUG sun.rmi.runtime.Log$LoggerLog [RMI TCP Connection(1143)-127.0.0.1] RMI TCP Connection(1143)-127.0.0.1: (port 58565) op = 80
2024-10-04 07:47:29,550 DEBUG sun.util.logging.internal.LoggingProviderImpl$JULWrapper [RMI TCP Connection(1143)-127.0.0.1] connectionId=rmi://127.0.0.1  8
2024-10-04 07:47:29,803 DEBUG com.zaxxer.hikari.pool.HikariPool$PoolEntryCreator [HikariPool-1 connection adder] HikariPool-1 - Added connection org.postgresql.jdbc.PgConnection@48067fa0
2024-10-04 07:47:29,803 DEBUG com.zaxxer.hikari.pool.HikariPool [HikariPool-1 connection adder] HikariPool-1 - After adding stats (total=8, active=0, idle=8, waiting=0)
2024-10-04 07:47:29,803 DEBUG org.postgresql.Driver [HikariPool-1 connection adder] Connecting with URL: jdbc:postgresql://database-1.cnaee60qc6yl.us-east-2.rds.amazonaws.com/clubdb
2024-10-04 07:47:29,804 DEBUG org.postgresql.jdbc.PgConnection [HikariPool-1 connection adder] PostgreSQL JDBC Driver 42.2.14
2024-10-04 07:47:29,804 DEBUG org.postgresql.jdbc.PgConnection [HikariPool-1 connection adder]   setDefaultFetchSize = 0
2024-10-04 07:47:29,804 DEBUG org.postgresql.jdbc.PgConnection [HikariPool-1 connection adder]   setPrepareThreshold = 5
2024-10-04 07:47:29,804 DEBUG org.postgresql.core.v3.ConnectionFactoryImpl [HikariPool-1 connection adder] Trying to establish a protocol version 3 connection to database-1.cnaee60qc6yl.us-east-2.rds.amazonaws.com:5432
2024-10-04 07:47:30,052 DEBUG org.postgresql.core.v3.ConnectionFactoryImpl [HikariPool-1 connection adder] Receive Buffer Size is 65,536
2024-10-04 07:47:30,053 DEBUG org.postgresql.core.v3.ConnectionFactoryImpl [HikariPool-1 connection adder] Send Buffer Size is 65,536
2024-10-04 07:47:30,308 DEBUG org.postgresql.ssl.MakeSSL [HikariPool-1 connection adder] converting regular socket connection to ssl
2024-10-04 07:47:30,631 DEBUG sun.util.logging.internal.LoggingProviderImpl$JULWrapper [HikariPool-1 connection adder]  TLSHandshake: database-1.cnaee60qc6yl.us-east-2.rds.amazonaws.com:5432, TLSv1.3, TLS_AES_256_GCM_SHA384, -791690251
2024-10-04 07:47:32,000 DEBUG com.zaxxer.hikari.pool.HikariPool$PoolEntryCreator [HikariPool-1 connection adder] HikariPool-1 - Added connection org.postgresql.jdbc.PgConnection@3cd73f70
2024-10-04 07:47:32,000 DEBUG org.postgresql.Driver [HikariPool-1 connection adder] Connecting with URL: jdbc:postgresql://database-1.cnaee60qc6yl.us-east-2.rds.amazonaws.com/clubdb
2024-10-04 07:47:32,001 DEBUG org.postgresql.jdbc.PgConnection [HikariPool-1 connection adder] PostgreSQL JDBC Driver 42.2.14
2024-10-04 07:47:32,001 DEBUG org.postgresql.jdbc.PgConnection [HikariPool-1 connection adder]   setDefaultFetchSize = 0
2024-10-04 07:47:32,001 DEBUG org.postgresql.jdbc.PgConnection [HikariPool-1 connection adder]   setPrepareThreshold = 5
2024-10-04 07:47:32,002 DEBUG org.postgresql.core.v3.ConnectionFactoryImpl [HikariPool-1 connection adder] Trying to establish a protocol version 3 connection to database-1.cnaee60qc6yl.us-east-2.rds.amazonaws.com:5432
2024-10-04 07:47:32,272 DEBUG org.postgresql.core.v3.ConnectionFactoryImpl [HikariPool-1 connection adder] Receive Buffer Size is 65,536
2024-10-04 07:47:32,272 DEBUG org.postgresql.core.v3.ConnectionFactoryImpl [HikariPool-1 connection adder] Send Buffer Size is 65,536
2024-10-04 07:47:32,628 DEBUG org.postgresql.ssl.MakeSSL [HikariPool-1 connection adder] converting regular socket connection to ssl
2024-10-04 07:47:32,960 DEBUG sun.util.logging.internal.LoggingProviderImpl$JULWrapper [HikariPool-1 connection adder]  TLSHandshake: database-1.cnaee60qc6yl.us-east-2.rds.amazonaws.com:5432, TLSv1.3, TLS_AES_256_GCM_SHA384, -791690251
2024-10-04 07:47:34,357 DEBUG com.zaxxer.hikari.pool.HikariPool$PoolEntryCreator [HikariPool-1 connection adder] HikariPool-1 - Added connection org.postgresql.jdbc.PgConnection@7e2c3f0e
2024-10-04 07:47:34,359 DEBUG com.zaxxer.hikari.pool.HikariPool [HikariPool-1 connection adder] HikariPool-1 - After adding stats (total=10, active=0, idle=10, waiting=0)
2024-10-04 07:47:44,552 DEBUG sun.rmi.runtime.Log$LoggerLog [RMI TCP Connection(1143)-127.0.0.1] RMI TCP Connection(1143)-127.0.0.1: (port 58565) connection closed
2024-10-04 07:47:44,554 DEBUG sun.rmi.runtime.Log$LoggerLog [RMI TCP Connection(1143)-127.0.0.1] RMI TCP Connection(1143)-127.0.0.1: close connection, socket: Socket[addr=/127.0.0.1,port=56604,localport=58565]
2024-10-04 07:47:44,554 DEBUG sun.rmi.runtime.Log$LoggerLog [RMI TCP Connection(1143)-127.0.0.1] RMI TCP Connection(1143)-127.0.0.1: socket close: Socket[addr=/127.0.0.1,port=56604,localport=58565]
2024-10-04 07:47:46,766 DEBUG org.apache.juli.logging.DirectJDKLog [Catalina-utility-1] Start expire sessions StandardManager at 1728008266766 sessioncount 0
2024-10-04 07:47:46,768 DEBUG org.apache.juli.logging.DirectJDKLog [Catalina-utility-1] End expire sessions StandardManager processingTime 2 expired sessions: 0
2024-10-04 07:47:52,537 DEBUG com.zaxxer.hikari.pool.HikariPool [HikariPool-1 housekeeper] HikariPool-1 - Pool stats (total=10, active=0, idle=10, waiting=0)
2024-10-04 07:47:52,537 DEBUG com.zaxxer.hikari.pool.HikariPool [HikariPool-1 housekeeper] HikariPool-1 - Fill pool skipped, pool is at sufficient level.
2024-10-04 07:48:22,537 DEBUG com.zaxxer.hikari.pool.HikariPool [HikariPool-1 housekeeper] HikariPool-1 - Pool stats (total=10, active=0, idle=10, waiting=0)
2024-10-04 07:48:22,537 DEBUG com.zaxxer.hikari.pool.HikariPool [HikariPool-1 housekeeper] HikariPool-1 - Fill pool skipped, pool is at sufficient level.
2024-10-04 07:48:29,554 DEBUG sun.rmi.runtime.Log$LoggerLog [RMI TCP Connection(1144)-127.0.0.1] RMI TCP Connection(1144)-127.0.0.1: accepted socket from [127.0.0.1:56683]
2024-10-04 07:48:29,555 DEBUG sun.rmi.runtime.Log$LoggerLog [RMI TCP Connection(1144)-127.0.0.1] RMI TCP Connection(1144)-127.0.0.1: (port 58565) op = 80
2024-10-04 07:48:29,555 DEBUG sun.util.logging.internal.LoggingProviderImpl$JULWrapper [RMI TCP Connection(1144)-127.0.0.1] connectionId=rmi://127.0.0.1  8
2024-10-04 07:48:44,556 DEBUG sun.rmi.runtime.Log$LoggerLog [RMI TCP Connection(1144)-127.0.0.1] RMI TCP Connection(1144)-127.0.0.1: (port 58565) connection closed
2024-10-04 07:48:44,560 DEBUG sun.rmi.runtime.Log$LoggerLog [RMI TCP Connection(1144)-127.0.0.1] RMI TCP Connection(1144)-127.0.0.1: close connection, socket: Socket[addr=/127.0.0.1,port=56683,localport=58565]
2024-10-04 07:48:44,563 DEBUG sun.rmi.runtime.Log$LoggerLog [RMI TCP Connection(1144)-127.0.0.1] RMI TCP Connection(1144)-127.0.0.1: socket close: Socket[addr=/127.0.0.1,port=56683,localport=58565]
2024-10-04 07:48:46,819 DEBUG org.apache.juli.logging.DirectJDKLog [Catalina-utility-1] Start expire sessions StandardManager at 1728008326819 sessioncount 0
2024-10-04 07:48:46,820 DEBUG org.apache.juli.logging.DirectJDKLog [Catalina-utility-1] End expire sessions StandardManager processingTime 1 expired sessions: 0
2024-10-04 07:48:52,546 DEBUG com.zaxxer.hikari.pool.HikariPool [HikariPool-1 housekeeper] HikariPool-1 - Pool stats (total=10, active=0, idle=10, waiting=0)
2024-10-04 07:48:52,555 DEBUG com.zaxxer.hikari.pool.HikariPool [HikariPool-1 housekeeper] HikariPool-1 - Fill pool skipped, pool is at sufficient level.
2024-10-04 07:49:20,835 DEBUG sun.rmi.runtime.Log$LoggerLog [RMI Scheduler(0)] RMI Scheduler(0): 0553767f47b5c626:5d0f1881:192417f4ec7:-7fff
2024-10-04 07:49:20,837 DEBUG sun.rmi.runtime.Log$LoggerLog [RMI Scheduler(0)] RMI Scheduler(0): removing endpoint 0553767f47b5c626:5d0f1881:192417f4ec7:-7fff from reference set
2024-10-04 07:49:20,838 DEBUG sun.util.logging.internal.LoggingProviderImpl$JULWrapper [RMI Unreferenced-3] called
2024-10-04 07:49:20,839 DEBUG sun.util.logging.internal.LoggingProviderImpl$JULWrapper [RMI Unreferenced-3] [javax.management.remote.rmi.RMIConnectionImpl@38ade01: connectionId=rmi://127.0.0.1  8] closing.
2024-10-04 07:49:20,839 DEBUG sun.util.logging.internal.LoggingProviderImpl$JULWrapper [RMI Unreferenced-3] [javax.management.remote.rmi.RMIConnectionImpl@38ade01: connectionId=rmi://127.0.0.1  8] closed.
2024-10-04 07:49:20,840 DEBUG sun.util.logging.internal.LoggingProviderImpl$JULWrapper [RMI Unreferenced-3] done
2024-10-04 07:49:22,581 DEBUG com.zaxxer.hikari.pool.HikariPool [HikariPool-1 housekeeper] HikariPool-1 - Pool stats (total=10, active=0, idle=10, waiting=0)
2024-10-04 07:49:22,582 DEBUG com.zaxxer.hikari.pool.HikariPool [HikariPool-1 housekeeper] HikariPool-1 - Fill pool skipped, pool is at sufficient level.
2024-10-04 07:49:28,132 DEBUG sun.rmi.runtime.Log$LoggerLog [RMI TCP Connection(1145)-127.0.0.1] RMI TCP Connection(1145)-127.0.0.1: accepted socket from [127.0.0.1:56763]
2024-10-04 07:49:28,133 DEBUG sun.rmi.runtime.Log$LoggerLog [RMI TCP Connection(1145)-127.0.0.1] RMI TCP Connection(1145)-127.0.0.1: (port 58565) op = 80
2024-10-04 07:49:28,133 DEBUG sun.rmi.runtime.Log$LoggerLog [RMI TCP Connection(1145)-127.0.0.1] RMI TCP Connection(1145)-127.0.0.1: name = "[Ljava.rmi.server.ObjID;", codebase = "", defaultLoader = jdk.internal.loader.ClassLoaders$PlatformClassLoader@75dbb639
2024-10-04 07:49:28,134 DEBUG sun.rmi.runtime.Log$LoggerLog [RMI TCP Connection(1145)-127.0.0.1] RMI TCP Connection(1145)-127.0.0.1: name = "java.rmi.dgc.Lease", codebase = "", defaultLoader = jdk.internal.loader.ClassLoaders$PlatformClassLoader@75dbb639
2024-10-04 07:49:28,134 DEBUG sun.rmi.runtime.Log$LoggerLog [RMI TCP Connection(1145)-127.0.0.1] RMI TCP Connection(1145)-127.0.0.1: name = "java.rmi.dgc.VMID", codebase = "", defaultLoader = jdk.internal.loader.ClassLoaders$PlatformClassLoader@75dbb639
2024-10-04 07:49:28,135 DEBUG sun.rmi.runtime.Log$LoggerLog [RMI TCP Connection(1145)-127.0.0.1] RMI TCP Connection(1145)-127.0.0.1: name = "[B", codebase = "", defaultLoader = jdk.internal.loader.ClassLoaders$PlatformClassLoader@75dbb639
2024-10-04 07:49:28,135 DEBUG sun.rmi.runtime.Log$LoggerLog [RMI TCP Connection(1145)-127.0.0.1] RMI TCP Connection(1145)-127.0.0.1: name = "java.rmi.server.UID", codebase = "", defaultLoader = jdk.internal.loader.ClassLoaders$PlatformClassLoader@75dbb639
2024-10-04 07:49:29,557 DEBUG sun.rmi.runtime.Log$LoggerLog [RMI TCP Connection(1145)-127.0.0.1] RMI TCP Connection(1145)-127.0.0.1: (port 58565) op = 82
2024-10-04 07:49:29,558 DEBUG sun.rmi.runtime.Log$LoggerLog [RMI TCP Connection(1145)-127.0.0.1] RMI TCP Connection(1145)-127.0.0.1: (port 58565) op = 80
2024-10-04 07:49:29,558 DEBUG sun.rmi.runtime.Log$LoggerLog [RMI TCP Connection(1145)-127.0.0.1] RMI TCP Connection(1145)-127.0.0.1: [127.0.0.1] exception: 
java.rmi.NoSuchObjectException: no such object in table
	at java.rmi/sun.rmi.transport.Transport.serviceCall(Transport.java:177)
	at java.rmi/sun.rmi.transport.tcp.TCPTransport.handleMessages(TCPTransport.java:587)
	at java.rmi/sun.rmi.transport.tcp.TCPTransport$ConnectionHandler.run0(TCPTransport.java:828)
	at java.rmi/sun.rmi.transport.tcp.TCPTransport$ConnectionHandler.lambda$run$0(TCPTransport.java:705)
	at java.base/java.security.AccessController.doPrivileged(AccessController.java:399)
	at java.rmi/sun.rmi.transport.tcp.TCPTransport$ConnectionHandler.run(TCPTransport.java:704)
	at java.base/java.util.concurrent.ThreadPoolExecutor.runWorker(ThreadPoolExecutor.java:1136)
	at java.base/java.util.concurrent.ThreadPoolExecutor$Worker.run(ThreadPoolExecutor.java:635)
	at java.base/java.lang.Thread.run(Thread.java:833)
2024-10-04 07:49:29,560 DEBUG sun.rmi.runtime.Log$LoggerLog [RMI TCP Connection(1145)-127.0.0.1] RMI TCP Connection(1145)-127.0.0.1: (port 58565) op = 112
2024-10-04 07:49:29,560 DEBUG sun.rmi.runtime.Log$LoggerLog [RMI TCP Connection(1145)-127.0.0.1] RMI TCP Connection(1145)-127.0.0.1: (port 58565) exception: 
java.io.IOException: unknown transport op 112
	at java.rmi/sun.rmi.transport.tcp.TCPTransport.handleMessages(TCPTransport.java:604)
	at java.rmi/sun.rmi.transport.tcp.TCPTransport$ConnectionHandler.run0(TCPTransport.java:828)
	at java.rmi/sun.rmi.transport.tcp.TCPTransport$ConnectionHandler.lambda$run$0(TCPTransport.java:705)
	at java.base/java.security.AccessController.doPrivileged(AccessController.java:399)
	at java.rmi/sun.rmi.transport.tcp.TCPTransport$ConnectionHandler.run(TCPTransport.java:704)
	at java.base/java.util.concurrent.ThreadPoolExecutor.runWorker(ThreadPoolExecutor.java:1136)
	at java.base/java.util.concurrent.ThreadPoolExecutor$Worker.run(ThreadPoolExecutor.java:635)
	at java.base/java.lang.Thread.run(Thread.java:833)
2024-10-04 07:49:29,560 DEBUG sun.rmi.runtime.Log$LoggerLog [RMI TCP Connection(1145)-127.0.0.1] RMI TCP Connection(1145)-127.0.0.1: close connection, socket: Socket[addr=/127.0.0.1,port=56763,localport=58565]
2024-10-04 07:49:29,562 DEBUG sun.rmi.runtime.Log$LoggerLog [RMI TCP Connection(1145)-127.0.0.1] RMI TCP Connection(1145)-127.0.0.1: socket close: Socket[addr=/127.0.0.1,port=56763,localport=58565]
2024-10-04 07:49:29,565 DEBUG sun.rmi.runtime.Log$LoggerLog [RMI TCP Connection(1146)-127.0.0.1] RMI TCP Connection(1146)-127.0.0.1: accepted socket from [127.0.0.1:56764]
2024-10-04 07:49:29,566 DEBUG sun.rmi.runtime.Log$LoggerLog [RMI TCP Connection(1146)-127.0.0.1] RMI TCP Connection(1146)-127.0.0.1: (port 58548) op = 80
2024-10-04 07:49:29,575 DEBUG sun.rmi.runtime.Log$LoggerLog [RMI TCP Connection(1147)-127.0.0.1] RMI TCP Connection(1147)-127.0.0.1: accepted socket from [127.0.0.1:56765]
2024-10-04 07:49:29,576 DEBUG sun.rmi.runtime.Log$LoggerLog [RMI TCP Connection(1147)-127.0.0.1] RMI TCP Connection(1147)-127.0.0.1: (port 58565) op = 80
2024-10-04 07:49:29,576 DEBUG sun.rmi.runtime.Log$LoggerLog [RMI TCP Connection(1147)-127.0.0.1] RMI TCP Connection(1147)-127.0.0.1: name = "[Ljava.rmi.server.ObjID;", codebase = "", defaultLoader = jdk.internal.loader.ClassLoaders$PlatformClassLoader@75dbb639
2024-10-04 07:49:29,576 DEBUG sun.rmi.runtime.Log$LoggerLog [RMI TCP Connection(1147)-127.0.0.1] RMI TCP Connection(1147)-127.0.0.1: name = "java.rmi.server.ObjID", codebase = "", defaultLoader = jdk.internal.loader.ClassLoaders$PlatformClassLoader@75dbb639
2024-10-04 07:49:29,577 DEBUG sun.rmi.runtime.Log$LoggerLog [RMI TCP Connection(1147)-127.0.0.1] RMI TCP Connection(1147)-127.0.0.1: name = "java.rmi.server.UID", codebase = "", defaultLoader = jdk.internal.loader.ClassLoaders$PlatformClassLoader@75dbb639
2024-10-04 07:49:29,580 DEBUG sun.rmi.runtime.Log$LoggerLog [RMI TCP Connection(1147)-127.0.0.1] RMI TCP Connection(1147)-127.0.0.1: name = "java.rmi.dgc.Lease", codebase = "", defaultLoader = jdk.internal.loader.ClassLoaders$PlatformClassLoader@75dbb639
2024-10-04 07:49:29,581 DEBUG sun.rmi.runtime.Log$LoggerLog [RMI TCP Connection(1147)-127.0.0.1] RMI TCP Connection(1147)-127.0.0.1: name = "java.rmi.dgc.VMID", codebase = "", defaultLoader = jdk.internal.loader.ClassLoaders$PlatformClassLoader@75dbb639
2024-10-04 07:49:29,582 DEBUG sun.rmi.runtime.Log$LoggerLog [RMI TCP Connection(1147)-127.0.0.1] RMI TCP Connection(1147)-127.0.0.1: name = "[B", codebase = "", defaultLoader = jdk.internal.loader.ClassLoaders$PlatformClassLoader@75dbb639
2024-10-04 07:49:29,583 DEBUG sun.rmi.runtime.Log$LoggerLog [RMI TCP Connection(1146)-127.0.0.1] RMI TCP Connection(1146)-127.0.0.1: (port 58548) op = 82
2024-10-04 07:49:29,585 DEBUG sun.rmi.runtime.Log$LoggerLog [RMI TCP Connection(1146)-127.0.0.1] RMI TCP Connection(1146)-127.0.0.1: (port 58548) op = 84
2024-10-04 07:49:29,585 DEBUG sun.rmi.runtime.Log$LoggerLog [RMI TCP Connection(1147)-127.0.0.1] RMI TCP Connection(1147)-127.0.0.1: (port 58565) op = 80
2024-10-04 07:49:29,591 DEBUG sun.rmi.runtime.Log$LoggerLog [RMI TCP Connection(1147)-127.0.0.1] RMI TCP Connection(1147)-127.0.0.1: (port 58565) op = 80
2024-10-04 07:49:29,591 DEBUG sun.rmi.runtime.Log$LoggerLog [RMI TCP Connection(1147)-127.0.0.1] RMI TCP Connection(1147)-127.0.0.1: name = "[Ljava.rmi.server.ObjID;", codebase = "", defaultLoader = jdk.internal.loader.ClassLoaders$PlatformClassLoader@75dbb639
2024-10-04 07:49:29,595 DEBUG sun.rmi.runtime.Log$LoggerLog [RMI TCP Connection(1147)-127.0.0.1] RMI TCP Connection(1147)-127.0.0.1: name = "java.rmi.server.ObjID", codebase = "", defaultLoader = jdk.internal.loader.ClassLoaders$PlatformClassLoader@75dbb639
2024-10-04 07:49:29,596 DEBUG sun.rmi.runtime.Log$LoggerLog [RMI TCP Connection(1147)-127.0.0.1] RMI TCP Connection(1147)-127.0.0.1: name = "java.rmi.server.UID", codebase = "", defaultLoader = jdk.internal.loader.ClassLoaders$PlatformClassLoader@75dbb639
2024-10-04 07:49:29,596 DEBUG sun.rmi.runtime.Log$LoggerLog [RMI TCP Connection(1147)-127.0.0.1] RMI TCP Connection(1147)-127.0.0.1: name = "java.rmi.dgc.Lease", codebase = "", defaultLoader = jdk.internal.loader.ClassLoaders$PlatformClassLoader@75dbb639
2024-10-04 07:49:29,596 DEBUG sun.rmi.runtime.Log$LoggerLog [RMI TCP Connection(1147)-127.0.0.1] RMI TCP Connection(1147)-127.0.0.1: name = "java.rmi.dgc.VMID", codebase = "", defaultLoader = jdk.internal.loader.ClassLoaders$PlatformClassLoader@75dbb639
2024-10-04 07:49:29,597 DEBUG sun.rmi.runtime.Log$LoggerLog [RMI TCP Connection(1147)-127.0.0.1] RMI TCP Connection(1147)-127.0.0.1: name = "[B", codebase = "", defaultLoader = jdk.internal.loader.ClassLoaders$PlatformClassLoader@75dbb639
2024-10-04 07:49:29,602 DEBUG sun.rmi.runtime.Log$LoggerLog [RMI TCP Connection(1147)-127.0.0.1] RMI TCP Connection(1147)-127.0.0.1: (port 58565) op = 84
2024-10-04 07:49:29,602 DEBUG sun.rmi.runtime.Log$LoggerLog [RMI TCP Connection(1147)-127.0.0.1] RMI TCP Connection(1147)-127.0.0.1: (port 58565) op = 80
2024-10-04 07:49:29,605 DEBUG sun.rmi.runtime.Log$LoggerLog [RMI TCP Connection(1147)-127.0.0.1] RMI TCP Connection(1147)-127.0.0.1: name = "[Ljavax.management.ObjectName;", codebase = ""
2024-10-04 07:49:29,605 DEBUG sun.rmi.runtime.Log$LoggerLog [RMI TCP Connection(1147)-127.0.0.1] RMI TCP Connection(1147)-127.0.0.1: name = "[Ljava.rmi.MarshalledObject;", codebase = ""
2024-10-04 07:49:29,606 DEBUG sun.rmi.runtime.Log$LoggerLog [RMI TCP Connection(1147)-127.0.0.1] RMI TCP Connection(1147)-127.0.0.1: name = "[Ljavax.security.auth.Subject;", codebase = ""
2024-10-04 07:49:29,606 DEBUG sun.rmi.runtime.Log$LoggerLog [RMI TCP Connection(1147)-127.0.0.1] RMI TCP Connection(1147)-127.0.0.1: (port 58565) op = 80
2024-10-04 07:49:46,855 DEBUG org.apache.juli.logging.DirectJDKLog [Catalina-utility-1] Start expire sessions StandardManager at 1728008386854 sessioncount 0
2024-10-04 07:49:46,862 DEBUG org.apache.juli.logging.DirectJDKLog [Catalina-utility-1] End expire sessions StandardManager processingTime 8 expired sessions: 0
2024-10-04 07:49:52,591 DEBUG com.zaxxer.hikari.pool.HikariPool [HikariPool-1 housekeeper] HikariPool-1 - Pool stats (total=10, active=0, idle=10, waiting=0)
2024-10-04 07:49:52,592 DEBUG com.zaxxer.hikari.pool.HikariPool [HikariPool-1 housekeeper] HikariPool-1 - Fill pool skipped, pool is at sufficient level.
2024-10-04 07:49:58,140 DEBUG sun.rmi.runtime.Log$LoggerLog [RMI TCP Connection(1147)-127.0.0.1] RMI TCP Connection(1147)-127.0.0.1: (port 58565) connection closed
2024-10-04 07:49:58,141 DEBUG sun.rmi.runtime.Log$LoggerLog [RMI TCP Connection(1147)-127.0.0.1] RMI TCP Connection(1147)-127.0.0.1: close connection, socket: Socket[addr=/127.0.0.1,port=56765,localport=58565]
2024-10-04 07:49:58,142 DEBUG sun.rmi.runtime.Log$LoggerLog [RMI TCP Connection(1147)-127.0.0.1] RMI TCP Connection(1147)-127.0.0.1: socket close: Socket[addr=/127.0.0.1,port=56765,localport=58565]
2024-10-04 07:49:59,570 DEBUG sun.rmi.runtime.Log$LoggerLog [RMI TCP Connection(1146)-127.0.0.1] RMI TCP Connection(1146)-127.0.0.1: (port 58548) connection closed
2024-10-04 07:49:59,571 DEBUG sun.rmi.runtime.Log$LoggerLog [RMI TCP Connection(1146)-127.0.0.1] RMI TCP Connection(1146)-127.0.0.1: close connection, socket: Socket[addr=/127.0.0.1,port=56764,localport=58548]
2024-10-04 07:49:59,571 DEBUG sun.rmi.runtime.Log$LoggerLog [RMI TCP Connection(1146)-127.0.0.1] RMI TCP Connection(1146)-127.0.0.1: socket close: Socket[addr=/127.0.0.1,port=56764,localport=58548]
2024-10-04 07:50:22,606 DEBUG com.zaxxer.hikari.pool.HikariPool [HikariPool-1 housekeeper] HikariPool-1 - Pool stats (total=10, active=0, idle=10, waiting=0)
2024-10-04 07:50:22,607 DEBUG com.zaxxer.hikari.pool.HikariPool [HikariPool-1 housekeeper] HikariPool-1 - Fill pool skipped, pool is at sufficient level.
2024-10-04 07:50:29,613 DEBUG sun.rmi.runtime.Log$LoggerLog [RMI TCP Connection(1148)-127.0.0.1] RMI TCP Connection(1148)-127.0.0.1: accepted socket from [127.0.0.1:56795]
2024-10-04 07:50:29,615 DEBUG sun.rmi.runtime.Log$LoggerLog [RMI TCP Connection(1148)-127.0.0.1] RMI TCP Connection(1148)-127.0.0.1: (port 58565) op = 80
2024-10-04 07:50:29,615 DEBUG sun.util.logging.internal.LoggingProviderImpl$JULWrapper [RMI TCP Connection(1148)-127.0.0.1] connectionId=rmi://127.0.0.1  9
2024-10-04 07:50:44,617 DEBUG sun.rmi.runtime.Log$LoggerLog [RMI TCP Connection(1148)-127.0.0.1] RMI TCP Connection(1148)-127.0.0.1: (port 58565) connection closed
2024-10-04 07:50:44,618 DEBUG sun.rmi.runtime.Log$LoggerLog [RMI TCP Connection(1148)-127.0.0.1] RMI TCP Connection(1148)-127.0.0.1: close connection, socket: Socket[addr=/127.0.0.1,port=56795,localport=58565]
2024-10-04 07:50:44,618 DEBUG sun.rmi.runtime.Log$LoggerLog [RMI TCP Connection(1148)-127.0.0.1] RMI TCP Connection(1148)-127.0.0.1: socket close: Socket[addr=/127.0.0.1,port=56795,localport=58565]
2024-10-04 07:50:46,973 DEBUG org.apache.juli.logging.DirectJDKLog [Catalina-utility-2] Start expire sessions StandardManager at 1728008446973 sessioncount 0
2024-10-04 07:50:46,974 DEBUG org.apache.juli.logging.DirectJDKLog [Catalina-utility-2] End expire sessions StandardManager processingTime 1 expired sessions: 0
2024-10-04 07:50:52,609 DEBUG com.zaxxer.hikari.pool.HikariPool [HikariPool-1 housekeeper] HikariPool-1 - Pool stats (total=10, active=0, idle=10, waiting=0)
2024-10-04 07:50:52,609 DEBUG com.zaxxer.hikari.pool.HikariPool [HikariPool-1 housekeeper] HikariPool-1 - Fill pool skipped, pool is at sufficient level.
2024-10-04 07:51:22,623 DEBUG com.zaxxer.hikari.pool.HikariPool [HikariPool-1 housekeeper] HikariPool-1 - Pool stats (total=10, active=0, idle=10, waiting=0)
2024-10-04 07:51:22,623 DEBUG com.zaxxer.hikari.pool.HikariPool [HikariPool-1 housekeeper] HikariPool-1 - Fill pool skipped, pool is at sufficient level.
2024-10-04 07:51:29,622 DEBUG sun.rmi.runtime.Log$LoggerLog [RMI TCP Connection(1149)-127.0.0.1] RMI TCP Connection(1149)-127.0.0.1: accepted socket from [127.0.0.1:56796]
2024-10-04 07:51:29,623 DEBUG sun.rmi.runtime.Log$LoggerLog [RMI TCP Connection(1149)-127.0.0.1] RMI TCP Connection(1149)-127.0.0.1: (port 58565) op = 80
2024-10-04 07:51:29,623 DEBUG sun.util.logging.internal.LoggingProviderImpl$JULWrapper [RMI TCP Connection(1149)-127.0.0.1] connectionId=rmi://127.0.0.1  9
2024-10-04 07:51:44,626 DEBUG sun.rmi.runtime.Log$LoggerLog [RMI TCP Connection(1149)-127.0.0.1] RMI TCP Connection(1149)-127.0.0.1: (port 58565) connection closed
2024-10-04 07:51:44,629 DEBUG sun.rmi.runtime.Log$LoggerLog [RMI TCP Connection(1149)-127.0.0.1] RMI TCP Connection(1149)-127.0.0.1: close connection, socket: Socket[addr=/127.0.0.1,port=56796,localport=58565]
2024-10-04 07:51:44,632 DEBUG sun.rmi.runtime.Log$LoggerLog [RMI TCP Connection(1149)-127.0.0.1] RMI TCP Connection(1149)-127.0.0.1: socket close: Socket[addr=/127.0.0.1,port=56796,localport=58565]
2024-10-04 07:51:47,019 DEBUG org.apache.juli.logging.DirectJDKLog [Catalina-utility-1] Start expire sessions StandardManager at 1728008507019 sessioncount 0
2024-10-04 07:51:47,021 DEBUG org.apache.juli.logging.DirectJDKLog [Catalina-utility-1] End expire sessions StandardManager processingTime 2 expired sessions: 0
2024-10-04 07:51:52,676 DEBUG com.zaxxer.hikari.pool.HikariPool [HikariPool-1 housekeeper] HikariPool-1 - Pool stats (total=10, active=0, idle=10, waiting=0)
2024-10-04 07:51:52,677 DEBUG com.zaxxer.hikari.pool.HikariPool [HikariPool-1 housekeeper] HikariPool-1 - Fill pool skipped, pool is at sufficient level.
2024-10-04 07:52:22,681 DEBUG com.zaxxer.hikari.pool.HikariPool [HikariPool-1 housekeeper] HikariPool-1 - Pool stats (total=10, active=0, idle=10, waiting=0)
2024-10-04 07:52:22,682 DEBUG com.zaxxer.hikari.pool.HikariPool [HikariPool-1 housekeeper] HikariPool-1 - Fill pool skipped, pool is at sufficient level.
2024-10-04 07:52:29,643 DEBUG sun.rmi.runtime.Log$LoggerLog [RMI TCP Connection(1150)-127.0.0.1] RMI TCP Connection(1150)-127.0.0.1: accepted socket from [127.0.0.1:56859]
2024-10-04 07:52:29,647 DEBUG sun.rmi.runtime.Log$LoggerLog [RMI TCP Connection(1150)-127.0.0.1] RMI TCP Connection(1150)-127.0.0.1: (port 58565) op = 80
2024-10-04 07:52:29,648 DEBUG sun.util.logging.internal.LoggingProviderImpl$JULWrapper [RMI TCP Connection(1150)-127.0.0.1] connectionId=rmi://127.0.0.1  9
2024-10-04 07:52:44,654 DEBUG sun.rmi.runtime.Log$LoggerLog [RMI TCP Connection(1150)-127.0.0.1] RMI TCP Connection(1150)-127.0.0.1: (port 58565) connection closed
2024-10-04 07:52:44,654 DEBUG sun.rmi.runtime.Log$LoggerLog [RMI TCP Connection(1150)-127.0.0.1] RMI TCP Connection(1150)-127.0.0.1: close connection, socket: Socket[addr=/127.0.0.1,port=56859,localport=58565]
2024-10-04 07:52:44,655 DEBUG sun.rmi.runtime.Log$LoggerLog [RMI TCP Connection(1150)-127.0.0.1] RMI TCP Connection(1150)-127.0.0.1: socket close: Socket[addr=/127.0.0.1,port=56859,localport=58565]
2024-10-04 07:52:47,070 DEBUG org.apache.juli.logging.DirectJDKLog [Catalina-utility-1] Start expire sessions StandardManager at 1728008567070 sessioncount 0
2024-10-04 07:52:47,073 DEBUG org.apache.juli.logging.DirectJDKLog [Catalina-utility-1] End expire sessions StandardManager processingTime 2 expired sessions: 0
2024-10-04 07:52:52,693 DEBUG com.zaxxer.hikari.pool.HikariPool [HikariPool-1 housekeeper] HikariPool-1 - Pool stats (total=10, active=0, idle=10, waiting=0)
2024-10-04 07:52:52,695 DEBUG com.zaxxer.hikari.pool.HikariPool [HikariPool-1 housekeeper] HikariPool-1 - Fill pool skipped, pool is at sufficient level.
2024-10-04 07:53:22,714 DEBUG com.zaxxer.hikari.pool.HikariPool [HikariPool-1 housekeeper] HikariPool-1 - Pool stats (total=10, active=0, idle=10, waiting=0)
2024-10-04 07:53:22,716 DEBUG com.zaxxer.hikari.pool.HikariPool [HikariPool-1 housekeeper] HikariPool-1 - Fill pool skipped, pool is at sufficient level.
2024-10-04 07:53:29,667 DEBUG sun.rmi.runtime.Log$LoggerLog [RMI TCP Connection(1151)-127.0.0.1] RMI TCP Connection(1151)-127.0.0.1: accepted socket from [127.0.0.1:56866]
2024-10-04 07:53:29,670 DEBUG sun.rmi.runtime.Log$LoggerLog [RMI TCP Connection(1151)-127.0.0.1] RMI TCP Connection(1151)-127.0.0.1: (port 58565) op = 80
2024-10-04 07:53:29,671 DEBUG sun.util.logging.internal.LoggingProviderImpl$JULWrapper [RMI TCP Connection(1151)-127.0.0.1] connectionId=rmi://127.0.0.1  9
2024-10-04 07:53:44,675 DEBUG sun.rmi.runtime.Log$LoggerLog [RMI TCP Connection(1151)-127.0.0.1] RMI TCP Connection(1151)-127.0.0.1: (port 58565) connection closed
2024-10-04 07:53:44,677 DEBUG sun.rmi.runtime.Log$LoggerLog [RMI TCP Connection(1151)-127.0.0.1] RMI TCP Connection(1151)-127.0.0.1: close connection, socket: Socket[addr=/127.0.0.1,port=56866,localport=58565]
2024-10-04 07:53:44,678 DEBUG sun.rmi.runtime.Log$LoggerLog [RMI TCP Connection(1151)-127.0.0.1] RMI TCP Connection(1151)-127.0.0.1: socket close: Socket[addr=/127.0.0.1,port=56866,localport=58565]
2024-10-04 07:53:47,099 DEBUG org.apache.juli.logging.DirectJDKLog [Catalina-utility-1] Start expire sessions StandardManager at 1728008627099 sessioncount 0
2024-10-04 07:53:47,102 DEBUG org.apache.juli.logging.DirectJDKLog [Catalina-utility-1] End expire sessions StandardManager processingTime 2 expired sessions: 0
2024-10-04 07:53:52,732 DEBUG com.zaxxer.hikari.pool.HikariPool [HikariPool-1 housekeeper] HikariPool-1 - Pool stats (total=10, active=0, idle=10, waiting=0)
2024-10-04 07:53:52,735 DEBUG com.zaxxer.hikari.pool.HikariPool [HikariPool-1 housekeeper] HikariPool-1 - Fill pool skipped, pool is at sufficient level.
2024-10-04 07:54:22,746 DEBUG com.zaxxer.hikari.pool.HikariPool [HikariPool-1 housekeeper] HikariPool-1 - Pool stats (total=10, active=0, idle=10, waiting=0)
2024-10-04 07:54:22,748 DEBUG com.zaxxer.hikari.pool.HikariPool [HikariPool-1 housekeeper] HikariPool-1 - Fill pool skipped, pool is at sufficient level.
2024-10-04 07:54:29,603 DEBUG sun.rmi.runtime.Log$LoggerLog [RMI TCP Connection(1152)-127.0.0.1] RMI TCP Connection(1152)-127.0.0.1: accepted socket from [127.0.0.1:56868]
2024-10-04 07:54:29,606 DEBUG sun.rmi.runtime.Log$LoggerLog [RMI TCP Connection(1152)-127.0.0.1] RMI TCP Connection(1152)-127.0.0.1: (port 58565) op = 80
2024-10-04 07:54:29,608 DEBUG sun.rmi.runtime.Log$LoggerLog [RMI TCP Connection(1152)-127.0.0.1] RMI TCP Connection(1152)-127.0.0.1: name = "[Ljava.rmi.server.ObjID;", codebase = "", defaultLoader = jdk.internal.loader.ClassLoaders$PlatformClassLoader@75dbb639
2024-10-04 07:54:29,611 DEBUG sun.rmi.runtime.Log$LoggerLog [RMI TCP Connection(1152)-127.0.0.1] RMI TCP Connection(1152)-127.0.0.1: name = "java.rmi.dgc.Lease", codebase = "", defaultLoader = jdk.internal.loader.ClassLoaders$PlatformClassLoader@75dbb639
2024-10-04 07:54:29,612 DEBUG sun.rmi.runtime.Log$LoggerLog [RMI TCP Connection(1152)-127.0.0.1] RMI TCP Connection(1152)-127.0.0.1: name = "java.rmi.dgc.VMID", codebase = "", defaultLoader = jdk.internal.loader.ClassLoaders$PlatformClassLoader@75dbb639
2024-10-04 07:54:29,615 DEBUG sun.rmi.runtime.Log$LoggerLog [RMI TCP Connection(1152)-127.0.0.1] RMI TCP Connection(1152)-127.0.0.1: name = "[B", codebase = "", defaultLoader = jdk.internal.loader.ClassLoaders$PlatformClassLoader@75dbb639
2024-10-04 07:54:29,617 DEBUG sun.rmi.runtime.Log$LoggerLog [RMI TCP Connection(1152)-127.0.0.1] RMI TCP Connection(1152)-127.0.0.1: name = "java.rmi.server.UID", codebase = "", defaultLoader = jdk.internal.loader.ClassLoaders$PlatformClassLoader@75dbb639
2024-10-04 07:54:29,674 DEBUG sun.rmi.runtime.Log$LoggerLog [RMI TCP Connection(1152)-127.0.0.1] RMI TCP Connection(1152)-127.0.0.1: (port 58565) op = 82
2024-10-04 07:54:29,676 DEBUG sun.rmi.runtime.Log$LoggerLog [RMI TCP Connection(1152)-127.0.0.1] RMI TCP Connection(1152)-127.0.0.1: (port 58565) op = 80
2024-10-04 07:54:29,678 DEBUG sun.util.logging.internal.LoggingProviderImpl$JULWrapper [RMI TCP Connection(1152)-127.0.0.1] connectionId=rmi://127.0.0.1  9
2024-10-04 07:54:47,155 DEBUG org.apache.juli.logging.DirectJDKLog [Catalina-utility-1] Start expire sessions StandardManager at 1728008687155 sessioncount 0
2024-10-04 07:54:47,158 DEBUG org.apache.juli.logging.DirectJDKLog [Catalina-utility-1] End expire sessions StandardManager processingTime 2 expired sessions: 0
2024-10-04 07:54:52,753 DEBUG com.zaxxer.hikari.pool.HikariPool [HikariPool-1 housekeeper] HikariPool-1 - Pool stats (total=10, active=0, idle=10, waiting=0)
2024-10-04 07:54:52,755 DEBUG com.zaxxer.hikari.pool.HikariPool [HikariPool-1 housekeeper] HikariPool-1 - Fill pool skipped, pool is at sufficient level.
2024-10-04 07:54:59,620 DEBUG sun.rmi.runtime.Log$LoggerLog [RMI TCP Connection(1152)-127.0.0.1] RMI TCP Connection(1152)-127.0.0.1: (port 58565) connection closed
2024-10-04 07:54:59,623 DEBUG sun.rmi.runtime.Log$LoggerLog [RMI TCP Connection(1152)-127.0.0.1] RMI TCP Connection(1152)-127.0.0.1: close connection, socket: Socket[addr=/127.0.0.1,port=56868,localport=58565]
2024-10-04 07:54:59,625 DEBUG sun.rmi.runtime.Log$LoggerLog [RMI TCP Connection(1152)-127.0.0.1] RMI TCP Connection(1152)-127.0.0.1: socket close: Socket[addr=/127.0.0.1,port=56868,localport=58565]
2024-10-04 07:55:22,757 DEBUG com.zaxxer.hikari.pool.HikariPool [HikariPool-1 housekeeper] HikariPool-1 - Pool stats (total=10, active=0, idle=10, waiting=0)
2024-10-04 07:55:22,759 DEBUG com.zaxxer.hikari.pool.HikariPool [HikariPool-1 housekeeper] HikariPool-1 - Fill pool skipped, pool is at sufficient level.
2024-10-04 07:55:29,693 DEBUG sun.rmi.runtime.Log$LoggerLog [RMI TCP Connection(1153)-127.0.0.1] RMI TCP Connection(1153)-127.0.0.1: accepted socket from [127.0.0.1:56870]
2024-10-04 07:55:29,696 DEBUG sun.rmi.runtime.Log$LoggerLog [RMI TCP Connection(1153)-127.0.0.1] RMI TCP Connection(1153)-127.0.0.1: (port 58565) op = 80
2024-10-04 07:55:29,699 DEBUG sun.util.logging.internal.LoggingProviderImpl$JULWrapper [RMI TCP Connection(1153)-127.0.0.1] connectionId=rmi://127.0.0.1  9
2024-10-04 07:55:44,702 DEBUG sun.rmi.runtime.Log$LoggerLog [RMI TCP Connection(1153)-127.0.0.1] RMI TCP Connection(1153)-127.0.0.1: (port 58565) connection closed
2024-10-04 07:55:44,704 DEBUG sun.rmi.runtime.Log$LoggerLog [RMI TCP Connection(1153)-127.0.0.1] RMI TCP Connection(1153)-127.0.0.1: close connection, socket: Socket[addr=/127.0.0.1,port=56870,localport=58565]
2024-10-04 07:55:44,705 DEBUG sun.rmi.runtime.Log$LoggerLog [RMI TCP Connection(1153)-127.0.0.1] RMI TCP Connection(1153)-127.0.0.1: socket close: Socket[addr=/127.0.0.1,port=56870,localport=58565]
2024-10-04 07:55:47,185 DEBUG org.apache.juli.logging.DirectJDKLog [Catalina-utility-2] Start expire sessions StandardManager at 1728008747184 sessioncount 0
2024-10-04 07:55:47,188 DEBUG org.apache.juli.logging.DirectJDKLog [Catalina-utility-2] End expire sessions StandardManager processingTime 3 expired sessions: 0
2024-10-04 07:55:52,770 DEBUG com.zaxxer.hikari.pool.HikariPool [HikariPool-1 housekeeper] HikariPool-1 - Pool stats (total=10, active=0, idle=10, waiting=0)
2024-10-04 07:55:52,772 DEBUG com.zaxxer.hikari.pool.HikariPool [HikariPool-1 housekeeper] HikariPool-1 - Fill pool skipped, pool is at sufficient level.
2024-10-04 07:56:22,784 DEBUG com.zaxxer.hikari.pool.HikariPool [HikariPool-1 housekeeper] HikariPool-1 - Pool stats (total=10, active=0, idle=10, waiting=0)
2024-10-04 07:56:22,786 DEBUG com.zaxxer.hikari.pool.HikariPool [HikariPool-1 housekeeper] HikariPool-1 - Fill pool skipped, pool is at sufficient level.
2024-10-04 07:56:29,714 DEBUG sun.rmi.runtime.Log$LoggerLog [RMI TCP Connection(1154)-127.0.0.1] RMI TCP Connection(1154)-127.0.0.1: accepted socket from [127.0.0.1:56878]
2024-10-04 07:56:29,715 DEBUG sun.rmi.runtime.Log$LoggerLog [RMI TCP Connection(1154)-127.0.0.1] RMI TCP Connection(1154)-127.0.0.1: (port 58565) op = 80
2024-10-04 07:56:29,718 DEBUG sun.util.logging.internal.LoggingProviderImpl$JULWrapper [RMI TCP Connection(1154)-127.0.0.1] connectionId=rmi://127.0.0.1  9
2024-10-04 07:56:44,721 DEBUG sun.rmi.runtime.Log$LoggerLog [RMI TCP Connection(1154)-127.0.0.1] RMI TCP Connection(1154)-127.0.0.1: (port 58565) connection closed
2024-10-04 07:56:44,723 DEBUG sun.rmi.runtime.Log$LoggerLog [RMI TCP Connection(1154)-127.0.0.1] RMI TCP Connection(1154)-127.0.0.1: close connection, socket: Socket[addr=/127.0.0.1,port=56878,localport=58565]
2024-10-04 07:56:44,724 DEBUG sun.rmi.runtime.Log$LoggerLog [RMI TCP Connection(1154)-127.0.0.1] RMI TCP Connection(1154)-127.0.0.1: socket close: Socket[addr=/127.0.0.1,port=56878,localport=58565]
2024-10-04 07:56:47,227 DEBUG org.apache.juli.logging.DirectJDKLog [Catalina-utility-2] Start expire sessions StandardManager at 1728008807227 sessioncount 0
2024-10-04 07:56:47,229 DEBUG org.apache.juli.logging.DirectJDKLog [Catalina-utility-2] End expire sessions StandardManager processingTime 2 expired sessions: 0
2024-10-04 07:56:52,792 DEBUG com.zaxxer.hikari.pool.HikariPool [HikariPool-1 housekeeper] HikariPool-1 - Pool stats (total=10, active=0, idle=10, waiting=0)
2024-10-04 07:56:52,794 DEBUG com.zaxxer.hikari.pool.HikariPool [HikariPool-1 housekeeper] HikariPool-1 - Fill pool skipped, pool is at sufficient level.
2024-10-04 07:57:22,804 DEBUG com.zaxxer.hikari.pool.HikariPool [HikariPool-1 housekeeper] HikariPool-1 - Pool stats (total=10, active=0, idle=10, waiting=0)
2024-10-04 07:57:22,807 DEBUG com.zaxxer.hikari.pool.HikariPool [HikariPool-1 housekeeper] HikariPool-1 - Fill pool skipped, pool is at sufficient level.
2024-10-04 07:57:29,742 DEBUG sun.rmi.runtime.Log$LoggerLog [RMI TCP Connection(1155)-127.0.0.1] RMI TCP Connection(1155)-127.0.0.1: accepted socket from [127.0.0.1:56901]
2024-10-04 07:57:29,748 DEBUG sun.rmi.runtime.Log$LoggerLog [RMI TCP Connection(1155)-127.0.0.1] RMI TCP Connection(1155)-127.0.0.1: (port 58565) op = 80
2024-10-04 07:57:29,757 DEBUG sun.util.logging.internal.LoggingProviderImpl$JULWrapper [RMI TCP Connection(1155)-127.0.0.1] connectionId=rmi://127.0.0.1  9
2024-10-04 07:57:44,761 DEBUG sun.rmi.runtime.Log$LoggerLog [RMI TCP Connection(1155)-127.0.0.1] RMI TCP Connection(1155)-127.0.0.1: (port 58565) connection closed
2024-10-04 07:57:44,763 DEBUG sun.rmi.runtime.Log$LoggerLog [RMI TCP Connection(1155)-127.0.0.1] RMI TCP Connection(1155)-127.0.0.1: close connection, socket: Socket[addr=/127.0.0.1,port=56901,localport=58565]
2024-10-04 07:57:44,764 DEBUG sun.rmi.runtime.Log$LoggerLog [RMI TCP Connection(1155)-127.0.0.1] RMI TCP Connection(1155)-127.0.0.1: socket close: Socket[addr=/127.0.0.1,port=56901,localport=58565]
2024-10-04 07:57:47,863 DEBUG org.apache.juli.logging.DirectJDKLog [Catalina-utility-2] Start expire sessions StandardManager at 1728008867863 sessioncount 0
2024-10-04 07:57:47,865 DEBUG org.apache.juli.logging.DirectJDKLog [Catalina-utility-2] End expire sessions StandardManager processingTime 2 expired sessions: 0
2024-10-04 07:57:52,816 DEBUG com.zaxxer.hikari.pool.HikariPool [HikariPool-1 housekeeper] HikariPool-1 - Pool stats (total=10, active=0, idle=10, waiting=0)
2024-10-04 07:57:52,819 DEBUG com.zaxxer.hikari.pool.HikariPool [HikariPool-1 housekeeper] HikariPool-1 - Fill pool skipped, pool is at sufficient level.
2024-10-04 07:58:22,823 DEBUG com.zaxxer.hikari.pool.HikariPool [HikariPool-1 housekeeper] HikariPool-1 - Pool stats (total=10, active=0, idle=10, waiting=0)
2024-10-04 07:58:22,827 DEBUG com.zaxxer.hikari.pool.HikariPool [HikariPool-1 housekeeper] HikariPool-1 - Fill pool skipped, pool is at sufficient level.
2024-10-04 07:58:29,776 DEBUG sun.rmi.runtime.Log$LoggerLog [RMI TCP Connection(1156)-127.0.0.1] RMI TCP Connection(1156)-127.0.0.1: accepted socket from [127.0.0.1:56919]
2024-10-04 07:58:29,779 DEBUG sun.rmi.runtime.Log$LoggerLog [RMI TCP Connection(1156)-127.0.0.1] RMI TCP Connection(1156)-127.0.0.1: (port 58565) op = 80
2024-10-04 07:58:29,781 DEBUG sun.util.logging.internal.LoggingProviderImpl$JULWrapper [RMI TCP Connection(1156)-127.0.0.1] connectionId=rmi://127.0.0.1  9
2024-10-04 07:58:44,784 DEBUG sun.rmi.runtime.Log$LoggerLog [RMI TCP Connection(1156)-127.0.0.1] RMI TCP Connection(1156)-127.0.0.1: (port 58565) connection closed
2024-10-04 07:58:44,785 DEBUG sun.rmi.runtime.Log$LoggerLog [RMI TCP Connection(1156)-127.0.0.1] RMI TCP Connection(1156)-127.0.0.1: close connection, socket: Socket[addr=/127.0.0.1,port=56919,localport=58565]
2024-10-04 07:58:44,786 DEBUG sun.rmi.runtime.Log$LoggerLog [RMI TCP Connection(1156)-127.0.0.1] RMI TCP Connection(1156)-127.0.0.1: socket close: Socket[addr=/127.0.0.1,port=56919,localport=58565]
2024-10-04 07:58:47,894 DEBUG org.apache.juli.logging.DirectJDKLog [Catalina-utility-2] Start expire sessions StandardManager at 1728008927894 sessioncount 0
2024-10-04 07:58:47,895 DEBUG org.apache.juli.logging.DirectJDKLog [Catalina-utility-2] End expire sessions StandardManager processingTime 1 expired sessions: 0
2024-10-04 07:58:52,841 DEBUG com.zaxxer.hikari.pool.HikariPool [HikariPool-1 housekeeper] HikariPool-1 - Pool stats (total=10, active=0, idle=10, waiting=0)
2024-10-04 07:58:52,843 DEBUG com.zaxxer.hikari.pool.HikariPool [HikariPool-1 housekeeper] HikariPool-1 - Fill pool skipped, pool is at sufficient level.
2024-10-04 07:59:22,855 DEBUG com.zaxxer.hikari.pool.HikariPool [HikariPool-1 housekeeper] HikariPool-1 - Pool stats (total=10, active=0, idle=10, waiting=0)
2024-10-04 07:59:22,858 DEBUG com.zaxxer.hikari.pool.HikariPool [HikariPool-1 housekeeper] HikariPool-1 - Fill pool skipped, pool is at sufficient level.
2024-10-04 07:59:29,606 DEBUG sun.rmi.runtime.Log$LoggerLog [RMI TCP Connection(1157)-127.0.0.1] RMI TCP Connection(1157)-127.0.0.1: accepted socket from [127.0.0.1:56955]
2024-10-04 07:59:29,608 DEBUG sun.rmi.runtime.Log$LoggerLog [RMI TCP Connection(1157)-127.0.0.1] RMI TCP Connection(1157)-127.0.0.1: (port 58565) op = 80
2024-10-04 07:59:29,611 DEBUG sun.rmi.runtime.Log$LoggerLog [RMI TCP Connection(1157)-127.0.0.1] RMI TCP Connection(1157)-127.0.0.1: name = "[Ljava.rmi.server.ObjID;", codebase = "", defaultLoader = jdk.internal.loader.ClassLoaders$PlatformClassLoader@75dbb639
2024-10-04 07:59:29,612 DEBUG sun.rmi.runtime.Log$LoggerLog [RMI TCP Connection(1157)-127.0.0.1] RMI TCP Connection(1157)-127.0.0.1: name = "java.rmi.dgc.Lease", codebase = "", defaultLoader = jdk.internal.loader.ClassLoaders$PlatformClassLoader@75dbb639
2024-10-04 07:59:29,614 DEBUG sun.rmi.runtime.Log$LoggerLog [RMI TCP Connection(1157)-127.0.0.1] RMI TCP Connection(1157)-127.0.0.1: name = "java.rmi.dgc.VMID", codebase = "", defaultLoader = jdk.internal.loader.ClassLoaders$PlatformClassLoader@75dbb639
2024-10-04 07:59:29,614 DEBUG sun.rmi.runtime.Log$LoggerLog [RMI TCP Connection(1157)-127.0.0.1] RMI TCP Connection(1157)-127.0.0.1: name = "[B", codebase = "", defaultLoader = jdk.internal.loader.ClassLoaders$PlatformClassLoader@75dbb639
2024-10-04 07:59:29,616 DEBUG sun.rmi.runtime.Log$LoggerLog [RMI TCP Connection(1157)-127.0.0.1] RMI TCP Connection(1157)-127.0.0.1: name = "java.rmi.server.UID", codebase = "", defaultLoader = jdk.internal.loader.ClassLoaders$PlatformClassLoader@75dbb639
2024-10-04 07:59:29,783 DEBUG sun.rmi.runtime.Log$LoggerLog [RMI TCP Connection(1157)-127.0.0.1] RMI TCP Connection(1157)-127.0.0.1: (port 58565) op = 82
2024-10-04 07:59:29,785 DEBUG sun.rmi.runtime.Log$LoggerLog [RMI TCP Connection(1157)-127.0.0.1] RMI TCP Connection(1157)-127.0.0.1: (port 58565) op = 80
2024-10-04 07:59:29,786 DEBUG sun.util.logging.internal.LoggingProviderImpl$JULWrapper [RMI TCP Connection(1157)-127.0.0.1] connectionId=rmi://127.0.0.1  9
2024-10-04 07:59:47,948 DEBUG org.apache.juli.logging.DirectJDKLog [Catalina-utility-1] Start expire sessions StandardManager at 1728008987947 sessioncount 0
2024-10-04 07:59:47,952 DEBUG org.apache.juli.logging.DirectJDKLog [Catalina-utility-1] End expire sessions StandardManager processingTime 5 expired sessions: 0
2024-10-04 07:59:52,871 DEBUG com.zaxxer.hikari.pool.HikariPool [HikariPool-1 housekeeper] HikariPool-1 - Pool stats (total=10, active=0, idle=10, waiting=0)
2024-10-04 07:59:52,875 DEBUG com.zaxxer.hikari.pool.HikariPool [HikariPool-1 housekeeper] HikariPool-1 - Fill pool skipped, pool is at sufficient level.
2024-10-04 07:59:59,625 DEBUG sun.rmi.runtime.Log$LoggerLog [RMI TCP Connection(1157)-127.0.0.1] RMI TCP Connection(1157)-127.0.0.1: (port 58565) connection closed
2024-10-04 07:59:59,626 DEBUG sun.rmi.runtime.Log$LoggerLog [RMI TCP Connection(1157)-127.0.0.1] RMI TCP Connection(1157)-127.0.0.1: close connection, socket: Socket[addr=/127.0.0.1,port=56955,localport=58565]
2024-10-04 07:59:59,626 DEBUG sun.rmi.runtime.Log$LoggerLog [RMI TCP Connection(1157)-127.0.0.1] RMI TCP Connection(1157)-127.0.0.1: socket close: Socket[addr=/127.0.0.1,port=56955,localport=58565]
2024-10-04 08:00:22,889 DEBUG com.zaxxer.hikari.pool.HikariPool [HikariPool-1 housekeeper] HikariPool-1 - Pool stats (total=10, active=0, idle=10, waiting=0)
2024-10-04 08:00:22,893 DEBUG com.zaxxer.hikari.pool.HikariPool [HikariPool-1 housekeeper] HikariPool-1 - Fill pool skipped, pool is at sufficient level.
2024-10-04 08:00:29,796 DEBUG sun.rmi.runtime.Log$LoggerLog [RMI TCP Connection(1158)-127.0.0.1] RMI TCP Connection(1158)-127.0.0.1: accepted socket from [127.0.0.1:56958]
2024-10-04 08:00:29,798 DEBUG sun.rmi.runtime.Log$LoggerLog [RMI TCP Connection(1158)-127.0.0.1] RMI TCP Connection(1158)-127.0.0.1: (port 58565) op = 80
2024-10-04 08:00:29,798 DEBUG sun.util.logging.internal.LoggingProviderImpl$JULWrapper [RMI TCP Connection(1158)-127.0.0.1] connectionId=rmi://127.0.0.1  9
2024-10-04 08:00:44,801 DEBUG sun.rmi.runtime.Log$LoggerLog [RMI TCP Connection(1158)-127.0.0.1] RMI TCP Connection(1158)-127.0.0.1: (port 58565) connection closed
2024-10-04 08:00:44,802 DEBUG sun.rmi.runtime.Log$LoggerLog [RMI TCP Connection(1158)-127.0.0.1] RMI TCP Connection(1158)-127.0.0.1: close connection, socket: Socket[addr=/127.0.0.1,port=56958,localport=58565]
2024-10-04 08:00:44,803 DEBUG sun.rmi.runtime.Log$LoggerLog [RMI TCP Connection(1158)-127.0.0.1] RMI TCP Connection(1158)-127.0.0.1: socket close: Socket[addr=/127.0.0.1,port=56958,localport=58565]
2024-10-04 08:00:48,005 DEBUG org.apache.juli.logging.DirectJDKLog [Catalina-utility-1] Start expire sessions StandardManager at 1728009048005 sessioncount 0
2024-10-04 08:00:48,007 DEBUG org.apache.juli.logging.DirectJDKLog [Catalina-utility-1] End expire sessions StandardManager processingTime 2 expired sessions: 0
2024-10-04 08:00:52,914 DEBUG com.zaxxer.hikari.pool.HikariPool [HikariPool-1 housekeeper] HikariPool-1 - Pool stats (total=10, active=0, idle=10, waiting=0)
2024-10-04 08:00:52,917 DEBUG com.zaxxer.hikari.pool.HikariPool [HikariPool-1 housekeeper] HikariPool-1 - Fill pool skipped, pool is at sufficient level.
2024-10-04 08:01:22,929 DEBUG com.zaxxer.hikari.pool.HikariPool [HikariPool-1 housekeeper] HikariPool-1 - Pool stats (total=10, active=0, idle=10, waiting=0)
2024-10-04 08:01:22,939 DEBUG com.zaxxer.hikari.pool.HikariPool [HikariPool-1 housekeeper] HikariPool-1 - Fill pool skipped, pool is at sufficient level.
2024-10-04 08:01:29,814 DEBUG sun.rmi.runtime.Log$LoggerLog [RMI TCP Connection(1159)-127.0.0.1] RMI TCP Connection(1159)-127.0.0.1: accepted socket from [127.0.0.1:56988]
2024-10-04 08:01:29,817 DEBUG sun.rmi.runtime.Log$LoggerLog [RMI TCP Connection(1159)-127.0.0.1] RMI TCP Connection(1159)-127.0.0.1: (port 58565) op = 80
2024-10-04 08:01:29,818 DEBUG sun.util.logging.internal.LoggingProviderImpl$JULWrapper [RMI TCP Connection(1159)-127.0.0.1] connectionId=rmi://127.0.0.1  9
2024-10-04 08:01:44,825 DEBUG sun.rmi.runtime.Log$LoggerLog [RMI TCP Connection(1159)-127.0.0.1] RMI TCP Connection(1159)-127.0.0.1: (port 58565) connection closed
2024-10-04 08:01:44,828 DEBUG sun.rmi.runtime.Log$LoggerLog [RMI TCP Connection(1159)-127.0.0.1] RMI TCP Connection(1159)-127.0.0.1: close connection, socket: Socket[addr=/127.0.0.1,port=56988,localport=58565]
2024-10-04 08:01:44,831 DEBUG sun.rmi.runtime.Log$LoggerLog [RMI TCP Connection(1159)-127.0.0.1] RMI TCP Connection(1159)-127.0.0.1: socket close: Socket[addr=/127.0.0.1,port=56988,localport=58565]
2024-10-04 08:01:48,049 DEBUG org.apache.juli.logging.DirectJDKLog [Catalina-utility-1] Start expire sessions StandardManager at 1728009108048 sessioncount 0
2024-10-04 08:01:48,052 DEBUG org.apache.juli.logging.DirectJDKLog [Catalina-utility-1] End expire sessions StandardManager processingTime 4 expired sessions: 0
2024-10-04 08:01:52,941 DEBUG com.zaxxer.hikari.pool.HikariPool [HikariPool-1 housekeeper] HikariPool-1 - Pool stats (total=10, active=0, idle=10, waiting=0)
2024-10-04 08:01:52,943 DEBUG com.zaxxer.hikari.pool.HikariPool [HikariPool-1 housekeeper] HikariPool-1 - Fill pool skipped, pool is at sufficient level.
2024-10-04 08:02:22,957 DEBUG com.zaxxer.hikari.pool.HikariPool [HikariPool-1 housekeeper] HikariPool-1 - Pool stats (total=10, active=0, idle=10, waiting=0)
2024-10-04 08:02:22,959 DEBUG com.zaxxer.hikari.pool.HikariPool [HikariPool-1 housekeeper] HikariPool-1 - Fill pool skipped, pool is at sufficient level.
2024-10-04 08:02:29,838 DEBUG sun.rmi.runtime.Log$LoggerLog [RMI TCP Connection(1160)-127.0.0.1] RMI TCP Connection(1160)-127.0.0.1: accepted socket from [127.0.0.1:57006]
2024-10-04 08:02:29,849 DEBUG sun.rmi.runtime.Log$LoggerLog [RMI TCP Connection(1160)-127.0.0.1] RMI TCP Connection(1160)-127.0.0.1: (port 58565) op = 80
2024-10-04 08:02:29,849 DEBUG sun.util.logging.internal.LoggingProviderImpl$JULWrapper [RMI TCP Connection(1160)-127.0.0.1] connectionId=rmi://127.0.0.1  9
2024-10-04 08:02:44,857 DEBUG sun.rmi.runtime.Log$LoggerLog [RMI TCP Connection(1160)-127.0.0.1] RMI TCP Connection(1160)-127.0.0.1: (port 58565) connection closed
2024-10-04 08:02:44,858 DEBUG sun.rmi.runtime.Log$LoggerLog [RMI TCP Connection(1160)-127.0.0.1] RMI TCP Connection(1160)-127.0.0.1: close connection, socket: Socket[addr=/127.0.0.1,port=57006,localport=58565]
2024-10-04 08:02:44,859 DEBUG sun.rmi.runtime.Log$LoggerLog [RMI TCP Connection(1160)-127.0.0.1] RMI TCP Connection(1160)-127.0.0.1: socket close: Socket[addr=/127.0.0.1,port=57006,localport=58565]
2024-10-04 08:02:48,091 DEBUG org.apache.juli.logging.DirectJDKLog [Catalina-utility-2] Start expire sessions StandardManager at 1728009168091 sessioncount 0
2024-10-04 08:02:48,092 DEBUG org.apache.juli.logging.DirectJDKLog [Catalina-utility-2] End expire sessions StandardManager processingTime 0 expired sessions: 0
2024-10-04 08:02:52,965 DEBUG com.zaxxer.hikari.pool.HikariPool [HikariPool-1 housekeeper] HikariPool-1 - Pool stats (total=10, active=0, idle=10, waiting=0)
2024-10-04 08:02:52,968 DEBUG com.zaxxer.hikari.pool.HikariPool [HikariPool-1 housekeeper] HikariPool-1 - Fill pool skipped, pool is at sufficient level.
2024-10-04 08:03:22,971 DEBUG com.zaxxer.hikari.pool.HikariPool [HikariPool-1 housekeeper] HikariPool-1 - Pool stats (total=10, active=0, idle=10, waiting=0)
2024-10-04 08:03:22,972 DEBUG com.zaxxer.hikari.pool.HikariPool [HikariPool-1 housekeeper] HikariPool-1 - Fill pool skipped, pool is at sufficient level.
2024-10-04 08:03:29,887 DEBUG sun.rmi.runtime.Log$LoggerLog [RMI TCP Connection(1161)-127.0.0.1] RMI TCP Connection(1161)-127.0.0.1: accepted socket from [127.0.0.1:57143]
2024-10-04 08:03:29,894 DEBUG sun.rmi.runtime.Log$LoggerLog [RMI TCP Connection(1161)-127.0.0.1] RMI TCP Connection(1161)-127.0.0.1: (port 58565) op = 80
2024-10-04 08:03:29,896 DEBUG sun.util.logging.internal.LoggingProviderImpl$JULWrapper [RMI TCP Connection(1161)-127.0.0.1] connectionId=rmi://127.0.0.1  9
2024-10-04 08:03:44,901 DEBUG sun.rmi.runtime.Log$LoggerLog [RMI TCP Connection(1161)-127.0.0.1] RMI TCP Connection(1161)-127.0.0.1: (port 58565) connection closed
2024-10-04 08:03:44,905 DEBUG sun.rmi.runtime.Log$LoggerLog [RMI TCP Connection(1161)-127.0.0.1] RMI TCP Connection(1161)-127.0.0.1: close connection, socket: Socket[addr=/127.0.0.1,port=57143,localport=58565]
2024-10-04 08:03:44,909 DEBUG sun.rmi.runtime.Log$LoggerLog [RMI TCP Connection(1161)-127.0.0.1] RMI TCP Connection(1161)-127.0.0.1: socket close: Socket[addr=/127.0.0.1,port=57143,localport=58565]
2024-10-04 08:03:48,108 DEBUG org.apache.juli.logging.DirectJDKLog [Catalina-utility-1] Start expire sessions StandardManager at 1728009228108 sessioncount 0
2024-10-04 08:03:48,110 DEBUG org.apache.juli.logging.DirectJDKLog [Catalina-utility-1] End expire sessions StandardManager processingTime 1 expired sessions: 0
2024-10-04 08:03:52,975 DEBUG com.zaxxer.hikari.pool.HikariPool [HikariPool-1 housekeeper] HikariPool-1 - Pool stats (total=10, active=0, idle=10, waiting=0)
2024-10-04 08:03:52,976 DEBUG com.zaxxer.hikari.pool.HikariPool [HikariPool-1 housekeeper] HikariPool-1 - Fill pool skipped, pool is at sufficient level.
2024-10-04 08:04:22,977 DEBUG com.zaxxer.hikari.pool.HikariPool [HikariPool-1 housekeeper] HikariPool-1 - Pool stats (total=10, active=0, idle=10, waiting=0)
2024-10-04 08:04:22,980 DEBUG com.zaxxer.hikari.pool.HikariPool [HikariPool-1 housekeeper] HikariPool-1 - Fill pool skipped, pool is at sufficient level.
2024-10-04 08:04:29,615 DEBUG sun.rmi.runtime.Log$LoggerLog [RMI TCP Connection(1162)-127.0.0.1] RMI TCP Connection(1162)-127.0.0.1: accepted socket from [127.0.0.1:57147]
2024-10-04 08:04:29,627 DEBUG sun.rmi.runtime.Log$LoggerLog [RMI TCP Connection(1162)-127.0.0.1] RMI TCP Connection(1162)-127.0.0.1: (port 58565) op = 80
2024-10-04 08:04:29,644 DEBUG sun.rmi.runtime.Log$LoggerLog [RMI TCP Connection(1162)-127.0.0.1] RMI TCP Connection(1162)-127.0.0.1: name = "[Ljava.rmi.server.ObjID;", codebase = "", defaultLoader = jdk.internal.loader.ClassLoaders$PlatformClassLoader@75dbb639
2024-10-04 08:04:29,672 DEBUG sun.rmi.runtime.Log$LoggerLog [RMI TCP Connection(1162)-127.0.0.1] RMI TCP Connection(1162)-127.0.0.1: name = "java.rmi.dgc.Lease", codebase = "", defaultLoader = jdk.internal.loader.ClassLoaders$PlatformClassLoader@75dbb639
2024-10-04 08:04:29,678 DEBUG sun.rmi.runtime.Log$LoggerLog [RMI TCP Connection(1162)-127.0.0.1] RMI TCP Connection(1162)-127.0.0.1: name = "java.rmi.dgc.VMID", codebase = "", defaultLoader = jdk.internal.loader.ClassLoaders$PlatformClassLoader@75dbb639
2024-10-04 08:04:29,682 DEBUG sun.rmi.runtime.Log$LoggerLog [RMI TCP Connection(1162)-127.0.0.1] RMI TCP Connection(1162)-127.0.0.1: name = "[B", codebase = "", defaultLoader = jdk.internal.loader.ClassLoaders$PlatformClassLoader@75dbb639
2024-10-04 08:04:29,684 DEBUG sun.rmi.runtime.Log$LoggerLog [RMI TCP Connection(1162)-127.0.0.1] RMI TCP Connection(1162)-127.0.0.1: name = "java.rmi.server.UID", codebase = "", defaultLoader = jdk.internal.loader.ClassLoaders$PlatformClassLoader@75dbb639
2024-10-04 08:04:29,900 DEBUG sun.rmi.runtime.Log$LoggerLog [RMI TCP Connection(1162)-127.0.0.1] RMI TCP Connection(1162)-127.0.0.1: (port 58565) op = 82
2024-10-04 08:04:29,903 DEBUG sun.rmi.runtime.Log$LoggerLog [RMI TCP Connection(1162)-127.0.0.1] RMI TCP Connection(1162)-127.0.0.1: (port 58565) op = 80
2024-10-04 08:04:29,905 DEBUG sun.util.logging.internal.LoggingProviderImpl$JULWrapper [RMI TCP Connection(1162)-127.0.0.1] connectionId=rmi://127.0.0.1  9
2024-10-04 08:04:48,145 DEBUG org.apache.juli.logging.DirectJDKLog [Catalina-utility-1] Start expire sessions StandardManager at 1728009288145 sessioncount 0
2024-10-04 08:04:48,149 DEBUG org.apache.juli.logging.DirectJDKLog [Catalina-utility-1] End expire sessions StandardManager processingTime 3 expired sessions: 0
2024-10-04 08:04:53,155 DEBUG com.zaxxer.hikari.pool.HikariPool [HikariPool-1 housekeeper] HikariPool-1 - Pool stats (total=10, active=0, idle=10, waiting=0)
2024-10-04 08:04:53,158 DEBUG com.zaxxer.hikari.pool.HikariPool [HikariPool-1 housekeeper] HikariPool-1 - Fill pool skipped, pool is at sufficient level.
2024-10-04 08:04:59,690 DEBUG sun.rmi.runtime.Log$LoggerLog [RMI TCP Connection(1162)-127.0.0.1] RMI TCP Connection(1162)-127.0.0.1: (port 58565) connection closed
2024-10-04 08:04:59,693 DEBUG sun.rmi.runtime.Log$LoggerLog [RMI TCP Connection(1162)-127.0.0.1] RMI TCP Connection(1162)-127.0.0.1: close connection, socket: Socket[addr=/127.0.0.1,port=57147,localport=58565]
2024-10-04 08:04:59,695 DEBUG sun.rmi.runtime.Log$LoggerLog [RMI TCP Connection(1162)-127.0.0.1] RMI TCP Connection(1162)-127.0.0.1: socket close: Socket[addr=/127.0.0.1,port=57147,localport=58565]
2024-10-04 08:05:23,160 DEBUG com.zaxxer.hikari.pool.HikariPool [HikariPool-1 housekeeper] HikariPool-1 - Pool stats (total=10, active=0, idle=10, waiting=0)
2024-10-04 08:05:23,162 DEBUG com.zaxxer.hikari.pool.HikariPool [HikariPool-1 housekeeper] HikariPool-1 - Fill pool skipped, pool is at sufficient level.
2024-10-04 08:05:29,917 DEBUG sun.rmi.runtime.Log$LoggerLog [RMI TCP Connection(1163)-127.0.0.1] RMI TCP Connection(1163)-127.0.0.1: accepted socket from [127.0.0.1:57148]
2024-10-04 08:05:29,920 DEBUG sun.rmi.runtime.Log$LoggerLog [RMI TCP Connection(1163)-127.0.0.1] RMI TCP Connection(1163)-127.0.0.1: (port 58565) op = 80
2024-10-04 08:05:29,922 DEBUG sun.util.logging.internal.LoggingProviderImpl$JULWrapper [RMI TCP Connection(1163)-127.0.0.1] connectionId=rmi://127.0.0.1  9
2024-10-04 08:05:44,925 DEBUG sun.rmi.runtime.Log$LoggerLog [RMI TCP Connection(1163)-127.0.0.1] RMI TCP Connection(1163)-127.0.0.1: (port 58565) connection closed
2024-10-04 08:05:44,928 DEBUG sun.rmi.runtime.Log$LoggerLog [RMI TCP Connection(1163)-127.0.0.1] RMI TCP Connection(1163)-127.0.0.1: close connection, socket: Socket[addr=/127.0.0.1,port=57148,localport=58565]
2024-10-04 08:05:44,929 DEBUG sun.rmi.runtime.Log$LoggerLog [RMI TCP Connection(1163)-127.0.0.1] RMI TCP Connection(1163)-127.0.0.1: socket close: Socket[addr=/127.0.0.1,port=57148,localport=58565]
2024-10-04 08:05:48,166 DEBUG org.apache.juli.logging.DirectJDKLog [Catalina-utility-1] Start expire sessions StandardManager at 1728009348166 sessioncount 0
2024-10-04 08:05:48,167 DEBUG org.apache.juli.logging.DirectJDKLog [Catalina-utility-1] End expire sessions StandardManager processingTime 1 expired sessions: 0
2024-10-04 08:05:53,171 DEBUG com.zaxxer.hikari.pool.HikariPool [HikariPool-1 housekeeper] HikariPool-1 - Pool stats (total=10, active=0, idle=10, waiting=0)
2024-10-04 08:05:53,175 DEBUG com.zaxxer.hikari.pool.HikariPool [HikariPool-1 housekeeper] HikariPool-1 - Fill pool skipped, pool is at sufficient level.
2024-10-04 08:06:23,179 DEBUG com.zaxxer.hikari.pool.HikariPool [HikariPool-1 housekeeper] HikariPool-1 - Pool stats (total=10, active=0, idle=10, waiting=0)
2024-10-04 08:06:23,183 DEBUG com.zaxxer.hikari.pool.HikariPool [HikariPool-1 housekeeper] HikariPool-1 - Fill pool skipped, pool is at sufficient level.
2024-10-04 08:06:29,938 DEBUG sun.rmi.runtime.Log$LoggerLog [RMI TCP Connection(1164)-127.0.0.1] RMI TCP Connection(1164)-127.0.0.1: accepted socket from [127.0.0.1:57168]
2024-10-04 08:06:29,944 DEBUG sun.rmi.runtime.Log$LoggerLog [RMI TCP Connection(1164)-127.0.0.1] RMI TCP Connection(1164)-127.0.0.1: (port 58565) op = 80
2024-10-04 08:06:29,948 DEBUG sun.util.logging.internal.LoggingProviderImpl$JULWrapper [RMI TCP Connection(1164)-127.0.0.1] connectionId=rmi://127.0.0.1  9
2024-10-04 08:06:44,950 DEBUG sun.rmi.runtime.Log$LoggerLog [RMI TCP Connection(1164)-127.0.0.1] RMI TCP Connection(1164)-127.0.0.1: (port 58565) connection closed
2024-10-04 08:06:44,953 DEBUG sun.rmi.runtime.Log$LoggerLog [RMI TCP Connection(1164)-127.0.0.1] RMI TCP Connection(1164)-127.0.0.1: close connection, socket: Socket[addr=/127.0.0.1,port=57168,localport=58565]
2024-10-04 08:06:44,955 DEBUG sun.rmi.runtime.Log$LoggerLog [RMI TCP Connection(1164)-127.0.0.1] RMI TCP Connection(1164)-127.0.0.1: socket close: Socket[addr=/127.0.0.1,port=57168,localport=58565]
2024-10-04 08:06:48,213 DEBUG org.apache.juli.logging.DirectJDKLog [Catalina-utility-1] Start expire sessions StandardManager at 1728009408213 sessioncount 0
2024-10-04 08:06:48,214 DEBUG org.apache.juli.logging.DirectJDKLog [Catalina-utility-1] End expire sessions StandardManager processingTime 1 expired sessions: 0
2024-10-04 08:06:53,196 DEBUG com.zaxxer.hikari.pool.HikariPool [HikariPool-1 housekeeper] HikariPool-1 - Pool stats (total=10, active=0, idle=10, waiting=0)
2024-10-04 08:06:53,197 DEBUG com.zaxxer.hikari.pool.HikariPool [HikariPool-1 housekeeper] HikariPool-1 - Fill pool skipped, pool is at sufficient level.
2024-10-04 08:07:23,200 DEBUG com.zaxxer.hikari.pool.HikariPool [HikariPool-1 housekeeper] HikariPool-1 - Pool stats (total=10, active=0, idle=10, waiting=0)
2024-10-04 08:07:23,202 DEBUG com.zaxxer.hikari.pool.HikariPool [HikariPool-1 housekeeper] HikariPool-1 - Fill pool skipped, pool is at sufficient level.
2024-10-04 08:07:29,966 DEBUG sun.rmi.runtime.Log$LoggerLog [RMI TCP Connection(1165)-127.0.0.1] RMI TCP Connection(1165)-127.0.0.1: accepted socket from [127.0.0.1:57202]
2024-10-04 08:07:29,971 DEBUG sun.rmi.runtime.Log$LoggerLog [RMI TCP Connection(1165)-127.0.0.1] RMI TCP Connection(1165)-127.0.0.1: (port 58565) op = 80
2024-10-04 08:07:29,975 DEBUG sun.util.logging.internal.LoggingProviderImpl$JULWrapper [RMI TCP Connection(1165)-127.0.0.1] connectionId=rmi://127.0.0.1  9
2024-10-04 08:07:44,978 DEBUG sun.rmi.runtime.Log$LoggerLog [RMI TCP Connection(1165)-127.0.0.1] RMI TCP Connection(1165)-127.0.0.1: (port 58565) connection closed
2024-10-04 08:07:44,981 DEBUG sun.rmi.runtime.Log$LoggerLog [RMI TCP Connection(1165)-127.0.0.1] RMI TCP Connection(1165)-127.0.0.1: close connection, socket: Socket[addr=/127.0.0.1,port=57202,localport=58565]
2024-10-04 08:07:44,982 DEBUG sun.rmi.runtime.Log$LoggerLog [RMI TCP Connection(1165)-127.0.0.1] RMI TCP Connection(1165)-127.0.0.1: socket close: Socket[addr=/127.0.0.1,port=57202,localport=58565]
2024-10-04 08:07:48,241 DEBUG org.apache.juli.logging.DirectJDKLog [Catalina-utility-1] Start expire sessions StandardManager at 1728009468241 sessioncount 0
2024-10-04 08:07:48,244 DEBUG org.apache.juli.logging.DirectJDKLog [Catalina-utility-1] End expire sessions StandardManager processingTime 3 expired sessions: 0
2024-10-04 08:07:53,205 DEBUG com.zaxxer.hikari.pool.HikariPool [HikariPool-1 housekeeper] HikariPool-1 - Pool stats (total=10, active=0, idle=10, waiting=0)
2024-10-04 08:07:53,208 DEBUG com.zaxxer.hikari.pool.HikariPool [HikariPool-1 housekeeper] HikariPool-1 - Fill pool skipped, pool is at sufficient level.
2024-10-04 08:08:23,211 DEBUG com.zaxxer.hikari.pool.HikariPool [HikariPool-1 housekeeper] HikariPool-1 - Pool stats (total=10, active=0, idle=10, waiting=0)
2024-10-04 08:08:23,214 DEBUG com.zaxxer.hikari.pool.HikariPool [HikariPool-1 housekeeper] HikariPool-1 - Fill pool skipped, pool is at sufficient level.
2024-10-04 08:08:29,992 DEBUG sun.rmi.runtime.Log$LoggerLog [RMI TCP Connection(1166)-127.0.0.1] RMI TCP Connection(1166)-127.0.0.1: accepted socket from [127.0.0.1:57235]
2024-10-04 08:08:29,995 DEBUG sun.rmi.runtime.Log$LoggerLog [RMI TCP Connection(1166)-127.0.0.1] RMI TCP Connection(1166)-127.0.0.1: (port 58565) op = 80
2024-10-04 08:08:29,998 DEBUG sun.util.logging.internal.LoggingProviderImpl$JULWrapper [RMI TCP Connection(1166)-127.0.0.1] connectionId=rmi://127.0.0.1  9
2024-10-04 08:08:45,003 DEBUG sun.rmi.runtime.Log$LoggerLog [RMI TCP Connection(1166)-127.0.0.1] RMI TCP Connection(1166)-127.0.0.1: (port 58565) connection closed
2024-10-04 08:08:45,005 DEBUG sun.rmi.runtime.Log$LoggerLog [RMI TCP Connection(1166)-127.0.0.1] RMI TCP Connection(1166)-127.0.0.1: close connection, socket: Socket[addr=/127.0.0.1,port=57235,localport=58565]
2024-10-04 08:08:45,007 DEBUG sun.rmi.runtime.Log$LoggerLog [RMI TCP Connection(1166)-127.0.0.1] RMI TCP Connection(1166)-127.0.0.1: socket close: Socket[addr=/127.0.0.1,port=57235,localport=58565]
2024-10-04 08:08:48,253 DEBUG org.apache.juli.logging.DirectJDKLog [Catalina-utility-2] Start expire sessions StandardManager at 1728009528253 sessioncount 0
2024-10-04 08:08:48,256 DEBUG org.apache.juli.logging.DirectJDKLog [Catalina-utility-2] End expire sessions StandardManager processingTime 3 expired sessions: 0
2024-10-04 08:08:53,218 DEBUG com.zaxxer.hikari.pool.HikariPool [HikariPool-1 housekeeper] HikariPool-1 - Pool stats (total=10, active=0, idle=10, waiting=0)
2024-10-04 08:08:53,220 DEBUG com.zaxxer.hikari.pool.HikariPool [HikariPool-1 housekeeper] HikariPool-1 - Fill pool skipped, pool is at sufficient level.
2024-10-04 08:09:23,224 DEBUG com.zaxxer.hikari.pool.HikariPool [HikariPool-1 housekeeper] HikariPool-1 - Pool stats (total=10, active=0, idle=10, waiting=0)
2024-10-04 08:09:23,226 DEBUG com.zaxxer.hikari.pool.HikariPool [HikariPool-1 housekeeper] HikariPool-1 - Fill pool skipped, pool is at sufficient level.
2024-10-04 08:09:29,609 DEBUG sun.rmi.runtime.Log$LoggerLog [RMI TCP Connection(1167)-127.0.0.1] RMI TCP Connection(1167)-127.0.0.1: accepted socket from [127.0.0.1:57272]
2024-10-04 08:09:29,613 DEBUG sun.rmi.runtime.Log$LoggerLog [RMI TCP Connection(1167)-127.0.0.1] RMI TCP Connection(1167)-127.0.0.1: (port 58565) op = 80
2024-10-04 08:09:29,616 DEBUG sun.rmi.runtime.Log$LoggerLog [RMI TCP Connection(1167)-127.0.0.1] RMI TCP Connection(1167)-127.0.0.1: name = "[Ljava.rmi.server.ObjID;", codebase = "", defaultLoader = jdk.internal.loader.ClassLoaders$PlatformClassLoader@75dbb639
2024-10-04 08:09:29,618 DEBUG sun.rmi.runtime.Log$LoggerLog [RMI TCP Connection(1167)-127.0.0.1] RMI TCP Connection(1167)-127.0.0.1: name = "java.rmi.dgc.Lease", codebase = "", defaultLoader = jdk.internal.loader.ClassLoaders$PlatformClassLoader@75dbb639
2024-10-04 08:09:29,621 DEBUG sun.rmi.runtime.Log$LoggerLog [RMI TCP Connection(1167)-127.0.0.1] RMI TCP Connection(1167)-127.0.0.1: name = "java.rmi.dgc.VMID", codebase = "", defaultLoader = jdk.internal.loader.ClassLoaders$PlatformClassLoader@75dbb639
2024-10-04 08:09:29,623 DEBUG sun.rmi.runtime.Log$LoggerLog [RMI TCP Connection(1167)-127.0.0.1] RMI TCP Connection(1167)-127.0.0.1: name = "[B", codebase = "", defaultLoader = jdk.internal.loader.ClassLoaders$PlatformClassLoader@75dbb639
2024-10-04 08:09:29,626 DEBUG sun.rmi.runtime.Log$LoggerLog [RMI TCP Connection(1167)-127.0.0.1] RMI TCP Connection(1167)-127.0.0.1: name = "java.rmi.server.UID", codebase = "", defaultLoader = jdk.internal.loader.ClassLoaders$PlatformClassLoader@75dbb639
2024-10-04 08:09:30,001 DEBUG sun.rmi.runtime.Log$LoggerLog [RMI TCP Connection(1167)-127.0.0.1] RMI TCP Connection(1167)-127.0.0.1: (port 58565) op = 82
2024-10-04 08:09:30,003 DEBUG sun.rmi.runtime.Log$LoggerLog [RMI TCP Connection(1167)-127.0.0.1] RMI TCP Connection(1167)-127.0.0.1: (port 58565) op = 80
2024-10-04 08:09:30,004 DEBUG sun.util.logging.internal.LoggingProviderImpl$JULWrapper [RMI TCP Connection(1167)-127.0.0.1] connectionId=rmi://127.0.0.1  9
2024-10-04 08:09:48,275 DEBUG org.apache.juli.logging.DirectJDKLog [Catalina-utility-1] Start expire sessions StandardManager at 1728009588275 sessioncount 0
2024-10-04 08:09:48,279 DEBUG org.apache.juli.logging.DirectJDKLog [Catalina-utility-1] End expire sessions StandardManager processingTime 4 expired sessions: 0
2024-10-04 08:09:53,241 DEBUG com.zaxxer.hikari.pool.HikariPool [HikariPool-1 housekeeper] HikariPool-1 - Pool stats (total=10, active=0, idle=10, waiting=0)
2024-10-04 08:09:53,245 DEBUG com.zaxxer.hikari.pool.HikariPool [HikariPool-1 housekeeper] HikariPool-1 - Fill pool skipped, pool is at sufficient level.
2024-10-04 08:09:59,632 DEBUG sun.rmi.runtime.Log$LoggerLog [RMI TCP Connection(1167)-127.0.0.1] RMI TCP Connection(1167)-127.0.0.1: (port 58565) connection closed
2024-10-04 08:09:59,635 DEBUG sun.rmi.runtime.Log$LoggerLog [RMI TCP Connection(1167)-127.0.0.1] RMI TCP Connection(1167)-127.0.0.1: close connection, socket: Socket[addr=/127.0.0.1,port=57272,localport=58565]
2024-10-04 08:09:59,637 DEBUG sun.rmi.runtime.Log$LoggerLog [RMI TCP Connection(1167)-127.0.0.1] RMI TCP Connection(1167)-127.0.0.1: socket close: Socket[addr=/127.0.0.1,port=57272,localport=58565]
2024-10-04 08:10:23,251 DEBUG com.zaxxer.hikari.pool.HikariPool [HikariPool-1 housekeeper] HikariPool-1 - Pool stats (total=10, active=0, idle=10, waiting=0)
2024-10-04 08:10:23,255 DEBUG com.zaxxer.hikari.pool.HikariPool [HikariPool-1 housekeeper] HikariPool-1 - Fill pool skipped, pool is at sufficient level.
2024-10-04 08:10:30,024 DEBUG sun.rmi.runtime.Log$LoggerLog [RMI TCP Connection(1168)-127.0.0.1] RMI TCP Connection(1168)-127.0.0.1: accepted socket from [127.0.0.1:57303]
2024-10-04 08:10:30,028 DEBUG sun.rmi.runtime.Log$LoggerLog [RMI TCP Connection(1168)-127.0.0.1] RMI TCP Connection(1168)-127.0.0.1: (port 58565) op = 80
2024-10-04 08:10:30,030 DEBUG sun.util.logging.internal.LoggingProviderImpl$JULWrapper [RMI TCP Connection(1168)-127.0.0.1] connectionId=rmi://127.0.0.1  9
2024-10-04 08:10:45,035 DEBUG sun.rmi.runtime.Log$LoggerLog [RMI TCP Connection(1168)-127.0.0.1] RMI TCP Connection(1168)-127.0.0.1: (port 58565) connection closed
2024-10-04 08:10:45,038 DEBUG sun.rmi.runtime.Log$LoggerLog [RMI TCP Connection(1168)-127.0.0.1] RMI TCP Connection(1168)-127.0.0.1: close connection, socket: Socket[addr=/127.0.0.1,port=57303,localport=58565]
2024-10-04 08:10:45,042 DEBUG sun.rmi.runtime.Log$LoggerLog [RMI TCP Connection(1168)-127.0.0.1] RMI TCP Connection(1168)-127.0.0.1: socket close: Socket[addr=/127.0.0.1,port=57303,localport=58565]
2024-10-04 08:10:48,357 DEBUG org.apache.juli.logging.DirectJDKLog [Catalina-utility-1] Start expire sessions StandardManager at 1728009648357 sessioncount 0
2024-10-04 08:10:48,360 DEBUG org.apache.juli.logging.DirectJDKLog [Catalina-utility-1] End expire sessions StandardManager processingTime 3 expired sessions: 0
2024-10-04 08:10:53,268 DEBUG com.zaxxer.hikari.pool.HikariPool [HikariPool-1 housekeeper] HikariPool-1 - Pool stats (total=10, active=0, idle=10, waiting=0)
2024-10-04 08:10:53,272 DEBUG com.zaxxer.hikari.pool.HikariPool [HikariPool-1 housekeeper] HikariPool-1 - Fill pool skipped, pool is at sufficient level.
2024-10-04 08:11:23,280 DEBUG com.zaxxer.hikari.pool.HikariPool [HikariPool-1 housekeeper] HikariPool-1 - Pool stats (total=10, active=0, idle=10, waiting=0)
2024-10-04 08:11:23,290 DEBUG com.zaxxer.hikari.pool.HikariPool [HikariPool-1 housekeeper] HikariPool-1 - Fill pool skipped, pool is at sufficient level.
2024-10-04 08:11:30,049 DEBUG sun.rmi.runtime.Log$LoggerLog [RMI TCP Connection(1169)-127.0.0.1] RMI TCP Connection(1169)-127.0.0.1: accepted socket from [127.0.0.1:57334]
2024-10-04 08:11:30,052 DEBUG sun.rmi.runtime.Log$LoggerLog [RMI TCP Connection(1169)-127.0.0.1] RMI TCP Connection(1169)-127.0.0.1: (port 58565) op = 80
2024-10-04 08:11:30,053 DEBUG sun.util.logging.internal.LoggingProviderImpl$JULWrapper [RMI TCP Connection(1169)-127.0.0.1] connectionId=rmi://127.0.0.1  9
2024-10-04 08:11:45,058 DEBUG sun.rmi.runtime.Log$LoggerLog [RMI TCP Connection(1169)-127.0.0.1] RMI TCP Connection(1169)-127.0.0.1: (port 58565) connection closed
2024-10-04 08:11:45,061 DEBUG sun.rmi.runtime.Log$LoggerLog [RMI TCP Connection(1169)-127.0.0.1] RMI TCP Connection(1169)-127.0.0.1: close connection, socket: Socket[addr=/127.0.0.1,port=57334,localport=58565]
2024-10-04 08:11:45,066 DEBUG sun.rmi.runtime.Log$LoggerLog [RMI TCP Connection(1169)-127.0.0.1] RMI TCP Connection(1169)-127.0.0.1: socket close: Socket[addr=/127.0.0.1,port=57334,localport=58565]
2024-10-04 08:11:48,421 DEBUG org.apache.juli.logging.DirectJDKLog [Catalina-utility-2] Start expire sessions StandardManager at 1728009708421 sessioncount 0
2024-10-04 08:11:48,425 DEBUG org.apache.juli.logging.DirectJDKLog [Catalina-utility-2] End expire sessions StandardManager processingTime 4 expired sessions: 0
2024-10-04 08:11:53,305 DEBUG com.zaxxer.hikari.pool.HikariPool [HikariPool-1 housekeeper] HikariPool-1 - Pool stats (total=10, active=0, idle=10, waiting=0)
2024-10-04 08:11:53,309 DEBUG com.zaxxer.hikari.pool.HikariPool [HikariPool-1 housekeeper] HikariPool-1 - Fill pool skipped, pool is at sufficient level.
2024-10-04 08:12:23,323 DEBUG com.zaxxer.hikari.pool.HikariPool [HikariPool-1 housekeeper] HikariPool-1 - Pool stats (total=10, active=0, idle=10, waiting=0)
2024-10-04 08:12:23,330 DEBUG com.zaxxer.hikari.pool.HikariPool [HikariPool-1 housekeeper] HikariPool-1 - Fill pool skipped, pool is at sufficient level.
2024-10-04 08:12:30,075 DEBUG sun.rmi.runtime.Log$LoggerLog [RMI TCP Connection(1170)-127.0.0.1] RMI TCP Connection(1170)-127.0.0.1: accepted socket from [127.0.0.1:57367]
2024-10-04 08:12:30,078 DEBUG sun.rmi.runtime.Log$LoggerLog [RMI TCP Connection(1170)-127.0.0.1] RMI TCP Connection(1170)-127.0.0.1: (port 58565) op = 80
2024-10-04 08:12:30,080 DEBUG sun.util.logging.internal.LoggingProviderImpl$JULWrapper [RMI TCP Connection(1170)-127.0.0.1] connectionId=rmi://127.0.0.1  9
2024-10-04 08:12:45,084 DEBUG sun.rmi.runtime.Log$LoggerLog [RMI TCP Connection(1170)-127.0.0.1] RMI TCP Connection(1170)-127.0.0.1: (port 58565) connection closed
2024-10-04 08:12:45,087 DEBUG sun.rmi.runtime.Log$LoggerLog [RMI TCP Connection(1170)-127.0.0.1] RMI TCP Connection(1170)-127.0.0.1: close connection, socket: Socket[addr=/127.0.0.1,port=57367,localport=58565]
2024-10-04 08:12:45,090 DEBUG sun.rmi.runtime.Log$LoggerLog [RMI TCP Connection(1170)-127.0.0.1] RMI TCP Connection(1170)-127.0.0.1: socket close: Socket[addr=/127.0.0.1,port=57367,localport=58565]
2024-10-04 08:12:48,474 DEBUG org.apache.juli.logging.DirectJDKLog [Catalina-utility-1] Start expire sessions StandardManager at 1728009768474 sessioncount 0
2024-10-04 08:12:48,478 DEBUG org.apache.juli.logging.DirectJDKLog [Catalina-utility-1] End expire sessions StandardManager processingTime 4 expired sessions: 0
2024-10-04 08:12:53,335 DEBUG com.zaxxer.hikari.pool.HikariPool [HikariPool-1 housekeeper] HikariPool-1 - Pool stats (total=10, active=0, idle=10, waiting=0)
2024-10-04 08:12:53,339 DEBUG com.zaxxer.hikari.pool.HikariPool [HikariPool-1 housekeeper] HikariPool-1 - Fill pool skipped, pool is at sufficient level.
2024-10-04 08:13:23,346 DEBUG com.zaxxer.hikari.pool.HikariPool [HikariPool-1 housekeeper] HikariPool-1 - Pool stats (total=10, active=0, idle=10, waiting=0)
2024-10-04 08:13:23,349 DEBUG com.zaxxer.hikari.pool.HikariPool [HikariPool-1 housekeeper] HikariPool-1 - Fill pool skipped, pool is at sufficient level.
2024-10-04 08:13:30,098 DEBUG sun.rmi.runtime.Log$LoggerLog [RMI TCP Connection(1171)-127.0.0.1] RMI TCP Connection(1171)-127.0.0.1: accepted socket from [127.0.0.1:57398]
2024-10-04 08:13:30,101 DEBUG sun.rmi.runtime.Log$LoggerLog [RMI TCP Connection(1171)-127.0.0.1] RMI TCP Connection(1171)-127.0.0.1: (port 58565) op = 80
2024-10-04 08:13:30,102 DEBUG sun.util.logging.internal.LoggingProviderImpl$JULWrapper [RMI TCP Connection(1171)-127.0.0.1] connectionId=rmi://127.0.0.1  9
2024-10-04 08:13:45,106 DEBUG sun.rmi.runtime.Log$LoggerLog [RMI TCP Connection(1171)-127.0.0.1] RMI TCP Connection(1171)-127.0.0.1: (port 58565) connection closed
2024-10-04 08:13:45,109 DEBUG sun.rmi.runtime.Log$LoggerLog [RMI TCP Connection(1171)-127.0.0.1] RMI TCP Connection(1171)-127.0.0.1: close connection, socket: Socket[addr=/127.0.0.1,port=57398,localport=58565]
2024-10-04 08:13:45,112 DEBUG sun.rmi.runtime.Log$LoggerLog [RMI TCP Connection(1171)-127.0.0.1] RMI TCP Connection(1171)-127.0.0.1: socket close: Socket[addr=/127.0.0.1,port=57398,localport=58565]
2024-10-04 08:13:48,534 DEBUG org.apache.juli.logging.DirectJDKLog [Catalina-utility-1] Start expire sessions StandardManager at 1728009828534 sessioncount 0
2024-10-04 08:13:48,537 DEBUG org.apache.juli.logging.DirectJDKLog [Catalina-utility-1] End expire sessions StandardManager processingTime 3 expired sessions: 0
2024-10-04 08:13:53,351 DEBUG com.zaxxer.hikari.pool.HikariPool [HikariPool-1 housekeeper] HikariPool-1 - Pool stats (total=10, active=0, idle=10, waiting=0)
2024-10-04 08:13:53,354 DEBUG com.zaxxer.hikari.pool.HikariPool [HikariPool-1 housekeeper] HikariPool-1 - Fill pool skipped, pool is at sufficient level.
2024-10-04 08:14:23,363 DEBUG com.zaxxer.hikari.pool.HikariPool [HikariPool-1 housekeeper] HikariPool-1 - Pool stats (total=10, active=0, idle=10, waiting=0)
2024-10-04 08:14:23,367 DEBUG com.zaxxer.hikari.pool.HikariPool [HikariPool-1 housekeeper] HikariPool-1 - Fill pool skipped, pool is at sufficient level.
2024-10-04 08:14:29,609 DEBUG sun.rmi.runtime.Log$LoggerLog [RMI TCP Connection(1172)-127.0.0.1] RMI TCP Connection(1172)-127.0.0.1: accepted socket from [127.0.0.1:57429]
2024-10-04 08:14:29,612 DEBUG sun.rmi.runtime.Log$LoggerLog [RMI TCP Connection(1172)-127.0.0.1] RMI TCP Connection(1172)-127.0.0.1: (port 58565) op = 80
2024-10-04 08:14:29,614 DEBUG sun.rmi.runtime.Log$LoggerLog [RMI TCP Connection(1172)-127.0.0.1] RMI TCP Connection(1172)-127.0.0.1: name = "[Ljava.rmi.server.ObjID;", codebase = "", defaultLoader = jdk.internal.loader.ClassLoaders$PlatformClassLoader@75dbb639
2024-10-04 08:14:29,618 DEBUG sun.rmi.runtime.Log$LoggerLog [RMI TCP Connection(1172)-127.0.0.1] RMI TCP Connection(1172)-127.0.0.1: name = "java.rmi.dgc.Lease", codebase = "", defaultLoader = jdk.internal.loader.ClassLoaders$PlatformClassLoader@75dbb639
2024-10-04 08:14:29,619 DEBUG sun.rmi.runtime.Log$LoggerLog [RMI TCP Connection(1172)-127.0.0.1] RMI TCP Connection(1172)-127.0.0.1: name = "java.rmi.dgc.VMID", codebase = "", defaultLoader = jdk.internal.loader.ClassLoaders$PlatformClassLoader@75dbb639
2024-10-04 08:14:29,622 DEBUG sun.rmi.runtime.Log$LoggerLog [RMI TCP Connection(1172)-127.0.0.1] RMI TCP Connection(1172)-127.0.0.1: name = "[B", codebase = "", defaultLoader = jdk.internal.loader.ClassLoaders$PlatformClassLoader@75dbb639
2024-10-04 08:14:29,623 DEBUG sun.rmi.runtime.Log$LoggerLog [RMI TCP Connection(1172)-127.0.0.1] RMI TCP Connection(1172)-127.0.0.1: name = "java.rmi.server.UID", codebase = "", defaultLoader = jdk.internal.loader.ClassLoaders$PlatformClassLoader@75dbb639
2024-10-04 08:14:30,106 DEBUG sun.rmi.runtime.Log$LoggerLog [RMI TCP Connection(1172)-127.0.0.1] RMI TCP Connection(1172)-127.0.0.1: (port 58565) op = 82
2024-10-04 08:14:30,109 DEBUG sun.rmi.runtime.Log$LoggerLog [RMI TCP Connection(1172)-127.0.0.1] RMI TCP Connection(1172)-127.0.0.1: (port 58565) op = 80
2024-10-04 08:14:30,110 DEBUG sun.util.logging.internal.LoggingProviderImpl$JULWrapper [RMI TCP Connection(1172)-127.0.0.1] connectionId=rmi://127.0.0.1  9
2024-10-04 08:14:48,584 DEBUG org.apache.juli.logging.DirectJDKLog [Catalina-utility-2] Start expire sessions StandardManager at 1728009888584 sessioncount 0
2024-10-04 08:14:48,587 DEBUG org.apache.juli.logging.DirectJDKLog [Catalina-utility-2] End expire sessions StandardManager processingTime 3 expired sessions: 0
2024-10-04 08:14:53,372 DEBUG com.zaxxer.hikari.pool.HikariPool [HikariPool-1 housekeeper] HikariPool-1 - Pool stats (total=10, active=0, idle=10, waiting=0)
2024-10-04 08:14:53,377 DEBUG com.zaxxer.hikari.pool.HikariPool [HikariPool-1 housekeeper] HikariPool-1 - Fill pool skipped, pool is at sufficient level.
2024-10-04 08:14:59,628 DEBUG sun.rmi.runtime.Log$LoggerLog [RMI TCP Connection(1172)-127.0.0.1] RMI TCP Connection(1172)-127.0.0.1: (port 58565) connection closed
2024-10-04 08:14:59,631 DEBUG sun.rmi.runtime.Log$LoggerLog [RMI TCP Connection(1172)-127.0.0.1] RMI TCP Connection(1172)-127.0.0.1: close connection, socket: Socket[addr=/127.0.0.1,port=57429,localport=58565]
2024-10-04 08:14:59,633 DEBUG sun.rmi.runtime.Log$LoggerLog [RMI TCP Connection(1172)-127.0.0.1] RMI TCP Connection(1172)-127.0.0.1: socket close: Socket[addr=/127.0.0.1,port=57429,localport=58565]
2024-10-04 08:15:23,388 DEBUG com.zaxxer.hikari.pool.HikariPool [HikariPool-1 housekeeper] HikariPool-1 - Pool stats (total=10, active=0, idle=10, waiting=0)
2024-10-04 08:15:23,392 DEBUG com.zaxxer.hikari.pool.HikariPool [HikariPool-1 housekeeper] HikariPool-1 - Fill pool skipped, pool is at sufficient level.
2024-10-04 08:15:30,126 DEBUG sun.rmi.runtime.Log$LoggerLog [RMI TCP Connection(1173)-127.0.0.1] RMI TCP Connection(1173)-127.0.0.1: accepted socket from [127.0.0.1:57460]
2024-10-04 08:15:30,129 DEBUG sun.rmi.runtime.Log$LoggerLog [RMI TCP Connection(1173)-127.0.0.1] RMI TCP Connection(1173)-127.0.0.1: (port 58565) op = 80
2024-10-04 08:15:30,132 DEBUG sun.util.logging.internal.LoggingProviderImpl$JULWrapper [RMI TCP Connection(1173)-127.0.0.1] connectionId=rmi://127.0.0.1  9
2024-10-04 08:15:45,136 DEBUG sun.rmi.runtime.Log$LoggerLog [RMI TCP Connection(1173)-127.0.0.1] RMI TCP Connection(1173)-127.0.0.1: (port 58565) connection closed
2024-10-04 08:15:45,139 DEBUG sun.rmi.runtime.Log$LoggerLog [RMI TCP Connection(1173)-127.0.0.1] RMI TCP Connection(1173)-127.0.0.1: close connection, socket: Socket[addr=/127.0.0.1,port=57460,localport=58565]
2024-10-04 08:15:45,140 DEBUG sun.rmi.runtime.Log$LoggerLog [RMI TCP Connection(1173)-127.0.0.1] RMI TCP Connection(1173)-127.0.0.1: socket close: Socket[addr=/127.0.0.1,port=57460,localport=58565]
2024-10-04 08:15:48,639 DEBUG org.apache.juli.logging.DirectJDKLog [Catalina-utility-2] Start expire sessions StandardManager at 1728009948639 sessioncount 0
2024-10-04 08:15:48,642 DEBUG org.apache.juli.logging.DirectJDKLog [Catalina-utility-2] End expire sessions StandardManager processingTime 3 expired sessions: 0
2024-10-04 08:15:53,400 DEBUG com.zaxxer.hikari.pool.HikariPool [HikariPool-1 housekeeper] HikariPool-1 - Pool stats (total=10, active=0, idle=10, waiting=0)
2024-10-04 08:15:53,402 DEBUG com.zaxxer.hikari.pool.HikariPool [HikariPool-1 housekeeper] HikariPool-1 - Fill pool skipped, pool is at sufficient level.
2024-10-04 08:16:23,417 DEBUG com.zaxxer.hikari.pool.HikariPool [HikariPool-1 housekeeper] HikariPool-1 - Pool stats (total=10, active=0, idle=10, waiting=0)
2024-10-04 08:16:23,418 DEBUG com.zaxxer.hikari.pool.HikariPool [HikariPool-1 housekeeper] HikariPool-1 - Fill pool skipped, pool is at sufficient level.
2024-10-04 08:16:30,146 DEBUG sun.rmi.runtime.Log$LoggerLog [RMI TCP Connection(1174)-127.0.0.1] RMI TCP Connection(1174)-127.0.0.1: accepted socket from [127.0.0.1:57528]
2024-10-04 08:16:30,148 DEBUG sun.rmi.runtime.Log$LoggerLog [RMI TCP Connection(1174)-127.0.0.1] RMI TCP Connection(1174)-127.0.0.1: (port 58565) op = 80
2024-10-04 08:16:30,150 DEBUG sun.util.logging.internal.LoggingProviderImpl$JULWrapper [RMI TCP Connection(1174)-127.0.0.1] connectionId=rmi://127.0.0.1  9
2024-10-04 08:16:32,971 DEBUG org.postgresql.Driver [HikariPool-1 connection adder] Connecting with URL: jdbc:postgresql://database-1.cnaee60qc6yl.us-east-2.rds.amazonaws.com/clubdb
2024-10-04 08:16:32,971 DEBUG com.zaxxer.hikari.pool.PoolBase [HikariPool-1 connection closer] HikariPool-1 - Closing connection org.postgresql.jdbc.PgConnection@67d3785e: (connection has passed maxLifetime)
2024-10-04 08:16:32,973 DEBUG org.postgresql.jdbc.PgConnection [HikariPool-1 connection adder] PostgreSQL JDBC Driver 42.2.14
2024-10-04 08:16:32,975 DEBUG org.postgresql.jdbc.PgConnection [HikariPool-1 connection adder]   setDefaultFetchSize = 0
2024-10-04 08:16:32,976 DEBUG org.postgresql.jdbc.PgConnection [HikariPool-1 connection adder]   setPrepareThreshold = 5
2024-10-04 08:16:32,977 DEBUG org.postgresql.core.v3.ConnectionFactoryImpl [HikariPool-1 connection adder] Trying to establish a protocol version 3 connection to database-1.cnaee60qc6yl.us-east-2.rds.amazonaws.com:5432
2024-10-04 08:16:33,890 DEBUG org.postgresql.core.v3.ConnectionFactoryImpl [HikariPool-1 connection adder] Receive Buffer Size is 65,536
2024-10-04 08:16:33,893 DEBUG org.postgresql.core.v3.ConnectionFactoryImpl [HikariPool-1 connection adder] Send Buffer Size is 65,536
2024-10-04 08:16:34,209 DEBUG org.postgresql.ssl.MakeSSL [HikariPool-1 connection adder] converting regular socket connection to ssl
2024-10-04 08:16:34,707 DEBUG sun.util.logging.internal.LoggingProviderImpl$JULWrapper [HikariPool-1 connection adder]  TLSHandshake: database-1.cnaee60qc6yl.us-east-2.rds.amazonaws.com:5432, TLSv1.3, TLS_AES_256_GCM_SHA384, -791690251
2024-10-04 08:16:36,290 DEBUG com.zaxxer.hikari.pool.HikariPool$PoolEntryCreator [HikariPool-1 connection adder] HikariPool-1 - Added connection org.postgresql.jdbc.PgConnection@3b00b9af
2024-10-04 08:16:42,111 DEBUG com.zaxxer.hikari.pool.PoolBase [HikariPool-1 connection closer] HikariPool-1 - Closing connection org.postgresql.jdbc.PgConnection@282980ef: (connection has passed maxLifetime)
2024-10-04 08:16:42,112 DEBUG org.postgresql.Driver [HikariPool-1 connection adder] Connecting with URL: jdbc:postgresql://database-1.cnaee60qc6yl.us-east-2.rds.amazonaws.com/clubdb
2024-10-04 08:16:42,122 DEBUG org.postgresql.jdbc.PgConnection [HikariPool-1 connection adder] PostgreSQL JDBC Driver 42.2.14
2024-10-04 08:16:42,127 DEBUG org.postgresql.jdbc.PgConnection [HikariPool-1 connection adder]   setDefaultFetchSize = 0
2024-10-04 08:16:42,133 DEBUG org.postgresql.jdbc.PgConnection [HikariPool-1 connection adder]   setPrepareThreshold = 5
2024-10-04 08:16:42,136 DEBUG org.postgresql.core.v3.ConnectionFactoryImpl [HikariPool-1 connection adder] Trying to establish a protocol version 3 connection to database-1.cnaee60qc6yl.us-east-2.rds.amazonaws.com:5432
2024-10-04 08:16:42,530 DEBUG org.postgresql.core.v3.ConnectionFactoryImpl [HikariPool-1 connection adder] Receive Buffer Size is 65,536
2024-10-04 08:16:42,531 DEBUG org.postgresql.core.v3.ConnectionFactoryImpl [HikariPool-1 connection adder] Send Buffer Size is 65,536
2024-10-04 08:16:42,856 DEBUG org.postgresql.ssl.MakeSSL [HikariPool-1 connection adder] converting regular socket connection to ssl
2024-10-04 08:16:43,367 DEBUG sun.util.logging.internal.LoggingProviderImpl$JULWrapper [HikariPool-1 connection adder]  TLSHandshake: database-1.cnaee60qc6yl.us-east-2.rds.amazonaws.com:5432, TLSv1.3, TLS_AES_256_GCM_SHA384, -791690251
2024-10-04 08:16:43,760 DEBUG com.zaxxer.hikari.pool.PoolBase [HikariPool-1 connection closer] HikariPool-1 - Closing connection org.postgresql.jdbc.PgConnection@69148ad4: (connection has passed maxLifetime)
2024-10-04 08:16:43,760 DEBUG com.zaxxer.hikari.pool.HikariPool [HikariPool-1 housekeeper] HikariPool-1 - Add connection elided, waiting 0, queue 1
2024-10-04 08:16:45,152 DEBUG sun.rmi.runtime.Log$LoggerLog [RMI TCP Connection(1174)-127.0.0.1] RMI TCP Connection(1174)-127.0.0.1: (port 58565) connection closed
2024-10-04 08:16:45,154 DEBUG sun.rmi.runtime.Log$LoggerLog [RMI TCP Connection(1174)-127.0.0.1] RMI TCP Connection(1174)-127.0.0.1: close connection, socket: Socket[addr=/127.0.0.1,port=57528,localport=58565]
2024-10-04 08:16:45,156 DEBUG sun.rmi.runtime.Log$LoggerLog [RMI TCP Connection(1174)-127.0.0.1] RMI TCP Connection(1174)-127.0.0.1: socket close: Socket[addr=/127.0.0.1,port=57528,localport=58565]
2024-10-04 08:16:45,251 DEBUG com.zaxxer.hikari.pool.HikariPool$PoolEntryCreator [HikariPool-1 connection adder] HikariPool-1 - Added connection org.postgresql.jdbc.PgConnection@65715896
2024-10-04 08:16:45,252 DEBUG org.postgresql.Driver [HikariPool-1 connection adder] Connecting with URL: jdbc:postgresql://database-1.cnaee60qc6yl.us-east-2.rds.amazonaws.com/clubdb
2024-10-04 08:16:45,252 DEBUG org.postgresql.jdbc.PgConnection [HikariPool-1 connection adder] PostgreSQL JDBC Driver 42.2.14
2024-10-04 08:16:45,252 DEBUG org.postgresql.jdbc.PgConnection [HikariPool-1 connection adder]   setDefaultFetchSize = 0
2024-10-04 08:16:45,252 DEBUG org.postgresql.jdbc.PgConnection [HikariPool-1 connection adder]   setPrepareThreshold = 5
2024-10-04 08:16:45,253 DEBUG org.postgresql.core.v3.ConnectionFactoryImpl [HikariPool-1 connection adder] Trying to establish a protocol version 3 connection to database-1.cnaee60qc6yl.us-east-2.rds.amazonaws.com:5432
2024-10-04 08:16:45,569 DEBUG org.postgresql.core.v3.ConnectionFactoryImpl [HikariPool-1 connection adder] Receive Buffer Size is 65,536
2024-10-04 08:16:45,570 DEBUG org.postgresql.core.v3.ConnectionFactoryImpl [HikariPool-1 connection adder] Send Buffer Size is 65,536
2024-10-04 08:16:45,888 DEBUG org.postgresql.ssl.MakeSSL [HikariPool-1 connection adder] converting regular socket connection to ssl
2024-10-04 08:16:46,252 DEBUG sun.util.logging.internal.LoggingProviderImpl$JULWrapper [HikariPool-1 connection adder]  TLSHandshake: database-1.cnaee60qc6yl.us-east-2.rds.amazonaws.com:5432, TLSv1.3, TLS_AES_256_GCM_SHA384, -791690251
2024-10-04 08:16:47,808 DEBUG com.zaxxer.hikari.pool.HikariPool$PoolEntryCreator [HikariPool-1 connection adder] HikariPool-1 - Added connection org.postgresql.jdbc.PgConnection@6bb6aa48
2024-10-04 08:16:47,811 DEBUG com.zaxxer.hikari.pool.HikariPool [HikariPool-1 connection adder] HikariPool-1 - After adding stats (total=10, active=0, idle=10, waiting=0)
2024-10-04 08:16:48,530 DEBUG com.zaxxer.hikari.pool.PoolBase [HikariPool-1 connection closer] HikariPool-1 - Closing connection org.postgresql.jdbc.PgConnection@19cb6e5a: (connection has passed maxLifetime)
2024-10-04 08:16:48,530 DEBUG org.postgresql.Driver [HikariPool-1 connection adder] Connecting with URL: jdbc:postgresql://database-1.cnaee60qc6yl.us-east-2.rds.amazonaws.com/clubdb
2024-10-04 08:16:48,534 DEBUG org.postgresql.jdbc.PgConnection [HikariPool-1 connection adder] PostgreSQL JDBC Driver 42.2.14
2024-10-04 08:16:48,537 DEBUG org.postgresql.jdbc.PgConnection [HikariPool-1 connection adder]   setDefaultFetchSize = 0
2024-10-04 08:16:48,538 DEBUG org.postgresql.jdbc.PgConnection [HikariPool-1 connection adder]   setPrepareThreshold = 5
2024-10-04 08:16:48,541 DEBUG org.postgresql.core.v3.ConnectionFactoryImpl [HikariPool-1 connection adder] Trying to establish a protocol version 3 connection to database-1.cnaee60qc6yl.us-east-2.rds.amazonaws.com:5432
2024-10-04 08:16:48,684 DEBUG org.apache.juli.logging.DirectJDKLog [Catalina-utility-2] Start expire sessions StandardManager at 1728010008684 sessioncount 0
2024-10-04 08:16:48,686 DEBUG org.apache.juli.logging.DirectJDKLog [Catalina-utility-2] End expire sessions StandardManager processingTime 2 expired sessions: 0
2024-10-04 08:16:48,928 DEBUG org.postgresql.core.v3.ConnectionFactoryImpl [HikariPool-1 connection adder] Receive Buffer Size is 65,536
2024-10-04 08:16:48,929 DEBUG org.postgresql.core.v3.ConnectionFactoryImpl [HikariPool-1 connection adder] Send Buffer Size is 65,536
2024-10-04 08:16:49,248 DEBUG org.postgresql.ssl.MakeSSL [HikariPool-1 connection adder] converting regular socket connection to ssl
2024-10-04 08:16:49,581 DEBUG sun.util.logging.internal.LoggingProviderImpl$JULWrapper [HikariPool-1 connection adder]  TLSHandshake: database-1.cnaee60qc6yl.us-east-2.rds.amazonaws.com:5432, TLSv1.3, TLS_AES_256_GCM_SHA384, -791690251
2024-10-04 08:16:51,329 DEBUG com.zaxxer.hikari.pool.HikariPool$PoolEntryCreator [HikariPool-1 connection adder] HikariPool-1 - Added connection org.postgresql.jdbc.PgConnection@6f8933e6
2024-10-04 08:16:53,429 DEBUG com.zaxxer.hikari.pool.HikariPool [HikariPool-1 housekeeper] HikariPool-1 - Pool stats (total=10, active=0, idle=10, waiting=0)
2024-10-04 08:16:53,430 DEBUG com.zaxxer.hikari.pool.HikariPool [HikariPool-1 housekeeper] HikariPool-1 - Fill pool skipped, pool is at sufficient level.
2024-10-04 08:16:57,481 DEBUG com.zaxxer.hikari.pool.PoolBase [HikariPool-1 connection closer] HikariPool-1 - Closing connection org.postgresql.jdbc.PgConnection@6d2b132e: (connection has passed maxLifetime)
2024-10-04 08:16:57,482 DEBUG org.postgresql.Driver [HikariPool-1 connection adder] Connecting with URL: jdbc:postgresql://database-1.cnaee60qc6yl.us-east-2.rds.amazonaws.com/clubdb
2024-10-04 08:16:57,485 DEBUG org.postgresql.jdbc.PgConnection [HikariPool-1 connection adder] PostgreSQL JDBC Driver 42.2.14
2024-10-04 08:16:57,487 DEBUG org.postgresql.jdbc.PgConnection [HikariPool-1 connection adder]   setDefaultFetchSize = 0
2024-10-04 08:16:57,490 DEBUG org.postgresql.jdbc.PgConnection [HikariPool-1 connection adder]   setPrepareThreshold = 5
2024-10-04 08:16:57,491 DEBUG org.postgresql.core.v3.ConnectionFactoryImpl [HikariPool-1 connection adder] Trying to establish a protocol version 3 connection to database-1.cnaee60qc6yl.us-east-2.rds.amazonaws.com:5432
2024-10-04 08:16:57,889 DEBUG org.postgresql.core.v3.ConnectionFactoryImpl [HikariPool-1 connection adder] Receive Buffer Size is 65,536
2024-10-04 08:16:57,890 DEBUG org.postgresql.core.v3.ConnectionFactoryImpl [HikariPool-1 connection adder] Send Buffer Size is 65,536
2024-10-04 08:16:58,144 DEBUG org.postgresql.ssl.MakeSSL [HikariPool-1 connection adder] converting regular socket connection to ssl
2024-10-04 08:16:58,454 DEBUG sun.util.logging.internal.LoggingProviderImpl$JULWrapper [HikariPool-1 connection adder]  TLSHandshake: database-1.cnaee60qc6yl.us-east-2.rds.amazonaws.com:5432, TLSv1.3, TLS_AES_256_GCM_SHA384, -791690251
2024-10-04 08:17:00,130 DEBUG com.zaxxer.hikari.pool.HikariPool$PoolEntryCreator [HikariPool-1 connection adder] HikariPool-1 - Added connection org.postgresql.jdbc.PgConnection@4414a76d
2024-10-04 08:17:04,212 DEBUG org.postgresql.Driver [HikariPool-1 connection adder] Connecting with URL: jdbc:postgresql://database-1.cnaee60qc6yl.us-east-2.rds.amazonaws.com/clubdb
2024-10-04 08:17:04,213 DEBUG org.postgresql.jdbc.PgConnection [HikariPool-1 connection adder] PostgreSQL JDBC Driver 42.2.14
2024-10-04 08:17:04,215 DEBUG org.postgresql.jdbc.PgConnection [HikariPool-1 connection adder]   setDefaultFetchSize = 0
2024-10-04 08:17:04,216 DEBUG org.postgresql.jdbc.PgConnection [HikariPool-1 connection adder]   setPrepareThreshold = 5
2024-10-04 08:17:04,217 DEBUG org.postgresql.core.v3.ConnectionFactoryImpl [HikariPool-1 connection adder] Trying to establish a protocol version 3 connection to database-1.cnaee60qc6yl.us-east-2.rds.amazonaws.com:5432
2024-10-04 08:17:04,217 DEBUG com.zaxxer.hikari.pool.PoolBase [HikariPool-1 connection closer] HikariPool-1 - Closing connection org.postgresql.jdbc.PgConnection@54c40c3c: (connection has passed maxLifetime)
2024-10-04 08:17:04,620 DEBUG org.postgresql.core.v3.ConnectionFactoryImpl [HikariPool-1 connection adder] Receive Buffer Size is 65,536
2024-10-04 08:17:04,623 DEBUG org.postgresql.core.v3.ConnectionFactoryImpl [HikariPool-1 connection adder] Send Buffer Size is 65,536
2024-10-04 08:17:04,928 DEBUG org.postgresql.ssl.MakeSSL [HikariPool-1 connection adder] converting regular socket connection to ssl
2024-10-04 08:17:05,239 DEBUG sun.util.logging.internal.LoggingProviderImpl$JULWrapper [HikariPool-1 connection adder]  TLSHandshake: database-1.cnaee60qc6yl.us-east-2.rds.amazonaws.com:5432, TLSv1.3, TLS_AES_256_GCM_SHA384, -791690251
2024-10-04 08:17:05,322 DEBUG com.zaxxer.hikari.pool.PoolBase [HikariPool-1 connection closer] HikariPool-1 - Closing connection org.postgresql.jdbc.PgConnection@48067fa0: (connection has passed maxLifetime)
2024-10-04 08:17:05,322 DEBUG com.zaxxer.hikari.pool.HikariPool [HikariPool-1 housekeeper] HikariPool-1 - Add connection elided, waiting 0, queue 1
2024-10-04 08:17:07,009 DEBUG com.zaxxer.hikari.pool.HikariPool$PoolEntryCreator [HikariPool-1 connection adder] HikariPool-1 - Added connection org.postgresql.jdbc.PgConnection@4ad3419f
2024-10-04 08:17:07,012 DEBUG org.postgresql.Driver [HikariPool-1 connection adder] Connecting with URL: jdbc:postgresql://database-1.cnaee60qc6yl.us-east-2.rds.amazonaws.com/clubdb
2024-10-04 08:17:07,013 DEBUG org.postgresql.jdbc.PgConnection [HikariPool-1 connection adder] PostgreSQL JDBC Driver 42.2.14
2024-10-04 08:17:07,016 DEBUG org.postgresql.jdbc.PgConnection [HikariPool-1 connection adder]   setDefaultFetchSize = 0
2024-10-04 08:17:07,016 DEBUG org.postgresql.jdbc.PgConnection [HikariPool-1 connection adder]   setPrepareThreshold = 5
2024-10-04 08:17:07,017 DEBUG org.postgresql.core.v3.ConnectionFactoryImpl [HikariPool-1 connection adder] Trying to establish a protocol version 3 connection to database-1.cnaee60qc6yl.us-east-2.rds.amazonaws.com:5432
2024-10-04 08:17:07,329 DEBUG org.postgresql.core.v3.ConnectionFactoryImpl [HikariPool-1 connection adder] Receive Buffer Size is 65,536
2024-10-04 08:17:07,332 DEBUG org.postgresql.core.v3.ConnectionFactoryImpl [HikariPool-1 connection adder] Send Buffer Size is 65,536
2024-10-04 08:17:07,569 DEBUG org.postgresql.ssl.MakeSSL [HikariPool-1 connection adder] converting regular socket connection to ssl
2024-10-04 08:17:08,002 DEBUG sun.util.logging.internal.LoggingProviderImpl$JULWrapper [HikariPool-1 connection adder]  TLSHandshake: database-1.cnaee60qc6yl.us-east-2.rds.amazonaws.com:5432, TLSv1.3, TLS_AES_256_GCM_SHA384, -791690251
2024-10-04 08:17:09,571 DEBUG com.zaxxer.hikari.pool.HikariPool$PoolEntryCreator [HikariPool-1 connection adder] HikariPool-1 - Added connection org.postgresql.jdbc.PgConnection@4eeccc1d
2024-10-04 08:17:09,573 DEBUG com.zaxxer.hikari.pool.HikariPool [HikariPool-1 connection adder] HikariPool-1 - After adding stats (total=10, active=0, idle=10, waiting=0)
2024-10-04 08:17:12,267 DEBUG sun.rmi.runtime.Log$LoggerLog [RMI TCP Connection(1175)-127.0.0.1] RMI TCP Connection(1175)-127.0.0.1: accepted socket from [127.0.0.1:57592]
2024-10-04 08:17:12,269 DEBUG sun.rmi.runtime.Log$LoggerLog [RMI TCP Connection(1175)-127.0.0.1] RMI TCP Connection(1175)-127.0.0.1: (port 58565) op = 80
2024-10-04 08:17:12,269 DEBUG sun.rmi.runtime.Log$LoggerLog [RMI TCP Connection(1175)-127.0.0.1] RMI TCP Connection(1175)-127.0.0.1: name = "[Ljava.rmi.server.ObjID;", codebase = "", defaultLoader = jdk.internal.loader.ClassLoaders$PlatformClassLoader@75dbb639
2024-10-04 08:17:12,270 DEBUG sun.rmi.runtime.Log$LoggerLog [RMI TCP Connection(1175)-127.0.0.1] RMI TCP Connection(1175)-127.0.0.1: name = "java.rmi.server.ObjID", codebase = "", defaultLoader = jdk.internal.loader.ClassLoaders$PlatformClassLoader@75dbb639
2024-10-04 08:17:12,270 DEBUG sun.rmi.runtime.Log$LoggerLog [RMI TCP Connection(1175)-127.0.0.1] RMI TCP Connection(1175)-127.0.0.1: name = "java.rmi.server.UID", codebase = "", defaultLoader = jdk.internal.loader.ClassLoaders$PlatformClassLoader@75dbb639
2024-10-04 08:17:12,270 DEBUG sun.rmi.runtime.Log$LoggerLog [RMI TCP Connection(1175)-127.0.0.1] RMI TCP Connection(1175)-127.0.0.1: name = "java.rmi.dgc.VMID", codebase = "", defaultLoader = jdk.internal.loader.ClassLoaders$PlatformClassLoader@75dbb639
2024-10-04 08:17:12,271 DEBUG sun.rmi.runtime.Log$LoggerLog [RMI TCP Connection(1175)-127.0.0.1] RMI TCP Connection(1175)-127.0.0.1: name = "[B", codebase = "", defaultLoader = jdk.internal.loader.ClassLoaders$PlatformClassLoader@75dbb639
2024-10-04 08:17:12,612 DEBUG org.postgresql.Driver [HikariPool-1 connection adder] Connecting with URL: jdbc:postgresql://database-1.cnaee60qc6yl.us-east-2.rds.amazonaws.com/clubdb
2024-10-04 08:17:12,613 DEBUG com.zaxxer.hikari.pool.PoolBase [HikariPool-1 connection closer] HikariPool-1 - Closing connection org.postgresql.jdbc.PgConnection@3cd73f70: (connection has passed maxLifetime)
2024-10-04 08:17:12,614 DEBUG org.postgresql.jdbc.PgConnection [HikariPool-1 connection adder] PostgreSQL JDBC Driver 42.2.14
2024-10-04 08:17:12,615 DEBUG org.postgresql.jdbc.PgConnection [HikariPool-1 connection adder]   setDefaultFetchSize = 0
2024-10-04 08:17:12,618 DEBUG org.postgresql.jdbc.PgConnection [HikariPool-1 connection adder]   setPrepareThreshold = 5
2024-10-04 08:17:12,618 DEBUG org.postgresql.core.v3.ConnectionFactoryImpl [HikariPool-1 connection adder] Trying to establish a protocol version 3 connection to database-1.cnaee60qc6yl.us-east-2.rds.amazonaws.com:5432
2024-10-04 08:17:12,929 DEBUG org.postgresql.core.v3.ConnectionFactoryImpl [HikariPool-1 connection adder] Receive Buffer Size is 65,536
2024-10-04 08:17:12,930 DEBUG org.postgresql.core.v3.ConnectionFactoryImpl [HikariPool-1 connection adder] Send Buffer Size is 65,536
2024-10-04 08:17:13,247 DEBUG org.postgresql.ssl.MakeSSL [HikariPool-1 connection adder] converting regular socket connection to ssl
2024-10-04 08:17:13,597 DEBUG sun.util.logging.internal.LoggingProviderImpl$JULWrapper [HikariPool-1 connection adder]  TLSHandshake: database-1.cnaee60qc6yl.us-east-2.rds.amazonaws.com:5432, TLSv1.3, TLS_AES_256_GCM_SHA384, -791690251
2024-10-04 08:17:15,169 DEBUG com.zaxxer.hikari.pool.HikariPool$PoolEntryCreator [HikariPool-1 connection adder] HikariPool-1 - Added connection org.postgresql.jdbc.PgConnection@bee4ba4
2024-10-04 08:17:16,416 DEBUG com.zaxxer.hikari.pool.PoolBase [HikariPool-1 connection closer] HikariPool-1 - Closing connection org.postgresql.jdbc.PgConnection@7e2c3f0e: (connection has passed maxLifetime)
2024-10-04 08:17:16,416 DEBUG org.postgresql.Driver [HikariPool-1 connection adder] Connecting with URL: jdbc:postgresql://database-1.cnaee60qc6yl.us-east-2.rds.amazonaws.com/clubdb
2024-10-04 08:17:16,419 DEBUG org.postgresql.jdbc.PgConnection [HikariPool-1 connection adder] PostgreSQL JDBC Driver 42.2.14
2024-10-04 08:17:16,422 DEBUG org.postgresql.jdbc.PgConnection [HikariPool-1 connection adder]   setDefaultFetchSize = 0
2024-10-04 08:17:16,423 DEBUG org.postgresql.jdbc.PgConnection [HikariPool-1 connection adder]   setPrepareThreshold = 5
2024-10-04 08:17:16,424 DEBUG org.postgresql.core.v3.ConnectionFactoryImpl [HikariPool-1 connection adder] Trying to establish a protocol version 3 connection to database-1.cnaee60qc6yl.us-east-2.rds.amazonaws.com:5432
2024-10-04 08:17:16,768 DEBUG org.postgresql.core.v3.ConnectionFactoryImpl [HikariPool-1 connection adder] Receive Buffer Size is 65,536
2024-10-04 08:17:16,769 DEBUG org.postgresql.core.v3.ConnectionFactoryImpl [HikariPool-1 connection adder] Send Buffer Size is 65,536
2024-10-04 08:17:17,031 DEBUG org.postgresql.ssl.MakeSSL [HikariPool-1 connection adder] converting regular socket connection to ssl
2024-10-04 08:17:17,361 DEBUG sun.util.logging.internal.LoggingProviderImpl$JULWrapper [HikariPool-1 connection adder]  TLSHandshake: database-1.cnaee60qc6yl.us-east-2.rds.amazonaws.com:5432, TLSv1.3, TLS_AES_256_GCM_SHA384, -791690251
2024-10-04 08:17:19,010 DEBUG com.zaxxer.hikari.pool.HikariPool$PoolEntryCreator [HikariPool-1 connection adder] HikariPool-1 - Added connection org.postgresql.jdbc.PgConnection@6aa0aa7b
2024-10-04 08:17:19,724 DEBUG com.zaxxer.hikari.pool.PoolBase [HikariPool-1 connection closer] HikariPool-1 - Closing connection org.postgresql.jdbc.PgConnection@2cccbc2e: (connection has passed maxLifetime)
2024-10-04 08:17:19,724 DEBUG org.postgresql.Driver [HikariPool-1 connection adder] Connecting with URL: jdbc:postgresql://database-1.cnaee60qc6yl.us-east-2.rds.amazonaws.com/clubdb
2024-10-04 08:17:19,726 DEBUG org.postgresql.jdbc.PgConnection [HikariPool-1 connection adder] PostgreSQL JDBC Driver 42.2.14
2024-10-04 08:17:19,727 DEBUG org.postgresql.jdbc.PgConnection [HikariPool-1 connection adder]   setDefaultFetchSize = 0
2024-10-04 08:17:19,730 DEBUG org.postgresql.jdbc.PgConnection [HikariPool-1 connection adder]   setPrepareThreshold = 5
2024-10-04 08:17:19,731 DEBUG org.postgresql.core.v3.ConnectionFactoryImpl [HikariPool-1 connection adder] Trying to establish a protocol version 3 connection to database-1.cnaee60qc6yl.us-east-2.rds.amazonaws.com:5432
2024-10-04 08:17:20,130 DEBUG org.postgresql.core.v3.ConnectionFactoryImpl [HikariPool-1 connection adder] Receive Buffer Size is 65,536
2024-10-04 08:17:20,131 DEBUG org.postgresql.core.v3.ConnectionFactoryImpl [HikariPool-1 connection adder] Send Buffer Size is 65,536
2024-10-04 08:17:20,448 DEBUG org.postgresql.ssl.MakeSSL [HikariPool-1 connection adder] converting regular socket connection to ssl
2024-10-04 08:17:20,789 DEBUG sun.util.logging.internal.LoggingProviderImpl$JULWrapper [HikariPool-1 connection adder]  TLSHandshake: database-1.cnaee60qc6yl.us-east-2.rds.amazonaws.com:5432, TLSv1.3, TLS_AES_256_GCM_SHA384, -791690251
2024-10-04 08:17:22,307 DEBUG com.zaxxer.hikari.pool.HikariPool$PoolEntryCreator [HikariPool-1 connection adder] HikariPool-1 - Added connection org.postgresql.jdbc.PgConnection@3aafc109
2024-10-04 08:17:23,439 DEBUG com.zaxxer.hikari.pool.HikariPool [HikariPool-1 housekeeper] HikariPool-1 - Pool stats (total=10, active=0, idle=10, waiting=0)
2024-10-04 08:17:23,442 DEBUG com.zaxxer.hikari.pool.HikariPool [HikariPool-1 housekeeper] HikariPool-1 - Fill pool skipped, pool is at sufficient level.
2024-10-04 08:17:27,273 DEBUG sun.rmi.runtime.Log$LoggerLog [RMI TCP Connection(1175)-127.0.0.1] RMI TCP Connection(1175)-127.0.0.1: (port 58565) connection closed
2024-10-04 08:17:27,274 DEBUG sun.rmi.runtime.Log$LoggerLog [RMI TCP Connection(1175)-127.0.0.1] RMI TCP Connection(1175)-127.0.0.1: close connection, socket: Socket[addr=/127.0.0.1,port=57592,localport=58565]
2024-10-04 08:17:27,274 DEBUG sun.rmi.runtime.Log$LoggerLog [RMI TCP Connection(1175)-127.0.0.1] RMI TCP Connection(1175)-127.0.0.1: socket close: Socket[addr=/127.0.0.1,port=57592,localport=58565]
2024-10-04 08:17:30,168 DEBUG sun.rmi.runtime.Log$LoggerLog [RMI TCP Connection(1176)-127.0.0.1] RMI TCP Connection(1176)-127.0.0.1: accepted socket from [127.0.0.1:57628]
2024-10-04 08:17:30,172 DEBUG sun.rmi.runtime.Log$LoggerLog [RMI TCP Connection(1176)-127.0.0.1] RMI TCP Connection(1176)-127.0.0.1: (port 58565) op = 80
2024-10-04 08:17:30,176 DEBUG sun.util.logging.internal.LoggingProviderImpl$JULWrapper [RMI TCP Connection(1176)-127.0.0.1] connectionId=rmi://127.0.0.1  9
2024-10-04 08:17:45,178 DEBUG sun.rmi.runtime.Log$LoggerLog [RMI TCP Connection(1176)-127.0.0.1] RMI TCP Connection(1176)-127.0.0.1: (port 58565) connection closed
2024-10-04 08:17:45,182 DEBUG sun.rmi.runtime.Log$LoggerLog [RMI TCP Connection(1176)-127.0.0.1] RMI TCP Connection(1176)-127.0.0.1: close connection, socket: Socket[addr=/127.0.0.1,port=57628,localport=58565]
2024-10-04 08:17:45,184 DEBUG sun.rmi.runtime.Log$LoggerLog [RMI TCP Connection(1176)-127.0.0.1] RMI TCP Connection(1176)-127.0.0.1: socket close: Socket[addr=/127.0.0.1,port=57628,localport=58565]
2024-10-04 08:17:48,720 DEBUG org.apache.juli.logging.DirectJDKLog [Catalina-utility-2] Start expire sessions StandardManager at 1728010068719 sessioncount 0
2024-10-04 08:17:48,722 DEBUG org.apache.juli.logging.DirectJDKLog [Catalina-utility-2] End expire sessions StandardManager processingTime 2 expired sessions: 0
2024-10-04 08:17:53,460 DEBUG com.zaxxer.hikari.pool.HikariPool [HikariPool-1 housekeeper] HikariPool-1 - Pool stats (total=10, active=0, idle=10, waiting=0)
2024-10-04 08:17:53,463 DEBUG com.zaxxer.hikari.pool.HikariPool [HikariPool-1 housekeeper] HikariPool-1 - Fill pool skipped, pool is at sufficient level.
2024-10-04 08:18:23,481 DEBUG com.zaxxer.hikari.pool.HikariPool [HikariPool-1 housekeeper] HikariPool-1 - Pool stats (total=10, active=0, idle=10, waiting=0)
2024-10-04 08:18:23,482 DEBUG com.zaxxer.hikari.pool.HikariPool [HikariPool-1 housekeeper] HikariPool-1 - Fill pool skipped, pool is at sufficient level.
2024-10-04 08:18:30,184 DEBUG sun.rmi.runtime.Log$LoggerLog [RMI TCP Connection(1177)-127.0.0.1] RMI TCP Connection(1177)-127.0.0.1: accepted socket from [127.0.0.1:57735]
2024-10-04 08:18:30,185 DEBUG sun.rmi.runtime.Log$LoggerLog [RMI TCP Connection(1177)-127.0.0.1] RMI TCP Connection(1177)-127.0.0.1: (port 58565) op = 80
2024-10-04 08:18:30,185 DEBUG sun.util.logging.internal.LoggingProviderImpl$JULWrapper [RMI TCP Connection(1177)-127.0.0.1] connectionId=rmi://127.0.0.1  9
2024-10-04 08:18:45,187 DEBUG sun.rmi.runtime.Log$LoggerLog [RMI TCP Connection(1177)-127.0.0.1] RMI TCP Connection(1177)-127.0.0.1: (port 58565) connection closed
2024-10-04 08:18:45,188 DEBUG sun.rmi.runtime.Log$LoggerLog [RMI TCP Connection(1177)-127.0.0.1] RMI TCP Connection(1177)-127.0.0.1: close connection, socket: Socket[addr=/127.0.0.1,port=57735,localport=58565]
2024-10-04 08:18:45,189 DEBUG sun.rmi.runtime.Log$LoggerLog [RMI TCP Connection(1177)-127.0.0.1] RMI TCP Connection(1177)-127.0.0.1: socket close: Socket[addr=/127.0.0.1,port=57735,localport=58565]
2024-10-04 08:18:48,801 DEBUG org.apache.juli.logging.DirectJDKLog [Catalina-utility-2] Start expire sessions StandardManager at 1728010128801 sessioncount 0
2024-10-04 08:18:48,802 DEBUG org.apache.juli.logging.DirectJDKLog [Catalina-utility-2] End expire sessions StandardManager processingTime 1 expired sessions: 0
2024-10-04 08:18:53,488 DEBUG com.zaxxer.hikari.pool.HikariPool [HikariPool-1 housekeeper] HikariPool-1 - Pool stats (total=10, active=0, idle=10, waiting=0)
2024-10-04 08:18:53,489 DEBUG com.zaxxer.hikari.pool.HikariPool [HikariPool-1 housekeeper] HikariPool-1 - Fill pool skipped, pool is at sufficient level.
2024-10-04 08:19:23,502 DEBUG com.zaxxer.hikari.pool.HikariPool [HikariPool-1 housekeeper] HikariPool-1 - Pool stats (total=10, active=0, idle=10, waiting=0)
2024-10-04 08:19:23,503 DEBUG com.zaxxer.hikari.pool.HikariPool [HikariPool-1 housekeeper] HikariPool-1 - Fill pool skipped, pool is at sufficient level.
2024-10-04 08:19:29,606 DEBUG sun.rmi.runtime.Log$LoggerLog [RMI TCP Connection(1178)-127.0.0.1] RMI TCP Connection(1178)-127.0.0.1: accepted socket from [127.0.0.1:57833]
2024-10-04 08:19:29,608 DEBUG sun.rmi.runtime.Log$LoggerLog [RMI TCP Connection(1178)-127.0.0.1] RMI TCP Connection(1178)-127.0.0.1: (port 58565) op = 80
2024-10-04 08:19:29,610 DEBUG sun.rmi.runtime.Log$LoggerLog [RMI TCP Connection(1178)-127.0.0.1] RMI TCP Connection(1178)-127.0.0.1: name = "[Ljava.rmi.server.ObjID;", codebase = "", defaultLoader = jdk.internal.loader.ClassLoaders$PlatformClassLoader@75dbb639
2024-10-04 08:19:29,612 DEBUG sun.rmi.runtime.Log$LoggerLog [RMI TCP Connection(1178)-127.0.0.1] RMI TCP Connection(1178)-127.0.0.1: name = "java.rmi.dgc.Lease", codebase = "", defaultLoader = jdk.internal.loader.ClassLoaders$PlatformClassLoader@75dbb639
2024-10-04 08:19:29,613 DEBUG sun.rmi.runtime.Log$LoggerLog [RMI TCP Connection(1178)-127.0.0.1] RMI TCP Connection(1178)-127.0.0.1: name = "java.rmi.dgc.VMID", codebase = "", defaultLoader = jdk.internal.loader.ClassLoaders$PlatformClassLoader@75dbb639
2024-10-04 08:19:29,614 DEBUG sun.rmi.runtime.Log$LoggerLog [RMI TCP Connection(1178)-127.0.0.1] RMI TCP Connection(1178)-127.0.0.1: name = "[B", codebase = "", defaultLoader = jdk.internal.loader.ClassLoaders$PlatformClassLoader@75dbb639
2024-10-04 08:19:29,618 DEBUG sun.rmi.runtime.Log$LoggerLog [RMI TCP Connection(1178)-127.0.0.1] RMI TCP Connection(1178)-127.0.0.1: name = "java.rmi.server.UID", codebase = "", defaultLoader = jdk.internal.loader.ClassLoaders$PlatformClassLoader@75dbb639
2024-10-04 08:19:30,186 DEBUG sun.rmi.runtime.Log$LoggerLog [RMI TCP Connection(1178)-127.0.0.1] RMI TCP Connection(1178)-127.0.0.1: (port 58565) op = 82
2024-10-04 08:19:30,188 DEBUG sun.rmi.runtime.Log$LoggerLog [RMI TCP Connection(1178)-127.0.0.1] RMI TCP Connection(1178)-127.0.0.1: (port 58565) op = 80
2024-10-04 08:19:30,189 DEBUG sun.util.logging.internal.LoggingProviderImpl$JULWrapper [RMI TCP Connection(1178)-127.0.0.1] connectionId=rmi://127.0.0.1  9
2024-10-04 08:19:48,861 DEBUG org.apache.juli.logging.DirectJDKLog [Catalina-utility-1] Start expire sessions StandardManager at 1728010188861 sessioncount 0
2024-10-04 08:19:48,864 DEBUG org.apache.juli.logging.DirectJDKLog [Catalina-utility-1] End expire sessions StandardManager processingTime 3 expired sessions: 0
2024-10-04 08:19:53,506 DEBUG com.zaxxer.hikari.pool.HikariPool [HikariPool-1 housekeeper] HikariPool-1 - Pool stats (total=10, active=0, idle=10, waiting=0)
2024-10-04 08:19:53,508 DEBUG com.zaxxer.hikari.pool.HikariPool [HikariPool-1 housekeeper] HikariPool-1 - Fill pool skipped, pool is at sufficient level.
2024-10-04 08:19:59,631 DEBUG sun.rmi.runtime.Log$LoggerLog [RMI TCP Connection(1178)-127.0.0.1] RMI TCP Connection(1178)-127.0.0.1: (port 58565) connection closed
2024-10-04 08:19:59,634 DEBUG sun.rmi.runtime.Log$LoggerLog [RMI TCP Connection(1178)-127.0.0.1] RMI TCP Connection(1178)-127.0.0.1: close connection, socket: Socket[addr=/127.0.0.1,port=57833,localport=58565]
2024-10-04 08:19:59,637 DEBUG sun.rmi.runtime.Log$LoggerLog [RMI TCP Connection(1178)-127.0.0.1] RMI TCP Connection(1178)-127.0.0.1: socket close: Socket[addr=/127.0.0.1,port=57833,localport=58565]
2024-10-04 08:20:23,524 DEBUG com.zaxxer.hikari.pool.HikariPool [HikariPool-1 housekeeper] HikariPool-1 - Pool stats (total=10, active=0, idle=10, waiting=0)
2024-10-04 08:20:23,525 DEBUG com.zaxxer.hikari.pool.HikariPool [HikariPool-1 housekeeper] HikariPool-1 - Fill pool skipped, pool is at sufficient level.
2024-10-04 08:20:30,206 DEBUG sun.rmi.runtime.Log$LoggerLog [RMI TCP Connection(1179)-127.0.0.1] RMI TCP Connection(1179)-127.0.0.1: accepted socket from [127.0.0.1:57912]
2024-10-04 08:20:30,210 DEBUG sun.rmi.runtime.Log$LoggerLog [RMI TCP Connection(1179)-127.0.0.1] RMI TCP Connection(1179)-127.0.0.1: (port 58565) op = 80
2024-10-04 08:20:30,213 DEBUG sun.util.logging.internal.LoggingProviderImpl$JULWrapper [RMI TCP Connection(1179)-127.0.0.1] connectionId=rmi://127.0.0.1  9
2024-10-04 08:20:45,225 DEBUG sun.rmi.runtime.Log$LoggerLog [RMI TCP Connection(1179)-127.0.0.1] RMI TCP Connection(1179)-127.0.0.1: (port 58565) connection closed
2024-10-04 08:20:45,228 DEBUG sun.rmi.runtime.Log$LoggerLog [RMI TCP Connection(1179)-127.0.0.1] RMI TCP Connection(1179)-127.0.0.1: close connection, socket: Socket[addr=/127.0.0.1,port=57912,localport=58565]
2024-10-04 08:20:45,231 DEBUG sun.rmi.runtime.Log$LoggerLog [RMI TCP Connection(1179)-127.0.0.1] RMI TCP Connection(1179)-127.0.0.1: socket close: Socket[addr=/127.0.0.1,port=57912,localport=58565]
2024-10-04 08:20:48,929 DEBUG org.apache.juli.logging.DirectJDKLog [Catalina-utility-2] Start expire sessions StandardManager at 1728010248929 sessioncount 0
2024-10-04 08:20:48,932 DEBUG org.apache.juli.logging.DirectJDKLog [Catalina-utility-2] End expire sessions StandardManager processingTime 3 expired sessions: 0
2024-10-04 08:20:53,533 DEBUG com.zaxxer.hikari.pool.HikariPool [HikariPool-1 housekeeper] HikariPool-1 - Pool stats (total=10, active=0, idle=10, waiting=0)
2024-10-04 08:20:53,537 DEBUG com.zaxxer.hikari.pool.HikariPool [HikariPool-1 housekeeper] HikariPool-1 - Fill pool skipped, pool is at sufficient level.
2024-10-04 08:21:23,545 DEBUG com.zaxxer.hikari.pool.HikariPool [HikariPool-1 housekeeper] HikariPool-1 - Pool stats (total=10, active=0, idle=10, waiting=0)
2024-10-04 08:21:23,552 DEBUG com.zaxxer.hikari.pool.HikariPool [HikariPool-1 housekeeper] HikariPool-1 - Fill pool skipped, pool is at sufficient level.
2024-10-04 08:21:30,229 DEBUG sun.rmi.runtime.Log$LoggerLog [RMI TCP Connection(1180)-127.0.0.1] RMI TCP Connection(1180)-127.0.0.1: accepted socket from [127.0.0.1:57979]
2024-10-04 08:21:30,232 DEBUG sun.rmi.runtime.Log$LoggerLog [RMI TCP Connection(1180)-127.0.0.1] RMI TCP Connection(1180)-127.0.0.1: (port 58565) op = 80
2024-10-04 08:21:30,233 DEBUG sun.util.logging.internal.LoggingProviderImpl$JULWrapper [RMI TCP Connection(1180)-127.0.0.1] connectionId=rmi://127.0.0.1  9
2024-10-04 08:21:45,236 DEBUG sun.rmi.runtime.Log$LoggerLog [RMI TCP Connection(1180)-127.0.0.1] RMI TCP Connection(1180)-127.0.0.1: (port 58565) connection closed
2024-10-04 08:21:45,239 DEBUG sun.rmi.runtime.Log$LoggerLog [RMI TCP Connection(1180)-127.0.0.1] RMI TCP Connection(1180)-127.0.0.1: close connection, socket: Socket[addr=/127.0.0.1,port=57979,localport=58565]
2024-10-04 08:21:45,242 DEBUG sun.rmi.runtime.Log$LoggerLog [RMI TCP Connection(1180)-127.0.0.1] RMI TCP Connection(1180)-127.0.0.1: socket close: Socket[addr=/127.0.0.1,port=57979,localport=58565]
2024-10-04 08:21:48,960 DEBUG org.apache.juli.logging.DirectJDKLog [Catalina-utility-1] Start expire sessions StandardManager at 1728010308960 sessioncount 0
2024-10-04 08:21:48,963 DEBUG org.apache.juli.logging.DirectJDKLog [Catalina-utility-1] End expire sessions StandardManager processingTime 3 expired sessions: 0
2024-10-04 08:21:53,567 DEBUG com.zaxxer.hikari.pool.HikariPool [HikariPool-1 housekeeper] HikariPool-1 - Pool stats (total=10, active=0, idle=10, waiting=0)
2024-10-04 08:21:53,570 DEBUG com.zaxxer.hikari.pool.HikariPool [HikariPool-1 housekeeper] HikariPool-1 - Fill pool skipped, pool is at sufficient level.
2024-10-04 08:22:23,572 DEBUG com.zaxxer.hikari.pool.HikariPool [HikariPool-1 housekeeper] HikariPool-1 - Pool stats (total=10, active=0, idle=10, waiting=0)
2024-10-04 08:22:23,574 DEBUG com.zaxxer.hikari.pool.HikariPool [HikariPool-1 housekeeper] HikariPool-1 - Fill pool skipped, pool is at sufficient level.
2024-10-04 08:22:30,253 DEBUG sun.rmi.runtime.Log$LoggerLog [RMI TCP Connection(1181)-127.0.0.1] RMI TCP Connection(1181)-127.0.0.1: accepted socket from [127.0.0.1:58042]
2024-10-04 08:22:30,256 DEBUG sun.rmi.runtime.Log$LoggerLog [RMI TCP Connection(1181)-127.0.0.1] RMI TCP Connection(1181)-127.0.0.1: (port 58565) op = 80
2024-10-04 08:22:30,257 DEBUG sun.util.logging.internal.LoggingProviderImpl$JULWrapper [RMI TCP Connection(1181)-127.0.0.1] connectionId=rmi://127.0.0.1  9
2024-10-04 08:22:45,261 DEBUG sun.rmi.runtime.Log$LoggerLog [RMI TCP Connection(1181)-127.0.0.1] RMI TCP Connection(1181)-127.0.0.1: (port 58565) connection closed
2024-10-04 08:22:45,263 DEBUG sun.rmi.runtime.Log$LoggerLog [RMI TCP Connection(1181)-127.0.0.1] RMI TCP Connection(1181)-127.0.0.1: close connection, socket: Socket[addr=/127.0.0.1,port=58042,localport=58565]
2024-10-04 08:22:45,263 DEBUG sun.rmi.runtime.Log$LoggerLog [RMI TCP Connection(1181)-127.0.0.1] RMI TCP Connection(1181)-127.0.0.1: socket close: Socket[addr=/127.0.0.1,port=58042,localport=58565]
2024-10-04 08:22:48,985 DEBUG org.apache.juli.logging.DirectJDKLog [Catalina-utility-1] Start expire sessions StandardManager at 1728010368985 sessioncount 0
2024-10-04 08:22:48,986 DEBUG org.apache.juli.logging.DirectJDKLog [Catalina-utility-1] End expire sessions StandardManager processingTime 1 expired sessions: 0
2024-10-04 08:22:53,589 DEBUG com.zaxxer.hikari.pool.HikariPool [HikariPool-1 housekeeper] HikariPool-1 - Pool stats (total=10, active=0, idle=10, waiting=0)
2024-10-04 08:22:53,592 DEBUG com.zaxxer.hikari.pool.HikariPool [HikariPool-1 housekeeper] HikariPool-1 - Fill pool skipped, pool is at sufficient level.
2024-10-04 08:23:23,604 DEBUG com.zaxxer.hikari.pool.HikariPool [HikariPool-1 housekeeper] HikariPool-1 - Pool stats (total=10, active=0, idle=10, waiting=0)
2024-10-04 08:23:23,606 DEBUG com.zaxxer.hikari.pool.HikariPool [HikariPool-1 housekeeper] HikariPool-1 - Fill pool skipped, pool is at sufficient level.
2024-10-04 08:23:30,264 DEBUG sun.rmi.runtime.Log$LoggerLog [RMI TCP Connection(1182)-127.0.0.1] RMI TCP Connection(1182)-127.0.0.1: accepted socket from [127.0.0.1:58103]
2024-10-04 08:23:30,265 DEBUG sun.rmi.runtime.Log$LoggerLog [RMI TCP Connection(1182)-127.0.0.1] RMI TCP Connection(1182)-127.0.0.1: (port 58565) op = 80
2024-10-04 08:23:30,265 DEBUG sun.util.logging.internal.LoggingProviderImpl$JULWrapper [RMI TCP Connection(1182)-127.0.0.1] connectionId=rmi://127.0.0.1  9
2024-10-04 08:23:45,267 DEBUG sun.rmi.runtime.Log$LoggerLog [RMI TCP Connection(1182)-127.0.0.1] RMI TCP Connection(1182)-127.0.0.1: (port 58565) connection closed
2024-10-04 08:23:45,268 DEBUG sun.rmi.runtime.Log$LoggerLog [RMI TCP Connection(1182)-127.0.0.1] RMI TCP Connection(1182)-127.0.0.1: close connection, socket: Socket[addr=/127.0.0.1,port=58103,localport=58565]
2024-10-04 08:23:45,269 DEBUG sun.rmi.runtime.Log$LoggerLog [RMI TCP Connection(1182)-127.0.0.1] RMI TCP Connection(1182)-127.0.0.1: socket close: Socket[addr=/127.0.0.1,port=58103,localport=58565]
2024-10-04 08:23:49,052 DEBUG org.apache.juli.logging.DirectJDKLog [Catalina-utility-2] Start expire sessions StandardManager at 1728010429051 sessioncount 0
2024-10-04 08:23:49,054 DEBUG org.apache.juli.logging.DirectJDKLog [Catalina-utility-2] End expire sessions StandardManager processingTime 2 expired sessions: 0
2024-10-04 08:23:53,619 DEBUG com.zaxxer.hikari.pool.HikariPool [HikariPool-1 housekeeper] HikariPool-1 - Pool stats (total=10, active=0, idle=10, waiting=0)
2024-10-04 08:23:53,620 DEBUG com.zaxxer.hikari.pool.HikariPool [HikariPool-1 housekeeper] HikariPool-1 - Fill pool skipped, pool is at sufficient level.
2024-10-04 08:24:23,630 DEBUG com.zaxxer.hikari.pool.HikariPool [HikariPool-1 housekeeper] HikariPool-1 - Pool stats (total=10, active=0, idle=10, waiting=0)
2024-10-04 08:24:23,631 DEBUG com.zaxxer.hikari.pool.HikariPool [HikariPool-1 housekeeper] HikariPool-1 - Fill pool skipped, pool is at sufficient level.
2024-10-04 08:24:29,625 DEBUG sun.rmi.runtime.Log$LoggerLog [RMI TCP Connection(1183)-127.0.0.1] RMI TCP Connection(1183)-127.0.0.1: accepted socket from [127.0.0.1:58176]
2024-10-04 08:24:29,627 DEBUG sun.rmi.runtime.Log$LoggerLog [RMI TCP Connection(1183)-127.0.0.1] RMI TCP Connection(1183)-127.0.0.1: (port 58565) op = 80
2024-10-04 08:24:29,628 DEBUG sun.rmi.runtime.Log$LoggerLog [RMI TCP Connection(1183)-127.0.0.1] RMI TCP Connection(1183)-127.0.0.1: name = "[Ljava.rmi.server.ObjID;", codebase = "", defaultLoader = jdk.internal.loader.ClassLoaders$PlatformClassLoader@75dbb639
2024-10-04 08:24:29,630 DEBUG sun.rmi.runtime.Log$LoggerLog [RMI TCP Connection(1183)-127.0.0.1] RMI TCP Connection(1183)-127.0.0.1: name = "java.rmi.dgc.Lease", codebase = "", defaultLoader = jdk.internal.loader.ClassLoaders$PlatformClassLoader@75dbb639
2024-10-04 08:24:29,631 DEBUG sun.rmi.runtime.Log$LoggerLog [RMI TCP Connection(1183)-127.0.0.1] RMI TCP Connection(1183)-127.0.0.1: name = "java.rmi.dgc.VMID", codebase = "", defaultLoader = jdk.internal.loader.ClassLoaders$PlatformClassLoader@75dbb639
2024-10-04 08:24:29,632 DEBUG sun.rmi.runtime.Log$LoggerLog [RMI TCP Connection(1183)-127.0.0.1] RMI TCP Connection(1183)-127.0.0.1: name = "[B", codebase = "", defaultLoader = jdk.internal.loader.ClassLoaders$PlatformClassLoader@75dbb639
2024-10-04 08:24:29,632 DEBUG sun.rmi.runtime.Log$LoggerLog [RMI TCP Connection(1183)-127.0.0.1] RMI TCP Connection(1183)-127.0.0.1: name = "java.rmi.server.UID", codebase = "", defaultLoader = jdk.internal.loader.ClassLoaders$PlatformClassLoader@75dbb639
2024-10-04 08:24:30,267 DEBUG sun.rmi.runtime.Log$LoggerLog [RMI TCP Connection(1183)-127.0.0.1] RMI TCP Connection(1183)-127.0.0.1: (port 58565) op = 82
2024-10-04 08:24:30,269 DEBUG sun.rmi.runtime.Log$LoggerLog [RMI TCP Connection(1183)-127.0.0.1] RMI TCP Connection(1183)-127.0.0.1: (port 58565) op = 80
2024-10-04 08:24:30,270 DEBUG sun.util.logging.internal.LoggingProviderImpl$JULWrapper [RMI TCP Connection(1183)-127.0.0.1] connectionId=rmi://127.0.0.1  9
2024-10-04 08:24:49,089 DEBUG org.apache.juli.logging.DirectJDKLog [Catalina-utility-1] Start expire sessions StandardManager at 1728010489088 sessioncount 0
2024-10-04 08:24:49,091 DEBUG org.apache.juli.logging.DirectJDKLog [Catalina-utility-1] End expire sessions StandardManager processingTime 3 expired sessions: 0
2024-10-04 08:24:53,637 DEBUG com.zaxxer.hikari.pool.HikariPool [HikariPool-1 housekeeper] HikariPool-1 - Pool stats (total=10, active=0, idle=10, waiting=0)
2024-10-04 08:24:53,639 DEBUG com.zaxxer.hikari.pool.HikariPool [HikariPool-1 housekeeper] HikariPool-1 - Fill pool skipped, pool is at sufficient level.
2024-10-04 08:24:59,638 DEBUG sun.rmi.runtime.Log$LoggerLog [RMI TCP Connection(1183)-127.0.0.1] RMI TCP Connection(1183)-127.0.0.1: (port 58565) connection closed
2024-10-04 08:24:59,641 DEBUG sun.rmi.runtime.Log$LoggerLog [RMI TCP Connection(1183)-127.0.0.1] RMI TCP Connection(1183)-127.0.0.1: close connection, socket: Socket[addr=/127.0.0.1,port=58176,localport=58565]
2024-10-04 08:24:59,643 DEBUG sun.rmi.runtime.Log$LoggerLog [RMI TCP Connection(1183)-127.0.0.1] RMI TCP Connection(1183)-127.0.0.1: socket close: Socket[addr=/127.0.0.1,port=58176,localport=58565]
2024-10-04 08:25:23,654 DEBUG com.zaxxer.hikari.pool.HikariPool [HikariPool-1 housekeeper] HikariPool-1 - Pool stats (total=10, active=0, idle=10, waiting=0)
2024-10-04 08:25:23,656 DEBUG com.zaxxer.hikari.pool.HikariPool [HikariPool-1 housekeeper] HikariPool-1 - Fill pool skipped, pool is at sufficient level.
2024-10-04 08:25:30,288 DEBUG sun.rmi.runtime.Log$LoggerLog [RMI TCP Connection(1184)-127.0.0.1] RMI TCP Connection(1184)-127.0.0.1: accepted socket from [127.0.0.1:58232]
2024-10-04 08:25:30,292 DEBUG sun.rmi.runtime.Log$LoggerLog [RMI TCP Connection(1184)-127.0.0.1] RMI TCP Connection(1184)-127.0.0.1: (port 58565) op = 80
2024-10-04 08:25:30,295 DEBUG sun.util.logging.internal.LoggingProviderImpl$JULWrapper [RMI TCP Connection(1184)-127.0.0.1] connectionId=rmi://127.0.0.1  9
2024-10-04 09:34:36,264 DEBUG org.apache.juli.logging.DirectJDKLog [Catalina-utility-1] Start expire sessions StandardManager at 1728014676263 sessioncount 0
2024-10-04 09:34:44,082 DEBUG org.apache.juli.logging.DirectJDKLog [Catalina-utility-1] End expire sessions StandardManager processingTime 7810 expired sessions: 0
2024-10-04 09:34:41,209 DEBUG sun.rmi.runtime.Log$LoggerLog [RMI TCP Connection(1184)-127.0.0.1] RMI TCP Connection(1184)-127.0.0.1: (port 58565) connection closed
2024-10-04 09:34:44,091 DEBUG sun.rmi.runtime.Log$LoggerLog [RMI TCP Connection(1184)-127.0.0.1] RMI TCP Connection(1184)-127.0.0.1: close connection, socket: Socket[addr=/127.0.0.1,port=58232,localport=58565]
2024-10-04 09:34:44,095 DEBUG sun.rmi.runtime.Log$LoggerLog [RMI TCP Connection(1184)-127.0.0.1] RMI TCP Connection(1184)-127.0.0.1: socket close: Socket[addr=/127.0.0.1,port=58232,localport=58565]
2024-10-04 09:34:49,475 WARN com.zaxxer.hikari.pool.HikariPool$HouseKeeper [HikariPool-1 housekeeper] HikariPool-1 - Thread starvation or clock leap detected (housekeeper delta=1h9m25s824ms907µs100ns).
2024-10-04 09:34:49,572 DEBUG com.zaxxer.hikari.pool.HikariPool [HikariPool-1 housekeeper] HikariPool-1 - Pool stats (total=10, active=0, idle=10, waiting=0)
2024-10-04 09:34:49,573 DEBUG com.zaxxer.hikari.pool.HikariPool [HikariPool-1 housekeeper] HikariPool-1 - Fill pool skipped, pool is at sufficient level.
2024-10-04 09:34:49,574 DEBUG com.zaxxer.hikari.pool.HikariPool [HikariPool-1 housekeeper] HikariPool-1 - Add connection elided, waiting 0, queue 1
2024-10-04 09:34:49,575 DEBUG com.zaxxer.hikari.pool.HikariPool [HikariPool-1 housekeeper] HikariPool-1 - Add connection elided, waiting 0, queue 1
2024-10-04 09:34:49,575 DEBUG com.zaxxer.hikari.pool.HikariPool [HikariPool-1 housekeeper] HikariPool-1 - Add connection elided, waiting 0, queue 1
2024-10-04 09:34:49,575 DEBUG com.zaxxer.hikari.pool.HikariPool [HikariPool-1 housekeeper] HikariPool-1 - Add connection elided, waiting 0, queue 1
2024-10-04 09:34:49,576 DEBUG com.zaxxer.hikari.pool.HikariPool [HikariPool-1 housekeeper] HikariPool-1 - Add connection elided, waiting 0, queue 1
2024-10-04 09:34:49,577 DEBUG com.zaxxer.hikari.pool.HikariPool [HikariPool-1 housekeeper] HikariPool-1 - Add connection elided, waiting 0, queue 1
2024-10-04 09:34:49,578 DEBUG com.zaxxer.hikari.pool.HikariPool [HikariPool-1 housekeeper] HikariPool-1 - Add connection elided, waiting 0, queue 1
2024-10-04 09:34:49,578 DEBUG com.zaxxer.hikari.pool.HikariPool [HikariPool-1 housekeeper] HikariPool-1 - Add connection elided, waiting 0, queue 1
2024-10-04 09:34:49,628 DEBUG com.zaxxer.hikari.pool.PoolBase [HikariPool-1 connection closer] HikariPool-1 - Closing connection org.postgresql.jdbc.PgConnection@3b00b9af: (connection has passed maxLifetime)
2024-10-04 09:34:49,631 DEBUG org.postgresql.Driver [HikariPool-1 connection adder] Connecting with URL: jdbc:postgresql://database-1.cnaee60qc6yl.us-east-2.rds.amazonaws.com/clubdb
2024-10-04 09:34:49,632 DEBUG org.postgresql.jdbc.PgConnection [HikariPool-1 connection adder] PostgreSQL JDBC Driver 42.2.14
2024-10-04 09:34:49,634 DEBUG org.postgresql.jdbc.PgConnection [HikariPool-1 connection adder]   setDefaultFetchSize = 0
2024-10-04 09:34:49,635 DEBUG org.postgresql.jdbc.PgConnection [HikariPool-1 connection adder]   setPrepareThreshold = 5
2024-10-04 09:34:49,635 DEBUG org.postgresql.core.v3.ConnectionFactoryImpl [HikariPool-1 connection adder] Trying to establish a protocol version 3 connection to database-1.cnaee60qc6yl.us-east-2.rds.amazonaws.com:5432
2024-10-04 09:34:49,630 DEBUG com.zaxxer.hikari.pool.PoolBase [HikariPool-1 connection closer] HikariPool-1 - Closing connection org.postgresql.jdbc.PgConnection@6bb6aa48: (connection has passed maxLifetime)
2024-10-04 09:34:49,683 DEBUG com.zaxxer.hikari.pool.HikariPool [HikariPool-1 connection closer] HikariPool-1 - Fill pool skipped, pool is at sufficient level.
2024-10-04 09:34:49,683 DEBUG com.zaxxer.hikari.pool.PoolBase [HikariPool-1 connection closer] HikariPool-1 - Closing connection org.postgresql.jdbc.PgConnection@4eeccc1d: (connection has passed maxLifetime)
2024-10-04 09:34:51,237 DEBUG org.postgresql.core.v3.ConnectionFactoryImpl [HikariPool-1 connection adder] Receive Buffer Size is 65,536
2024-10-04 09:34:52,358 DEBUG com.zaxxer.hikari.pool.HikariPool [HikariPool-1 connection closer] HikariPool-1 - Fill pool skipped, pool is at sufficient level.
2024-10-04 09:34:52,359 DEBUG com.zaxxer.hikari.pool.PoolBase [HikariPool-1 connection closer] HikariPool-1 - Closing connection org.postgresql.jdbc.PgConnection@65715896: (connection has passed maxLifetime)
2024-10-04 09:34:52,358 DEBUG org.postgresql.core.v3.ConnectionFactoryImpl [HikariPool-1 connection adder] Send Buffer Size is 65,536
2024-10-04 09:34:52,359 DEBUG com.zaxxer.hikari.pool.HikariPool [HikariPool-1 connection closer] HikariPool-1 - Fill pool skipped, pool is at sufficient level.
2024-10-04 09:34:52,360 DEBUG com.zaxxer.hikari.pool.PoolBase [HikariPool-1 connection closer] HikariPool-1 - Closing connection org.postgresql.jdbc.PgConnection@3aafc109: (connection has passed maxLifetime)
2024-10-04 09:34:52,360 DEBUG com.zaxxer.hikari.pool.HikariPool [HikariPool-1 connection closer] HikariPool-1 - Fill pool skipped, pool is at sufficient level.
2024-10-04 09:34:52,361 DEBUG com.zaxxer.hikari.pool.PoolBase [HikariPool-1 connection closer] HikariPool-1 - Closing connection org.postgresql.jdbc.PgConnection@6f8933e6: (connection has passed maxLifetime)
2024-10-04 09:34:52,362 DEBUG com.zaxxer.hikari.pool.HikariPool [HikariPool-1 connection closer] HikariPool-1 - Fill pool skipped, pool is at sufficient level.
2024-10-04 09:34:52,362 DEBUG com.zaxxer.hikari.pool.PoolBase [HikariPool-1 connection closer] HikariPool-1 - Closing connection org.postgresql.jdbc.PgConnection@bee4ba4: (connection has passed maxLifetime)
2024-10-04 09:34:52,362 DEBUG com.zaxxer.hikari.pool.HikariPool [HikariPool-1 connection closer] HikariPool-1 - Fill pool skipped, pool is at sufficient level.
2024-10-04 09:34:52,363 DEBUG com.zaxxer.hikari.pool.PoolBase [HikariPool-1 connection closer] HikariPool-1 - Closing connection org.postgresql.jdbc.PgConnection@4414a76d: (connection has passed maxLifetime)
2024-10-04 09:34:52,364 DEBUG com.zaxxer.hikari.pool.HikariPool [HikariPool-1 connection closer] HikariPool-1 - Fill pool skipped, pool is at sufficient level.
2024-10-04 09:34:52,364 DEBUG com.zaxxer.hikari.pool.PoolBase [HikariPool-1 connection closer] HikariPool-1 - Closing connection org.postgresql.jdbc.PgConnection@6aa0aa7b: (connection has passed maxLifetime)
2024-10-04 09:34:52,365 DEBUG com.zaxxer.hikari.pool.HikariPool [HikariPool-1 connection closer] HikariPool-1 - Fill pool skipped, pool is at sufficient level.
2024-10-04 09:34:52,365 DEBUG com.zaxxer.hikari.pool.PoolBase [HikariPool-1 connection closer] HikariPool-1 - Closing connection org.postgresql.jdbc.PgConnection@4ad3419f: (connection has passed maxLifetime)
2024-10-04 09:34:52,365 DEBUG com.zaxxer.hikari.pool.HikariPool [HikariPool-1 connection closer] HikariPool-1 - Fill pool skipped, pool is at sufficient level.
2024-10-04 09:34:53,789 DEBUG org.postgresql.ssl.MakeSSL [HikariPool-1 connection adder] converting regular socket connection to ssl
2024-10-04 09:34:58,111 DEBUG sun.util.logging.internal.LoggingProviderImpl$JULWrapper [HikariPool-1 connection adder]  TLSHandshake: database-1.cnaee60qc6yl.us-east-2.rds.amazonaws.com:5432, TLSv1.3, TLS_AES_256_GCM_SHA384, -791690251
2024-10-04 09:35:19,583 DEBUG com.zaxxer.hikari.pool.HikariPool [HikariPool-1 housekeeper] HikariPool-1 - Pool stats (total=0, active=0, idle=0, waiting=0)
2024-10-04 09:35:19,584 DEBUG com.zaxxer.hikari.pool.HikariPool [HikariPool-1 housekeeper] HikariPool-1 - Fill pool skipped, pool is at sufficient level.
2024-10-04 09:35:26,077 DEBUG sun.rmi.runtime.Log$LoggerLog [RMI TCP Connection(1185)-127.0.0.1] RMI TCP Connection(1185)-127.0.0.1: accepted socket from [127.0.0.1:58501]
2024-10-04 09:35:26,078 DEBUG sun.rmi.runtime.Log$LoggerLog [RMI TCP Connection(1185)-127.0.0.1] RMI TCP Connection(1185)-127.0.0.1: (port 58565) op = 80
2024-10-04 09:35:26,078 DEBUG sun.util.logging.internal.LoggingProviderImpl$JULWrapper [RMI TCP Connection(1185)-127.0.0.1] connectionId=rmi://127.0.0.1  9
2024-10-04 09:35:41,082 DEBUG sun.rmi.runtime.Log$LoggerLog [RMI TCP Connection(1185)-127.0.0.1] RMI TCP Connection(1185)-127.0.0.1: (port 58565) connection closed
2024-10-04 09:35:41,083 DEBUG sun.rmi.runtime.Log$LoggerLog [RMI TCP Connection(1185)-127.0.0.1] RMI TCP Connection(1185)-127.0.0.1: close connection, socket: Socket[addr=/127.0.0.1,port=58501,localport=58565]
2024-10-04 09:35:41,083 DEBUG sun.rmi.runtime.Log$LoggerLog [RMI TCP Connection(1185)-127.0.0.1] RMI TCP Connection(1185)-127.0.0.1: socket close: Socket[addr=/127.0.0.1,port=58501,localport=58565]
2024-10-04 09:35:49,594 DEBUG com.zaxxer.hikari.pool.HikariPool [HikariPool-1 housekeeper] HikariPool-1 - Pool stats (total=0, active=0, idle=0, waiting=0)
2024-10-04 09:35:49,597 DEBUG com.zaxxer.hikari.pool.HikariPool [HikariPool-1 housekeeper] HikariPool-1 - Fill pool skipped, pool is at sufficient level.
2024-10-04 09:35:49,726 DEBUG org.apache.juli.logging.DirectJDKLog [Catalina-utility-2] Start expire sessions StandardManager at 1728014749713 sessioncount 0
2024-10-04 09:35:49,753 DEBUG org.apache.juli.logging.DirectJDKLog [Catalina-utility-2] End expire sessions StandardManager processingTime 38 expired sessions: 0
2024-10-04 09:35:51,183 DEBUG org.postgresql.Driver [HikariPool-1 connection adder] Connection error: 
org.postgresql.util.PSQLException: The connection attempt failed.
	at org.postgresql.core.v3.ConnectionFactoryImpl.openConnectionImpl(ConnectionFactoryImpl.java:297)
	at org.postgresql.core.ConnectionFactory.openConnection(ConnectionFactory.java:49)
	at org.postgresql.jdbc.PgConnection.<init>(PgConnection.java:217)
	at org.postgresql.Driver.makeConnection(Driver.java:458)
	at org.postgresql.Driver.connect(Driver.java:260)
	at com.zaxxer.hikari.util.DriverDataSource.getConnection(DriverDataSource.java:138)
	at com.zaxxer.hikari.pool.PoolBase.newConnection(PoolBase.java:358)
	at com.zaxxer.hikari.pool.PoolBase.newPoolEntry(PoolBase.java:206)
	at com.zaxxer.hikari.pool.HikariPool.createPoolEntry(HikariPool.java:477)
	at com.zaxxer.hikari.pool.HikariPool.access$100(HikariPool.java:71)
	at com.zaxxer.hikari.pool.HikariPool$PoolEntryCreator.call(HikariPool.java:725)
	at com.zaxxer.hikari.pool.HikariPool$PoolEntryCreator.call(HikariPool.java:711)
	at java.base/java.util.concurrent.FutureTask.run(FutureTask.java:264)
	at java.base/java.util.concurrent.ThreadPoolExecutor.runWorker(ThreadPoolExecutor.java:1136)
	at java.base/java.util.concurrent.ThreadPoolExecutor$Worker.run(ThreadPoolExecutor.java:635)
	at java.base/java.lang.Thread.run(Thread.java:833)
Caused by: java.net.SocketException: An established connection was aborted by the software in your host machine
	at java.base/sun.nio.ch.NioSocketImpl.implRead(NioSocketImpl.java:325)
	at java.base/sun.nio.ch.NioSocketImpl.read(NioSocketImpl.java:350)
	at java.base/sun.nio.ch.NioSocketImpl$1.read(NioSocketImpl.java:803)
	at java.base/java.net.Socket$SocketInputStream.read(Socket.java:966)
	at java.base/sun.security.ssl.SSLSocketInputRecord.read(SSLSocketInputRecord.java:484)
	at java.base/sun.security.ssl.SSLSocketInputRecord.readHeader(SSLSocketInputRecord.java:478)
	at java.base/sun.security.ssl.SSLSocketInputRecord.bytesInCompletePacket(SSLSocketInputRecord.java:70)
	at java.base/sun.security.ssl.SSLSocketImpl.readApplicationRecord(SSLSocketImpl.java:1465)
	at java.base/sun.security.ssl.SSLSocketImpl$AppInputStream.read(SSLSocketImpl.java:1069)
	at org.postgresql.core.VisibleBufferedInputStream.readMore(VisibleBufferedInputStream.java:161)
	at org.postgresql.core.VisibleBufferedInputStream.ensureBytes(VisibleBufferedInputStream.java:128)
	at org.postgresql.core.VisibleBufferedInputStream.ensureBytes(VisibleBufferedInputStream.java:113)
	at org.postgresql.core.VisibleBufferedInputStream.read(VisibleBufferedInputStream.java:73)
	at org.postgresql.core.PGStream.receiveChar(PGStream.java:370)
	at org.postgresql.core.v3.ConnectionFactoryImpl.doAuthentication(ConnectionFactoryImpl.java:510)
	at org.postgresql.core.v3.ConnectionFactoryImpl.tryConnect(ConnectionFactoryImpl.java:146)
	at org.postgresql.core.v3.ConnectionFactoryImpl.openConnectionImpl(ConnectionFactoryImpl.java:197)
	... 15 common frames omitted
2024-10-04 09:35:51,189 DEBUG com.zaxxer.hikari.pool.PoolBase [HikariPool-1 connection adder] HikariPool-1 - Failed to create/setup connection: The connection attempt failed.
2024-10-04 09:35:51,190 DEBUG com.zaxxer.hikari.pool.HikariPool [HikariPool-1 connection adder] HikariPool-1 - Cannot acquire connection from data source
org.postgresql.util.PSQLException: The connection attempt failed.
	at org.postgresql.core.v3.ConnectionFactoryImpl.openConnectionImpl(ConnectionFactoryImpl.java:297)
	at org.postgresql.core.ConnectionFactory.openConnection(ConnectionFactory.java:49)
	at org.postgresql.jdbc.PgConnection.<init>(PgConnection.java:217)
	at org.postgresql.Driver.makeConnection(Driver.java:458)
	at org.postgresql.Driver.connect(Driver.java:260)
	at com.zaxxer.hikari.util.DriverDataSource.getConnection(DriverDataSource.java:138)
	at com.zaxxer.hikari.pool.PoolBase.newConnection(PoolBase.java:358)
	at com.zaxxer.hikari.pool.PoolBase.newPoolEntry(PoolBase.java:206)
	at com.zaxxer.hikari.pool.HikariPool.createPoolEntry(HikariPool.java:477)
	at com.zaxxer.hikari.pool.HikariPool.access$100(HikariPool.java:71)
	at com.zaxxer.hikari.pool.HikariPool$PoolEntryCreator.call(HikariPool.java:725)
	at com.zaxxer.hikari.pool.HikariPool$PoolEntryCreator.call(HikariPool.java:711)
	at java.base/java.util.concurrent.FutureTask.run(FutureTask.java:264)
	at java.base/java.util.concurrent.ThreadPoolExecutor.runWorker(ThreadPoolExecutor.java:1136)
	at java.base/java.util.concurrent.ThreadPoolExecutor$Worker.run(ThreadPoolExecutor.java:635)
	at java.base/java.lang.Thread.run(Thread.java:833)
Caused by: java.net.SocketException: An established connection was aborted by the software in your host machine
	at java.base/sun.nio.ch.NioSocketImpl.implRead(NioSocketImpl.java:325)
	at java.base/sun.nio.ch.NioSocketImpl.read(NioSocketImpl.java:350)
	at java.base/sun.nio.ch.NioSocketImpl$1.read(NioSocketImpl.java:803)
	at java.base/java.net.Socket$SocketInputStream.read(Socket.java:966)
	at java.base/sun.security.ssl.SSLSocketInputRecord.read(SSLSocketInputRecord.java:484)
	at java.base/sun.security.ssl.SSLSocketInputRecord.readHeader(SSLSocketInputRecord.java:478)
	at java.base/sun.security.ssl.SSLSocketInputRecord.bytesInCompletePacket(SSLSocketInputRecord.java:70)
	at java.base/sun.security.ssl.SSLSocketImpl.readApplicationRecord(SSLSocketImpl.java:1465)
	at java.base/sun.security.ssl.SSLSocketImpl$AppInputStream.read(SSLSocketImpl.java:1069)
	at org.postgresql.core.VisibleBufferedInputStream.readMore(VisibleBufferedInputStream.java:161)
	at org.postgresql.core.VisibleBufferedInputStream.ensureBytes(VisibleBufferedInputStream.java:128)
	at org.postgresql.core.VisibleBufferedInputStream.ensureBytes(VisibleBufferedInputStream.java:113)
	at org.postgresql.core.VisibleBufferedInputStream.read(VisibleBufferedInputStream.java:73)
	at org.postgresql.core.PGStream.receiveChar(PGStream.java:370)
	at org.postgresql.core.v3.ConnectionFactoryImpl.doAuthentication(ConnectionFactoryImpl.java:510)
	at org.postgresql.core.v3.ConnectionFactoryImpl.tryConnect(ConnectionFactoryImpl.java:146)
	at org.postgresql.core.v3.ConnectionFactoryImpl.openConnectionImpl(ConnectionFactoryImpl.java:197)
	... 15 common frames omitted
2024-10-04 09:35:51,445 DEBUG org.postgresql.Driver [HikariPool-1 connection adder] Connecting with URL: jdbc:postgresql://database-1.cnaee60qc6yl.us-east-2.rds.amazonaws.com/clubdb
2024-10-04 09:35:51,460 DEBUG org.postgresql.jdbc.PgConnection [HikariPool-1 connection adder] PostgreSQL JDBC Driver 42.2.14
2024-10-04 09:35:51,461 DEBUG org.postgresql.jdbc.PgConnection [HikariPool-1 connection adder]   setDefaultFetchSize = 0
2024-10-04 09:35:51,461 DEBUG org.postgresql.jdbc.PgConnection [HikariPool-1 connection adder]   setPrepareThreshold = 5
2024-10-04 09:35:51,461 DEBUG org.postgresql.core.v3.ConnectionFactoryImpl [HikariPool-1 connection adder] Trying to establish a protocol version 3 connection to database-1.cnaee60qc6yl.us-east-2.rds.amazonaws.com:5432
2024-10-04 09:35:51,463 DEBUG org.postgresql.Driver [HikariPool-1 connection adder] Connection error: 
org.postgresql.util.PSQLException: The connection attempt failed.
	at org.postgresql.core.v3.ConnectionFactoryImpl.openConnectionImpl(ConnectionFactoryImpl.java:297)
	at org.postgresql.core.ConnectionFactory.openConnection(ConnectionFactory.java:49)
	at org.postgresql.jdbc.PgConnection.<init>(PgConnection.java:217)
	at org.postgresql.Driver.makeConnection(Driver.java:458)
	at org.postgresql.Driver.connect(Driver.java:260)
	at com.zaxxer.hikari.util.DriverDataSource.getConnection(DriverDataSource.java:138)
	at com.zaxxer.hikari.pool.PoolBase.newConnection(PoolBase.java:358)
	at com.zaxxer.hikari.pool.PoolBase.newPoolEntry(PoolBase.java:206)
	at com.zaxxer.hikari.pool.HikariPool.createPoolEntry(HikariPool.java:477)
	at com.zaxxer.hikari.pool.HikariPool.access$100(HikariPool.java:71)
	at com.zaxxer.hikari.pool.HikariPool$PoolEntryCreator.call(HikariPool.java:725)
	at com.zaxxer.hikari.pool.HikariPool$PoolEntryCreator.call(HikariPool.java:711)
	at java.base/java.util.concurrent.FutureTask.run(FutureTask.java:264)
	at java.base/java.util.concurrent.ThreadPoolExecutor.runWorker(ThreadPoolExecutor.java:1136)
	at java.base/java.util.concurrent.ThreadPoolExecutor$Worker.run(ThreadPoolExecutor.java:635)
	at java.base/java.lang.Thread.run(Thread.java:833)
Caused by: java.net.UnknownHostException: database-1.cnaee60qc6yl.us-east-2.rds.amazonaws.com
	at java.base/sun.nio.ch.NioSocketImpl.connect(NioSocketImpl.java:567)
	at java.base/java.net.SocksSocketImpl.connect(SocksSocketImpl.java:327)
	at java.base/java.net.Socket.connect(Socket.java:633)
	at org.postgresql.core.PGStream.<init>(PGStream.java:81)
	at org.postgresql.core.v3.ConnectionFactoryImpl.tryConnect(ConnectionFactoryImpl.java:93)
	at org.postgresql.core.v3.ConnectionFactoryImpl.openConnectionImpl(ConnectionFactoryImpl.java:197)
	... 15 common frames omitted
2024-10-04 09:35:51,464 DEBUG com.zaxxer.hikari.pool.HikariPool [HikariPool-1 connection adder] HikariPool-1 - Cannot acquire connection from data source
org.postgresql.util.PSQLException: The connection attempt failed.
	at org.postgresql.core.v3.ConnectionFactoryImpl.openConnectionImpl(ConnectionFactoryImpl.java:297)
	at org.postgresql.core.ConnectionFactory.openConnection(ConnectionFactory.java:49)
	at org.postgresql.jdbc.PgConnection.<init>(PgConnection.java:217)
	at org.postgresql.Driver.makeConnection(Driver.java:458)
	at org.postgresql.Driver.connect(Driver.java:260)
	at com.zaxxer.hikari.util.DriverDataSource.getConnection(DriverDataSource.java:138)
	at com.zaxxer.hikari.pool.PoolBase.newConnection(PoolBase.java:358)
	at com.zaxxer.hikari.pool.PoolBase.newPoolEntry(PoolBase.java:206)
	at com.zaxxer.hikari.pool.HikariPool.createPoolEntry(HikariPool.java:477)
	at com.zaxxer.hikari.pool.HikariPool.access$100(HikariPool.java:71)
	at com.zaxxer.hikari.pool.HikariPool$PoolEntryCreator.call(HikariPool.java:725)
	at com.zaxxer.hikari.pool.HikariPool$PoolEntryCreator.call(HikariPool.java:711)
	at java.base/java.util.concurrent.FutureTask.run(FutureTask.java:264)
	at java.base/java.util.concurrent.ThreadPoolExecutor.runWorker(ThreadPoolExecutor.java:1136)
	at java.base/java.util.concurrent.ThreadPoolExecutor$Worker.run(ThreadPoolExecutor.java:635)
	at java.base/java.lang.Thread.run(Thread.java:833)
Caused by: java.net.UnknownHostException: database-1.cnaee60qc6yl.us-east-2.rds.amazonaws.com
	at java.base/sun.nio.ch.NioSocketImpl.connect(NioSocketImpl.java:567)
	at java.base/java.net.SocksSocketImpl.connect(SocksSocketImpl.java:327)
	at java.base/java.net.Socket.connect(Socket.java:633)
	at org.postgresql.core.PGStream.<init>(PGStream.java:81)
	at org.postgresql.core.v3.ConnectionFactoryImpl.tryConnect(ConnectionFactoryImpl.java:93)
	at org.postgresql.core.v3.ConnectionFactoryImpl.openConnectionImpl(ConnectionFactoryImpl.java:197)
	... 15 common frames omitted
2024-10-04 09:35:52,313 DEBUG org.postgresql.Driver [HikariPool-1 connection adder] Connecting with URL: jdbc:postgresql://database-1.cnaee60qc6yl.us-east-2.rds.amazonaws.com/clubdb
2024-10-04 09:35:52,321 DEBUG org.postgresql.jdbc.PgConnection [HikariPool-1 connection adder] PostgreSQL JDBC Driver 42.2.14
2024-10-04 09:35:52,321 DEBUG org.postgresql.jdbc.PgConnection [HikariPool-1 connection adder]   setDefaultFetchSize = 0
2024-10-04 09:35:52,322 DEBUG org.postgresql.jdbc.PgConnection [HikariPool-1 connection adder]   setPrepareThreshold = 5
2024-10-04 09:35:52,322 DEBUG org.postgresql.core.v3.ConnectionFactoryImpl [HikariPool-1 connection adder] Trying to establish a protocol version 3 connection to database-1.cnaee60qc6yl.us-east-2.rds.amazonaws.com:5432
2024-10-04 09:35:52,323 DEBUG org.postgresql.Driver [HikariPool-1 connection adder] Connection error: 
org.postgresql.util.PSQLException: The connection attempt failed.
	at org.postgresql.core.v3.ConnectionFactoryImpl.openConnectionImpl(ConnectionFactoryImpl.java:297)
	at org.postgresql.core.ConnectionFactory.openConnection(ConnectionFactory.java:49)
	at org.postgresql.jdbc.PgConnection.<init>(PgConnection.java:217)
	at org.postgresql.Driver.makeConnection(Driver.java:458)
	at org.postgresql.Driver.connect(Driver.java:260)
	at com.zaxxer.hikari.util.DriverDataSource.getConnection(DriverDataSource.java:138)
	at com.zaxxer.hikari.pool.PoolBase.newConnection(PoolBase.java:358)
	at com.zaxxer.hikari.pool.PoolBase.newPoolEntry(PoolBase.java:206)
	at com.zaxxer.hikari.pool.HikariPool.createPoolEntry(HikariPool.java:477)
	at com.zaxxer.hikari.pool.HikariPool.access$100(HikariPool.java:71)
	at com.zaxxer.hikari.pool.HikariPool$PoolEntryCreator.call(HikariPool.java:725)
	at com.zaxxer.hikari.pool.HikariPool$PoolEntryCreator.call(HikariPool.java:711)
	at java.base/java.util.concurrent.FutureTask.run(FutureTask.java:264)
	at java.base/java.util.concurrent.ThreadPoolExecutor.runWorker(ThreadPoolExecutor.java:1136)
	at java.base/java.util.concurrent.ThreadPoolExecutor$Worker.run(ThreadPoolExecutor.java:635)
	at java.base/java.lang.Thread.run(Thread.java:833)
Caused by: java.net.UnknownHostException: database-1.cnaee60qc6yl.us-east-2.rds.amazonaws.com
	at java.base/sun.nio.ch.NioSocketImpl.connect(NioSocketImpl.java:567)
	at java.base/java.net.SocksSocketImpl.connect(SocksSocketImpl.java:327)
	at java.base/java.net.Socket.connect(Socket.java:633)
	at org.postgresql.core.PGStream.<init>(PGStream.java:81)
	at org.postgresql.core.v3.ConnectionFactoryImpl.tryConnect(ConnectionFactoryImpl.java:93)
	at org.postgresql.core.v3.ConnectionFactoryImpl.openConnectionImpl(ConnectionFactoryImpl.java:197)
	... 15 common frames omitted
2024-10-04 09:35:52,324 DEBUG com.zaxxer.hikari.pool.HikariPool [HikariPool-1 connection adder] HikariPool-1 - Cannot acquire connection from data source
org.postgresql.util.PSQLException: The connection attempt failed.
	at org.postgresql.core.v3.ConnectionFactoryImpl.openConnectionImpl(ConnectionFactoryImpl.java:297)
	at org.postgresql.core.ConnectionFactory.openConnection(ConnectionFactory.java:49)
	at org.postgresql.jdbc.PgConnection.<init>(PgConnection.java:217)
	at org.postgresql.Driver.makeConnection(Driver.java:458)
	at org.postgresql.Driver.connect(Driver.java:260)
	at com.zaxxer.hikari.util.DriverDataSource.getConnection(DriverDataSource.java:138)
	at com.zaxxer.hikari.pool.PoolBase.newConnection(PoolBase.java:358)
	at com.zaxxer.hikari.pool.PoolBase.newPoolEntry(PoolBase.java:206)
	at com.zaxxer.hikari.pool.HikariPool.createPoolEntry(HikariPool.java:477)
	at com.zaxxer.hikari.pool.HikariPool.access$100(HikariPool.java:71)
	at com.zaxxer.hikari.pool.HikariPool$PoolEntryCreator.call(HikariPool.java:725)
	at com.zaxxer.hikari.pool.HikariPool$PoolEntryCreator.call(HikariPool.java:711)
	at java.base/java.util.concurrent.FutureTask.run(FutureTask.java:264)
	at java.base/java.util.concurrent.ThreadPoolExecutor.runWorker(ThreadPoolExecutor.java:1136)
	at java.base/java.util.concurrent.ThreadPoolExecutor$Worker.run(ThreadPoolExecutor.java:635)
	at java.base/java.lang.Thread.run(Thread.java:833)
Caused by: java.net.UnknownHostException: database-1.cnaee60qc6yl.us-east-2.rds.amazonaws.com
	at java.base/sun.nio.ch.NioSocketImpl.connect(NioSocketImpl.java:567)
	at java.base/java.net.SocksSocketImpl.connect(SocksSocketImpl.java:327)
	at java.base/java.net.Socket.connect(Socket.java:633)
	at org.postgresql.core.PGStream.<init>(PGStream.java:81)
	at org.postgresql.core.v3.ConnectionFactoryImpl.tryConnect(ConnectionFactoryImpl.java:93)
	at org.postgresql.core.v3.ConnectionFactoryImpl.openConnectionImpl(ConnectionFactoryImpl.java:197)
	... 15 common frames omitted
2024-10-04 09:35:52,904 DEBUG org.postgresql.Driver [HikariPool-1 connection adder] Connecting with URL: jdbc:postgresql://database-1.cnaee60qc6yl.us-east-2.rds.amazonaws.com/clubdb
2024-10-04 09:35:52,904 DEBUG org.postgresql.jdbc.PgConnection [HikariPool-1 connection adder] PostgreSQL JDBC Driver 42.2.14
2024-10-04 09:35:52,908 DEBUG org.postgresql.jdbc.PgConnection [HikariPool-1 connection adder]   setDefaultFetchSize = 0
2024-10-04 09:35:52,908 DEBUG org.postgresql.jdbc.PgConnection [HikariPool-1 connection adder]   setPrepareThreshold = 5
2024-10-04 09:35:52,909 DEBUG org.postgresql.core.v3.ConnectionFactoryImpl [HikariPool-1 connection adder] Trying to establish a protocol version 3 connection to database-1.cnaee60qc6yl.us-east-2.rds.amazonaws.com:5432
2024-10-04 09:35:52,909 DEBUG org.postgresql.Driver [HikariPool-1 connection adder] Connection error: 
org.postgresql.util.PSQLException: The connection attempt failed.
	at org.postgresql.core.v3.ConnectionFactoryImpl.openConnectionImpl(ConnectionFactoryImpl.java:297)
	at org.postgresql.core.ConnectionFactory.openConnection(ConnectionFactory.java:49)
	at org.postgresql.jdbc.PgConnection.<init>(PgConnection.java:217)
	at org.postgresql.Driver.makeConnection(Driver.java:458)
	at org.postgresql.Driver.connect(Driver.java:260)
	at com.zaxxer.hikari.util.DriverDataSource.getConnection(DriverDataSource.java:138)
	at com.zaxxer.hikari.pool.PoolBase.newConnection(PoolBase.java:358)
	at com.zaxxer.hikari.pool.PoolBase.newPoolEntry(PoolBase.java:206)
	at com.zaxxer.hikari.pool.HikariPool.createPoolEntry(HikariPool.java:477)
	at com.zaxxer.hikari.pool.HikariPool.access$100(HikariPool.java:71)
	at com.zaxxer.hikari.pool.HikariPool$PoolEntryCreator.call(HikariPool.java:725)
	at com.zaxxer.hikari.pool.HikariPool$PoolEntryCreator.call(HikariPool.java:711)
	at java.base/java.util.concurrent.FutureTask.run(FutureTask.java:264)
	at java.base/java.util.concurrent.ThreadPoolExecutor.runWorker(ThreadPoolExecutor.java:1136)
	at java.base/java.util.concurrent.ThreadPoolExecutor$Worker.run(ThreadPoolExecutor.java:635)
	at java.base/java.lang.Thread.run(Thread.java:833)
Caused by: java.net.UnknownHostException: database-1.cnaee60qc6yl.us-east-2.rds.amazonaws.com
	at java.base/sun.nio.ch.NioSocketImpl.connect(NioSocketImpl.java:567)
	at java.base/java.net.SocksSocketImpl.connect(SocksSocketImpl.java:327)
	at java.base/java.net.Socket.connect(Socket.java:633)
	at org.postgresql.core.PGStream.<init>(PGStream.java:81)
	at org.postgresql.core.v3.ConnectionFactoryImpl.tryConnect(ConnectionFactoryImpl.java:93)
	at org.postgresql.core.v3.ConnectionFactoryImpl.openConnectionImpl(ConnectionFactoryImpl.java:197)
	... 15 common frames omitted
2024-10-04 09:35:52,911 DEBUG com.zaxxer.hikari.pool.HikariPool [HikariPool-1 connection adder] HikariPool-1 - Cannot acquire connection from data source
org.postgresql.util.PSQLException: The connection attempt failed.
	at org.postgresql.core.v3.ConnectionFactoryImpl.openConnectionImpl(ConnectionFactoryImpl.java:297)
	at org.postgresql.core.ConnectionFactory.openConnection(ConnectionFactory.java:49)
	at org.postgresql.jdbc.PgConnection.<init>(PgConnection.java:217)
	at org.postgresql.Driver.makeConnection(Driver.java:458)
	at org.postgresql.Driver.connect(Driver.java:260)
	at com.zaxxer.hikari.util.DriverDataSource.getConnection(DriverDataSource.java:138)
	at com.zaxxer.hikari.pool.PoolBase.newConnection(PoolBase.java:358)
	at com.zaxxer.hikari.pool.PoolBase.newPoolEntry(PoolBase.java:206)
	at com.zaxxer.hikari.pool.HikariPool.createPoolEntry(HikariPool.java:477)
	at com.zaxxer.hikari.pool.HikariPool.access$100(HikariPool.java:71)
	at com.zaxxer.hikari.pool.HikariPool$PoolEntryCreator.call(HikariPool.java:725)
	at com.zaxxer.hikari.pool.HikariPool$PoolEntryCreator.call(HikariPool.java:711)
	at java.base/java.util.concurrent.FutureTask.run(FutureTask.java:264)
	at java.base/java.util.concurrent.ThreadPoolExecutor.runWorker(ThreadPoolExecutor.java:1136)
	at java.base/java.util.concurrent.ThreadPoolExecutor$Worker.run(ThreadPoolExecutor.java:635)
	at java.base/java.lang.Thread.run(Thread.java:833)
Caused by: java.net.UnknownHostException: database-1.cnaee60qc6yl.us-east-2.rds.amazonaws.com
	at java.base/sun.nio.ch.NioSocketImpl.connect(NioSocketImpl.java:567)
	at java.base/java.net.SocksSocketImpl.connect(SocksSocketImpl.java:327)
	at java.base/java.net.Socket.connect(Socket.java:633)
	at org.postgresql.core.PGStream.<init>(PGStream.java:81)
	at org.postgresql.core.v3.ConnectionFactoryImpl.tryConnect(ConnectionFactoryImpl.java:93)
	at org.postgresql.core.v3.ConnectionFactoryImpl.openConnectionImpl(ConnectionFactoryImpl.java:197)
	... 15 common frames omitted
2024-10-04 09:35:53,878 DEBUG org.postgresql.Driver [HikariPool-1 connection adder] Connecting with URL: jdbc:postgresql://database-1.cnaee60qc6yl.us-east-2.rds.amazonaws.com/clubdb
2024-10-04 09:35:53,878 DEBUG org.postgresql.jdbc.PgConnection [HikariPool-1 connection adder] PostgreSQL JDBC Driver 42.2.14
2024-10-04 09:35:53,878 DEBUG org.postgresql.jdbc.PgConnection [HikariPool-1 connection adder]   setDefaultFetchSize = 0
2024-10-04 09:35:53,880 DEBUG org.postgresql.jdbc.PgConnection [HikariPool-1 connection adder]   setPrepareThreshold = 5
2024-10-04 09:35:53,880 DEBUG org.postgresql.core.v3.ConnectionFactoryImpl [HikariPool-1 connection adder] Trying to establish a protocol version 3 connection to database-1.cnaee60qc6yl.us-east-2.rds.amazonaws.com:5432
2024-10-04 09:35:53,881 DEBUG org.postgresql.Driver [HikariPool-1 connection adder] Connection error: 
org.postgresql.util.PSQLException: The connection attempt failed.
	at org.postgresql.core.v3.ConnectionFactoryImpl.openConnectionImpl(ConnectionFactoryImpl.java:297)
	at org.postgresql.core.ConnectionFactory.openConnection(ConnectionFactory.java:49)
	at org.postgresql.jdbc.PgConnection.<init>(PgConnection.java:217)
	at org.postgresql.Driver.makeConnection(Driver.java:458)
	at org.postgresql.Driver.connect(Driver.java:260)
	at com.zaxxer.hikari.util.DriverDataSource.getConnection(DriverDataSource.java:138)
	at com.zaxxer.hikari.pool.PoolBase.newConnection(PoolBase.java:358)
	at com.zaxxer.hikari.pool.PoolBase.newPoolEntry(PoolBase.java:206)
	at com.zaxxer.hikari.pool.HikariPool.createPoolEntry(HikariPool.java:477)
	at com.zaxxer.hikari.pool.HikariPool.access$100(HikariPool.java:71)
	at com.zaxxer.hikari.pool.HikariPool$PoolEntryCreator.call(HikariPool.java:725)
	at com.zaxxer.hikari.pool.HikariPool$PoolEntryCreator.call(HikariPool.java:711)
	at java.base/java.util.concurrent.FutureTask.run(FutureTask.java:264)
	at java.base/java.util.concurrent.ThreadPoolExecutor.runWorker(ThreadPoolExecutor.java:1136)
	at java.base/java.util.concurrent.ThreadPoolExecutor$Worker.run(ThreadPoolExecutor.java:635)
	at java.base/java.lang.Thread.run(Thread.java:833)
Caused by: java.net.UnknownHostException: database-1.cnaee60qc6yl.us-east-2.rds.amazonaws.com
	at java.base/sun.nio.ch.NioSocketImpl.connect(NioSocketImpl.java:567)
	at java.base/java.net.SocksSocketImpl.connect(SocksSocketImpl.java:327)
	at java.base/java.net.Socket.connect(Socket.java:633)
	at org.postgresql.core.PGStream.<init>(PGStream.java:81)
	at org.postgresql.core.v3.ConnectionFactoryImpl.tryConnect(ConnectionFactoryImpl.java:93)
	at org.postgresql.core.v3.ConnectionFactoryImpl.openConnectionImpl(ConnectionFactoryImpl.java:197)
	... 15 common frames omitted
2024-10-04 09:35:53,881 DEBUG com.zaxxer.hikari.pool.HikariPool [HikariPool-1 connection adder] HikariPool-1 - Cannot acquire connection from data source
org.postgresql.util.PSQLException: The connection attempt failed.
	at org.postgresql.core.v3.ConnectionFactoryImpl.openConnectionImpl(ConnectionFactoryImpl.java:297)
	at org.postgresql.core.ConnectionFactory.openConnection(ConnectionFactory.java:49)
	at org.postgresql.jdbc.PgConnection.<init>(PgConnection.java:217)
	at org.postgresql.Driver.makeConnection(Driver.java:458)
	at org.postgresql.Driver.connect(Driver.java:260)
	at com.zaxxer.hikari.util.DriverDataSource.getConnection(DriverDataSource.java:138)
	at com.zaxxer.hikari.pool.PoolBase.newConnection(PoolBase.java:358)
	at com.zaxxer.hikari.pool.PoolBase.newPoolEntry(PoolBase.java:206)
	at com.zaxxer.hikari.pool.HikariPool.createPoolEntry(HikariPool.java:477)
	at com.zaxxer.hikari.pool.HikariPool.access$100(HikariPool.java:71)
	at com.zaxxer.hikari.pool.HikariPool$PoolEntryCreator.call(HikariPool.java:725)
	at com.zaxxer.hikari.pool.HikariPool$PoolEntryCreator.call(HikariPool.java:711)
	at java.base/java.util.concurrent.FutureTask.run(FutureTask.java:264)
	at java.base/java.util.concurrent.ThreadPoolExecutor.runWorker(ThreadPoolExecutor.java:1136)
	at java.base/java.util.concurrent.ThreadPoolExecutor$Worker.run(ThreadPoolExecutor.java:635)
	at java.base/java.lang.Thread.run(Thread.java:833)
Caused by: java.net.UnknownHostException: database-1.cnaee60qc6yl.us-east-2.rds.amazonaws.com
	at java.base/sun.nio.ch.NioSocketImpl.connect(NioSocketImpl.java:567)
	at java.base/java.net.SocksSocketImpl.connect(SocksSocketImpl.java:327)
	at java.base/java.net.Socket.connect(Socket.java:633)
	at org.postgresql.core.PGStream.<init>(PGStream.java:81)
	at org.postgresql.core.v3.ConnectionFactoryImpl.tryConnect(ConnectionFactoryImpl.java:93)
	at org.postgresql.core.v3.ConnectionFactoryImpl.openConnectionImpl(ConnectionFactoryImpl.java:197)
	... 15 common frames omitted
2024-10-04 09:35:55,147 DEBUG org.postgresql.Driver [HikariPool-1 connection adder] Connecting with URL: jdbc:postgresql://database-1.cnaee60qc6yl.us-east-2.rds.amazonaws.com/clubdb
2024-10-04 09:35:55,147 DEBUG org.postgresql.jdbc.PgConnection [HikariPool-1 connection adder] PostgreSQL JDBC Driver 42.2.14
2024-10-04 09:35:55,148 DEBUG org.postgresql.jdbc.PgConnection [HikariPool-1 connection adder]   setDefaultFetchSize = 0
2024-10-04 09:35:55,148 DEBUG org.postgresql.jdbc.PgConnection [HikariPool-1 connection adder]   setPrepareThreshold = 5
2024-10-04 09:35:55,171 DEBUG org.postgresql.core.v3.ConnectionFactoryImpl [HikariPool-1 connection adder] Trying to establish a protocol version 3 connection to database-1.cnaee60qc6yl.us-east-2.rds.amazonaws.com:5432
2024-10-04 09:35:55,172 DEBUG org.postgresql.Driver [HikariPool-1 connection adder] Connection error: 
org.postgresql.util.PSQLException: The connection attempt failed.
	at org.postgresql.core.v3.ConnectionFactoryImpl.openConnectionImpl(ConnectionFactoryImpl.java:297)
	at org.postgresql.core.ConnectionFactory.openConnection(ConnectionFactory.java:49)
	at org.postgresql.jdbc.PgConnection.<init>(PgConnection.java:217)
	at org.postgresql.Driver.makeConnection(Driver.java:458)
	at org.postgresql.Driver.connect(Driver.java:260)
	at com.zaxxer.hikari.util.DriverDataSource.getConnection(DriverDataSource.java:138)
	at com.zaxxer.hikari.pool.PoolBase.newConnection(PoolBase.java:358)
	at com.zaxxer.hikari.pool.PoolBase.newPoolEntry(PoolBase.java:206)
	at com.zaxxer.hikari.pool.HikariPool.createPoolEntry(HikariPool.java:477)
	at com.zaxxer.hikari.pool.HikariPool.access$100(HikariPool.java:71)
	at com.zaxxer.hikari.pool.HikariPool$PoolEntryCreator.call(HikariPool.java:725)
	at com.zaxxer.hikari.pool.HikariPool$PoolEntryCreator.call(HikariPool.java:711)
	at java.base/java.util.concurrent.FutureTask.run(FutureTask.java:264)
	at java.base/java.util.concurrent.ThreadPoolExecutor.runWorker(ThreadPoolExecutor.java:1136)
	at java.base/java.util.concurrent.ThreadPoolExecutor$Worker.run(ThreadPoolExecutor.java:635)
	at java.base/java.lang.Thread.run(Thread.java:833)
Caused by: java.net.UnknownHostException: database-1.cnaee60qc6yl.us-east-2.rds.amazonaws.com
	at java.base/sun.nio.ch.NioSocketImpl.connect(NioSocketImpl.java:567)
	at java.base/java.net.SocksSocketImpl.connect(SocksSocketImpl.java:327)
	at java.base/java.net.Socket.connect(Socket.java:633)
	at org.postgresql.core.PGStream.<init>(PGStream.java:81)
	at org.postgresql.core.v3.ConnectionFactoryImpl.tryConnect(ConnectionFactoryImpl.java:93)
	at org.postgresql.core.v3.ConnectionFactoryImpl.openConnectionImpl(ConnectionFactoryImpl.java:197)
	... 15 common frames omitted
2024-10-04 09:35:55,172 DEBUG com.zaxxer.hikari.pool.HikariPool [HikariPool-1 connection adder] HikariPool-1 - Cannot acquire connection from data source
org.postgresql.util.PSQLException: The connection attempt failed.
	at org.postgresql.core.v3.ConnectionFactoryImpl.openConnectionImpl(ConnectionFactoryImpl.java:297)
	at org.postgresql.core.ConnectionFactory.openConnection(ConnectionFactory.java:49)
	at org.postgresql.jdbc.PgConnection.<init>(PgConnection.java:217)
	at org.postgresql.Driver.makeConnection(Driver.java:458)
	at org.postgresql.Driver.connect(Driver.java:260)
	at com.zaxxer.hikari.util.DriverDataSource.getConnection(DriverDataSource.java:138)
	at com.zaxxer.hikari.pool.PoolBase.newConnection(PoolBase.java:358)
	at com.zaxxer.hikari.pool.PoolBase.newPoolEntry(PoolBase.java:206)
	at com.zaxxer.hikari.pool.HikariPool.createPoolEntry(HikariPool.java:477)
	at com.zaxxer.hikari.pool.HikariPool.access$100(HikariPool.java:71)
	at com.zaxxer.hikari.pool.HikariPool$PoolEntryCreator.call(HikariPool.java:725)
	at com.zaxxer.hikari.pool.HikariPool$PoolEntryCreator.call(HikariPool.java:711)
	at java.base/java.util.concurrent.FutureTask.run(FutureTask.java:264)
	at java.base/java.util.concurrent.ThreadPoolExecutor.runWorker(ThreadPoolExecutor.java:1136)
	at java.base/java.util.concurrent.ThreadPoolExecutor$Worker.run(ThreadPoolExecutor.java:635)
	at java.base/java.lang.Thread.run(Thread.java:833)
Caused by: java.net.UnknownHostException: database-1.cnaee60qc6yl.us-east-2.rds.amazonaws.com
	at java.base/sun.nio.ch.NioSocketImpl.connect(NioSocketImpl.java:567)
	at java.base/java.net.SocksSocketImpl.connect(SocksSocketImpl.java:327)
	at java.base/java.net.Socket.connect(Socket.java:633)
	at org.postgresql.core.PGStream.<init>(PGStream.java:81)
	at org.postgresql.core.v3.ConnectionFactoryImpl.tryConnect(ConnectionFactoryImpl.java:93)
	at org.postgresql.core.v3.ConnectionFactoryImpl.openConnectionImpl(ConnectionFactoryImpl.java:197)
	... 15 common frames omitted
2024-10-04 09:35:57,070 DEBUG org.postgresql.Driver [HikariPool-1 connection adder] Connecting with URL: jdbc:postgresql://database-1.cnaee60qc6yl.us-east-2.rds.amazonaws.com/clubdb
2024-10-04 09:35:57,070 DEBUG org.postgresql.jdbc.PgConnection [HikariPool-1 connection adder] PostgreSQL JDBC Driver 42.2.14
2024-10-04 09:35:57,078 DEBUG org.postgresql.jdbc.PgConnection [HikariPool-1 connection adder]   setDefaultFetchSize = 0
2024-10-04 09:35:57,079 DEBUG org.postgresql.jdbc.PgConnection [HikariPool-1 connection adder]   setPrepareThreshold = 5
2024-10-04 09:35:57,079 DEBUG org.postgresql.core.v3.ConnectionFactoryImpl [HikariPool-1 connection adder] Trying to establish a protocol version 3 connection to database-1.cnaee60qc6yl.us-east-2.rds.amazonaws.com:5432
2024-10-04 09:35:57,079 DEBUG org.postgresql.Driver [HikariPool-1 connection adder] Connection error: 
org.postgresql.util.PSQLException: The connection attempt failed.
	at org.postgresql.core.v3.ConnectionFactoryImpl.openConnectionImpl(ConnectionFactoryImpl.java:297)
	at org.postgresql.core.ConnectionFactory.openConnection(ConnectionFactory.java:49)
	at org.postgresql.jdbc.PgConnection.<init>(PgConnection.java:217)
	at org.postgresql.Driver.makeConnection(Driver.java:458)
	at org.postgresql.Driver.connect(Driver.java:260)
	at com.zaxxer.hikari.util.DriverDataSource.getConnection(DriverDataSource.java:138)
	at com.zaxxer.hikari.pool.PoolBase.newConnection(PoolBase.java:358)
	at com.zaxxer.hikari.pool.PoolBase.newPoolEntry(PoolBase.java:206)
	at com.zaxxer.hikari.pool.HikariPool.createPoolEntry(HikariPool.java:477)
	at com.zaxxer.hikari.pool.HikariPool.access$100(HikariPool.java:71)
	at com.zaxxer.hikari.pool.HikariPool$PoolEntryCreator.call(HikariPool.java:725)
	at com.zaxxer.hikari.pool.HikariPool$PoolEntryCreator.call(HikariPool.java:711)
	at java.base/java.util.concurrent.FutureTask.run(FutureTask.java:264)
	at java.base/java.util.concurrent.ThreadPoolExecutor.runWorker(ThreadPoolExecutor.java:1136)
	at java.base/java.util.concurrent.ThreadPoolExecutor$Worker.run(ThreadPoolExecutor.java:635)
	at java.base/java.lang.Thread.run(Thread.java:833)
Caused by: java.net.UnknownHostException: database-1.cnaee60qc6yl.us-east-2.rds.amazonaws.com
	at java.base/sun.nio.ch.NioSocketImpl.connect(NioSocketImpl.java:567)
	at java.base/java.net.SocksSocketImpl.connect(SocksSocketImpl.java:327)
	at java.base/java.net.Socket.connect(Socket.java:633)
	at org.postgresql.core.PGStream.<init>(PGStream.java:81)
	at org.postgresql.core.v3.ConnectionFactoryImpl.tryConnect(ConnectionFactoryImpl.java:93)
	at org.postgresql.core.v3.ConnectionFactoryImpl.openConnectionImpl(ConnectionFactoryImpl.java:197)
	... 15 common frames omitted
2024-10-04 09:35:57,080 DEBUG com.zaxxer.hikari.pool.HikariPool [HikariPool-1 connection adder] HikariPool-1 - Cannot acquire connection from data source
org.postgresql.util.PSQLException: The connection attempt failed.
	at org.postgresql.core.v3.ConnectionFactoryImpl.openConnectionImpl(ConnectionFactoryImpl.java:297)
	at org.postgresql.core.ConnectionFactory.openConnection(ConnectionFactory.java:49)
	at org.postgresql.jdbc.PgConnection.<init>(PgConnection.java:217)
	at org.postgresql.Driver.makeConnection(Driver.java:458)
	at org.postgresql.Driver.connect(Driver.java:260)
	at com.zaxxer.hikari.util.DriverDataSource.getConnection(DriverDataSource.java:138)
	at com.zaxxer.hikari.pool.PoolBase.newConnection(PoolBase.java:358)
	at com.zaxxer.hikari.pool.PoolBase.newPoolEntry(PoolBase.java:206)
	at com.zaxxer.hikari.pool.HikariPool.createPoolEntry(HikariPool.java:477)
	at com.zaxxer.hikari.pool.HikariPool.access$100(HikariPool.java:71)
	at com.zaxxer.hikari.pool.HikariPool$PoolEntryCreator.call(HikariPool.java:725)
	at com.zaxxer.hikari.pool.HikariPool$PoolEntryCreator.call(HikariPool.java:711)
	at java.base/java.util.concurrent.FutureTask.run(FutureTask.java:264)
	at java.base/java.util.concurrent.ThreadPoolExecutor.runWorker(ThreadPoolExecutor.java:1136)
	at java.base/java.util.concurrent.ThreadPoolExecutor$Worker.run(ThreadPoolExecutor.java:635)
	at java.base/java.lang.Thread.run(Thread.java:833)
Caused by: java.net.UnknownHostException: database-1.cnaee60qc6yl.us-east-2.rds.amazonaws.com
	at java.base/sun.nio.ch.NioSocketImpl.connect(NioSocketImpl.java:567)
	at java.base/java.net.SocksSocketImpl.connect(SocksSocketImpl.java:327)
	at java.base/java.net.Socket.connect(Socket.java:633)
	at org.postgresql.core.PGStream.<init>(PGStream.java:81)
	at org.postgresql.core.v3.ConnectionFactoryImpl.tryConnect(ConnectionFactoryImpl.java:93)
	at org.postgresql.core.v3.ConnectionFactoryImpl.openConnectionImpl(ConnectionFactoryImpl.java:197)
	... 15 common frames omitted
2024-10-04 09:35:59,938 DEBUG org.postgresql.Driver [HikariPool-1 connection adder] Connecting with URL: jdbc:postgresql://database-1.cnaee60qc6yl.us-east-2.rds.amazonaws.com/clubdb
2024-10-04 09:35:59,938 DEBUG org.postgresql.jdbc.PgConnection [HikariPool-1 connection adder] PostgreSQL JDBC Driver 42.2.14
2024-10-04 09:35:59,938 DEBUG org.postgresql.jdbc.PgConnection [HikariPool-1 connection adder]   setDefaultFetchSize = 0
2024-10-04 09:35:59,939 DEBUG org.postgresql.jdbc.PgConnection [HikariPool-1 connection adder]   setPrepareThreshold = 5
2024-10-04 09:35:59,969 DEBUG org.postgresql.core.v3.ConnectionFactoryImpl [HikariPool-1 connection adder] Trying to establish a protocol version 3 connection to database-1.cnaee60qc6yl.us-east-2.rds.amazonaws.com:5432
2024-10-04 09:35:59,970 DEBUG org.postgresql.Driver [HikariPool-1 connection adder] Connection error: 
org.postgresql.util.PSQLException: The connection attempt failed.
	at org.postgresql.core.v3.ConnectionFactoryImpl.openConnectionImpl(ConnectionFactoryImpl.java:297)
	at org.postgresql.core.ConnectionFactory.openConnection(ConnectionFactory.java:49)
	at org.postgresql.jdbc.PgConnection.<init>(PgConnection.java:217)
	at org.postgresql.Driver.makeConnection(Driver.java:458)
	at org.postgresql.Driver.connect(Driver.java:260)
	at com.zaxxer.hikari.util.DriverDataSource.getConnection(DriverDataSource.java:138)
	at com.zaxxer.hikari.pool.PoolBase.newConnection(PoolBase.java:358)
	at com.zaxxer.hikari.pool.PoolBase.newPoolEntry(PoolBase.java:206)
	at com.zaxxer.hikari.pool.HikariPool.createPoolEntry(HikariPool.java:477)
	at com.zaxxer.hikari.pool.HikariPool.access$100(HikariPool.java:71)
	at com.zaxxer.hikari.pool.HikariPool$PoolEntryCreator.call(HikariPool.java:725)
	at com.zaxxer.hikari.pool.HikariPool$PoolEntryCreator.call(HikariPool.java:711)
	at java.base/java.util.concurrent.FutureTask.run(FutureTask.java:264)
	at java.base/java.util.concurrent.ThreadPoolExecutor.runWorker(ThreadPoolExecutor.java:1136)
	at java.base/java.util.concurrent.ThreadPoolExecutor$Worker.run(ThreadPoolExecutor.java:635)
	at java.base/java.lang.Thread.run(Thread.java:833)
Caused by: java.net.UnknownHostException: database-1.cnaee60qc6yl.us-east-2.rds.amazonaws.com
	at java.base/sun.nio.ch.NioSocketImpl.connect(NioSocketImpl.java:567)
	at java.base/java.net.SocksSocketImpl.connect(SocksSocketImpl.java:327)
	at java.base/java.net.Socket.connect(Socket.java:633)
	at org.postgresql.core.PGStream.<init>(PGStream.java:81)
	at org.postgresql.core.v3.ConnectionFactoryImpl.tryConnect(ConnectionFactoryImpl.java:93)
	at org.postgresql.core.v3.ConnectionFactoryImpl.openConnectionImpl(ConnectionFactoryImpl.java:197)
	... 15 common frames omitted
2024-10-04 09:35:59,970 DEBUG com.zaxxer.hikari.pool.HikariPool [HikariPool-1 connection adder] HikariPool-1 - Cannot acquire connection from data source
org.postgresql.util.PSQLException: The connection attempt failed.
	at org.postgresql.core.v3.ConnectionFactoryImpl.openConnectionImpl(ConnectionFactoryImpl.java:297)
	at org.postgresql.core.ConnectionFactory.openConnection(ConnectionFactory.java:49)
	at org.postgresql.jdbc.PgConnection.<init>(PgConnection.java:217)
	at org.postgresql.Driver.makeConnection(Driver.java:458)
	at org.postgresql.Driver.connect(Driver.java:260)
	at com.zaxxer.hikari.util.DriverDataSource.getConnection(DriverDataSource.java:138)
	at com.zaxxer.hikari.pool.PoolBase.newConnection(PoolBase.java:358)
	at com.zaxxer.hikari.pool.PoolBase.newPoolEntry(PoolBase.java:206)
	at com.zaxxer.hikari.pool.HikariPool.createPoolEntry(HikariPool.java:477)
	at com.zaxxer.hikari.pool.HikariPool.access$100(HikariPool.java:71)
	at com.zaxxer.hikari.pool.HikariPool$PoolEntryCreator.call(HikariPool.java:725)
	at com.zaxxer.hikari.pool.HikariPool$PoolEntryCreator.call(HikariPool.java:711)
	at java.base/java.util.concurrent.FutureTask.run(FutureTask.java:264)
	at java.base/java.util.concurrent.ThreadPoolExecutor.runWorker(ThreadPoolExecutor.java:1136)
	at java.base/java.util.concurrent.ThreadPoolExecutor$Worker.run(ThreadPoolExecutor.java:635)
	at java.base/java.lang.Thread.run(Thread.java:833)
Caused by: java.net.UnknownHostException: database-1.cnaee60qc6yl.us-east-2.rds.amazonaws.com
	at java.base/sun.nio.ch.NioSocketImpl.connect(NioSocketImpl.java:567)
	at java.base/java.net.SocksSocketImpl.connect(SocksSocketImpl.java:327)
	at java.base/java.net.Socket.connect(Socket.java:633)
	at org.postgresql.core.PGStream.<init>(PGStream.java:81)
	at org.postgresql.core.v3.ConnectionFactoryImpl.tryConnect(ConnectionFactoryImpl.java:93)
	at org.postgresql.core.v3.ConnectionFactoryImpl.openConnectionImpl(ConnectionFactoryImpl.java:197)
	... 15 common frames omitted
2024-10-04 09:36:04,237 DEBUG org.postgresql.Driver [HikariPool-1 connection adder] Connecting with URL: jdbc:postgresql://database-1.cnaee60qc6yl.us-east-2.rds.amazonaws.com/clubdb
2024-10-04 09:36:04,238 DEBUG org.postgresql.jdbc.PgConnection [HikariPool-1 connection adder] PostgreSQL JDBC Driver 42.2.14
2024-10-04 09:36:04,238 DEBUG org.postgresql.jdbc.PgConnection [HikariPool-1 connection adder]   setDefaultFetchSize = 0
2024-10-04 09:36:04,239 DEBUG org.postgresql.jdbc.PgConnection [HikariPool-1 connection adder]   setPrepareThreshold = 5
2024-10-04 09:36:04,239 DEBUG org.postgresql.core.v3.ConnectionFactoryImpl [HikariPool-1 connection adder] Trying to establish a protocol version 3 connection to database-1.cnaee60qc6yl.us-east-2.rds.amazonaws.com:5432
2024-10-04 09:36:16,335 DEBUG org.postgresql.Driver [HikariPool-1 connection adder] Connection error: 
org.postgresql.util.PSQLException: The connection attempt failed.
	at org.postgresql.core.v3.ConnectionFactoryImpl.openConnectionImpl(ConnectionFactoryImpl.java:297)
	at org.postgresql.core.ConnectionFactory.openConnection(ConnectionFactory.java:49)
	at org.postgresql.jdbc.PgConnection.<init>(PgConnection.java:217)
	at org.postgresql.Driver.makeConnection(Driver.java:458)
	at org.postgresql.Driver.connect(Driver.java:260)
	at com.zaxxer.hikari.util.DriverDataSource.getConnection(DriverDataSource.java:138)
	at com.zaxxer.hikari.pool.PoolBase.newConnection(PoolBase.java:358)
	at com.zaxxer.hikari.pool.PoolBase.newPoolEntry(PoolBase.java:206)
	at com.zaxxer.hikari.pool.HikariPool.createPoolEntry(HikariPool.java:477)
	at com.zaxxer.hikari.pool.HikariPool.access$100(HikariPool.java:71)
	at com.zaxxer.hikari.pool.HikariPool$PoolEntryCreator.call(HikariPool.java:725)
	at com.zaxxer.hikari.pool.HikariPool$PoolEntryCreator.call(HikariPool.java:711)
	at java.base/java.util.concurrent.FutureTask.run(FutureTask.java:264)
	at java.base/java.util.concurrent.ThreadPoolExecutor.runWorker(ThreadPoolExecutor.java:1136)
	at java.base/java.util.concurrent.ThreadPoolExecutor$Worker.run(ThreadPoolExecutor.java:635)
	at java.base/java.lang.Thread.run(Thread.java:833)
Caused by: java.net.UnknownHostException: database-1.cnaee60qc6yl.us-east-2.rds.amazonaws.com
	at java.base/sun.nio.ch.NioSocketImpl.connect(NioSocketImpl.java:567)
	at java.base/java.net.SocksSocketImpl.connect(SocksSocketImpl.java:327)
	at java.base/java.net.Socket.connect(Socket.java:633)
	at org.postgresql.core.PGStream.<init>(PGStream.java:81)
	at org.postgresql.core.v3.ConnectionFactoryImpl.tryConnect(ConnectionFactoryImpl.java:93)
	at org.postgresql.core.v3.ConnectionFactoryImpl.openConnectionImpl(ConnectionFactoryImpl.java:197)
	... 15 common frames omitted
2024-10-04 09:36:16,335 DEBUG com.zaxxer.hikari.pool.HikariPool [HikariPool-1 connection adder] HikariPool-1 - Cannot acquire connection from data source
org.postgresql.util.PSQLException: The connection attempt failed.
	at org.postgresql.core.v3.ConnectionFactoryImpl.openConnectionImpl(ConnectionFactoryImpl.java:297)
	at org.postgresql.core.ConnectionFactory.openConnection(ConnectionFactory.java:49)
	at org.postgresql.jdbc.PgConnection.<init>(PgConnection.java:217)
	at org.postgresql.Driver.makeConnection(Driver.java:458)
	at org.postgresql.Driver.connect(Driver.java:260)
	at com.zaxxer.hikari.util.DriverDataSource.getConnection(DriverDataSource.java:138)
	at com.zaxxer.hikari.pool.PoolBase.newConnection(PoolBase.java:358)
	at com.zaxxer.hikari.pool.PoolBase.newPoolEntry(PoolBase.java:206)
	at com.zaxxer.hikari.pool.HikariPool.createPoolEntry(HikariPool.java:477)
	at com.zaxxer.hikari.pool.HikariPool.access$100(HikariPool.java:71)
	at com.zaxxer.hikari.pool.HikariPool$PoolEntryCreator.call(HikariPool.java:725)
	at com.zaxxer.hikari.pool.HikariPool$PoolEntryCreator.call(HikariPool.java:711)
	at java.base/java.util.concurrent.FutureTask.run(FutureTask.java:264)
	at java.base/java.util.concurrent.ThreadPoolExecutor.runWorker(ThreadPoolExecutor.java:1136)
	at java.base/java.util.concurrent.ThreadPoolExecutor$Worker.run(ThreadPoolExecutor.java:635)
	at java.base/java.lang.Thread.run(Thread.java:833)
Caused by: java.net.UnknownHostException: database-1.cnaee60qc6yl.us-east-2.rds.amazonaws.com
	at java.base/sun.nio.ch.NioSocketImpl.connect(NioSocketImpl.java:567)
	at java.base/java.net.SocksSocketImpl.connect(SocksSocketImpl.java:327)
	at java.base/java.net.Socket.connect(Socket.java:633)
	at org.postgresql.core.PGStream.<init>(PGStream.java:81)
	at org.postgresql.core.v3.ConnectionFactoryImpl.tryConnect(ConnectionFactoryImpl.java:93)
	at org.postgresql.core.v3.ConnectionFactoryImpl.openConnectionImpl(ConnectionFactoryImpl.java:197)
	... 15 common frames omitted
2024-10-04 09:36:19,601 DEBUG com.zaxxer.hikari.pool.HikariPool [HikariPool-1 housekeeper] HikariPool-1 - Pool stats (total=0, active=0, idle=0, waiting=0)
2024-10-04 09:36:19,602 DEBUG com.zaxxer.hikari.pool.HikariPool [HikariPool-1 housekeeper] HikariPool-1 - Fill pool skipped, pool is at sufficient level.
2024-10-04 09:36:22,736 DEBUG org.postgresql.Driver [HikariPool-1 connection adder] Connecting with URL: jdbc:postgresql://database-1.cnaee60qc6yl.us-east-2.rds.amazonaws.com/clubdb
2024-10-04 09:36:22,737 DEBUG org.postgresql.jdbc.PgConnection [HikariPool-1 connection adder] PostgreSQL JDBC Driver 42.2.14
2024-10-04 09:36:22,737 DEBUG org.postgresql.jdbc.PgConnection [HikariPool-1 connection adder]   setDefaultFetchSize = 0
2024-10-04 09:36:22,737 DEBUG org.postgresql.jdbc.PgConnection [HikariPool-1 connection adder]   setPrepareThreshold = 5
2024-10-04 09:36:22,738 DEBUG org.postgresql.core.v3.ConnectionFactoryImpl [HikariPool-1 connection adder] Trying to establish a protocol version 3 connection to database-1.cnaee60qc6yl.us-east-2.rds.amazonaws.com:5432
2024-10-04 09:36:22,741 DEBUG org.postgresql.Driver [HikariPool-1 connection adder] Connection error: 
org.postgresql.util.PSQLException: The connection attempt failed.
	at org.postgresql.core.v3.ConnectionFactoryImpl.openConnectionImpl(ConnectionFactoryImpl.java:297)
	at org.postgresql.core.ConnectionFactory.openConnection(ConnectionFactory.java:49)
	at org.postgresql.jdbc.PgConnection.<init>(PgConnection.java:217)
	at org.postgresql.Driver.makeConnection(Driver.java:458)
	at org.postgresql.Driver.connect(Driver.java:260)
	at com.zaxxer.hikari.util.DriverDataSource.getConnection(DriverDataSource.java:138)
	at com.zaxxer.hikari.pool.PoolBase.newConnection(PoolBase.java:358)
	at com.zaxxer.hikari.pool.PoolBase.newPoolEntry(PoolBase.java:206)
	at com.zaxxer.hikari.pool.HikariPool.createPoolEntry(HikariPool.java:477)
	at com.zaxxer.hikari.pool.HikariPool.access$100(HikariPool.java:71)
	at com.zaxxer.hikari.pool.HikariPool$PoolEntryCreator.call(HikariPool.java:725)
	at com.zaxxer.hikari.pool.HikariPool$PoolEntryCreator.call(HikariPool.java:711)
	at java.base/java.util.concurrent.FutureTask.run(FutureTask.java:264)
	at java.base/java.util.concurrent.ThreadPoolExecutor.runWorker(ThreadPoolExecutor.java:1136)
	at java.base/java.util.concurrent.ThreadPoolExecutor$Worker.run(ThreadPoolExecutor.java:635)
	at java.base/java.lang.Thread.run(Thread.java:833)
Caused by: java.net.UnknownHostException: database-1.cnaee60qc6yl.us-east-2.rds.amazonaws.com
	at java.base/sun.nio.ch.NioSocketImpl.connect(NioSocketImpl.java:567)
	at java.base/java.net.SocksSocketImpl.connect(SocksSocketImpl.java:327)
	at java.base/java.net.Socket.connect(Socket.java:633)
	at org.postgresql.core.PGStream.<init>(PGStream.java:81)
	at org.postgresql.core.v3.ConnectionFactoryImpl.tryConnect(ConnectionFactoryImpl.java:93)
	at org.postgresql.core.v3.ConnectionFactoryImpl.openConnectionImpl(ConnectionFactoryImpl.java:197)
	... 15 common frames omitted
2024-10-04 09:36:22,741 DEBUG com.zaxxer.hikari.pool.HikariPool [HikariPool-1 connection adder] HikariPool-1 - Cannot acquire connection from data source
org.postgresql.util.PSQLException: The connection attempt failed.
	at org.postgresql.core.v3.ConnectionFactoryImpl.openConnectionImpl(ConnectionFactoryImpl.java:297)
	at org.postgresql.core.ConnectionFactory.openConnection(ConnectionFactory.java:49)
	at org.postgresql.jdbc.PgConnection.<init>(PgConnection.java:217)
	at org.postgresql.Driver.makeConnection(Driver.java:458)
	at org.postgresql.Driver.connect(Driver.java:260)
	at com.zaxxer.hikari.util.DriverDataSource.getConnection(DriverDataSource.java:138)
	at com.zaxxer.hikari.pool.PoolBase.newConnection(PoolBase.java:358)
	at com.zaxxer.hikari.pool.PoolBase.newPoolEntry(PoolBase.java:206)
	at com.zaxxer.hikari.pool.HikariPool.createPoolEntry(HikariPool.java:477)
	at com.zaxxer.hikari.pool.HikariPool.access$100(HikariPool.java:71)
	at com.zaxxer.hikari.pool.HikariPool$PoolEntryCreator.call(HikariPool.java:725)
	at com.zaxxer.hikari.pool.HikariPool$PoolEntryCreator.call(HikariPool.java:711)
	at java.base/java.util.concurrent.FutureTask.run(FutureTask.java:264)
	at java.base/java.util.concurrent.ThreadPoolExecutor.runWorker(ThreadPoolExecutor.java:1136)
	at java.base/java.util.concurrent.ThreadPoolExecutor$Worker.run(ThreadPoolExecutor.java:635)
	at java.base/java.lang.Thread.run(Thread.java:833)
Caused by: java.net.UnknownHostException: database-1.cnaee60qc6yl.us-east-2.rds.amazonaws.com
	at java.base/sun.nio.ch.NioSocketImpl.connect(NioSocketImpl.java:567)
	at java.base/java.net.SocksSocketImpl.connect(SocksSocketImpl.java:327)
	at java.base/java.net.Socket.connect(Socket.java:633)
	at org.postgresql.core.PGStream.<init>(PGStream.java:81)
	at org.postgresql.core.v3.ConnectionFactoryImpl.tryConnect(ConnectionFactoryImpl.java:93)
	at org.postgresql.core.v3.ConnectionFactoryImpl.openConnectionImpl(ConnectionFactoryImpl.java:197)
	... 15 common frames omitted
2024-10-04 09:36:26,089 DEBUG sun.rmi.runtime.Log$LoggerLog [RMI TCP Connection(1186)-127.0.0.1] RMI TCP Connection(1186)-127.0.0.1: accepted socket from [127.0.0.1:65417]
2024-10-04 09:36:26,090 DEBUG sun.rmi.runtime.Log$LoggerLog [RMI TCP Connection(1186)-127.0.0.1] RMI TCP Connection(1186)-127.0.0.1: (port 58565) op = 80
2024-10-04 09:36:26,091 DEBUG sun.util.logging.internal.LoggingProviderImpl$JULWrapper [RMI TCP Connection(1186)-127.0.0.1] connectionId=rmi://127.0.0.1  9
2024-10-04 09:36:32,341 DEBUG org.postgresql.Driver [HikariPool-1 connection adder] Connecting with URL: jdbc:postgresql://database-1.cnaee60qc6yl.us-east-2.rds.amazonaws.com/clubdb
2024-10-04 09:36:32,342 DEBUG org.postgresql.jdbc.PgConnection [HikariPool-1 connection adder] PostgreSQL JDBC Driver 42.2.14
2024-10-04 09:36:32,342 DEBUG org.postgresql.jdbc.PgConnection [HikariPool-1 connection adder]   setDefaultFetchSize = 0
2024-10-04 09:36:32,342 DEBUG org.postgresql.jdbc.PgConnection [HikariPool-1 connection adder]   setPrepareThreshold = 5
2024-10-04 09:36:32,343 DEBUG org.postgresql.core.v3.ConnectionFactoryImpl [HikariPool-1 connection adder] Trying to establish a protocol version 3 connection to database-1.cnaee60qc6yl.us-east-2.rds.amazonaws.com:5432
2024-10-04 09:36:41,093 DEBUG sun.rmi.runtime.Log$LoggerLog [RMI TCP Connection(1186)-127.0.0.1] RMI TCP Connection(1186)-127.0.0.1: (port 58565) connection closed
2024-10-04 09:36:41,095 DEBUG sun.rmi.runtime.Log$LoggerLog [RMI TCP Connection(1186)-127.0.0.1] RMI TCP Connection(1186)-127.0.0.1: close connection, socket: Socket[addr=/127.0.0.1,port=65417,localport=58565]
2024-10-04 09:36:41,096 DEBUG sun.rmi.runtime.Log$LoggerLog [RMI TCP Connection(1186)-127.0.0.1] RMI TCP Connection(1186)-127.0.0.1: socket close: Socket[addr=/127.0.0.1,port=65417,localport=58565]
2024-10-04 09:36:44,381 DEBUG org.postgresql.Driver [HikariPool-1 connection adder] Connection error: 
org.postgresql.util.PSQLException: The connection attempt failed.
	at org.postgresql.core.v3.ConnectionFactoryImpl.openConnectionImpl(ConnectionFactoryImpl.java:297)
	at org.postgresql.core.ConnectionFactory.openConnection(ConnectionFactory.java:49)
	at org.postgresql.jdbc.PgConnection.<init>(PgConnection.java:217)
	at org.postgresql.Driver.makeConnection(Driver.java:458)
	at org.postgresql.Driver.connect(Driver.java:260)
	at com.zaxxer.hikari.util.DriverDataSource.getConnection(DriverDataSource.java:138)
	at com.zaxxer.hikari.pool.PoolBase.newConnection(PoolBase.java:358)
	at com.zaxxer.hikari.pool.PoolBase.newPoolEntry(PoolBase.java:206)
	at com.zaxxer.hikari.pool.HikariPool.createPoolEntry(HikariPool.java:477)
	at com.zaxxer.hikari.pool.HikariPool.access$100(HikariPool.java:71)
	at com.zaxxer.hikari.pool.HikariPool$PoolEntryCreator.call(HikariPool.java:725)
	at com.zaxxer.hikari.pool.HikariPool$PoolEntryCreator.call(HikariPool.java:711)
	at java.base/java.util.concurrent.FutureTask.run(FutureTask.java:264)
	at java.base/java.util.concurrent.ThreadPoolExecutor.runWorker(ThreadPoolExecutor.java:1136)
	at java.base/java.util.concurrent.ThreadPoolExecutor$Worker.run(ThreadPoolExecutor.java:635)
	at java.base/java.lang.Thread.run(Thread.java:833)
Caused by: java.net.UnknownHostException: database-1.cnaee60qc6yl.us-east-2.rds.amazonaws.com
	at java.base/sun.nio.ch.NioSocketImpl.connect(NioSocketImpl.java:567)
	at java.base/java.net.SocksSocketImpl.connect(SocksSocketImpl.java:327)
	at java.base/java.net.Socket.connect(Socket.java:633)
	at org.postgresql.core.PGStream.<init>(PGStream.java:81)
	at org.postgresql.core.v3.ConnectionFactoryImpl.tryConnect(ConnectionFactoryImpl.java:93)
	at org.postgresql.core.v3.ConnectionFactoryImpl.openConnectionImpl(ConnectionFactoryImpl.java:197)
	... 15 common frames omitted
2024-10-04 09:36:44,382 DEBUG com.zaxxer.hikari.pool.HikariPool [HikariPool-1 connection adder] HikariPool-1 - Cannot acquire connection from data source
org.postgresql.util.PSQLException: The connection attempt failed.
	at org.postgresql.core.v3.ConnectionFactoryImpl.openConnectionImpl(ConnectionFactoryImpl.java:297)
	at org.postgresql.core.ConnectionFactory.openConnection(ConnectionFactory.java:49)
	at org.postgresql.jdbc.PgConnection.<init>(PgConnection.java:217)
	at org.postgresql.Driver.makeConnection(Driver.java:458)
	at org.postgresql.Driver.connect(Driver.java:260)
	at com.zaxxer.hikari.util.DriverDataSource.getConnection(DriverDataSource.java:138)
	at com.zaxxer.hikari.pool.PoolBase.newConnection(PoolBase.java:358)
	at com.zaxxer.hikari.pool.PoolBase.newPoolEntry(PoolBase.java:206)
	at com.zaxxer.hikari.pool.HikariPool.createPoolEntry(HikariPool.java:477)
	at com.zaxxer.hikari.pool.HikariPool.access$100(HikariPool.java:71)
	at com.zaxxer.hikari.pool.HikariPool$PoolEntryCreator.call(HikariPool.java:725)
	at com.zaxxer.hikari.pool.HikariPool$PoolEntryCreator.call(HikariPool.java:711)
	at java.base/java.util.concurrent.FutureTask.run(FutureTask.java:264)
	at java.base/java.util.concurrent.ThreadPoolExecutor.runWorker(ThreadPoolExecutor.java:1136)
	at java.base/java.util.concurrent.ThreadPoolExecutor$Worker.run(ThreadPoolExecutor.java:635)
	at java.base/java.lang.Thread.run(Thread.java:833)
Caused by: java.net.UnknownHostException: database-1.cnaee60qc6yl.us-east-2.rds.amazonaws.com
	at java.base/sun.nio.ch.NioSocketImpl.connect(NioSocketImpl.java:567)
	at java.base/java.net.SocksSocketImpl.connect(SocksSocketImpl.java:327)
	at java.base/java.net.Socket.connect(Socket.java:633)
	at org.postgresql.core.PGStream.<init>(PGStream.java:81)
	at org.postgresql.core.v3.ConnectionFactoryImpl.tryConnect(ConnectionFactoryImpl.java:93)
	at org.postgresql.core.v3.ConnectionFactoryImpl.openConnectionImpl(ConnectionFactoryImpl.java:197)
	... 15 common frames omitted
2024-10-04 09:36:49,617 DEBUG com.zaxxer.hikari.pool.HikariPool [HikariPool-1 housekeeper] HikariPool-1 - Pool stats (total=0, active=0, idle=0, waiting=0)
2024-10-04 09:36:49,618 DEBUG com.zaxxer.hikari.pool.HikariPool [HikariPool-1 housekeeper] HikariPool-1 - Fill pool skipped, pool is at sufficient level.
2024-10-04 09:36:49,997 DEBUG org.apache.juli.logging.DirectJDKLog [Catalina-utility-1] Start expire sessions StandardManager at 1728014809997 sessioncount 0
2024-10-04 09:36:49,998 DEBUG org.apache.juli.logging.DirectJDKLog [Catalina-utility-1] End expire sessions StandardManager processingTime 1 expired sessions: 0
2024-10-04 09:36:54,394 DEBUG org.postgresql.Driver [HikariPool-1 connection adder] Connecting with URL: jdbc:postgresql://database-1.cnaee60qc6yl.us-east-2.rds.amazonaws.com/clubdb
2024-10-04 09:36:54,395 DEBUG org.postgresql.jdbc.PgConnection [HikariPool-1 connection adder] PostgreSQL JDBC Driver 42.2.14
2024-10-04 09:36:54,395 DEBUG org.postgresql.jdbc.PgConnection [HikariPool-1 connection adder]   setDefaultFetchSize = 0
2024-10-04 09:36:54,395 DEBUG org.postgresql.jdbc.PgConnection [HikariPool-1 connection adder]   setPrepareThreshold = 5
2024-10-04 09:36:54,396 DEBUG org.postgresql.core.v3.ConnectionFactoryImpl [HikariPool-1 connection adder] Trying to establish a protocol version 3 connection to database-1.cnaee60qc6yl.us-east-2.rds.amazonaws.com:5432
2024-10-04 09:36:54,397 DEBUG org.postgresql.Driver [HikariPool-1 connection adder] Connection error: 
org.postgresql.util.PSQLException: The connection attempt failed.
	at org.postgresql.core.v3.ConnectionFactoryImpl.openConnectionImpl(ConnectionFactoryImpl.java:297)
	at org.postgresql.core.ConnectionFactory.openConnection(ConnectionFactory.java:49)
	at org.postgresql.jdbc.PgConnection.<init>(PgConnection.java:217)
	at org.postgresql.Driver.makeConnection(Driver.java:458)
	at org.postgresql.Driver.connect(Driver.java:260)
	at com.zaxxer.hikari.util.DriverDataSource.getConnection(DriverDataSource.java:138)
	at com.zaxxer.hikari.pool.PoolBase.newConnection(PoolBase.java:358)
	at com.zaxxer.hikari.pool.PoolBase.newPoolEntry(PoolBase.java:206)
	at com.zaxxer.hikari.pool.HikariPool.createPoolEntry(HikariPool.java:477)
	at com.zaxxer.hikari.pool.HikariPool.access$100(HikariPool.java:71)
	at com.zaxxer.hikari.pool.HikariPool$PoolEntryCreator.call(HikariPool.java:725)
	at com.zaxxer.hikari.pool.HikariPool$PoolEntryCreator.call(HikariPool.java:711)
	at java.base/java.util.concurrent.FutureTask.run(FutureTask.java:264)
	at java.base/java.util.concurrent.ThreadPoolExecutor.runWorker(ThreadPoolExecutor.java:1136)
	at java.base/java.util.concurrent.ThreadPoolExecutor$Worker.run(ThreadPoolExecutor.java:635)
	at java.base/java.lang.Thread.run(Thread.java:833)
Caused by: java.net.UnknownHostException: database-1.cnaee60qc6yl.us-east-2.rds.amazonaws.com
	at java.base/sun.nio.ch.NioSocketImpl.connect(NioSocketImpl.java:567)
	at java.base/java.net.SocksSocketImpl.connect(SocksSocketImpl.java:327)
	at java.base/java.net.Socket.connect(Socket.java:633)
	at org.postgresql.core.PGStream.<init>(PGStream.java:81)
	at org.postgresql.core.v3.ConnectionFactoryImpl.tryConnect(ConnectionFactoryImpl.java:93)
	at org.postgresql.core.v3.ConnectionFactoryImpl.openConnectionImpl(ConnectionFactoryImpl.java:197)
	... 15 common frames omitted
2024-10-04 09:36:54,397 DEBUG com.zaxxer.hikari.pool.HikariPool [HikariPool-1 connection adder] HikariPool-1 - Cannot acquire connection from data source
org.postgresql.util.PSQLException: The connection attempt failed.
	at org.postgresql.core.v3.ConnectionFactoryImpl.openConnectionImpl(ConnectionFactoryImpl.java:297)
	at org.postgresql.core.ConnectionFactory.openConnection(ConnectionFactory.java:49)
	at org.postgresql.jdbc.PgConnection.<init>(PgConnection.java:217)
	at org.postgresql.Driver.makeConnection(Driver.java:458)
	at org.postgresql.Driver.connect(Driver.java:260)
	at com.zaxxer.hikari.util.DriverDataSource.getConnection(DriverDataSource.java:138)
	at com.zaxxer.hikari.pool.PoolBase.newConnection(PoolBase.java:358)
	at com.zaxxer.hikari.pool.PoolBase.newPoolEntry(PoolBase.java:206)
	at com.zaxxer.hikari.pool.HikariPool.createPoolEntry(HikariPool.java:477)
	at com.zaxxer.hikari.pool.HikariPool.access$100(HikariPool.java:71)
	at com.zaxxer.hikari.pool.HikariPool$PoolEntryCreator.call(HikariPool.java:725)
	at com.zaxxer.hikari.pool.HikariPool$PoolEntryCreator.call(HikariPool.java:711)
	at java.base/java.util.concurrent.FutureTask.run(FutureTask.java:264)
	at java.base/java.util.concurrent.ThreadPoolExecutor.runWorker(ThreadPoolExecutor.java:1136)
	at java.base/java.util.concurrent.ThreadPoolExecutor$Worker.run(ThreadPoolExecutor.java:635)
	at java.base/java.lang.Thread.run(Thread.java:833)
Caused by: java.net.UnknownHostException: database-1.cnaee60qc6yl.us-east-2.rds.amazonaws.com
	at java.base/sun.nio.ch.NioSocketImpl.connect(NioSocketImpl.java:567)
	at java.base/java.net.SocksSocketImpl.connect(SocksSocketImpl.java:327)
	at java.base/java.net.Socket.connect(Socket.java:633)
	at org.postgresql.core.PGStream.<init>(PGStream.java:81)
	at org.postgresql.core.v3.ConnectionFactoryImpl.tryConnect(ConnectionFactoryImpl.java:93)
	at org.postgresql.core.v3.ConnectionFactoryImpl.openConnectionImpl(ConnectionFactoryImpl.java:197)
	... 15 common frames omitted
2024-10-04 09:37:04,402 DEBUG org.postgresql.Driver [HikariPool-1 connection adder] Connecting with URL: jdbc:postgresql://database-1.cnaee60qc6yl.us-east-2.rds.amazonaws.com/clubdb
2024-10-04 09:37:04,403 DEBUG org.postgresql.jdbc.PgConnection [HikariPool-1 connection adder] PostgreSQL JDBC Driver 42.2.14
2024-10-04 09:37:04,404 DEBUG org.postgresql.jdbc.PgConnection [HikariPool-1 connection adder]   setDefaultFetchSize = 0
2024-10-04 09:37:04,404 DEBUG org.postgresql.jdbc.PgConnection [HikariPool-1 connection adder]   setPrepareThreshold = 5
2024-10-04 09:37:04,404 DEBUG org.postgresql.core.v3.ConnectionFactoryImpl [HikariPool-1 connection adder] Trying to establish a protocol version 3 connection to database-1.cnaee60qc6yl.us-east-2.rds.amazonaws.com:5432
2024-10-04 09:37:04,406 DEBUG org.postgresql.Driver [HikariPool-1 connection adder] Connection error: 
org.postgresql.util.PSQLException: The connection attempt failed.
	at org.postgresql.core.v3.ConnectionFactoryImpl.openConnectionImpl(ConnectionFactoryImpl.java:297)
	at org.postgresql.core.ConnectionFactory.openConnection(ConnectionFactory.java:49)
	at org.postgresql.jdbc.PgConnection.<init>(PgConnection.java:217)
	at org.postgresql.Driver.makeConnection(Driver.java:458)
	at org.postgresql.Driver.connect(Driver.java:260)
	at com.zaxxer.hikari.util.DriverDataSource.getConnection(DriverDataSource.java:138)
	at com.zaxxer.hikari.pool.PoolBase.newConnection(PoolBase.java:358)
	at com.zaxxer.hikari.pool.PoolBase.newPoolEntry(PoolBase.java:206)
	at com.zaxxer.hikari.pool.HikariPool.createPoolEntry(HikariPool.java:477)
	at com.zaxxer.hikari.pool.HikariPool.access$100(HikariPool.java:71)
	at com.zaxxer.hikari.pool.HikariPool$PoolEntryCreator.call(HikariPool.java:725)
	at com.zaxxer.hikari.pool.HikariPool$PoolEntryCreator.call(HikariPool.java:711)
	at java.base/java.util.concurrent.FutureTask.run(FutureTask.java:264)
	at java.base/java.util.concurrent.ThreadPoolExecutor.runWorker(ThreadPoolExecutor.java:1136)
	at java.base/java.util.concurrent.ThreadPoolExecutor$Worker.run(ThreadPoolExecutor.java:635)
	at java.base/java.lang.Thread.run(Thread.java:833)
Caused by: java.net.UnknownHostException: database-1.cnaee60qc6yl.us-east-2.rds.amazonaws.com
	at java.base/sun.nio.ch.NioSocketImpl.connect(NioSocketImpl.java:567)
	at java.base/java.net.SocksSocketImpl.connect(SocksSocketImpl.java:327)
	at java.base/java.net.Socket.connect(Socket.java:633)
	at org.postgresql.core.PGStream.<init>(PGStream.java:81)
	at org.postgresql.core.v3.ConnectionFactoryImpl.tryConnect(ConnectionFactoryImpl.java:93)
	at org.postgresql.core.v3.ConnectionFactoryImpl.openConnectionImpl(ConnectionFactoryImpl.java:197)
	... 15 common frames omitted
2024-10-04 09:37:04,407 DEBUG com.zaxxer.hikari.pool.HikariPool [HikariPool-1 connection adder] HikariPool-1 - Cannot acquire connection from data source
org.postgresql.util.PSQLException: The connection attempt failed.
	at org.postgresql.core.v3.ConnectionFactoryImpl.openConnectionImpl(ConnectionFactoryImpl.java:297)
	at org.postgresql.core.ConnectionFactory.openConnection(ConnectionFactory.java:49)
	at org.postgresql.jdbc.PgConnection.<init>(PgConnection.java:217)
	at org.postgresql.Driver.makeConnection(Driver.java:458)
	at org.postgresql.Driver.connect(Driver.java:260)
	at com.zaxxer.hikari.util.DriverDataSource.getConnection(DriverDataSource.java:138)
	at com.zaxxer.hikari.pool.PoolBase.newConnection(PoolBase.java:358)
	at com.zaxxer.hikari.pool.PoolBase.newPoolEntry(PoolBase.java:206)
	at com.zaxxer.hikari.pool.HikariPool.createPoolEntry(HikariPool.java:477)
	at com.zaxxer.hikari.pool.HikariPool.access$100(HikariPool.java:71)
	at com.zaxxer.hikari.pool.HikariPool$PoolEntryCreator.call(HikariPool.java:725)
	at com.zaxxer.hikari.pool.HikariPool$PoolEntryCreator.call(HikariPool.java:711)
	at java.base/java.util.concurrent.FutureTask.run(FutureTask.java:264)
	at java.base/java.util.concurrent.ThreadPoolExecutor.runWorker(ThreadPoolExecutor.java:1136)
	at java.base/java.util.concurrent.ThreadPoolExecutor$Worker.run(ThreadPoolExecutor.java:635)
	at java.base/java.lang.Thread.run(Thread.java:833)
Caused by: java.net.UnknownHostException: database-1.cnaee60qc6yl.us-east-2.rds.amazonaws.com
	at java.base/sun.nio.ch.NioSocketImpl.connect(NioSocketImpl.java:567)
	at java.base/java.net.SocksSocketImpl.connect(SocksSocketImpl.java:327)
	at java.base/java.net.Socket.connect(Socket.java:633)
	at org.postgresql.core.PGStream.<init>(PGStream.java:81)
	at org.postgresql.core.v3.ConnectionFactoryImpl.tryConnect(ConnectionFactoryImpl.java:93)
	at org.postgresql.core.v3.ConnectionFactoryImpl.openConnectionImpl(ConnectionFactoryImpl.java:197)
	... 15 common frames omitted
2024-10-04 09:37:14,417 DEBUG org.postgresql.Driver [HikariPool-1 connection adder] Connecting with URL: jdbc:postgresql://database-1.cnaee60qc6yl.us-east-2.rds.amazonaws.com/clubdb
2024-10-04 09:37:14,420 DEBUG org.postgresql.jdbc.PgConnection [HikariPool-1 connection adder] PostgreSQL JDBC Driver 42.2.14
2024-10-04 09:37:14,423 DEBUG org.postgresql.jdbc.PgConnection [HikariPool-1 connection adder]   setDefaultFetchSize = 0
2024-10-04 09:37:14,424 DEBUG org.postgresql.jdbc.PgConnection [HikariPool-1 connection adder]   setPrepareThreshold = 5
2024-10-04 09:37:14,425 DEBUG org.postgresql.core.v3.ConnectionFactoryImpl [HikariPool-1 connection adder] Trying to establish a protocol version 3 connection to database-1.cnaee60qc6yl.us-east-2.rds.amazonaws.com:5432
2024-10-04 09:37:19,634 DEBUG com.zaxxer.hikari.pool.HikariPool [HikariPool-1 housekeeper] HikariPool-1 - Pool stats (total=0, active=0, idle=0, waiting=0)
2024-10-04 09:37:19,637 DEBUG com.zaxxer.hikari.pool.HikariPool [HikariPool-1 housekeeper] HikariPool-1 - Fill pool skipped, pool is at sufficient level.
2024-10-04 09:37:26,121 DEBUG sun.rmi.runtime.Log$LoggerLog [RMI TCP Connection(1187)-127.0.0.1] RMI TCP Connection(1187)-127.0.0.1: accepted socket from [127.0.0.1:63636]
2024-10-04 09:37:26,128 DEBUG sun.rmi.runtime.Log$LoggerLog [RMI TCP Connection(1187)-127.0.0.1] RMI TCP Connection(1187)-127.0.0.1: (port 58565) op = 80
2024-10-04 09:37:26,130 DEBUG sun.util.logging.internal.LoggingProviderImpl$JULWrapper [RMI TCP Connection(1187)-127.0.0.1] connectionId=rmi://127.0.0.1  9
2024-10-04 09:37:26,477 DEBUG org.postgresql.Driver [HikariPool-1 connection adder] Connection error: 
org.postgresql.util.PSQLException: The connection attempt failed.
	at org.postgresql.core.v3.ConnectionFactoryImpl.openConnectionImpl(ConnectionFactoryImpl.java:297)
	at org.postgresql.core.ConnectionFactory.openConnection(ConnectionFactory.java:49)
	at org.postgresql.jdbc.PgConnection.<init>(PgConnection.java:217)
	at org.postgresql.Driver.makeConnection(Driver.java:458)
	at org.postgresql.Driver.connect(Driver.java:260)
	at com.zaxxer.hikari.util.DriverDataSource.getConnection(DriverDataSource.java:138)
	at com.zaxxer.hikari.pool.PoolBase.newConnection(PoolBase.java:358)
	at com.zaxxer.hikari.pool.PoolBase.newPoolEntry(PoolBase.java:206)
	at com.zaxxer.hikari.pool.HikariPool.createPoolEntry(HikariPool.java:477)
	at com.zaxxer.hikari.pool.HikariPool.access$100(HikariPool.java:71)
	at com.zaxxer.hikari.pool.HikariPool$PoolEntryCreator.call(HikariPool.java:725)
	at com.zaxxer.hikari.pool.HikariPool$PoolEntryCreator.call(HikariPool.java:711)
	at java.base/java.util.concurrent.FutureTask.run(FutureTask.java:264)
	at java.base/java.util.concurrent.ThreadPoolExecutor.runWorker(ThreadPoolExecutor.java:1136)
	at java.base/java.util.concurrent.ThreadPoolExecutor$Worker.run(ThreadPoolExecutor.java:635)
	at java.base/java.lang.Thread.run(Thread.java:833)
Caused by: java.net.UnknownHostException: database-1.cnaee60qc6yl.us-east-2.rds.amazonaws.com
	at java.base/sun.nio.ch.NioSocketImpl.connect(NioSocketImpl.java:567)
	at java.base/java.net.SocksSocketImpl.connect(SocksSocketImpl.java:327)
	at java.base/java.net.Socket.connect(Socket.java:633)
	at org.postgresql.core.PGStream.<init>(PGStream.java:81)
	at org.postgresql.core.v3.ConnectionFactoryImpl.tryConnect(ConnectionFactoryImpl.java:93)
	at org.postgresql.core.v3.ConnectionFactoryImpl.openConnectionImpl(ConnectionFactoryImpl.java:197)
	... 15 common frames omitted
2024-10-04 09:37:26,479 DEBUG com.zaxxer.hikari.pool.HikariPool [HikariPool-1 connection adder] HikariPool-1 - Cannot acquire connection from data source
org.postgresql.util.PSQLException: The connection attempt failed.
	at org.postgresql.core.v3.ConnectionFactoryImpl.openConnectionImpl(ConnectionFactoryImpl.java:297)
	at org.postgresql.core.ConnectionFactory.openConnection(ConnectionFactory.java:49)
	at org.postgresql.jdbc.PgConnection.<init>(PgConnection.java:217)
	at org.postgresql.Driver.makeConnection(Driver.java:458)
	at org.postgresql.Driver.connect(Driver.java:260)
	at com.zaxxer.hikari.util.DriverDataSource.getConnection(DriverDataSource.java:138)
	at com.zaxxer.hikari.pool.PoolBase.newConnection(PoolBase.java:358)
	at com.zaxxer.hikari.pool.PoolBase.newPoolEntry(PoolBase.java:206)
	at com.zaxxer.hikari.pool.HikariPool.createPoolEntry(HikariPool.java:477)
	at com.zaxxer.hikari.pool.HikariPool.access$100(HikariPool.java:71)
	at com.zaxxer.hikari.pool.HikariPool$PoolEntryCreator.call(HikariPool.java:725)
	at com.zaxxer.hikari.pool.HikariPool$PoolEntryCreator.call(HikariPool.java:711)
	at java.base/java.util.concurrent.FutureTask.run(FutureTask.java:264)
	at java.base/java.util.concurrent.ThreadPoolExecutor.runWorker(ThreadPoolExecutor.java:1136)
	at java.base/java.util.concurrent.ThreadPoolExecutor$Worker.run(ThreadPoolExecutor.java:635)
	at java.base/java.lang.Thread.run(Thread.java:833)
Caused by: java.net.UnknownHostException: database-1.cnaee60qc6yl.us-east-2.rds.amazonaws.com
	at java.base/sun.nio.ch.NioSocketImpl.connect(NioSocketImpl.java:567)
	at java.base/java.net.SocksSocketImpl.connect(SocksSocketImpl.java:327)
	at java.base/java.net.Socket.connect(Socket.java:633)
	at org.postgresql.core.PGStream.<init>(PGStream.java:81)
	at org.postgresql.core.v3.ConnectionFactoryImpl.tryConnect(ConnectionFactoryImpl.java:93)
	at org.postgresql.core.v3.ConnectionFactoryImpl.openConnectionImpl(ConnectionFactoryImpl.java:197)
	... 15 common frames omitted
2024-10-04 09:37:36,483 DEBUG org.postgresql.Driver [HikariPool-1 connection adder] Connecting with URL: jdbc:postgresql://database-1.cnaee60qc6yl.us-east-2.rds.amazonaws.com/clubdb
2024-10-04 09:37:36,505 DEBUG org.postgresql.jdbc.PgConnection [HikariPool-1 connection adder] PostgreSQL JDBC Driver 42.2.14
2024-10-04 09:37:36,507 DEBUG org.postgresql.jdbc.PgConnection [HikariPool-1 connection adder]   setDefaultFetchSize = 0
2024-10-04 09:37:36,507 DEBUG org.postgresql.jdbc.PgConnection [HikariPool-1 connection adder]   setPrepareThreshold = 5
2024-10-04 09:37:36,509 DEBUG org.postgresql.core.v3.ConnectionFactoryImpl [HikariPool-1 connection adder] Trying to establish a protocol version 3 connection to database-1.cnaee60qc6yl.us-east-2.rds.amazonaws.com:5432
2024-10-04 09:37:36,536 DEBUG org.postgresql.Driver [HikariPool-1 connection adder] Connection error: 
org.postgresql.util.PSQLException: The connection attempt failed.
	at org.postgresql.core.v3.ConnectionFactoryImpl.openConnectionImpl(ConnectionFactoryImpl.java:297)
	at org.postgresql.core.ConnectionFactory.openConnection(ConnectionFactory.java:49)
	at org.postgresql.jdbc.PgConnection.<init>(PgConnection.java:217)
	at org.postgresql.Driver.makeConnection(Driver.java:458)
	at org.postgresql.Driver.connect(Driver.java:260)
	at com.zaxxer.hikari.util.DriverDataSource.getConnection(DriverDataSource.java:138)
	at com.zaxxer.hikari.pool.PoolBase.newConnection(PoolBase.java:358)
	at com.zaxxer.hikari.pool.PoolBase.newPoolEntry(PoolBase.java:206)
	at com.zaxxer.hikari.pool.HikariPool.createPoolEntry(HikariPool.java:477)
	at com.zaxxer.hikari.pool.HikariPool.access$100(HikariPool.java:71)
	at com.zaxxer.hikari.pool.HikariPool$PoolEntryCreator.call(HikariPool.java:725)
	at com.zaxxer.hikari.pool.HikariPool$PoolEntryCreator.call(HikariPool.java:711)
	at java.base/java.util.concurrent.FutureTask.run(FutureTask.java:264)
	at java.base/java.util.concurrent.ThreadPoolExecutor.runWorker(ThreadPoolExecutor.java:1136)
	at java.base/java.util.concurrent.ThreadPoolExecutor$Worker.run(ThreadPoolExecutor.java:635)
	at java.base/java.lang.Thread.run(Thread.java:833)
Caused by: java.net.UnknownHostException: database-1.cnaee60qc6yl.us-east-2.rds.amazonaws.com
	at java.base/sun.nio.ch.NioSocketImpl.connect(NioSocketImpl.java:567)
	at java.base/java.net.SocksSocketImpl.connect(SocksSocketImpl.java:327)
	at java.base/java.net.Socket.connect(Socket.java:633)
	at org.postgresql.core.PGStream.<init>(PGStream.java:81)
	at org.postgresql.core.v3.ConnectionFactoryImpl.tryConnect(ConnectionFactoryImpl.java:93)
	at org.postgresql.core.v3.ConnectionFactoryImpl.openConnectionImpl(ConnectionFactoryImpl.java:197)
	... 15 common frames omitted
2024-10-04 09:37:36,537 DEBUG com.zaxxer.hikari.pool.HikariPool [HikariPool-1 connection adder] HikariPool-1 - Cannot acquire connection from data source
org.postgresql.util.PSQLException: The connection attempt failed.
	at org.postgresql.core.v3.ConnectionFactoryImpl.openConnectionImpl(ConnectionFactoryImpl.java:297)
	at org.postgresql.core.ConnectionFactory.openConnection(ConnectionFactory.java:49)
	at org.postgresql.jdbc.PgConnection.<init>(PgConnection.java:217)
	at org.postgresql.Driver.makeConnection(Driver.java:458)
	at org.postgresql.Driver.connect(Driver.java:260)
	at com.zaxxer.hikari.util.DriverDataSource.getConnection(DriverDataSource.java:138)
	at com.zaxxer.hikari.pool.PoolBase.newConnection(PoolBase.java:358)
	at com.zaxxer.hikari.pool.PoolBase.newPoolEntry(PoolBase.java:206)
	at com.zaxxer.hikari.pool.HikariPool.createPoolEntry(HikariPool.java:477)
	at com.zaxxer.hikari.pool.HikariPool.access$100(HikariPool.java:71)
	at com.zaxxer.hikari.pool.HikariPool$PoolEntryCreator.call(HikariPool.java:725)
	at com.zaxxer.hikari.pool.HikariPool$PoolEntryCreator.call(HikariPool.java:711)
	at java.base/java.util.concurrent.FutureTask.run(FutureTask.java:264)
	at java.base/java.util.concurrent.ThreadPoolExecutor.runWorker(ThreadPoolExecutor.java:1136)
	at java.base/java.util.concurrent.ThreadPoolExecutor$Worker.run(ThreadPoolExecutor.java:635)
	at java.base/java.lang.Thread.run(Thread.java:833)
Caused by: java.net.UnknownHostException: database-1.cnaee60qc6yl.us-east-2.rds.amazonaws.com
	at java.base/sun.nio.ch.NioSocketImpl.connect(NioSocketImpl.java:567)
	at java.base/java.net.SocksSocketImpl.connect(SocksSocketImpl.java:327)
	at java.base/java.net.Socket.connect(Socket.java:633)
	at org.postgresql.core.PGStream.<init>(PGStream.java:81)
	at org.postgresql.core.v3.ConnectionFactoryImpl.tryConnect(ConnectionFactoryImpl.java:93)
	at org.postgresql.core.v3.ConnectionFactoryImpl.openConnectionImpl(ConnectionFactoryImpl.java:197)
	... 15 common frames omitted
2024-10-04 09:37:41,135 DEBUG sun.rmi.runtime.Log$LoggerLog [RMI TCP Connection(1187)-127.0.0.1] RMI TCP Connection(1187)-127.0.0.1: (port 58565) connection closed
2024-10-04 09:37:41,136 DEBUG sun.rmi.runtime.Log$LoggerLog [RMI TCP Connection(1187)-127.0.0.1] RMI TCP Connection(1187)-127.0.0.1: close connection, socket: Socket[addr=/127.0.0.1,port=63636,localport=58565]
2024-10-04 09:37:41,136 DEBUG sun.rmi.runtime.Log$LoggerLog [RMI TCP Connection(1187)-127.0.0.1] RMI TCP Connection(1187)-127.0.0.1: socket close: Socket[addr=/127.0.0.1,port=63636,localport=58565]
2024-10-04 09:37:46,547 DEBUG org.postgresql.Driver [HikariPool-1 connection adder] Connecting with URL: jdbc:postgresql://database-1.cnaee60qc6yl.us-east-2.rds.amazonaws.com/clubdb
2024-10-04 09:37:46,548 DEBUG org.postgresql.jdbc.PgConnection [HikariPool-1 connection adder] PostgreSQL JDBC Driver 42.2.14
2024-10-04 09:37:46,548 DEBUG org.postgresql.jdbc.PgConnection [HikariPool-1 connection adder]   setDefaultFetchSize = 0
2024-10-04 09:37:46,548 DEBUG org.postgresql.jdbc.PgConnection [HikariPool-1 connection adder]   setPrepareThreshold = 5
2024-10-04 09:37:46,548 DEBUG org.postgresql.core.v3.ConnectionFactoryImpl [HikariPool-1 connection adder] Trying to establish a protocol version 3 connection to database-1.cnaee60qc6yl.us-east-2.rds.amazonaws.com:5432
2024-10-04 09:37:49,640 DEBUG com.zaxxer.hikari.pool.HikariPool [HikariPool-1 housekeeper] HikariPool-1 - Pool stats (total=0, active=0, idle=0, waiting=0)
2024-10-04 09:37:49,643 DEBUG com.zaxxer.hikari.pool.HikariPool [HikariPool-1 housekeeper] HikariPool-1 - Fill pool skipped, pool is at sufficient level.
2024-10-04 09:37:50,060 DEBUG org.apache.juli.logging.DirectJDKLog [Catalina-utility-2] Start expire sessions StandardManager at 1728014870060 sessioncount 0
2024-10-04 09:37:50,065 DEBUG org.apache.juli.logging.DirectJDKLog [Catalina-utility-2] End expire sessions StandardManager processingTime 4 expired sessions: 0
2024-10-04 09:37:58,585 DEBUG org.postgresql.Driver [HikariPool-1 connection adder] Connection error: 
org.postgresql.util.PSQLException: The connection attempt failed.
	at org.postgresql.core.v3.ConnectionFactoryImpl.openConnectionImpl(ConnectionFactoryImpl.java:297)
	at org.postgresql.core.ConnectionFactory.openConnection(ConnectionFactory.java:49)
	at org.postgresql.jdbc.PgConnection.<init>(PgConnection.java:217)
	at org.postgresql.Driver.makeConnection(Driver.java:458)
	at org.postgresql.Driver.connect(Driver.java:260)
	at com.zaxxer.hikari.util.DriverDataSource.getConnection(DriverDataSource.java:138)
	at com.zaxxer.hikari.pool.PoolBase.newConnection(PoolBase.java:358)
	at com.zaxxer.hikari.pool.PoolBase.newPoolEntry(PoolBase.java:206)
	at com.zaxxer.hikari.pool.HikariPool.createPoolEntry(HikariPool.java:477)
	at com.zaxxer.hikari.pool.HikariPool.access$100(HikariPool.java:71)
	at com.zaxxer.hikari.pool.HikariPool$PoolEntryCreator.call(HikariPool.java:725)
	at com.zaxxer.hikari.pool.HikariPool$PoolEntryCreator.call(HikariPool.java:711)
	at java.base/java.util.concurrent.FutureTask.run(FutureTask.java:264)
	at java.base/java.util.concurrent.ThreadPoolExecutor.runWorker(ThreadPoolExecutor.java:1136)
	at java.base/java.util.concurrent.ThreadPoolExecutor$Worker.run(ThreadPoolExecutor.java:635)
	at java.base/java.lang.Thread.run(Thread.java:833)
Caused by: java.net.UnknownHostException: database-1.cnaee60qc6yl.us-east-2.rds.amazonaws.com
	at java.base/sun.nio.ch.NioSocketImpl.connect(NioSocketImpl.java:567)
	at java.base/java.net.SocksSocketImpl.connect(SocksSocketImpl.java:327)
	at java.base/java.net.Socket.connect(Socket.java:633)
	at org.postgresql.core.PGStream.<init>(PGStream.java:81)
	at org.postgresql.core.v3.ConnectionFactoryImpl.tryConnect(ConnectionFactoryImpl.java:93)
	at org.postgresql.core.v3.ConnectionFactoryImpl.openConnectionImpl(ConnectionFactoryImpl.java:197)
	... 15 common frames omitted
2024-10-04 09:37:58,586 DEBUG com.zaxxer.hikari.pool.HikariPool [HikariPool-1 connection adder] HikariPool-1 - Cannot acquire connection from data source
org.postgresql.util.PSQLException: The connection attempt failed.
	at org.postgresql.core.v3.ConnectionFactoryImpl.openConnectionImpl(ConnectionFactoryImpl.java:297)
	at org.postgresql.core.ConnectionFactory.openConnection(ConnectionFactory.java:49)
	at org.postgresql.jdbc.PgConnection.<init>(PgConnection.java:217)
	at org.postgresql.Driver.makeConnection(Driver.java:458)
	at org.postgresql.Driver.connect(Driver.java:260)
	at com.zaxxer.hikari.util.DriverDataSource.getConnection(DriverDataSource.java:138)
	at com.zaxxer.hikari.pool.PoolBase.newConnection(PoolBase.java:358)
	at com.zaxxer.hikari.pool.PoolBase.newPoolEntry(PoolBase.java:206)
	at com.zaxxer.hikari.pool.HikariPool.createPoolEntry(HikariPool.java:477)
	at com.zaxxer.hikari.pool.HikariPool.access$100(HikariPool.java:71)
	at com.zaxxer.hikari.pool.HikariPool$PoolEntryCreator.call(HikariPool.java:725)
	at com.zaxxer.hikari.pool.HikariPool$PoolEntryCreator.call(HikariPool.java:711)
	at java.base/java.util.concurrent.FutureTask.run(FutureTask.java:264)
	at java.base/java.util.concurrent.ThreadPoolExecutor.runWorker(ThreadPoolExecutor.java:1136)
	at java.base/java.util.concurrent.ThreadPoolExecutor$Worker.run(ThreadPoolExecutor.java:635)
	at java.base/java.lang.Thread.run(Thread.java:833)
Caused by: java.net.UnknownHostException: database-1.cnaee60qc6yl.us-east-2.rds.amazonaws.com
	at java.base/sun.nio.ch.NioSocketImpl.connect(NioSocketImpl.java:567)
	at java.base/java.net.SocksSocketImpl.connect(SocksSocketImpl.java:327)
	at java.base/java.net.Socket.connect(Socket.java:633)
	at org.postgresql.core.PGStream.<init>(PGStream.java:81)
	at org.postgresql.core.v3.ConnectionFactoryImpl.tryConnect(ConnectionFactoryImpl.java:93)
	at org.postgresql.core.v3.ConnectionFactoryImpl.openConnectionImpl(ConnectionFactoryImpl.java:197)
	... 15 common frames omitted
2024-10-04 09:38:08,602 DEBUG org.postgresql.Driver [HikariPool-1 connection adder] Connecting with URL: jdbc:postgresql://database-1.cnaee60qc6yl.us-east-2.rds.amazonaws.com/clubdb
2024-10-04 09:38:08,602 DEBUG org.postgresql.jdbc.PgConnection [HikariPool-1 connection adder] PostgreSQL JDBC Driver 42.2.14
2024-10-04 09:38:08,602 DEBUG org.postgresql.jdbc.PgConnection [HikariPool-1 connection adder]   setDefaultFetchSize = 0
2024-10-04 09:38:08,603 DEBUG org.postgresql.jdbc.PgConnection [HikariPool-1 connection adder]   setPrepareThreshold = 5
2024-10-04 09:38:08,603 DEBUG org.postgresql.core.v3.ConnectionFactoryImpl [HikariPool-1 connection adder] Trying to establish a protocol version 3 connection to database-1.cnaee60qc6yl.us-east-2.rds.amazonaws.com:5432
2024-10-04 09:38:08,604 DEBUG org.postgresql.Driver [HikariPool-1 connection adder] Connection error: 
org.postgresql.util.PSQLException: The connection attempt failed.
	at org.postgresql.core.v3.ConnectionFactoryImpl.openConnectionImpl(ConnectionFactoryImpl.java:297)
	at org.postgresql.core.ConnectionFactory.openConnection(ConnectionFactory.java:49)
	at org.postgresql.jdbc.PgConnection.<init>(PgConnection.java:217)
	at org.postgresql.Driver.makeConnection(Driver.java:458)
	at org.postgresql.Driver.connect(Driver.java:260)
	at com.zaxxer.hikari.util.DriverDataSource.getConnection(DriverDataSource.java:138)
	at com.zaxxer.hikari.pool.PoolBase.newConnection(PoolBase.java:358)
	at com.zaxxer.hikari.pool.PoolBase.newPoolEntry(PoolBase.java:206)
	at com.zaxxer.hikari.pool.HikariPool.createPoolEntry(HikariPool.java:477)
	at com.zaxxer.hikari.pool.HikariPool.access$100(HikariPool.java:71)
	at com.zaxxer.hikari.pool.HikariPool$PoolEntryCreator.call(HikariPool.java:725)
	at com.zaxxer.hikari.pool.HikariPool$PoolEntryCreator.call(HikariPool.java:711)
	at java.base/java.util.concurrent.FutureTask.run(FutureTask.java:264)
	at java.base/java.util.concurrent.ThreadPoolExecutor.runWorker(ThreadPoolExecutor.java:1136)
	at java.base/java.util.concurrent.ThreadPoolExecutor$Worker.run(ThreadPoolExecutor.java:635)
	at java.base/java.lang.Thread.run(Thread.java:833)
Caused by: java.net.UnknownHostException: database-1.cnaee60qc6yl.us-east-2.rds.amazonaws.com
	at java.base/sun.nio.ch.NioSocketImpl.connect(NioSocketImpl.java:567)
	at java.base/java.net.SocksSocketImpl.connect(SocksSocketImpl.java:327)
	at java.base/java.net.Socket.connect(Socket.java:633)
	at org.postgresql.core.PGStream.<init>(PGStream.java:81)
	at org.postgresql.core.v3.ConnectionFactoryImpl.tryConnect(ConnectionFactoryImpl.java:93)
	at org.postgresql.core.v3.ConnectionFactoryImpl.openConnectionImpl(ConnectionFactoryImpl.java:197)
	... 15 common frames omitted
2024-10-04 09:38:08,604 DEBUG com.zaxxer.hikari.pool.HikariPool [HikariPool-1 connection adder] HikariPool-1 - Cannot acquire connection from data source
org.postgresql.util.PSQLException: The connection attempt failed.
	at org.postgresql.core.v3.ConnectionFactoryImpl.openConnectionImpl(ConnectionFactoryImpl.java:297)
	at org.postgresql.core.ConnectionFactory.openConnection(ConnectionFactory.java:49)
	at org.postgresql.jdbc.PgConnection.<init>(PgConnection.java:217)
	at org.postgresql.Driver.makeConnection(Driver.java:458)
	at org.postgresql.Driver.connect(Driver.java:260)
	at com.zaxxer.hikari.util.DriverDataSource.getConnection(DriverDataSource.java:138)
	at com.zaxxer.hikari.pool.PoolBase.newConnection(PoolBase.java:358)
	at com.zaxxer.hikari.pool.PoolBase.newPoolEntry(PoolBase.java:206)
	at com.zaxxer.hikari.pool.HikariPool.createPoolEntry(HikariPool.java:477)
	at com.zaxxer.hikari.pool.HikariPool.access$100(HikariPool.java:71)
	at com.zaxxer.hikari.pool.HikariPool$PoolEntryCreator.call(HikariPool.java:725)
	at com.zaxxer.hikari.pool.HikariPool$PoolEntryCreator.call(HikariPool.java:711)
	at java.base/java.util.concurrent.FutureTask.run(FutureTask.java:264)
	at java.base/java.util.concurrent.ThreadPoolExecutor.runWorker(ThreadPoolExecutor.java:1136)
	at java.base/java.util.concurrent.ThreadPoolExecutor$Worker.run(ThreadPoolExecutor.java:635)
	at java.base/java.lang.Thread.run(Thread.java:833)
Caused by: java.net.UnknownHostException: database-1.cnaee60qc6yl.us-east-2.rds.amazonaws.com
	at java.base/sun.nio.ch.NioSocketImpl.connect(NioSocketImpl.java:567)
	at java.base/java.net.SocksSocketImpl.connect(SocksSocketImpl.java:327)
	at java.base/java.net.Socket.connect(Socket.java:633)
	at org.postgresql.core.PGStream.<init>(PGStream.java:81)
	at org.postgresql.core.v3.ConnectionFactoryImpl.tryConnect(ConnectionFactoryImpl.java:93)
	at org.postgresql.core.v3.ConnectionFactoryImpl.openConnectionImpl(ConnectionFactoryImpl.java:197)
	... 15 common frames omitted
2024-10-04 09:38:18,610 DEBUG org.postgresql.Driver [HikariPool-1 connection adder] Connecting with URL: jdbc:postgresql://database-1.cnaee60qc6yl.us-east-2.rds.amazonaws.com/clubdb
2024-10-04 09:38:18,610 DEBUG org.postgresql.jdbc.PgConnection [HikariPool-1 connection adder] PostgreSQL JDBC Driver 42.2.14
2024-10-04 09:38:18,611 DEBUG org.postgresql.jdbc.PgConnection [HikariPool-1 connection adder]   setDefaultFetchSize = 0
2024-10-04 09:38:18,611 DEBUG org.postgresql.jdbc.PgConnection [HikariPool-1 connection adder]   setPrepareThreshold = 5
2024-10-04 09:38:18,611 DEBUG org.postgresql.core.v3.ConnectionFactoryImpl [HikariPool-1 connection adder] Trying to establish a protocol version 3 connection to database-1.cnaee60qc6yl.us-east-2.rds.amazonaws.com:5432
2024-10-04 09:38:19,649 DEBUG com.zaxxer.hikari.pool.HikariPool [HikariPool-1 housekeeper] HikariPool-1 - Pool stats (total=0, active=0, idle=0, waiting=0)
2024-10-04 09:38:19,650 DEBUG com.zaxxer.hikari.pool.HikariPool [HikariPool-1 housekeeper] HikariPool-1 - Fill pool skipped, pool is at sufficient level.
2024-10-04 09:38:23,996 DEBUG sun.rmi.runtime.Log$LoggerLog [RMI Scheduler(0)] RMI Scheduler(0): 0553767f47b5c626:5d0f1881:192417f4ec7:-7fff
2024-10-04 09:38:23,996 DEBUG sun.rmi.runtime.Log$LoggerLog [RMI Scheduler(0)] RMI Scheduler(0): removing endpoint 0553767f47b5c626:5d0f1881:192417f4ec7:-7fff from reference set
2024-10-04 09:38:24,000 DEBUG sun.util.logging.internal.LoggingProviderImpl$JULWrapper [RMI Unreferenced-4] called
2024-10-04 09:38:24,001 DEBUG sun.util.logging.internal.LoggingProviderImpl$JULWrapper [RMI Unreferenced-4] [javax.management.remote.rmi.RMIConnectionImpl@6807e135: connectionId=rmi://127.0.0.1  9] closing.
2024-10-04 09:38:24,001 DEBUG sun.util.logging.internal.LoggingProviderImpl$JULWrapper [RMI Unreferenced-4] [javax.management.remote.rmi.RMIConnectionImpl@6807e135: connectionId=rmi://127.0.0.1  9] closed.
2024-10-04 09:38:24,001 DEBUG sun.util.logging.internal.LoggingProviderImpl$JULWrapper [RMI Unreferenced-4] done
2024-10-04 09:38:25,383 DEBUG sun.rmi.runtime.Log$LoggerLog [RMI TCP Connection(1188)-127.0.0.1] RMI TCP Connection(1188)-127.0.0.1: accepted socket from [127.0.0.1:63374]
2024-10-04 09:38:25,385 DEBUG sun.rmi.runtime.Log$LoggerLog [RMI TCP Connection(1188)-127.0.0.1] RMI TCP Connection(1188)-127.0.0.1: (port 58565) op = 80
2024-10-04 09:38:25,386 DEBUG sun.rmi.runtime.Log$LoggerLog [RMI TCP Connection(1188)-127.0.0.1] RMI TCP Connection(1188)-127.0.0.1: name = "[Ljava.rmi.server.ObjID;", codebase = "", defaultLoader = jdk.internal.loader.ClassLoaders$PlatformClassLoader@75dbb639
2024-10-04 09:38:25,387 DEBUG sun.rmi.runtime.Log$LoggerLog [RMI TCP Connection(1188)-127.0.0.1] RMI TCP Connection(1188)-127.0.0.1: name = "java.rmi.dgc.Lease", codebase = "", defaultLoader = jdk.internal.loader.ClassLoaders$PlatformClassLoader@75dbb639
2024-10-04 09:38:25,388 DEBUG sun.rmi.runtime.Log$LoggerLog [RMI TCP Connection(1188)-127.0.0.1] RMI TCP Connection(1188)-127.0.0.1: name = "java.rmi.dgc.VMID", codebase = "", defaultLoader = jdk.internal.loader.ClassLoaders$PlatformClassLoader@75dbb639
2024-10-04 09:38:25,389 DEBUG sun.rmi.runtime.Log$LoggerLog [RMI TCP Connection(1188)-127.0.0.1] RMI TCP Connection(1188)-127.0.0.1: name = "[B", codebase = "", defaultLoader = jdk.internal.loader.ClassLoaders$PlatformClassLoader@75dbb639
2024-10-04 09:38:25,390 DEBUG sun.rmi.runtime.Log$LoggerLog [RMI TCP Connection(1188)-127.0.0.1] RMI TCP Connection(1188)-127.0.0.1: name = "java.rmi.server.UID", codebase = "", defaultLoader = jdk.internal.loader.ClassLoaders$PlatformClassLoader@75dbb639
2024-10-04 09:38:26,136 DEBUG sun.rmi.runtime.Log$LoggerLog [RMI TCP Connection(1188)-127.0.0.1] RMI TCP Connection(1188)-127.0.0.1: (port 58565) op = 82
2024-10-04 09:38:26,136 DEBUG sun.rmi.runtime.Log$LoggerLog [RMI TCP Connection(1188)-127.0.0.1] RMI TCP Connection(1188)-127.0.0.1: (port 58565) op = 80
2024-10-04 09:38:26,136 DEBUG sun.rmi.runtime.Log$LoggerLog [RMI TCP Connection(1188)-127.0.0.1] RMI TCP Connection(1188)-127.0.0.1: [127.0.0.1] exception: 
java.rmi.NoSuchObjectException: no such object in table
	at java.rmi/sun.rmi.transport.Transport.serviceCall(Transport.java:177)
	at java.rmi/sun.rmi.transport.tcp.TCPTransport.handleMessages(TCPTransport.java:587)
	at java.rmi/sun.rmi.transport.tcp.TCPTransport$ConnectionHandler.run0(TCPTransport.java:828)
	at java.rmi/sun.rmi.transport.tcp.TCPTransport$ConnectionHandler.lambda$run$0(TCPTransport.java:705)
	at java.base/java.security.AccessController.doPrivileged(AccessController.java:399)
	at java.rmi/sun.rmi.transport.tcp.TCPTransport$ConnectionHandler.run(TCPTransport.java:704)
	at java.base/java.util.concurrent.ThreadPoolExecutor.runWorker(ThreadPoolExecutor.java:1136)
	at java.base/java.util.concurrent.ThreadPoolExecutor$Worker.run(ThreadPoolExecutor.java:635)
	at java.base/java.lang.Thread.run(Thread.java:833)
2024-10-04 09:38:26,137 DEBUG sun.rmi.runtime.Log$LoggerLog [RMI TCP Connection(1188)-127.0.0.1] RMI TCP Connection(1188)-127.0.0.1: (port 58565) op = 112
2024-10-04 09:38:26,137 DEBUG sun.rmi.runtime.Log$LoggerLog [RMI TCP Connection(1188)-127.0.0.1] RMI TCP Connection(1188)-127.0.0.1: (port 58565) exception: 
java.io.IOException: unknown transport op 112
	at java.rmi/sun.rmi.transport.tcp.TCPTransport.handleMessages(TCPTransport.java:604)
	at java.rmi/sun.rmi.transport.tcp.TCPTransport$ConnectionHandler.run0(TCPTransport.java:828)
	at java.rmi/sun.rmi.transport.tcp.TCPTransport$ConnectionHandler.lambda$run$0(TCPTransport.java:705)
	at java.base/java.security.AccessController.doPrivileged(AccessController.java:399)
	at java.rmi/sun.rmi.transport.tcp.TCPTransport$ConnectionHandler.run(TCPTransport.java:704)
	at java.base/java.util.concurrent.ThreadPoolExecutor.runWorker(ThreadPoolExecutor.java:1136)
	at java.base/java.util.concurrent.ThreadPoolExecutor$Worker.run(ThreadPoolExecutor.java:635)
	at java.base/java.lang.Thread.run(Thread.java:833)
2024-10-04 09:38:26,138 DEBUG sun.rmi.runtime.Log$LoggerLog [RMI TCP Connection(1188)-127.0.0.1] RMI TCP Connection(1188)-127.0.0.1: close connection, socket: Socket[addr=/127.0.0.1,port=63374,localport=58565]
2024-10-04 09:38:26,138 DEBUG sun.rmi.runtime.Log$LoggerLog [RMI TCP Connection(1188)-127.0.0.1] RMI TCP Connection(1188)-127.0.0.1: socket close: Socket[addr=/127.0.0.1,port=63374,localport=58565]
2024-10-04 09:38:26,150 DEBUG sun.rmi.runtime.Log$LoggerLog [RMI TCP Connection(1189)-127.0.0.1] RMI TCP Connection(1189)-127.0.0.1: accepted socket from [127.0.0.1:63375]
2024-10-04 09:38:26,150 DEBUG sun.rmi.runtime.Log$LoggerLog [RMI TCP Connection(1189)-127.0.0.1] RMI TCP Connection(1189)-127.0.0.1: (port 58548) op = 80
2024-10-04 09:38:26,154 DEBUG sun.rmi.runtime.Log$LoggerLog [RMI TCP Connection(1190)-127.0.0.1] RMI TCP Connection(1190)-127.0.0.1: accepted socket from [127.0.0.1:63376]
2024-10-04 09:38:26,154 DEBUG sun.rmi.runtime.Log$LoggerLog [RMI TCP Connection(1190)-127.0.0.1] RMI TCP Connection(1190)-127.0.0.1: (port 58565) op = 80
2024-10-04 09:38:26,155 DEBUG sun.rmi.runtime.Log$LoggerLog [RMI TCP Connection(1190)-127.0.0.1] RMI TCP Connection(1190)-127.0.0.1: name = "[Ljava.rmi.server.ObjID;", codebase = "", defaultLoader = jdk.internal.loader.ClassLoaders$PlatformClassLoader@75dbb639
2024-10-04 09:38:26,155 DEBUG sun.rmi.runtime.Log$LoggerLog [RMI TCP Connection(1190)-127.0.0.1] RMI TCP Connection(1190)-127.0.0.1: name = "java.rmi.server.ObjID", codebase = "", defaultLoader = jdk.internal.loader.ClassLoaders$PlatformClassLoader@75dbb639
2024-10-04 09:38:26,155 DEBUG sun.rmi.runtime.Log$LoggerLog [RMI TCP Connection(1190)-127.0.0.1] RMI TCP Connection(1190)-127.0.0.1: name = "java.rmi.server.UID", codebase = "", defaultLoader = jdk.internal.loader.ClassLoaders$PlatformClassLoader@75dbb639
2024-10-04 09:38:26,156 DEBUG sun.rmi.runtime.Log$LoggerLog [RMI TCP Connection(1190)-127.0.0.1] RMI TCP Connection(1190)-127.0.0.1: name = "java.rmi.dgc.Lease", codebase = "", defaultLoader = jdk.internal.loader.ClassLoaders$PlatformClassLoader@75dbb639
2024-10-04 09:38:26,156 DEBUG sun.rmi.runtime.Log$LoggerLog [RMI TCP Connection(1190)-127.0.0.1] RMI TCP Connection(1190)-127.0.0.1: name = "java.rmi.dgc.VMID", codebase = "", defaultLoader = jdk.internal.loader.ClassLoaders$PlatformClassLoader@75dbb639
2024-10-04 09:38:26,156 DEBUG sun.rmi.runtime.Log$LoggerLog [RMI TCP Connection(1190)-127.0.0.1] RMI TCP Connection(1190)-127.0.0.1: name = "[B", codebase = "", defaultLoader = jdk.internal.loader.ClassLoaders$PlatformClassLoader@75dbb639
2024-10-04 09:38:26,157 DEBUG sun.rmi.runtime.Log$LoggerLog [RMI TCP Connection(1189)-127.0.0.1] RMI TCP Connection(1189)-127.0.0.1: (port 58548) op = 82
2024-10-04 09:38:26,157 DEBUG sun.rmi.runtime.Log$LoggerLog [RMI TCP Connection(1189)-127.0.0.1] RMI TCP Connection(1189)-127.0.0.1: (port 58548) op = 84
2024-10-04 09:38:26,157 DEBUG sun.rmi.runtime.Log$LoggerLog [RMI TCP Connection(1190)-127.0.0.1] RMI TCP Connection(1190)-127.0.0.1: (port 58565) op = 80
2024-10-04 09:38:26,160 DEBUG sun.rmi.runtime.Log$LoggerLog [RMI TCP Connection(1190)-127.0.0.1] RMI TCP Connection(1190)-127.0.0.1: (port 58565) op = 80
2024-10-04 09:38:26,160 DEBUG sun.rmi.runtime.Log$LoggerLog [RMI TCP Connection(1190)-127.0.0.1] RMI TCP Connection(1190)-127.0.0.1: name = "[Ljava.rmi.server.ObjID;", codebase = "", defaultLoader = jdk.internal.loader.ClassLoaders$PlatformClassLoader@75dbb639
2024-10-04 09:38:26,161 DEBUG sun.rmi.runtime.Log$LoggerLog [RMI TCP Connection(1190)-127.0.0.1] RMI TCP Connection(1190)-127.0.0.1: name = "java.rmi.server.ObjID", codebase = "", defaultLoader = jdk.internal.loader.ClassLoaders$PlatformClassLoader@75dbb639
2024-10-04 09:38:26,161 DEBUG sun.rmi.runtime.Log$LoggerLog [RMI TCP Connection(1190)-127.0.0.1] RMI TCP Connection(1190)-127.0.0.1: name = "java.rmi.server.UID", codebase = "", defaultLoader = jdk.internal.loader.ClassLoaders$PlatformClassLoader@75dbb639
2024-10-04 09:38:26,161 DEBUG sun.rmi.runtime.Log$LoggerLog [RMI TCP Connection(1190)-127.0.0.1] RMI TCP Connection(1190)-127.0.0.1: name = "java.rmi.dgc.Lease", codebase = "", defaultLoader = jdk.internal.loader.ClassLoaders$PlatformClassLoader@75dbb639
2024-10-04 09:38:26,162 DEBUG sun.rmi.runtime.Log$LoggerLog [RMI TCP Connection(1190)-127.0.0.1] RMI TCP Connection(1190)-127.0.0.1: name = "java.rmi.dgc.VMID", codebase = "", defaultLoader = jdk.internal.loader.ClassLoaders$PlatformClassLoader@75dbb639
2024-10-04 09:38:26,162 DEBUG sun.rmi.runtime.Log$LoggerLog [RMI TCP Connection(1190)-127.0.0.1] RMI TCP Connection(1190)-127.0.0.1: name = "[B", codebase = "", defaultLoader = jdk.internal.loader.ClassLoaders$PlatformClassLoader@75dbb639
2024-10-04 09:38:26,162 DEBUG sun.rmi.runtime.Log$LoggerLog [RMI TCP Connection(1190)-127.0.0.1] RMI TCP Connection(1190)-127.0.0.1: (port 58565) op = 84
2024-10-04 09:38:26,163 DEBUG sun.rmi.runtime.Log$LoggerLog [RMI TCP Connection(1190)-127.0.0.1] RMI TCP Connection(1190)-127.0.0.1: (port 58565) op = 80
2024-10-04 09:38:26,163 DEBUG sun.rmi.runtime.Log$LoggerLog [RMI TCP Connection(1190)-127.0.0.1] RMI TCP Connection(1190)-127.0.0.1: name = "[Ljavax.management.ObjectName;", codebase = ""
2024-10-04 09:38:26,163 DEBUG sun.rmi.runtime.Log$LoggerLog [RMI TCP Connection(1190)-127.0.0.1] RMI TCP Connection(1190)-127.0.0.1: name = "[Ljava.rmi.MarshalledObject;", codebase = ""
2024-10-04 09:38:26,163 DEBUG sun.rmi.runtime.Log$LoggerLog [RMI TCP Connection(1190)-127.0.0.1] RMI TCP Connection(1190)-127.0.0.1: name = "[Ljavax.security.auth.Subject;", codebase = ""
2024-10-04 09:38:26,164 DEBUG sun.rmi.runtime.Log$LoggerLog [RMI TCP Connection(1190)-127.0.0.1] RMI TCP Connection(1190)-127.0.0.1: (port 58565) op = 80
2024-10-04 09:38:30,653 DEBUG org.postgresql.Driver [HikariPool-1 connection adder] Connection error: 
org.postgresql.util.PSQLException: The connection attempt failed.
	at org.postgresql.core.v3.ConnectionFactoryImpl.openConnectionImpl(ConnectionFactoryImpl.java:297)
	at org.postgresql.core.ConnectionFactory.openConnection(ConnectionFactory.java:49)
	at org.postgresql.jdbc.PgConnection.<init>(PgConnection.java:217)
	at org.postgresql.Driver.makeConnection(Driver.java:458)
	at org.postgresql.Driver.connect(Driver.java:260)
	at com.zaxxer.hikari.util.DriverDataSource.getConnection(DriverDataSource.java:138)
	at com.zaxxer.hikari.pool.PoolBase.newConnection(PoolBase.java:358)
	at com.zaxxer.hikari.pool.PoolBase.newPoolEntry(PoolBase.java:206)
	at com.zaxxer.hikari.pool.HikariPool.createPoolEntry(HikariPool.java:477)
	at com.zaxxer.hikari.pool.HikariPool.access$100(HikariPool.java:71)
	at com.zaxxer.hikari.pool.HikariPool$PoolEntryCreator.call(HikariPool.java:725)
	at com.zaxxer.hikari.pool.HikariPool$PoolEntryCreator.call(HikariPool.java:711)
	at java.base/java.util.concurrent.FutureTask.run(FutureTask.java:264)
	at java.base/java.util.concurrent.ThreadPoolExecutor.runWorker(ThreadPoolExecutor.java:1136)
	at java.base/java.util.concurrent.ThreadPoolExecutor$Worker.run(ThreadPoolExecutor.java:635)
	at java.base/java.lang.Thread.run(Thread.java:833)
Caused by: java.net.UnknownHostException: database-1.cnaee60qc6yl.us-east-2.rds.amazonaws.com
	at java.base/sun.nio.ch.NioSocketImpl.connect(NioSocketImpl.java:567)
	at java.base/java.net.SocksSocketImpl.connect(SocksSocketImpl.java:327)
	at java.base/java.net.Socket.connect(Socket.java:633)
	at org.postgresql.core.PGStream.<init>(PGStream.java:81)
	at org.postgresql.core.v3.ConnectionFactoryImpl.tryConnect(ConnectionFactoryImpl.java:93)
	at org.postgresql.core.v3.ConnectionFactoryImpl.openConnectionImpl(ConnectionFactoryImpl.java:197)
	... 15 common frames omitted
2024-10-04 09:38:30,653 DEBUG com.zaxxer.hikari.pool.HikariPool [HikariPool-1 connection adder] HikariPool-1 - Cannot acquire connection from data source
org.postgresql.util.PSQLException: The connection attempt failed.
	at org.postgresql.core.v3.ConnectionFactoryImpl.openConnectionImpl(ConnectionFactoryImpl.java:297)
	at org.postgresql.core.ConnectionFactory.openConnection(ConnectionFactory.java:49)
	at org.postgresql.jdbc.PgConnection.<init>(PgConnection.java:217)
	at org.postgresql.Driver.makeConnection(Driver.java:458)
	at org.postgresql.Driver.connect(Driver.java:260)
	at com.zaxxer.hikari.util.DriverDataSource.getConnection(DriverDataSource.java:138)
	at com.zaxxer.hikari.pool.PoolBase.newConnection(PoolBase.java:358)
	at com.zaxxer.hikari.pool.PoolBase.newPoolEntry(PoolBase.java:206)
	at com.zaxxer.hikari.pool.HikariPool.createPoolEntry(HikariPool.java:477)
	at com.zaxxer.hikari.pool.HikariPool.access$100(HikariPool.java:71)
	at com.zaxxer.hikari.pool.HikariPool$PoolEntryCreator.call(HikariPool.java:725)
	at com.zaxxer.hikari.pool.HikariPool$PoolEntryCreator.call(HikariPool.java:711)
	at java.base/java.util.concurrent.FutureTask.run(FutureTask.java:264)
	at java.base/java.util.concurrent.ThreadPoolExecutor.runWorker(ThreadPoolExecutor.java:1136)
	at java.base/java.util.concurrent.ThreadPoolExecutor$Worker.run(ThreadPoolExecutor.java:635)
	at java.base/java.lang.Thread.run(Thread.java:833)
Caused by: java.net.UnknownHostException: database-1.cnaee60qc6yl.us-east-2.rds.amazonaws.com
	at java.base/sun.nio.ch.NioSocketImpl.connect(NioSocketImpl.java:567)
	at java.base/java.net.SocksSocketImpl.connect(SocksSocketImpl.java:327)
	at java.base/java.net.Socket.connect(Socket.java:633)
	at org.postgresql.core.PGStream.<init>(PGStream.java:81)
	at org.postgresql.core.v3.ConnectionFactoryImpl.tryConnect(ConnectionFactoryImpl.java:93)
	at org.postgresql.core.v3.ConnectionFactoryImpl.openConnectionImpl(ConnectionFactoryImpl.java:197)
	... 15 common frames omitted
2024-10-04 09:38:40,669 DEBUG org.postgresql.Driver [HikariPool-1 connection adder] Connecting with URL: jdbc:postgresql://database-1.cnaee60qc6yl.us-east-2.rds.amazonaws.com/clubdb
2024-10-04 09:38:40,670 DEBUG org.postgresql.jdbc.PgConnection [HikariPool-1 connection adder] PostgreSQL JDBC Driver 42.2.14
2024-10-04 09:38:40,670 DEBUG org.postgresql.jdbc.PgConnection [HikariPool-1 connection adder]   setDefaultFetchSize = 0
2024-10-04 09:38:40,671 DEBUG org.postgresql.jdbc.PgConnection [HikariPool-1 connection adder]   setPrepareThreshold = 5
2024-10-04 09:38:40,671 DEBUG org.postgresql.core.v3.ConnectionFactoryImpl [HikariPool-1 connection adder] Trying to establish a protocol version 3 connection to database-1.cnaee60qc6yl.us-east-2.rds.amazonaws.com:5432
2024-10-04 09:38:40,672 DEBUG org.postgresql.Driver [HikariPool-1 connection adder] Connection error: 
org.postgresql.util.PSQLException: The connection attempt failed.
	at org.postgresql.core.v3.ConnectionFactoryImpl.openConnectionImpl(ConnectionFactoryImpl.java:297)
	at org.postgresql.core.ConnectionFactory.openConnection(ConnectionFactory.java:49)
	at org.postgresql.jdbc.PgConnection.<init>(PgConnection.java:217)
	at org.postgresql.Driver.makeConnection(Driver.java:458)
	at org.postgresql.Driver.connect(Driver.java:260)
	at com.zaxxer.hikari.util.DriverDataSource.getConnection(DriverDataSource.java:138)
	at com.zaxxer.hikari.pool.PoolBase.newConnection(PoolBase.java:358)
	at com.zaxxer.hikari.pool.PoolBase.newPoolEntry(PoolBase.java:206)
	at com.zaxxer.hikari.pool.HikariPool.createPoolEntry(HikariPool.java:477)
	at com.zaxxer.hikari.pool.HikariPool.access$100(HikariPool.java:71)
	at com.zaxxer.hikari.pool.HikariPool$PoolEntryCreator.call(HikariPool.java:725)
	at com.zaxxer.hikari.pool.HikariPool$PoolEntryCreator.call(HikariPool.java:711)
	at java.base/java.util.concurrent.FutureTask.run(FutureTask.java:264)
	at java.base/java.util.concurrent.ThreadPoolExecutor.runWorker(ThreadPoolExecutor.java:1136)
	at java.base/java.util.concurrent.ThreadPoolExecutor$Worker.run(ThreadPoolExecutor.java:635)
	at java.base/java.lang.Thread.run(Thread.java:833)
Caused by: java.net.UnknownHostException: database-1.cnaee60qc6yl.us-east-2.rds.amazonaws.com
	at java.base/sun.nio.ch.NioSocketImpl.connect(NioSocketImpl.java:567)
	at java.base/java.net.SocksSocketImpl.connect(SocksSocketImpl.java:327)
	at java.base/java.net.Socket.connect(Socket.java:633)
	at org.postgresql.core.PGStream.<init>(PGStream.java:81)
	at org.postgresql.core.v3.ConnectionFactoryImpl.tryConnect(ConnectionFactoryImpl.java:93)
	at org.postgresql.core.v3.ConnectionFactoryImpl.openConnectionImpl(ConnectionFactoryImpl.java:197)
	... 15 common frames omitted
2024-10-04 09:38:40,673 DEBUG com.zaxxer.hikari.pool.HikariPool [HikariPool-1 connection adder] HikariPool-1 - Cannot acquire connection from data source
org.postgresql.util.PSQLException: The connection attempt failed.
	at org.postgresql.core.v3.ConnectionFactoryImpl.openConnectionImpl(ConnectionFactoryImpl.java:297)
	at org.postgresql.core.ConnectionFactory.openConnection(ConnectionFactory.java:49)
	at org.postgresql.jdbc.PgConnection.<init>(PgConnection.java:217)
	at org.postgresql.Driver.makeConnection(Driver.java:458)
	at org.postgresql.Driver.connect(Driver.java:260)
	at com.zaxxer.hikari.util.DriverDataSource.getConnection(DriverDataSource.java:138)
	at com.zaxxer.hikari.pool.PoolBase.newConnection(PoolBase.java:358)
	at com.zaxxer.hikari.pool.PoolBase.newPoolEntry(PoolBase.java:206)
	at com.zaxxer.hikari.pool.HikariPool.createPoolEntry(HikariPool.java:477)
	at com.zaxxer.hikari.pool.HikariPool.access$100(HikariPool.java:71)
	at com.zaxxer.hikari.pool.HikariPool$PoolEntryCreator.call(HikariPool.java:725)
	at com.zaxxer.hikari.pool.HikariPool$PoolEntryCreator.call(HikariPool.java:711)
	at java.base/java.util.concurrent.FutureTask.run(FutureTask.java:264)
	at java.base/java.util.concurrent.ThreadPoolExecutor.runWorker(ThreadPoolExecutor.java:1136)
	at java.base/java.util.concurrent.ThreadPoolExecutor$Worker.run(ThreadPoolExecutor.java:635)
	at java.base/java.lang.Thread.run(Thread.java:833)
Caused by: java.net.UnknownHostException: database-1.cnaee60qc6yl.us-east-2.rds.amazonaws.com
	at java.base/sun.nio.ch.NioSocketImpl.connect(NioSocketImpl.java:567)
	at java.base/java.net.SocksSocketImpl.connect(SocksSocketImpl.java:327)
	at java.base/java.net.Socket.connect(Socket.java:633)
	at org.postgresql.core.PGStream.<init>(PGStream.java:81)
	at org.postgresql.core.v3.ConnectionFactoryImpl.tryConnect(ConnectionFactoryImpl.java:93)
	at org.postgresql.core.v3.ConnectionFactoryImpl.openConnectionImpl(ConnectionFactoryImpl.java:197)
	... 15 common frames omitted
2024-10-04 09:38:49,651 DEBUG com.zaxxer.hikari.pool.HikariPool [HikariPool-1 housekeeper] HikariPool-1 - Pool stats (total=0, active=0, idle=0, waiting=0)
2024-10-04 09:38:49,651 DEBUG com.zaxxer.hikari.pool.HikariPool [HikariPool-1 housekeeper] HikariPool-1 - Fill pool skipped, pool is at sufficient level.
2024-10-04 09:38:50,098 DEBUG org.apache.juli.logging.DirectJDKLog [Catalina-utility-2] Start expire sessions StandardManager at 1728014930098 sessioncount 0
2024-10-04 09:38:50,098 DEBUG org.apache.juli.logging.DirectJDKLog [Catalina-utility-2] End expire sessions StandardManager processingTime 0 expired sessions: 0
2024-10-04 09:38:50,685 DEBUG org.postgresql.Driver [HikariPool-1 connection adder] Connecting with URL: jdbc:postgresql://database-1.cnaee60qc6yl.us-east-2.rds.amazonaws.com/clubdb
2024-10-04 09:38:50,685 DEBUG org.postgresql.jdbc.PgConnection [HikariPool-1 connection adder] PostgreSQL JDBC Driver 42.2.14
2024-10-04 09:38:50,685 DEBUG org.postgresql.jdbc.PgConnection [HikariPool-1 connection adder]   setDefaultFetchSize = 0
2024-10-04 09:38:50,686 DEBUG org.postgresql.jdbc.PgConnection [HikariPool-1 connection adder]   setPrepareThreshold = 5
2024-10-04 09:38:50,686 DEBUG org.postgresql.core.v3.ConnectionFactoryImpl [HikariPool-1 connection adder] Trying to establish a protocol version 3 connection to database-1.cnaee60qc6yl.us-east-2.rds.amazonaws.com:5432
2024-10-04 09:38:50,687 DEBUG org.postgresql.Driver [HikariPool-1 connection adder] Connection error: 
org.postgresql.util.PSQLException: The connection attempt failed.
	at org.postgresql.core.v3.ConnectionFactoryImpl.openConnectionImpl(ConnectionFactoryImpl.java:297)
	at org.postgresql.core.ConnectionFactory.openConnection(ConnectionFactory.java:49)
	at org.postgresql.jdbc.PgConnection.<init>(PgConnection.java:217)
	at org.postgresql.Driver.makeConnection(Driver.java:458)
	at org.postgresql.Driver.connect(Driver.java:260)
	at com.zaxxer.hikari.util.DriverDataSource.getConnection(DriverDataSource.java:138)
	at com.zaxxer.hikari.pool.PoolBase.newConnection(PoolBase.java:358)
	at com.zaxxer.hikari.pool.PoolBase.newPoolEntry(PoolBase.java:206)
	at com.zaxxer.hikari.pool.HikariPool.createPoolEntry(HikariPool.java:477)
	at com.zaxxer.hikari.pool.HikariPool.access$100(HikariPool.java:71)
	at com.zaxxer.hikari.pool.HikariPool$PoolEntryCreator.call(HikariPool.java:725)
	at com.zaxxer.hikari.pool.HikariPool$PoolEntryCreator.call(HikariPool.java:711)
	at java.base/java.util.concurrent.FutureTask.run(FutureTask.java:264)
	at java.base/java.util.concurrent.ThreadPoolExecutor.runWorker(ThreadPoolExecutor.java:1136)
	at java.base/java.util.concurrent.ThreadPoolExecutor$Worker.run(ThreadPoolExecutor.java:635)
	at java.base/java.lang.Thread.run(Thread.java:833)
Caused by: java.net.UnknownHostException: database-1.cnaee60qc6yl.us-east-2.rds.amazonaws.com
	at java.base/sun.nio.ch.NioSocketImpl.connect(NioSocketImpl.java:567)
	at java.base/java.net.SocksSocketImpl.connect(SocksSocketImpl.java:327)
	at java.base/java.net.Socket.connect(Socket.java:633)
	at org.postgresql.core.PGStream.<init>(PGStream.java:81)
	at org.postgresql.core.v3.ConnectionFactoryImpl.tryConnect(ConnectionFactoryImpl.java:93)
	at org.postgresql.core.v3.ConnectionFactoryImpl.openConnectionImpl(ConnectionFactoryImpl.java:197)
	... 15 common frames omitted
2024-10-04 09:38:50,687 DEBUG com.zaxxer.hikari.pool.HikariPool [HikariPool-1 connection adder] HikariPool-1 - Cannot acquire connection from data source
org.postgresql.util.PSQLException: The connection attempt failed.
	at org.postgresql.core.v3.ConnectionFactoryImpl.openConnectionImpl(ConnectionFactoryImpl.java:297)
	at org.postgresql.core.ConnectionFactory.openConnection(ConnectionFactory.java:49)
	at org.postgresql.jdbc.PgConnection.<init>(PgConnection.java:217)
	at org.postgresql.Driver.makeConnection(Driver.java:458)
	at org.postgresql.Driver.connect(Driver.java:260)
	at com.zaxxer.hikari.util.DriverDataSource.getConnection(DriverDataSource.java:138)
	at com.zaxxer.hikari.pool.PoolBase.newConnection(PoolBase.java:358)
	at com.zaxxer.hikari.pool.PoolBase.newPoolEntry(PoolBase.java:206)
	at com.zaxxer.hikari.pool.HikariPool.createPoolEntry(HikariPool.java:477)
	at com.zaxxer.hikari.pool.HikariPool.access$100(HikariPool.java:71)
	at com.zaxxer.hikari.pool.HikariPool$PoolEntryCreator.call(HikariPool.java:725)
	at com.zaxxer.hikari.pool.HikariPool$PoolEntryCreator.call(HikariPool.java:711)
	at java.base/java.util.concurrent.FutureTask.run(FutureTask.java:264)
	at java.base/java.util.concurrent.ThreadPoolExecutor.runWorker(ThreadPoolExecutor.java:1136)
	at java.base/java.util.concurrent.ThreadPoolExecutor$Worker.run(ThreadPoolExecutor.java:635)
	at java.base/java.lang.Thread.run(Thread.java:833)
Caused by: java.net.UnknownHostException: database-1.cnaee60qc6yl.us-east-2.rds.amazonaws.com
	at java.base/sun.nio.ch.NioSocketImpl.connect(NioSocketImpl.java:567)
	at java.base/java.net.SocksSocketImpl.connect(SocksSocketImpl.java:327)
	at java.base/java.net.Socket.connect(Socket.java:633)
	at org.postgresql.core.PGStream.<init>(PGStream.java:81)
	at org.postgresql.core.v3.ConnectionFactoryImpl.tryConnect(ConnectionFactoryImpl.java:93)
	at org.postgresql.core.v3.ConnectionFactoryImpl.openConnectionImpl(ConnectionFactoryImpl.java:197)
	... 15 common frames omitted
2024-10-04 09:38:55,394 DEBUG sun.rmi.runtime.Log$LoggerLog [RMI TCP Connection(1190)-127.0.0.1] RMI TCP Connection(1190)-127.0.0.1: (port 58565) connection closed
2024-10-04 09:38:55,394 DEBUG sun.rmi.runtime.Log$LoggerLog [RMI TCP Connection(1190)-127.0.0.1] RMI TCP Connection(1190)-127.0.0.1: close connection, socket: Socket[addr=/127.0.0.1,port=63376,localport=58565]
2024-10-04 09:38:55,395 DEBUG sun.rmi.runtime.Log$LoggerLog [RMI TCP Connection(1190)-127.0.0.1] RMI TCP Connection(1190)-127.0.0.1: socket close: Socket[addr=/127.0.0.1,port=63376,localport=58565]
2024-10-04 09:38:56,153 DEBUG sun.rmi.runtime.Log$LoggerLog [RMI TCP Connection(1189)-127.0.0.1] RMI TCP Connection(1189)-127.0.0.1: (port 58548) connection closed
2024-10-04 09:38:56,153 DEBUG sun.rmi.runtime.Log$LoggerLog [RMI TCP Connection(1189)-127.0.0.1] RMI TCP Connection(1189)-127.0.0.1: close connection, socket: Socket[addr=/127.0.0.1,port=63375,localport=58548]
2024-10-04 09:38:56,154 DEBUG sun.rmi.runtime.Log$LoggerLog [RMI TCP Connection(1189)-127.0.0.1] RMI TCP Connection(1189)-127.0.0.1: socket close: Socket[addr=/127.0.0.1,port=63375,localport=58548]
2024-10-04 09:39:00,691 DEBUG org.postgresql.Driver [HikariPool-1 connection adder] Connecting with URL: jdbc:postgresql://database-1.cnaee60qc6yl.us-east-2.rds.amazonaws.com/clubdb
2024-10-04 09:39:00,692 DEBUG org.postgresql.jdbc.PgConnection [HikariPool-1 connection adder] PostgreSQL JDBC Driver 42.2.14
2024-10-04 09:39:00,694 DEBUG org.postgresql.jdbc.PgConnection [HikariPool-1 connection adder]   setDefaultFetchSize = 0
2024-10-04 09:39:00,695 DEBUG org.postgresql.jdbc.PgConnection [HikariPool-1 connection adder]   setPrepareThreshold = 5
2024-10-04 09:39:00,696 DEBUG org.postgresql.core.v3.ConnectionFactoryImpl [HikariPool-1 connection adder] Trying to establish a protocol version 3 connection to database-1.cnaee60qc6yl.us-east-2.rds.amazonaws.com:5432
2024-10-04 09:39:12,767 DEBUG org.postgresql.Driver [HikariPool-1 connection adder] Connection error: 
org.postgresql.util.PSQLException: The connection attempt failed.
	at org.postgresql.core.v3.ConnectionFactoryImpl.openConnectionImpl(ConnectionFactoryImpl.java:297)
	at org.postgresql.core.ConnectionFactory.openConnection(ConnectionFactory.java:49)
	at org.postgresql.jdbc.PgConnection.<init>(PgConnection.java:217)
	at org.postgresql.Driver.makeConnection(Driver.java:458)
	at org.postgresql.Driver.connect(Driver.java:260)
	at com.zaxxer.hikari.util.DriverDataSource.getConnection(DriverDataSource.java:138)
	at com.zaxxer.hikari.pool.PoolBase.newConnection(PoolBase.java:358)
	at com.zaxxer.hikari.pool.PoolBase.newPoolEntry(PoolBase.java:206)
	at com.zaxxer.hikari.pool.HikariPool.createPoolEntry(HikariPool.java:477)
	at com.zaxxer.hikari.pool.HikariPool.access$100(HikariPool.java:71)
	at com.zaxxer.hikari.pool.HikariPool$PoolEntryCreator.call(HikariPool.java:725)
	at com.zaxxer.hikari.pool.HikariPool$PoolEntryCreator.call(HikariPool.java:711)
	at java.base/java.util.concurrent.FutureTask.run(FutureTask.java:264)
	at java.base/java.util.concurrent.ThreadPoolExecutor.runWorker(ThreadPoolExecutor.java:1136)
	at java.base/java.util.concurrent.ThreadPoolExecutor$Worker.run(ThreadPoolExecutor.java:635)
	at java.base/java.lang.Thread.run(Thread.java:833)
Caused by: java.net.UnknownHostException: database-1.cnaee60qc6yl.us-east-2.rds.amazonaws.com
	at java.base/sun.nio.ch.NioSocketImpl.connect(NioSocketImpl.java:567)
	at java.base/java.net.SocksSocketImpl.connect(SocksSocketImpl.java:327)
	at java.base/java.net.Socket.connect(Socket.java:633)
	at org.postgresql.core.PGStream.<init>(PGStream.java:81)
	at org.postgresql.core.v3.ConnectionFactoryImpl.tryConnect(ConnectionFactoryImpl.java:93)
	at org.postgresql.core.v3.ConnectionFactoryImpl.openConnectionImpl(ConnectionFactoryImpl.java:197)
	... 15 common frames omitted
2024-10-04 09:39:12,768 DEBUG com.zaxxer.hikari.pool.HikariPool [HikariPool-1 connection adder] HikariPool-1 - Cannot acquire connection from data source
org.postgresql.util.PSQLException: The connection attempt failed.
	at org.postgresql.core.v3.ConnectionFactoryImpl.openConnectionImpl(ConnectionFactoryImpl.java:297)
	at org.postgresql.core.ConnectionFactory.openConnection(ConnectionFactory.java:49)
	at org.postgresql.jdbc.PgConnection.<init>(PgConnection.java:217)
	at org.postgresql.Driver.makeConnection(Driver.java:458)
	at org.postgresql.Driver.connect(Driver.java:260)
	at com.zaxxer.hikari.util.DriverDataSource.getConnection(DriverDataSource.java:138)
	at com.zaxxer.hikari.pool.PoolBase.newConnection(PoolBase.java:358)
	at com.zaxxer.hikari.pool.PoolBase.newPoolEntry(PoolBase.java:206)
	at com.zaxxer.hikari.pool.HikariPool.createPoolEntry(HikariPool.java:477)
	at com.zaxxer.hikari.pool.HikariPool.access$100(HikariPool.java:71)
	at com.zaxxer.hikari.pool.HikariPool$PoolEntryCreator.call(HikariPool.java:725)
	at com.zaxxer.hikari.pool.HikariPool$PoolEntryCreator.call(HikariPool.java:711)
	at java.base/java.util.concurrent.FutureTask.run(FutureTask.java:264)
	at java.base/java.util.concurrent.ThreadPoolExecutor.runWorker(ThreadPoolExecutor.java:1136)
	at java.base/java.util.concurrent.ThreadPoolExecutor$Worker.run(ThreadPoolExecutor.java:635)
	at java.base/java.lang.Thread.run(Thread.java:833)
Caused by: java.net.UnknownHostException: database-1.cnaee60qc6yl.us-east-2.rds.amazonaws.com
	at java.base/sun.nio.ch.NioSocketImpl.connect(NioSocketImpl.java:567)
	at java.base/java.net.SocksSocketImpl.connect(SocksSocketImpl.java:327)
	at java.base/java.net.Socket.connect(Socket.java:633)
	at org.postgresql.core.PGStream.<init>(PGStream.java:81)
	at org.postgresql.core.v3.ConnectionFactoryImpl.tryConnect(ConnectionFactoryImpl.java:93)
	at org.postgresql.core.v3.ConnectionFactoryImpl.openConnectionImpl(ConnectionFactoryImpl.java:197)
	... 15 common frames omitted
2024-10-04 09:39:19,667 DEBUG com.zaxxer.hikari.pool.HikariPool [HikariPool-1 housekeeper] HikariPool-1 - Pool stats (total=0, active=0, idle=0, waiting=0)
2024-10-04 09:39:19,668 DEBUG com.zaxxer.hikari.pool.HikariPool [HikariPool-1 housekeeper] HikariPool-1 - Fill pool skipped, pool is at sufficient level.
2024-10-04 09:39:22,784 DEBUG org.postgresql.Driver [HikariPool-1 connection adder] Connecting with URL: jdbc:postgresql://database-1.cnaee60qc6yl.us-east-2.rds.amazonaws.com/clubdb
2024-10-04 09:39:22,785 DEBUG org.postgresql.jdbc.PgConnection [HikariPool-1 connection adder] PostgreSQL JDBC Driver 42.2.14
2024-10-04 09:39:22,786 DEBUG org.postgresql.jdbc.PgConnection [HikariPool-1 connection adder]   setDefaultFetchSize = 0
2024-10-04 09:39:22,786 DEBUG org.postgresql.jdbc.PgConnection [HikariPool-1 connection adder]   setPrepareThreshold = 5
2024-10-04 09:39:22,786 DEBUG org.postgresql.core.v3.ConnectionFactoryImpl [HikariPool-1 connection adder] Trying to establish a protocol version 3 connection to database-1.cnaee60qc6yl.us-east-2.rds.amazonaws.com:5432
2024-10-04 09:39:22,787 DEBUG org.postgresql.Driver [HikariPool-1 connection adder] Connection error: 
org.postgresql.util.PSQLException: The connection attempt failed.
	at org.postgresql.core.v3.ConnectionFactoryImpl.openConnectionImpl(ConnectionFactoryImpl.java:297)
	at org.postgresql.core.ConnectionFactory.openConnection(ConnectionFactory.java:49)
	at org.postgresql.jdbc.PgConnection.<init>(PgConnection.java:217)
	at org.postgresql.Driver.makeConnection(Driver.java:458)
	at org.postgresql.Driver.connect(Driver.java:260)
	at com.zaxxer.hikari.util.DriverDataSource.getConnection(DriverDataSource.java:138)
	at com.zaxxer.hikari.pool.PoolBase.newConnection(PoolBase.java:358)
	at com.zaxxer.hikari.pool.PoolBase.newPoolEntry(PoolBase.java:206)
	at com.zaxxer.hikari.pool.HikariPool.createPoolEntry(HikariPool.java:477)
	at com.zaxxer.hikari.pool.HikariPool.access$100(HikariPool.java:71)
	at com.zaxxer.hikari.pool.HikariPool$PoolEntryCreator.call(HikariPool.java:725)
	at com.zaxxer.hikari.pool.HikariPool$PoolEntryCreator.call(HikariPool.java:711)
	at java.base/java.util.concurrent.FutureTask.run(FutureTask.java:264)
	at java.base/java.util.concurrent.ThreadPoolExecutor.runWorker(ThreadPoolExecutor.java:1136)
	at java.base/java.util.concurrent.ThreadPoolExecutor$Worker.run(ThreadPoolExecutor.java:635)
	at java.base/java.lang.Thread.run(Thread.java:833)
Caused by: java.net.UnknownHostException: database-1.cnaee60qc6yl.us-east-2.rds.amazonaws.com
	at java.base/sun.nio.ch.NioSocketImpl.connect(NioSocketImpl.java:567)
	at java.base/java.net.SocksSocketImpl.connect(SocksSocketImpl.java:327)
	at java.base/java.net.Socket.connect(Socket.java:633)
	at org.postgresql.core.PGStream.<init>(PGStream.java:81)
	at org.postgresql.core.v3.ConnectionFactoryImpl.tryConnect(ConnectionFactoryImpl.java:93)
	at org.postgresql.core.v3.ConnectionFactoryImpl.openConnectionImpl(ConnectionFactoryImpl.java:197)
	... 15 common frames omitted
2024-10-04 09:39:22,787 DEBUG com.zaxxer.hikari.pool.HikariPool [HikariPool-1 connection adder] HikariPool-1 - Cannot acquire connection from data source
org.postgresql.util.PSQLException: The connection attempt failed.
	at org.postgresql.core.v3.ConnectionFactoryImpl.openConnectionImpl(ConnectionFactoryImpl.java:297)
	at org.postgresql.core.ConnectionFactory.openConnection(ConnectionFactory.java:49)
	at org.postgresql.jdbc.PgConnection.<init>(PgConnection.java:217)
	at org.postgresql.Driver.makeConnection(Driver.java:458)
	at org.postgresql.Driver.connect(Driver.java:260)
	at com.zaxxer.hikari.util.DriverDataSource.getConnection(DriverDataSource.java:138)
	at com.zaxxer.hikari.pool.PoolBase.newConnection(PoolBase.java:358)
	at com.zaxxer.hikari.pool.PoolBase.newPoolEntry(PoolBase.java:206)
	at com.zaxxer.hikari.pool.HikariPool.createPoolEntry(HikariPool.java:477)
	at com.zaxxer.hikari.pool.HikariPool.access$100(HikariPool.java:71)
	at com.zaxxer.hikari.pool.HikariPool$PoolEntryCreator.call(HikariPool.java:725)
	at com.zaxxer.hikari.pool.HikariPool$PoolEntryCreator.call(HikariPool.java:711)
	at java.base/java.util.concurrent.FutureTask.run(FutureTask.java:264)
	at java.base/java.util.concurrent.ThreadPoolExecutor.runWorker(ThreadPoolExecutor.java:1136)
	at java.base/java.util.concurrent.ThreadPoolExecutor$Worker.run(ThreadPoolExecutor.java:635)
	at java.base/java.lang.Thread.run(Thread.java:833)
Caused by: java.net.UnknownHostException: database-1.cnaee60qc6yl.us-east-2.rds.amazonaws.com
	at java.base/sun.nio.ch.NioSocketImpl.connect(NioSocketImpl.java:567)
	at java.base/java.net.SocksSocketImpl.connect(SocksSocketImpl.java:327)
	at java.base/java.net.Socket.connect(Socket.java:633)
	at org.postgresql.core.PGStream.<init>(PGStream.java:81)
	at org.postgresql.core.v3.ConnectionFactoryImpl.tryConnect(ConnectionFactoryImpl.java:93)
	at org.postgresql.core.v3.ConnectionFactoryImpl.openConnectionImpl(ConnectionFactoryImpl.java:197)
	... 15 common frames omitted
2024-10-04 09:39:26,174 DEBUG sun.rmi.runtime.Log$LoggerLog [RMI TCP Connection(1191)-127.0.0.1] RMI TCP Connection(1191)-127.0.0.1: accepted socket from [127.0.0.1:62653]
2024-10-04 09:39:26,174 DEBUG sun.rmi.runtime.Log$LoggerLog [RMI TCP Connection(1191)-127.0.0.1] RMI TCP Connection(1191)-127.0.0.1: (port 58565) op = 80
2024-10-04 09:39:26,175 DEBUG sun.util.logging.internal.LoggingProviderImpl$JULWrapper [RMI TCP Connection(1191)-127.0.0.1] connectionId=rmi://127.0.0.1  10
2024-10-04 09:39:32,795 DEBUG org.postgresql.Driver [HikariPool-1 connection adder] Connecting with URL: jdbc:postgresql://database-1.cnaee60qc6yl.us-east-2.rds.amazonaws.com/clubdb
2024-10-04 09:39:32,796 DEBUG org.postgresql.jdbc.PgConnection [HikariPool-1 connection adder] PostgreSQL JDBC Driver 42.2.14
2024-10-04 09:39:32,796 DEBUG org.postgresql.jdbc.PgConnection [HikariPool-1 connection adder]   setDefaultFetchSize = 0
2024-10-04 09:39:32,797 DEBUG org.postgresql.jdbc.PgConnection [HikariPool-1 connection adder]   setPrepareThreshold = 5
2024-10-04 09:39:32,798 DEBUG org.postgresql.core.v3.ConnectionFactoryImpl [HikariPool-1 connection adder] Trying to establish a protocol version 3 connection to database-1.cnaee60qc6yl.us-east-2.rds.amazonaws.com:5432
2024-10-04 09:39:32,798 DEBUG org.postgresql.Driver [HikariPool-1 connection adder] Connection error: 
org.postgresql.util.PSQLException: The connection attempt failed.
	at org.postgresql.core.v3.ConnectionFactoryImpl.openConnectionImpl(ConnectionFactoryImpl.java:297)
	at org.postgresql.core.ConnectionFactory.openConnection(ConnectionFactory.java:49)
	at org.postgresql.jdbc.PgConnection.<init>(PgConnection.java:217)
	at org.postgresql.Driver.makeConnection(Driver.java:458)
	at org.postgresql.Driver.connect(Driver.java:260)
	at com.zaxxer.hikari.util.DriverDataSource.getConnection(DriverDataSource.java:138)
	at com.zaxxer.hikari.pool.PoolBase.newConnection(PoolBase.java:358)
	at com.zaxxer.hikari.pool.PoolBase.newPoolEntry(PoolBase.java:206)
	at com.zaxxer.hikari.pool.HikariPool.createPoolEntry(HikariPool.java:477)
	at com.zaxxer.hikari.pool.HikariPool.access$100(HikariPool.java:71)
	at com.zaxxer.hikari.pool.HikariPool$PoolEntryCreator.call(HikariPool.java:725)
	at com.zaxxer.hikari.pool.HikariPool$PoolEntryCreator.call(HikariPool.java:711)
	at java.base/java.util.concurrent.FutureTask.run(FutureTask.java:264)
	at java.base/java.util.concurrent.ThreadPoolExecutor.runWorker(ThreadPoolExecutor.java:1136)
	at java.base/java.util.concurrent.ThreadPoolExecutor$Worker.run(ThreadPoolExecutor.java:635)
	at java.base/java.lang.Thread.run(Thread.java:833)
Caused by: java.net.UnknownHostException: database-1.cnaee60qc6yl.us-east-2.rds.amazonaws.com
	at java.base/sun.nio.ch.NioSocketImpl.connect(NioSocketImpl.java:567)
	at java.base/java.net.SocksSocketImpl.connect(SocksSocketImpl.java:327)
	at java.base/java.net.Socket.connect(Socket.java:633)
	at org.postgresql.core.PGStream.<init>(PGStream.java:81)
	at org.postgresql.core.v3.ConnectionFactoryImpl.tryConnect(ConnectionFactoryImpl.java:93)
	at org.postgresql.core.v3.ConnectionFactoryImpl.openConnectionImpl(ConnectionFactoryImpl.java:197)
	... 15 common frames omitted
2024-10-04 09:39:32,799 DEBUG com.zaxxer.hikari.pool.HikariPool [HikariPool-1 connection adder] HikariPool-1 - Cannot acquire connection from data source
org.postgresql.util.PSQLException: The connection attempt failed.
	at org.postgresql.core.v3.ConnectionFactoryImpl.openConnectionImpl(ConnectionFactoryImpl.java:297)
	at org.postgresql.core.ConnectionFactory.openConnection(ConnectionFactory.java:49)
	at org.postgresql.jdbc.PgConnection.<init>(PgConnection.java:217)
	at org.postgresql.Driver.makeConnection(Driver.java:458)
	at org.postgresql.Driver.connect(Driver.java:260)
	at com.zaxxer.hikari.util.DriverDataSource.getConnection(DriverDataSource.java:138)
	at com.zaxxer.hikari.pool.PoolBase.newConnection(PoolBase.java:358)
	at com.zaxxer.hikari.pool.PoolBase.newPoolEntry(PoolBase.java:206)
	at com.zaxxer.hikari.pool.HikariPool.createPoolEntry(HikariPool.java:477)
	at com.zaxxer.hikari.pool.HikariPool.access$100(HikariPool.java:71)
	at com.zaxxer.hikari.pool.HikariPool$PoolEntryCreator.call(HikariPool.java:725)
	at com.zaxxer.hikari.pool.HikariPool$PoolEntryCreator.call(HikariPool.java:711)
	at java.base/java.util.concurrent.FutureTask.run(FutureTask.java:264)
	at java.base/java.util.concurrent.ThreadPoolExecutor.runWorker(ThreadPoolExecutor.java:1136)
	at java.base/java.util.concurrent.ThreadPoolExecutor$Worker.run(ThreadPoolExecutor.java:635)
	at java.base/java.lang.Thread.run(Thread.java:833)
Caused by: java.net.UnknownHostException: database-1.cnaee60qc6yl.us-east-2.rds.amazonaws.com
	at java.base/sun.nio.ch.NioSocketImpl.connect(NioSocketImpl.java:567)
	at java.base/java.net.SocksSocketImpl.connect(SocksSocketImpl.java:327)
	at java.base/java.net.Socket.connect(Socket.java:633)
	at org.postgresql.core.PGStream.<init>(PGStream.java:81)
	at org.postgresql.core.v3.ConnectionFactoryImpl.tryConnect(ConnectionFactoryImpl.java:93)
	at org.postgresql.core.v3.ConnectionFactoryImpl.openConnectionImpl(ConnectionFactoryImpl.java:197)
	... 15 common frames omitted
2024-10-04 09:39:41,182 DEBUG sun.rmi.runtime.Log$LoggerLog [RMI TCP Connection(1191)-127.0.0.1] RMI TCP Connection(1191)-127.0.0.1: (port 58565) connection closed
2024-10-04 09:39:41,183 DEBUG sun.rmi.runtime.Log$LoggerLog [RMI TCP Connection(1191)-127.0.0.1] RMI TCP Connection(1191)-127.0.0.1: close connection, socket: Socket[addr=/127.0.0.1,port=62653,localport=58565]
2024-10-04 09:39:41,184 DEBUG sun.rmi.runtime.Log$LoggerLog [RMI TCP Connection(1191)-127.0.0.1] RMI TCP Connection(1191)-127.0.0.1: socket close: Socket[addr=/127.0.0.1,port=62653,localport=58565]
2024-10-04 09:39:42,812 DEBUG org.postgresql.Driver [HikariPool-1 connection adder] Connecting with URL: jdbc:postgresql://database-1.cnaee60qc6yl.us-east-2.rds.amazonaws.com/clubdb
2024-10-04 09:39:42,813 DEBUG org.postgresql.jdbc.PgConnection [HikariPool-1 connection adder] PostgreSQL JDBC Driver 42.2.14
2024-10-04 09:39:42,813 DEBUG org.postgresql.jdbc.PgConnection [HikariPool-1 connection adder]   setDefaultFetchSize = 0
2024-10-04 09:39:42,813 DEBUG org.postgresql.jdbc.PgConnection [HikariPool-1 connection adder]   setPrepareThreshold = 5
2024-10-04 09:39:42,815 DEBUG org.postgresql.core.v3.ConnectionFactoryImpl [HikariPool-1 connection adder] Trying to establish a protocol version 3 connection to database-1.cnaee60qc6yl.us-east-2.rds.amazonaws.com:5432
2024-10-04 09:39:42,818 DEBUG org.postgresql.Driver [HikariPool-1 connection adder] Connection error: 
org.postgresql.util.PSQLException: The connection attempt failed.
	at org.postgresql.core.v3.ConnectionFactoryImpl.openConnectionImpl(ConnectionFactoryImpl.java:297)
	at org.postgresql.core.ConnectionFactory.openConnection(ConnectionFactory.java:49)
	at org.postgresql.jdbc.PgConnection.<init>(PgConnection.java:217)
	at org.postgresql.Driver.makeConnection(Driver.java:458)
	at org.postgresql.Driver.connect(Driver.java:260)
	at com.zaxxer.hikari.util.DriverDataSource.getConnection(DriverDataSource.java:138)
	at com.zaxxer.hikari.pool.PoolBase.newConnection(PoolBase.java:358)
	at com.zaxxer.hikari.pool.PoolBase.newPoolEntry(PoolBase.java:206)
	at com.zaxxer.hikari.pool.HikariPool.createPoolEntry(HikariPool.java:477)
	at com.zaxxer.hikari.pool.HikariPool.access$100(HikariPool.java:71)
	at com.zaxxer.hikari.pool.HikariPool$PoolEntryCreator.call(HikariPool.java:725)
	at com.zaxxer.hikari.pool.HikariPool$PoolEntryCreator.call(HikariPool.java:711)
	at java.base/java.util.concurrent.FutureTask.run(FutureTask.java:264)
	at java.base/java.util.concurrent.ThreadPoolExecutor.runWorker(ThreadPoolExecutor.java:1136)
	at java.base/java.util.concurrent.ThreadPoolExecutor$Worker.run(ThreadPoolExecutor.java:635)
	at java.base/java.lang.Thread.run(Thread.java:833)
Caused by: java.net.UnknownHostException: database-1.cnaee60qc6yl.us-east-2.rds.amazonaws.com
	at java.base/sun.nio.ch.NioSocketImpl.connect(NioSocketImpl.java:567)
	at java.base/java.net.SocksSocketImpl.connect(SocksSocketImpl.java:327)
	at java.base/java.net.Socket.connect(Socket.java:633)
	at org.postgresql.core.PGStream.<init>(PGStream.java:81)
	at org.postgresql.core.v3.ConnectionFactoryImpl.tryConnect(ConnectionFactoryImpl.java:93)
	at org.postgresql.core.v3.ConnectionFactoryImpl.openConnectionImpl(ConnectionFactoryImpl.java:197)
	... 15 common frames omitted
2024-10-04 09:39:42,818 DEBUG com.zaxxer.hikari.pool.HikariPool [HikariPool-1 connection adder] HikariPool-1 - Cannot acquire connection from data source
org.postgresql.util.PSQLException: The connection attempt failed.
	at org.postgresql.core.v3.ConnectionFactoryImpl.openConnectionImpl(ConnectionFactoryImpl.java:297)
	at org.postgresql.core.ConnectionFactory.openConnection(ConnectionFactory.java:49)
	at org.postgresql.jdbc.PgConnection.<init>(PgConnection.java:217)
	at org.postgresql.Driver.makeConnection(Driver.java:458)
	at org.postgresql.Driver.connect(Driver.java:260)
	at com.zaxxer.hikari.util.DriverDataSource.getConnection(DriverDataSource.java:138)
	at com.zaxxer.hikari.pool.PoolBase.newConnection(PoolBase.java:358)
	at com.zaxxer.hikari.pool.PoolBase.newPoolEntry(PoolBase.java:206)
	at com.zaxxer.hikari.pool.HikariPool.createPoolEntry(HikariPool.java:477)
	at com.zaxxer.hikari.pool.HikariPool.access$100(HikariPool.java:71)
	at com.zaxxer.hikari.pool.HikariPool$PoolEntryCreator.call(HikariPool.java:725)
	at com.zaxxer.hikari.pool.HikariPool$PoolEntryCreator.call(HikariPool.java:711)
	at java.base/java.util.concurrent.FutureTask.run(FutureTask.java:264)
	at java.base/java.util.concurrent.ThreadPoolExecutor.runWorker(ThreadPoolExecutor.java:1136)
	at java.base/java.util.concurrent.ThreadPoolExecutor$Worker.run(ThreadPoolExecutor.java:635)
	at java.base/java.lang.Thread.run(Thread.java:833)
Caused by: java.net.UnknownHostException: database-1.cnaee60qc6yl.us-east-2.rds.amazonaws.com
	at java.base/sun.nio.ch.NioSocketImpl.connect(NioSocketImpl.java:567)
	at java.base/java.net.SocksSocketImpl.connect(SocksSocketImpl.java:327)
	at java.base/java.net.Socket.connect(Socket.java:633)
	at org.postgresql.core.PGStream.<init>(PGStream.java:81)
	at org.postgresql.core.v3.ConnectionFactoryImpl.tryConnect(ConnectionFactoryImpl.java:93)
	at org.postgresql.core.v3.ConnectionFactoryImpl.openConnectionImpl(ConnectionFactoryImpl.java:197)
	... 15 common frames omitted
2024-10-04 09:39:49,671 DEBUG com.zaxxer.hikari.pool.HikariPool [HikariPool-1 housekeeper] HikariPool-1 - Pool stats (total=0, active=0, idle=0, waiting=0)
2024-10-04 09:39:49,673 DEBUG com.zaxxer.hikari.pool.HikariPool [HikariPool-1 housekeeper] HikariPool-1 - Fill pool skipped, pool is at sufficient level.
2024-10-04 09:39:50,391 DEBUG org.apache.juli.logging.DirectJDKLog [Catalina-utility-2] Start expire sessions StandardManager at 1728014990391 sessioncount 0
2024-10-04 09:39:50,402 DEBUG org.apache.juli.logging.DirectJDKLog [Catalina-utility-2] End expire sessions StandardManager processingTime 11 expired sessions: 0
2024-10-04 09:39:52,985 DEBUG org.postgresql.Driver [HikariPool-1 connection adder] Connecting with URL: jdbc:postgresql://database-1.cnaee60qc6yl.us-east-2.rds.amazonaws.com/clubdb
2024-10-04 09:39:52,987 DEBUG org.postgresql.jdbc.PgConnection [HikariPool-1 connection adder] PostgreSQL JDBC Driver 42.2.14
2024-10-04 09:39:52,987 DEBUG org.postgresql.jdbc.PgConnection [HikariPool-1 connection adder]   setDefaultFetchSize = 0
2024-10-04 09:39:52,987 DEBUG org.postgresql.jdbc.PgConnection [HikariPool-1 connection adder]   setPrepareThreshold = 5
2024-10-04 09:39:52,988 DEBUG org.postgresql.core.v3.ConnectionFactoryImpl [HikariPool-1 connection adder] Trying to establish a protocol version 3 connection to database-1.cnaee60qc6yl.us-east-2.rds.amazonaws.com:5432
2024-10-04 09:39:52,988 DEBUG org.postgresql.Driver [HikariPool-1 connection adder] Connection error: 
org.postgresql.util.PSQLException: The connection attempt failed.
	at org.postgresql.core.v3.ConnectionFactoryImpl.openConnectionImpl(ConnectionFactoryImpl.java:297)
	at org.postgresql.core.ConnectionFactory.openConnection(ConnectionFactory.java:49)
	at org.postgresql.jdbc.PgConnection.<init>(PgConnection.java:217)
	at org.postgresql.Driver.makeConnection(Driver.java:458)
	at org.postgresql.Driver.connect(Driver.java:260)
	at com.zaxxer.hikari.util.DriverDataSource.getConnection(DriverDataSource.java:138)
	at com.zaxxer.hikari.pool.PoolBase.newConnection(PoolBase.java:358)
	at com.zaxxer.hikari.pool.PoolBase.newPoolEntry(PoolBase.java:206)
	at com.zaxxer.hikari.pool.HikariPool.createPoolEntry(HikariPool.java:477)
	at com.zaxxer.hikari.pool.HikariPool.access$100(HikariPool.java:71)
	at com.zaxxer.hikari.pool.HikariPool$PoolEntryCreator.call(HikariPool.java:725)
	at com.zaxxer.hikari.pool.HikariPool$PoolEntryCreator.call(HikariPool.java:711)
	at java.base/java.util.concurrent.FutureTask.run(FutureTask.java:264)
	at java.base/java.util.concurrent.ThreadPoolExecutor.runWorker(ThreadPoolExecutor.java:1136)
	at java.base/java.util.concurrent.ThreadPoolExecutor$Worker.run(ThreadPoolExecutor.java:635)
	at java.base/java.lang.Thread.run(Thread.java:833)
Caused by: java.net.UnknownHostException: database-1.cnaee60qc6yl.us-east-2.rds.amazonaws.com
	at java.base/sun.nio.ch.NioSocketImpl.connect(NioSocketImpl.java:567)
	at java.base/java.net.SocksSocketImpl.connect(SocksSocketImpl.java:327)
	at java.base/java.net.Socket.connect(Socket.java:633)
	at org.postgresql.core.PGStream.<init>(PGStream.java:81)
	at org.postgresql.core.v3.ConnectionFactoryImpl.tryConnect(ConnectionFactoryImpl.java:93)
	at org.postgresql.core.v3.ConnectionFactoryImpl.openConnectionImpl(ConnectionFactoryImpl.java:197)
	... 15 common frames omitted
2024-10-04 09:39:52,989 DEBUG com.zaxxer.hikari.pool.HikariPool [HikariPool-1 connection adder] HikariPool-1 - Cannot acquire connection from data source
org.postgresql.util.PSQLException: The connection attempt failed.
	at org.postgresql.core.v3.ConnectionFactoryImpl.openConnectionImpl(ConnectionFactoryImpl.java:297)
	at org.postgresql.core.ConnectionFactory.openConnection(ConnectionFactory.java:49)
	at org.postgresql.jdbc.PgConnection.<init>(PgConnection.java:217)
	at org.postgresql.Driver.makeConnection(Driver.java:458)
	at org.postgresql.Driver.connect(Driver.java:260)
	at com.zaxxer.hikari.util.DriverDataSource.getConnection(DriverDataSource.java:138)
	at com.zaxxer.hikari.pool.PoolBase.newConnection(PoolBase.java:358)
	at com.zaxxer.hikari.pool.PoolBase.newPoolEntry(PoolBase.java:206)
	at com.zaxxer.hikari.pool.HikariPool.createPoolEntry(HikariPool.java:477)
	at com.zaxxer.hikari.pool.HikariPool.access$100(HikariPool.java:71)
	at com.zaxxer.hikari.pool.HikariPool$PoolEntryCreator.call(HikariPool.java:725)
	at com.zaxxer.hikari.pool.HikariPool$PoolEntryCreator.call(HikariPool.java:711)
	at java.base/java.util.concurrent.FutureTask.run(FutureTask.java:264)
	at java.base/java.util.concurrent.ThreadPoolExecutor.runWorker(ThreadPoolExecutor.java:1136)
	at java.base/java.util.concurrent.ThreadPoolExecutor$Worker.run(ThreadPoolExecutor.java:635)
	at java.base/java.lang.Thread.run(Thread.java:833)
Caused by: java.net.UnknownHostException: database-1.cnaee60qc6yl.us-east-2.rds.amazonaws.com
	at java.base/sun.nio.ch.NioSocketImpl.connect(NioSocketImpl.java:567)
	at java.base/java.net.SocksSocketImpl.connect(SocksSocketImpl.java:327)
	at java.base/java.net.Socket.connect(Socket.java:633)
	at org.postgresql.core.PGStream.<init>(PGStream.java:81)
	at org.postgresql.core.v3.ConnectionFactoryImpl.tryConnect(ConnectionFactoryImpl.java:93)
	at org.postgresql.core.v3.ConnectionFactoryImpl.openConnectionImpl(ConnectionFactoryImpl.java:197)
	... 15 common frames omitted
2024-10-04 09:40:02,993 DEBUG org.postgresql.Driver [HikariPool-1 connection adder] Connecting with URL: jdbc:postgresql://database-1.cnaee60qc6yl.us-east-2.rds.amazonaws.com/clubdb
2024-10-04 09:40:02,995 DEBUG org.postgresql.jdbc.PgConnection [HikariPool-1 connection adder] PostgreSQL JDBC Driver 42.2.14
2024-10-04 09:40:02,997 DEBUG org.postgresql.jdbc.PgConnection [HikariPool-1 connection adder]   setDefaultFetchSize = 0
2024-10-04 09:40:02,998 DEBUG org.postgresql.jdbc.PgConnection [HikariPool-1 connection adder]   setPrepareThreshold = 5
2024-10-04 09:40:03,001 DEBUG org.postgresql.core.v3.ConnectionFactoryImpl [HikariPool-1 connection adder] Trying to establish a protocol version 3 connection to database-1.cnaee60qc6yl.us-east-2.rds.amazonaws.com:5432
2024-10-04 09:40:15,093 DEBUG org.postgresql.Driver [HikariPool-1 connection adder] Connection error: 
org.postgresql.util.PSQLException: The connection attempt failed.
	at org.postgresql.core.v3.ConnectionFactoryImpl.openConnectionImpl(ConnectionFactoryImpl.java:297)
	at org.postgresql.core.ConnectionFactory.openConnection(ConnectionFactory.java:49)
	at org.postgresql.jdbc.PgConnection.<init>(PgConnection.java:217)
	at org.postgresql.Driver.makeConnection(Driver.java:458)
	at org.postgresql.Driver.connect(Driver.java:260)
	at com.zaxxer.hikari.util.DriverDataSource.getConnection(DriverDataSource.java:138)
	at com.zaxxer.hikari.pool.PoolBase.newConnection(PoolBase.java:358)
	at com.zaxxer.hikari.pool.PoolBase.newPoolEntry(PoolBase.java:206)
	at com.zaxxer.hikari.pool.HikariPool.createPoolEntry(HikariPool.java:477)
	at com.zaxxer.hikari.pool.HikariPool.access$100(HikariPool.java:71)
	at com.zaxxer.hikari.pool.HikariPool$PoolEntryCreator.call(HikariPool.java:725)
	at com.zaxxer.hikari.pool.HikariPool$PoolEntryCreator.call(HikariPool.java:711)
	at java.base/java.util.concurrent.FutureTask.run(FutureTask.java:264)
	at java.base/java.util.concurrent.ThreadPoolExecutor.runWorker(ThreadPoolExecutor.java:1136)
	at java.base/java.util.concurrent.ThreadPoolExecutor$Worker.run(ThreadPoolExecutor.java:635)
	at java.base/java.lang.Thread.run(Thread.java:833)
Caused by: java.net.UnknownHostException: database-1.cnaee60qc6yl.us-east-2.rds.amazonaws.com
	at java.base/sun.nio.ch.NioSocketImpl.connect(NioSocketImpl.java:567)
	at java.base/java.net.SocksSocketImpl.connect(SocksSocketImpl.java:327)
	at java.base/java.net.Socket.connect(Socket.java:633)
	at org.postgresql.core.PGStream.<init>(PGStream.java:81)
	at org.postgresql.core.v3.ConnectionFactoryImpl.tryConnect(ConnectionFactoryImpl.java:93)
	at org.postgresql.core.v3.ConnectionFactoryImpl.openConnectionImpl(ConnectionFactoryImpl.java:197)
	... 15 common frames omitted
2024-10-04 09:40:15,095 DEBUG com.zaxxer.hikari.pool.HikariPool [HikariPool-1 connection adder] HikariPool-1 - Cannot acquire connection from data source
org.postgresql.util.PSQLException: The connection attempt failed.
	at org.postgresql.core.v3.ConnectionFactoryImpl.openConnectionImpl(ConnectionFactoryImpl.java:297)
	at org.postgresql.core.ConnectionFactory.openConnection(ConnectionFactory.java:49)
	at org.postgresql.jdbc.PgConnection.<init>(PgConnection.java:217)
	at org.postgresql.Driver.makeConnection(Driver.java:458)
	at org.postgresql.Driver.connect(Driver.java:260)
	at com.zaxxer.hikari.util.DriverDataSource.getConnection(DriverDataSource.java:138)
	at com.zaxxer.hikari.pool.PoolBase.newConnection(PoolBase.java:358)
	at com.zaxxer.hikari.pool.PoolBase.newPoolEntry(PoolBase.java:206)
	at com.zaxxer.hikari.pool.HikariPool.createPoolEntry(HikariPool.java:477)
	at com.zaxxer.hikari.pool.HikariPool.access$100(HikariPool.java:71)
	at com.zaxxer.hikari.pool.HikariPool$PoolEntryCreator.call(HikariPool.java:725)
	at com.zaxxer.hikari.pool.HikariPool$PoolEntryCreator.call(HikariPool.java:711)
	at java.base/java.util.concurrent.FutureTask.run(FutureTask.java:264)
	at java.base/java.util.concurrent.ThreadPoolExecutor.runWorker(ThreadPoolExecutor.java:1136)
	at java.base/java.util.concurrent.ThreadPoolExecutor$Worker.run(ThreadPoolExecutor.java:635)
	at java.base/java.lang.Thread.run(Thread.java:833)
Caused by: java.net.UnknownHostException: database-1.cnaee60qc6yl.us-east-2.rds.amazonaws.com
	at java.base/sun.nio.ch.NioSocketImpl.connect(NioSocketImpl.java:567)
	at java.base/java.net.SocksSocketImpl.connect(SocksSocketImpl.java:327)
	at java.base/java.net.Socket.connect(Socket.java:633)
	at org.postgresql.core.PGStream.<init>(PGStream.java:81)
	at org.postgresql.core.v3.ConnectionFactoryImpl.tryConnect(ConnectionFactoryImpl.java:93)
	at org.postgresql.core.v3.ConnectionFactoryImpl.openConnectionImpl(ConnectionFactoryImpl.java:197)
	... 15 common frames omitted
2024-10-04 09:40:19,688 DEBUG com.zaxxer.hikari.pool.HikariPool [HikariPool-1 housekeeper] HikariPool-1 - Pool stats (total=0, active=0, idle=0, waiting=0)
2024-10-04 09:40:19,690 DEBUG com.zaxxer.hikari.pool.HikariPool [HikariPool-1 housekeeper] HikariPool-1 - Fill pool skipped, pool is at sufficient level.
2024-10-04 09:40:25,105 DEBUG org.postgresql.Driver [HikariPool-1 connection adder] Connecting with URL: jdbc:postgresql://database-1.cnaee60qc6yl.us-east-2.rds.amazonaws.com/clubdb
2024-10-04 09:40:25,107 DEBUG org.postgresql.jdbc.PgConnection [HikariPool-1 connection adder] PostgreSQL JDBC Driver 42.2.14
2024-10-04 09:40:25,108 DEBUG org.postgresql.jdbc.PgConnection [HikariPool-1 connection adder]   setDefaultFetchSize = 0
2024-10-04 09:40:25,110 DEBUG org.postgresql.jdbc.PgConnection [HikariPool-1 connection adder]   setPrepareThreshold = 5
2024-10-04 09:40:25,111 DEBUG org.postgresql.core.v3.ConnectionFactoryImpl [HikariPool-1 connection adder] Trying to establish a protocol version 3 connection to database-1.cnaee60qc6yl.us-east-2.rds.amazonaws.com:5432
2024-10-04 09:40:26,190 DEBUG sun.rmi.runtime.Log$LoggerLog [RMI TCP Connection(1192)-127.0.0.1] RMI TCP Connection(1192)-127.0.0.1: accepted socket from [127.0.0.1:55508]
2024-10-04 09:40:26,192 DEBUG sun.rmi.runtime.Log$LoggerLog [RMI TCP Connection(1192)-127.0.0.1] RMI TCP Connection(1192)-127.0.0.1: (port 58565) op = 80
2024-10-04 09:40:26,195 DEBUG sun.util.logging.internal.LoggingProviderImpl$JULWrapper [RMI TCP Connection(1192)-127.0.0.1] connectionId=rmi://127.0.0.1  10
2024-10-04 09:40:37,174 DEBUG org.postgresql.Driver [HikariPool-1 connection adder] Connection error: 
org.postgresql.util.PSQLException: The connection attempt failed.
	at org.postgresql.core.v3.ConnectionFactoryImpl.openConnectionImpl(ConnectionFactoryImpl.java:297)
	at org.postgresql.core.ConnectionFactory.openConnection(ConnectionFactory.java:49)
	at org.postgresql.jdbc.PgConnection.<init>(PgConnection.java:217)
	at org.postgresql.Driver.makeConnection(Driver.java:458)
	at org.postgresql.Driver.connect(Driver.java:260)
	at com.zaxxer.hikari.util.DriverDataSource.getConnection(DriverDataSource.java:138)
	at com.zaxxer.hikari.pool.PoolBase.newConnection(PoolBase.java:358)
	at com.zaxxer.hikari.pool.PoolBase.newPoolEntry(PoolBase.java:206)
	at com.zaxxer.hikari.pool.HikariPool.createPoolEntry(HikariPool.java:477)
	at com.zaxxer.hikari.pool.HikariPool.access$100(HikariPool.java:71)
	at com.zaxxer.hikari.pool.HikariPool$PoolEntryCreator.call(HikariPool.java:725)
	at com.zaxxer.hikari.pool.HikariPool$PoolEntryCreator.call(HikariPool.java:711)
	at java.base/java.util.concurrent.FutureTask.run(FutureTask.java:264)
	at java.base/java.util.concurrent.ThreadPoolExecutor.runWorker(ThreadPoolExecutor.java:1136)
	at java.base/java.util.concurrent.ThreadPoolExecutor$Worker.run(ThreadPoolExecutor.java:635)
	at java.base/java.lang.Thread.run(Thread.java:833)
Caused by: java.net.UnknownHostException: database-1.cnaee60qc6yl.us-east-2.rds.amazonaws.com
	at java.base/sun.nio.ch.NioSocketImpl.connect(NioSocketImpl.java:567)
	at java.base/java.net.SocksSocketImpl.connect(SocksSocketImpl.java:327)
	at java.base/java.net.Socket.connect(Socket.java:633)
	at org.postgresql.core.PGStream.<init>(PGStream.java:81)
	at org.postgresql.core.v3.ConnectionFactoryImpl.tryConnect(ConnectionFactoryImpl.java:93)
	at org.postgresql.core.v3.ConnectionFactoryImpl.openConnectionImpl(ConnectionFactoryImpl.java:197)
	... 15 common frames omitted
2024-10-04 09:40:37,176 DEBUG com.zaxxer.hikari.pool.HikariPool [HikariPool-1 connection adder] HikariPool-1 - Cannot acquire connection from data source
org.postgresql.util.PSQLException: The connection attempt failed.
	at org.postgresql.core.v3.ConnectionFactoryImpl.openConnectionImpl(ConnectionFactoryImpl.java:297)
	at org.postgresql.core.ConnectionFactory.openConnection(ConnectionFactory.java:49)
	at org.postgresql.jdbc.PgConnection.<init>(PgConnection.java:217)
	at org.postgresql.Driver.makeConnection(Driver.java:458)
	at org.postgresql.Driver.connect(Driver.java:260)
	at com.zaxxer.hikari.util.DriverDataSource.getConnection(DriverDataSource.java:138)
	at com.zaxxer.hikari.pool.PoolBase.newConnection(PoolBase.java:358)
	at com.zaxxer.hikari.pool.PoolBase.newPoolEntry(PoolBase.java:206)
	at com.zaxxer.hikari.pool.HikariPool.createPoolEntry(HikariPool.java:477)
	at com.zaxxer.hikari.pool.HikariPool.access$100(HikariPool.java:71)
	at com.zaxxer.hikari.pool.HikariPool$PoolEntryCreator.call(HikariPool.java:725)
	at com.zaxxer.hikari.pool.HikariPool$PoolEntryCreator.call(HikariPool.java:711)
	at java.base/java.util.concurrent.FutureTask.run(FutureTask.java:264)
	at java.base/java.util.concurrent.ThreadPoolExecutor.runWorker(ThreadPoolExecutor.java:1136)
	at java.base/java.util.concurrent.ThreadPoolExecutor$Worker.run(ThreadPoolExecutor.java:635)
	at java.base/java.lang.Thread.run(Thread.java:833)
Caused by: java.net.UnknownHostException: database-1.cnaee60qc6yl.us-east-2.rds.amazonaws.com
	at java.base/sun.nio.ch.NioSocketImpl.connect(NioSocketImpl.java:567)
	at java.base/java.net.SocksSocketImpl.connect(SocksSocketImpl.java:327)
	at java.base/java.net.Socket.connect(Socket.java:633)
	at org.postgresql.core.PGStream.<init>(PGStream.java:81)
	at org.postgresql.core.v3.ConnectionFactoryImpl.tryConnect(ConnectionFactoryImpl.java:93)
	at org.postgresql.core.v3.ConnectionFactoryImpl.openConnectionImpl(ConnectionFactoryImpl.java:197)
	... 15 common frames omitted
2024-10-04 09:40:41,198 DEBUG sun.rmi.runtime.Log$LoggerLog [RMI TCP Connection(1192)-127.0.0.1] RMI TCP Connection(1192)-127.0.0.1: (port 58565) connection closed
2024-10-04 09:40:41,199 DEBUG sun.rmi.runtime.Log$LoggerLog [RMI TCP Connection(1192)-127.0.0.1] RMI TCP Connection(1192)-127.0.0.1: close connection, socket: Socket[addr=/127.0.0.1,port=55508,localport=58565]
2024-10-04 09:40:41,199 DEBUG sun.rmi.runtime.Log$LoggerLog [RMI TCP Connection(1192)-127.0.0.1] RMI TCP Connection(1192)-127.0.0.1: socket close: Socket[addr=/127.0.0.1,port=55508,localport=58565]
2024-10-04 09:40:47,178 DEBUG org.postgresql.Driver [HikariPool-1 connection adder] Connecting with URL: jdbc:postgresql://database-1.cnaee60qc6yl.us-east-2.rds.amazonaws.com/clubdb
2024-10-04 09:40:47,179 DEBUG org.postgresql.jdbc.PgConnection [HikariPool-1 connection adder] PostgreSQL JDBC Driver 42.2.14
2024-10-04 09:40:47,179 DEBUG org.postgresql.jdbc.PgConnection [HikariPool-1 connection adder]   setDefaultFetchSize = 0
2024-10-04 09:40:47,180 DEBUG org.postgresql.jdbc.PgConnection [HikariPool-1 connection adder]   setPrepareThreshold = 5
2024-10-04 09:40:47,180 DEBUG org.postgresql.core.v3.ConnectionFactoryImpl [HikariPool-1 connection adder] Trying to establish a protocol version 3 connection to database-1.cnaee60qc6yl.us-east-2.rds.amazonaws.com:5432
2024-10-04 09:40:49,705 DEBUG com.zaxxer.hikari.pool.HikariPool [HikariPool-1 housekeeper] HikariPool-1 - Pool stats (total=0, active=0, idle=0, waiting=0)
2024-10-04 09:40:49,709 DEBUG com.zaxxer.hikari.pool.HikariPool [HikariPool-1 housekeeper] HikariPool-1 - Fill pool skipped, pool is at sufficient level.
2024-10-04 09:40:50,465 DEBUG org.apache.juli.logging.DirectJDKLog [Catalina-utility-1] Start expire sessions StandardManager at 1728015050465 sessioncount 0
2024-10-04 09:40:50,465 DEBUG org.apache.juli.logging.DirectJDKLog [Catalina-utility-1] End expire sessions StandardManager processingTime 0 expired sessions: 0
2024-10-04 09:40:59,223 DEBUG org.postgresql.Driver [HikariPool-1 connection adder] Connection error: 
org.postgresql.util.PSQLException: The connection attempt failed.
	at org.postgresql.core.v3.ConnectionFactoryImpl.openConnectionImpl(ConnectionFactoryImpl.java:297)
	at org.postgresql.core.ConnectionFactory.openConnection(ConnectionFactory.java:49)
	at org.postgresql.jdbc.PgConnection.<init>(PgConnection.java:217)
	at org.postgresql.Driver.makeConnection(Driver.java:458)
	at org.postgresql.Driver.connect(Driver.java:260)
	at com.zaxxer.hikari.util.DriverDataSource.getConnection(DriverDataSource.java:138)
	at com.zaxxer.hikari.pool.PoolBase.newConnection(PoolBase.java:358)
	at com.zaxxer.hikari.pool.PoolBase.newPoolEntry(PoolBase.java:206)
	at com.zaxxer.hikari.pool.HikariPool.createPoolEntry(HikariPool.java:477)
	at com.zaxxer.hikari.pool.HikariPool.access$100(HikariPool.java:71)
	at com.zaxxer.hikari.pool.HikariPool$PoolEntryCreator.call(HikariPool.java:725)
	at com.zaxxer.hikari.pool.HikariPool$PoolEntryCreator.call(HikariPool.java:711)
	at java.base/java.util.concurrent.FutureTask.run(FutureTask.java:264)
	at java.base/java.util.concurrent.ThreadPoolExecutor.runWorker(ThreadPoolExecutor.java:1136)
	at java.base/java.util.concurrent.ThreadPoolExecutor$Worker.run(ThreadPoolExecutor.java:635)
	at java.base/java.lang.Thread.run(Thread.java:833)
Caused by: java.net.UnknownHostException: database-1.cnaee60qc6yl.us-east-2.rds.amazonaws.com
	at java.base/sun.nio.ch.NioSocketImpl.connect(NioSocketImpl.java:567)
	at java.base/java.net.SocksSocketImpl.connect(SocksSocketImpl.java:327)
	at java.base/java.net.Socket.connect(Socket.java:633)
	at org.postgresql.core.PGStream.<init>(PGStream.java:81)
	at org.postgresql.core.v3.ConnectionFactoryImpl.tryConnect(ConnectionFactoryImpl.java:93)
	at org.postgresql.core.v3.ConnectionFactoryImpl.openConnectionImpl(ConnectionFactoryImpl.java:197)
	... 15 common frames omitted
2024-10-04 09:40:59,227 DEBUG com.zaxxer.hikari.pool.HikariPool [HikariPool-1 connection adder] HikariPool-1 - Cannot acquire connection from data source
org.postgresql.util.PSQLException: The connection attempt failed.
	at org.postgresql.core.v3.ConnectionFactoryImpl.openConnectionImpl(ConnectionFactoryImpl.java:297)
	at org.postgresql.core.ConnectionFactory.openConnection(ConnectionFactory.java:49)
	at org.postgresql.jdbc.PgConnection.<init>(PgConnection.java:217)
	at org.postgresql.Driver.makeConnection(Driver.java:458)
	at org.postgresql.Driver.connect(Driver.java:260)
	at com.zaxxer.hikari.util.DriverDataSource.getConnection(DriverDataSource.java:138)
	at com.zaxxer.hikari.pool.PoolBase.newConnection(PoolBase.java:358)
	at com.zaxxer.hikari.pool.PoolBase.newPoolEntry(PoolBase.java:206)
	at com.zaxxer.hikari.pool.HikariPool.createPoolEntry(HikariPool.java:477)
	at com.zaxxer.hikari.pool.HikariPool.access$100(HikariPool.java:71)
	at com.zaxxer.hikari.pool.HikariPool$PoolEntryCreator.call(HikariPool.java:725)
	at com.zaxxer.hikari.pool.HikariPool$PoolEntryCreator.call(HikariPool.java:711)
	at java.base/java.util.concurrent.FutureTask.run(FutureTask.java:264)
	at java.base/java.util.concurrent.ThreadPoolExecutor.runWorker(ThreadPoolExecutor.java:1136)
	at java.base/java.util.concurrent.ThreadPoolExecutor$Worker.run(ThreadPoolExecutor.java:635)
	at java.base/java.lang.Thread.run(Thread.java:833)
Caused by: java.net.UnknownHostException: database-1.cnaee60qc6yl.us-east-2.rds.amazonaws.com
	at java.base/sun.nio.ch.NioSocketImpl.connect(NioSocketImpl.java:567)
	at java.base/java.net.SocksSocketImpl.connect(SocksSocketImpl.java:327)
	at java.base/java.net.Socket.connect(Socket.java:633)
	at org.postgresql.core.PGStream.<init>(PGStream.java:81)
	at org.postgresql.core.v3.ConnectionFactoryImpl.tryConnect(ConnectionFactoryImpl.java:93)
	at org.postgresql.core.v3.ConnectionFactoryImpl.openConnectionImpl(ConnectionFactoryImpl.java:197)
	... 15 common frames omitted
2024-10-04 09:41:09,235 DEBUG org.postgresql.Driver [HikariPool-1 connection adder] Connecting with URL: jdbc:postgresql://database-1.cnaee60qc6yl.us-east-2.rds.amazonaws.com/clubdb
2024-10-04 09:41:09,239 DEBUG org.postgresql.jdbc.PgConnection [HikariPool-1 connection adder] PostgreSQL JDBC Driver 42.2.14
2024-10-04 09:41:09,241 DEBUG org.postgresql.jdbc.PgConnection [HikariPool-1 connection adder]   setDefaultFetchSize = 0
2024-10-04 09:41:09,242 DEBUG org.postgresql.jdbc.PgConnection [HikariPool-1 connection adder]   setPrepareThreshold = 5
2024-10-04 09:41:09,244 DEBUG org.postgresql.core.v3.ConnectionFactoryImpl [HikariPool-1 connection adder] Trying to establish a protocol version 3 connection to database-1.cnaee60qc6yl.us-east-2.rds.amazonaws.com:5432
2024-10-04 09:41:09,247 DEBUG org.postgresql.Driver [HikariPool-1 connection adder] Connection error: 
org.postgresql.util.PSQLException: The connection attempt failed.
	at org.postgresql.core.v3.ConnectionFactoryImpl.openConnectionImpl(ConnectionFactoryImpl.java:297)
	at org.postgresql.core.ConnectionFactory.openConnection(ConnectionFactory.java:49)
	at org.postgresql.jdbc.PgConnection.<init>(PgConnection.java:217)
	at org.postgresql.Driver.makeConnection(Driver.java:458)
	at org.postgresql.Driver.connect(Driver.java:260)
	at com.zaxxer.hikari.util.DriverDataSource.getConnection(DriverDataSource.java:138)
	at com.zaxxer.hikari.pool.PoolBase.newConnection(PoolBase.java:358)
	at com.zaxxer.hikari.pool.PoolBase.newPoolEntry(PoolBase.java:206)
	at com.zaxxer.hikari.pool.HikariPool.createPoolEntry(HikariPool.java:477)
	at com.zaxxer.hikari.pool.HikariPool.access$100(HikariPool.java:71)
	at com.zaxxer.hikari.pool.HikariPool$PoolEntryCreator.call(HikariPool.java:725)
	at com.zaxxer.hikari.pool.HikariPool$PoolEntryCreator.call(HikariPool.java:711)
	at java.base/java.util.concurrent.FutureTask.run(FutureTask.java:264)
	at java.base/java.util.concurrent.ThreadPoolExecutor.runWorker(ThreadPoolExecutor.java:1136)
	at java.base/java.util.concurrent.ThreadPoolExecutor$Worker.run(ThreadPoolExecutor.java:635)
	at java.base/java.lang.Thread.run(Thread.java:833)
Caused by: java.net.UnknownHostException: database-1.cnaee60qc6yl.us-east-2.rds.amazonaws.com
	at java.base/sun.nio.ch.NioSocketImpl.connect(NioSocketImpl.java:567)
	at java.base/java.net.SocksSocketImpl.connect(SocksSocketImpl.java:327)
	at java.base/java.net.Socket.connect(Socket.java:633)
	at org.postgresql.core.PGStream.<init>(PGStream.java:81)
	at org.postgresql.core.v3.ConnectionFactoryImpl.tryConnect(ConnectionFactoryImpl.java:93)
	at org.postgresql.core.v3.ConnectionFactoryImpl.openConnectionImpl(ConnectionFactoryImpl.java:197)
	... 15 common frames omitted
2024-10-04 09:41:09,248 DEBUG com.zaxxer.hikari.pool.HikariPool [HikariPool-1 connection adder] HikariPool-1 - Cannot acquire connection from data source
org.postgresql.util.PSQLException: The connection attempt failed.
	at org.postgresql.core.v3.ConnectionFactoryImpl.openConnectionImpl(ConnectionFactoryImpl.java:297)
	at org.postgresql.core.ConnectionFactory.openConnection(ConnectionFactory.java:49)
	at org.postgresql.jdbc.PgConnection.<init>(PgConnection.java:217)
	at org.postgresql.Driver.makeConnection(Driver.java:458)
	at org.postgresql.Driver.connect(Driver.java:260)
	at com.zaxxer.hikari.util.DriverDataSource.getConnection(DriverDataSource.java:138)
	at com.zaxxer.hikari.pool.PoolBase.newConnection(PoolBase.java:358)
	at com.zaxxer.hikari.pool.PoolBase.newPoolEntry(PoolBase.java:206)
	at com.zaxxer.hikari.pool.HikariPool.createPoolEntry(HikariPool.java:477)
	at com.zaxxer.hikari.pool.HikariPool.access$100(HikariPool.java:71)
	at com.zaxxer.hikari.pool.HikariPool$PoolEntryCreator.call(HikariPool.java:725)
	at com.zaxxer.hikari.pool.HikariPool$PoolEntryCreator.call(HikariPool.java:711)
	at java.base/java.util.concurrent.FutureTask.run(FutureTask.java:264)
	at java.base/java.util.concurrent.ThreadPoolExecutor.runWorker(ThreadPoolExecutor.java:1136)
	at java.base/java.util.concurrent.ThreadPoolExecutor$Worker.run(ThreadPoolExecutor.java:635)
	at java.base/java.lang.Thread.run(Thread.java:833)
Caused by: java.net.UnknownHostException: database-1.cnaee60qc6yl.us-east-2.rds.amazonaws.com
	at java.base/sun.nio.ch.NioSocketImpl.connect(NioSocketImpl.java:567)
	at java.base/java.net.SocksSocketImpl.connect(SocksSocketImpl.java:327)
	at java.base/java.net.Socket.connect(Socket.java:633)
	at org.postgresql.core.PGStream.<init>(PGStream.java:81)
	at org.postgresql.core.v3.ConnectionFactoryImpl.tryConnect(ConnectionFactoryImpl.java:93)
	at org.postgresql.core.v3.ConnectionFactoryImpl.openConnectionImpl(ConnectionFactoryImpl.java:197)
	... 15 common frames omitted
2024-10-04 09:41:19,256 DEBUG org.postgresql.Driver [HikariPool-1 connection adder] Connecting with URL: jdbc:postgresql://database-1.cnaee60qc6yl.us-east-2.rds.amazonaws.com/clubdb
2024-10-04 09:41:19,260 DEBUG org.postgresql.jdbc.PgConnection [HikariPool-1 connection adder] PostgreSQL JDBC Driver 42.2.14
2024-10-04 09:41:19,263 DEBUG org.postgresql.jdbc.PgConnection [HikariPool-1 connection adder]   setDefaultFetchSize = 0
2024-10-04 09:41:19,265 DEBUG org.postgresql.jdbc.PgConnection [HikariPool-1 connection adder]   setPrepareThreshold = 5
2024-10-04 09:41:19,271 DEBUG org.postgresql.core.v3.ConnectionFactoryImpl [HikariPool-1 connection adder] Trying to establish a protocol version 3 connection to database-1.cnaee60qc6yl.us-east-2.rds.amazonaws.com:5432
2024-10-04 09:41:19,280 DEBUG org.postgresql.Driver [HikariPool-1 connection adder] Connection error: 
org.postgresql.util.PSQLException: The connection attempt failed.
	at org.postgresql.core.v3.ConnectionFactoryImpl.openConnectionImpl(ConnectionFactoryImpl.java:297)
	at org.postgresql.core.ConnectionFactory.openConnection(ConnectionFactory.java:49)
	at org.postgresql.jdbc.PgConnection.<init>(PgConnection.java:217)
	at org.postgresql.Driver.makeConnection(Driver.java:458)
	at org.postgresql.Driver.connect(Driver.java:260)
	at com.zaxxer.hikari.util.DriverDataSource.getConnection(DriverDataSource.java:138)
	at com.zaxxer.hikari.pool.PoolBase.newConnection(PoolBase.java:358)
	at com.zaxxer.hikari.pool.PoolBase.newPoolEntry(PoolBase.java:206)
	at com.zaxxer.hikari.pool.HikariPool.createPoolEntry(HikariPool.java:477)
	at com.zaxxer.hikari.pool.HikariPool.access$100(HikariPool.java:71)
	at com.zaxxer.hikari.pool.HikariPool$PoolEntryCreator.call(HikariPool.java:725)
	at com.zaxxer.hikari.pool.HikariPool$PoolEntryCreator.call(HikariPool.java:711)
	at java.base/java.util.concurrent.FutureTask.run(FutureTask.java:264)
	at java.base/java.util.concurrent.ThreadPoolExecutor.runWorker(ThreadPoolExecutor.java:1136)
	at java.base/java.util.concurrent.ThreadPoolExecutor$Worker.run(ThreadPoolExecutor.java:635)
	at java.base/java.lang.Thread.run(Thread.java:833)
Caused by: java.net.UnknownHostException: database-1.cnaee60qc6yl.us-east-2.rds.amazonaws.com
	at java.base/sun.nio.ch.NioSocketImpl.connect(NioSocketImpl.java:567)
	at java.base/java.net.SocksSocketImpl.connect(SocksSocketImpl.java:327)
	at java.base/java.net.Socket.connect(Socket.java:633)
	at org.postgresql.core.PGStream.<init>(PGStream.java:81)
	at org.postgresql.core.v3.ConnectionFactoryImpl.tryConnect(ConnectionFactoryImpl.java:93)
	at org.postgresql.core.v3.ConnectionFactoryImpl.openConnectionImpl(ConnectionFactoryImpl.java:197)
	... 15 common frames omitted
2024-10-04 09:41:19,281 DEBUG com.zaxxer.hikari.pool.HikariPool [HikariPool-1 connection adder] HikariPool-1 - Cannot acquire connection from data source
org.postgresql.util.PSQLException: The connection attempt failed.
	at org.postgresql.core.v3.ConnectionFactoryImpl.openConnectionImpl(ConnectionFactoryImpl.java:297)
	at org.postgresql.core.ConnectionFactory.openConnection(ConnectionFactory.java:49)
	at org.postgresql.jdbc.PgConnection.<init>(PgConnection.java:217)
	at org.postgresql.Driver.makeConnection(Driver.java:458)
	at org.postgresql.Driver.connect(Driver.java:260)
	at com.zaxxer.hikari.util.DriverDataSource.getConnection(DriverDataSource.java:138)
	at com.zaxxer.hikari.pool.PoolBase.newConnection(PoolBase.java:358)
	at com.zaxxer.hikari.pool.PoolBase.newPoolEntry(PoolBase.java:206)
	at com.zaxxer.hikari.pool.HikariPool.createPoolEntry(HikariPool.java:477)
	at com.zaxxer.hikari.pool.HikariPool.access$100(HikariPool.java:71)
	at com.zaxxer.hikari.pool.HikariPool$PoolEntryCreator.call(HikariPool.java:725)
	at com.zaxxer.hikari.pool.HikariPool$PoolEntryCreator.call(HikariPool.java:711)
	at java.base/java.util.concurrent.FutureTask.run(FutureTask.java:264)
	at java.base/java.util.concurrent.ThreadPoolExecutor.runWorker(ThreadPoolExecutor.java:1136)
	at java.base/java.util.concurrent.ThreadPoolExecutor$Worker.run(ThreadPoolExecutor.java:635)
	at java.base/java.lang.Thread.run(Thread.java:833)
Caused by: java.net.UnknownHostException: database-1.cnaee60qc6yl.us-east-2.rds.amazonaws.com
	at java.base/sun.nio.ch.NioSocketImpl.connect(NioSocketImpl.java:567)
	at java.base/java.net.SocksSocketImpl.connect(SocksSocketImpl.java:327)
	at java.base/java.net.Socket.connect(Socket.java:633)
	at org.postgresql.core.PGStream.<init>(PGStream.java:81)
	at org.postgresql.core.v3.ConnectionFactoryImpl.tryConnect(ConnectionFactoryImpl.java:93)
	at org.postgresql.core.v3.ConnectionFactoryImpl.openConnectionImpl(ConnectionFactoryImpl.java:197)
	... 15 common frames omitted
2024-10-04 09:41:19,722 DEBUG com.zaxxer.hikari.pool.HikariPool [HikariPool-1 housekeeper] HikariPool-1 - Pool stats (total=0, active=0, idle=0, waiting=0)
2024-10-04 09:41:19,722 DEBUG com.zaxxer.hikari.pool.HikariPool [HikariPool-1 housekeeper] HikariPool-1 - Fill pool skipped, pool is at sufficient level.
2024-10-04 09:41:26,203 DEBUG sun.rmi.runtime.Log$LoggerLog [RMI TCP Connection(1193)-127.0.0.1] RMI TCP Connection(1193)-127.0.0.1: accepted socket from [127.0.0.1:52035]
2024-10-04 09:41:26,203 DEBUG sun.rmi.runtime.Log$LoggerLog [RMI TCP Connection(1193)-127.0.0.1] RMI TCP Connection(1193)-127.0.0.1: (port 58565) op = 80
2024-10-04 09:41:26,204 DEBUG sun.util.logging.internal.LoggingProviderImpl$JULWrapper [RMI TCP Connection(1193)-127.0.0.1] connectionId=rmi://127.0.0.1  10
2024-10-04 09:41:29,292 DEBUG org.postgresql.Driver [HikariPool-1 connection adder] Connecting with URL: jdbc:postgresql://database-1.cnaee60qc6yl.us-east-2.rds.amazonaws.com/clubdb
2024-10-04 09:41:29,295 DEBUG org.postgresql.jdbc.PgConnection [HikariPool-1 connection adder] PostgreSQL JDBC Driver 42.2.14
2024-10-04 09:41:29,297 DEBUG org.postgresql.jdbc.PgConnection [HikariPool-1 connection adder]   setDefaultFetchSize = 0
2024-10-04 09:41:29,298 DEBUG org.postgresql.jdbc.PgConnection [HikariPool-1 connection adder]   setPrepareThreshold = 5
2024-10-04 09:41:29,300 DEBUG org.postgresql.core.v3.ConnectionFactoryImpl [HikariPool-1 connection adder] Trying to establish a protocol version 3 connection to database-1.cnaee60qc6yl.us-east-2.rds.amazonaws.com:5432
2024-10-04 09:41:41,206 DEBUG sun.rmi.runtime.Log$LoggerLog [RMI TCP Connection(1193)-127.0.0.1] RMI TCP Connection(1193)-127.0.0.1: (port 58565) connection closed
2024-10-04 09:41:41,208 DEBUG sun.rmi.runtime.Log$LoggerLog [RMI TCP Connection(1193)-127.0.0.1] RMI TCP Connection(1193)-127.0.0.1: close connection, socket: Socket[addr=/127.0.0.1,port=52035,localport=58565]
2024-10-04 09:41:41,209 DEBUG sun.rmi.runtime.Log$LoggerLog [RMI TCP Connection(1193)-127.0.0.1] RMI TCP Connection(1193)-127.0.0.1: socket close: Socket[addr=/127.0.0.1,port=52035,localport=58565]
2024-10-04 09:41:41,351 DEBUG org.postgresql.Driver [HikariPool-1 connection adder] Connection error: 
org.postgresql.util.PSQLException: The connection attempt failed.
	at org.postgresql.core.v3.ConnectionFactoryImpl.openConnectionImpl(ConnectionFactoryImpl.java:297)
	at org.postgresql.core.ConnectionFactory.openConnection(ConnectionFactory.java:49)
	at org.postgresql.jdbc.PgConnection.<init>(PgConnection.java:217)
	at org.postgresql.Driver.makeConnection(Driver.java:458)
	at org.postgresql.Driver.connect(Driver.java:260)
	at com.zaxxer.hikari.util.DriverDataSource.getConnection(DriverDataSource.java:138)
	at com.zaxxer.hikari.pool.PoolBase.newConnection(PoolBase.java:358)
	at com.zaxxer.hikari.pool.PoolBase.newPoolEntry(PoolBase.java:206)
	at com.zaxxer.hikari.pool.HikariPool.createPoolEntry(HikariPool.java:477)
	at com.zaxxer.hikari.pool.HikariPool.access$100(HikariPool.java:71)
	at com.zaxxer.hikari.pool.HikariPool$PoolEntryCreator.call(HikariPool.java:725)
	at com.zaxxer.hikari.pool.HikariPool$PoolEntryCreator.call(HikariPool.java:711)
	at java.base/java.util.concurrent.FutureTask.run(FutureTask.java:264)
	at java.base/java.util.concurrent.ThreadPoolExecutor.runWorker(ThreadPoolExecutor.java:1136)
	at java.base/java.util.concurrent.ThreadPoolExecutor$Worker.run(ThreadPoolExecutor.java:635)
	at java.base/java.lang.Thread.run(Thread.java:833)
Caused by: java.net.UnknownHostException: database-1.cnaee60qc6yl.us-east-2.rds.amazonaws.com
	at java.base/sun.nio.ch.NioSocketImpl.connect(NioSocketImpl.java:567)
	at java.base/java.net.SocksSocketImpl.connect(SocksSocketImpl.java:327)
	at java.base/java.net.Socket.connect(Socket.java:633)
	at org.postgresql.core.PGStream.<init>(PGStream.java:81)
	at org.postgresql.core.v3.ConnectionFactoryImpl.tryConnect(ConnectionFactoryImpl.java:93)
	at org.postgresql.core.v3.ConnectionFactoryImpl.openConnectionImpl(ConnectionFactoryImpl.java:197)
	... 15 common frames omitted
2024-10-04 09:41:41,351 DEBUG com.zaxxer.hikari.pool.HikariPool [HikariPool-1 connection adder] HikariPool-1 - Cannot acquire connection from data source
org.postgresql.util.PSQLException: The connection attempt failed.
	at org.postgresql.core.v3.ConnectionFactoryImpl.openConnectionImpl(ConnectionFactoryImpl.java:297)
	at org.postgresql.core.ConnectionFactory.openConnection(ConnectionFactory.java:49)
	at org.postgresql.jdbc.PgConnection.<init>(PgConnection.java:217)
	at org.postgresql.Driver.makeConnection(Driver.java:458)
	at org.postgresql.Driver.connect(Driver.java:260)
	at com.zaxxer.hikari.util.DriverDataSource.getConnection(DriverDataSource.java:138)
	at com.zaxxer.hikari.pool.PoolBase.newConnection(PoolBase.java:358)
	at com.zaxxer.hikari.pool.PoolBase.newPoolEntry(PoolBase.java:206)
	at com.zaxxer.hikari.pool.HikariPool.createPoolEntry(HikariPool.java:477)
	at com.zaxxer.hikari.pool.HikariPool.access$100(HikariPool.java:71)
	at com.zaxxer.hikari.pool.HikariPool$PoolEntryCreator.call(HikariPool.java:725)
	at com.zaxxer.hikari.pool.HikariPool$PoolEntryCreator.call(HikariPool.java:711)
	at java.base/java.util.concurrent.FutureTask.run(FutureTask.java:264)
	at java.base/java.util.concurrent.ThreadPoolExecutor.runWorker(ThreadPoolExecutor.java:1136)
	at java.base/java.util.concurrent.ThreadPoolExecutor$Worker.run(ThreadPoolExecutor.java:635)
	at java.base/java.lang.Thread.run(Thread.java:833)
Caused by: java.net.UnknownHostException: database-1.cnaee60qc6yl.us-east-2.rds.amazonaws.com
	at java.base/sun.nio.ch.NioSocketImpl.connect(NioSocketImpl.java:567)
	at java.base/java.net.SocksSocketImpl.connect(SocksSocketImpl.java:327)
	at java.base/java.net.Socket.connect(Socket.java:633)
	at org.postgresql.core.PGStream.<init>(PGStream.java:81)
	at org.postgresql.core.v3.ConnectionFactoryImpl.tryConnect(ConnectionFactoryImpl.java:93)
	at org.postgresql.core.v3.ConnectionFactoryImpl.openConnectionImpl(ConnectionFactoryImpl.java:197)
	... 15 common frames omitted
2024-10-04 09:41:49,737 DEBUG com.zaxxer.hikari.pool.HikariPool [HikariPool-1 housekeeper] HikariPool-1 - Pool stats (total=0, active=0, idle=0, waiting=0)
2024-10-04 09:41:49,740 DEBUG com.zaxxer.hikari.pool.HikariPool [HikariPool-1 housekeeper] HikariPool-1 - Fill pool skipped, pool is at sufficient level.
2024-10-04 09:41:50,555 DEBUG org.apache.juli.logging.DirectJDKLog [Catalina-utility-2] Start expire sessions StandardManager at 1728015110554 sessioncount 0
2024-10-04 09:41:50,557 DEBUG org.apache.juli.logging.DirectJDKLog [Catalina-utility-2] End expire sessions StandardManager processingTime 3 expired sessions: 0
2024-10-04 09:41:51,358 DEBUG org.postgresql.Driver [HikariPool-1 connection adder] Connecting with URL: jdbc:postgresql://database-1.cnaee60qc6yl.us-east-2.rds.amazonaws.com/clubdb
2024-10-04 09:41:51,361 DEBUG org.postgresql.jdbc.PgConnection [HikariPool-1 connection adder] PostgreSQL JDBC Driver 42.2.14
2024-10-04 09:41:51,363 DEBUG org.postgresql.jdbc.PgConnection [HikariPool-1 connection adder]   setDefaultFetchSize = 0
2024-10-04 09:41:51,364 DEBUG org.postgresql.jdbc.PgConnection [HikariPool-1 connection adder]   setPrepareThreshold = 5
2024-10-04 09:41:51,365 DEBUG org.postgresql.core.v3.ConnectionFactoryImpl [HikariPool-1 connection adder] Trying to establish a protocol version 3 connection to database-1.cnaee60qc6yl.us-east-2.rds.amazonaws.com:5432
2024-10-04 09:41:51,368 DEBUG org.postgresql.Driver [HikariPool-1 connection adder] Connection error: 
org.postgresql.util.PSQLException: The connection attempt failed.
	at org.postgresql.core.v3.ConnectionFactoryImpl.openConnectionImpl(ConnectionFactoryImpl.java:297)
	at org.postgresql.core.ConnectionFactory.openConnection(ConnectionFactory.java:49)
	at org.postgresql.jdbc.PgConnection.<init>(PgConnection.java:217)
	at org.postgresql.Driver.makeConnection(Driver.java:458)
	at org.postgresql.Driver.connect(Driver.java:260)
	at com.zaxxer.hikari.util.DriverDataSource.getConnection(DriverDataSource.java:138)
	at com.zaxxer.hikari.pool.PoolBase.newConnection(PoolBase.java:358)
	at com.zaxxer.hikari.pool.PoolBase.newPoolEntry(PoolBase.java:206)
	at com.zaxxer.hikari.pool.HikariPool.createPoolEntry(HikariPool.java:477)
	at com.zaxxer.hikari.pool.HikariPool.access$100(HikariPool.java:71)
	at com.zaxxer.hikari.pool.HikariPool$PoolEntryCreator.call(HikariPool.java:725)
	at com.zaxxer.hikari.pool.HikariPool$PoolEntryCreator.call(HikariPool.java:711)
	at java.base/java.util.concurrent.FutureTask.run(FutureTask.java:264)
	at java.base/java.util.concurrent.ThreadPoolExecutor.runWorker(ThreadPoolExecutor.java:1136)
	at java.base/java.util.concurrent.ThreadPoolExecutor$Worker.run(ThreadPoolExecutor.java:635)
	at java.base/java.lang.Thread.run(Thread.java:833)
Caused by: java.net.UnknownHostException: database-1.cnaee60qc6yl.us-east-2.rds.amazonaws.com
	at java.base/sun.nio.ch.NioSocketImpl.connect(NioSocketImpl.java:567)
	at java.base/java.net.SocksSocketImpl.connect(SocksSocketImpl.java:327)
	at java.base/java.net.Socket.connect(Socket.java:633)
	at org.postgresql.core.PGStream.<init>(PGStream.java:81)
	at org.postgresql.core.v3.ConnectionFactoryImpl.tryConnect(ConnectionFactoryImpl.java:93)
	at org.postgresql.core.v3.ConnectionFactoryImpl.openConnectionImpl(ConnectionFactoryImpl.java:197)
	... 15 common frames omitted
2024-10-04 09:41:51,371 DEBUG com.zaxxer.hikari.pool.HikariPool [HikariPool-1 connection adder] HikariPool-1 - Cannot acquire connection from data source
org.postgresql.util.PSQLException: The connection attempt failed.
	at org.postgresql.core.v3.ConnectionFactoryImpl.openConnectionImpl(ConnectionFactoryImpl.java:297)
	at org.postgresql.core.ConnectionFactory.openConnection(ConnectionFactory.java:49)
	at org.postgresql.jdbc.PgConnection.<init>(PgConnection.java:217)
	at org.postgresql.Driver.makeConnection(Driver.java:458)
	at org.postgresql.Driver.connect(Driver.java:260)
	at com.zaxxer.hikari.util.DriverDataSource.getConnection(DriverDataSource.java:138)
	at com.zaxxer.hikari.pool.PoolBase.newConnection(PoolBase.java:358)
	at com.zaxxer.hikari.pool.PoolBase.newPoolEntry(PoolBase.java:206)
	at com.zaxxer.hikari.pool.HikariPool.createPoolEntry(HikariPool.java:477)
	at com.zaxxer.hikari.pool.HikariPool.access$100(HikariPool.java:71)
	at com.zaxxer.hikari.pool.HikariPool$PoolEntryCreator.call(HikariPool.java:725)
	at com.zaxxer.hikari.pool.HikariPool$PoolEntryCreator.call(HikariPool.java:711)
	at java.base/java.util.concurrent.FutureTask.run(FutureTask.java:264)
	at java.base/java.util.concurrent.ThreadPoolExecutor.runWorker(ThreadPoolExecutor.java:1136)
	at java.base/java.util.concurrent.ThreadPoolExecutor$Worker.run(ThreadPoolExecutor.java:635)
	at java.base/java.lang.Thread.run(Thread.java:833)
Caused by: java.net.UnknownHostException: database-1.cnaee60qc6yl.us-east-2.rds.amazonaws.com
	at java.base/sun.nio.ch.NioSocketImpl.connect(NioSocketImpl.java:567)
	at java.base/java.net.SocksSocketImpl.connect(SocksSocketImpl.java:327)
	at java.base/java.net.Socket.connect(Socket.java:633)
	at org.postgresql.core.PGStream.<init>(PGStream.java:81)
	at org.postgresql.core.v3.ConnectionFactoryImpl.tryConnect(ConnectionFactoryImpl.java:93)
	at org.postgresql.core.v3.ConnectionFactoryImpl.openConnectionImpl(ConnectionFactoryImpl.java:197)
	... 15 common frames omitted
2024-10-04 09:42:01,377 DEBUG org.postgresql.Driver [HikariPool-1 connection adder] Connecting with URL: jdbc:postgresql://database-1.cnaee60qc6yl.us-east-2.rds.amazonaws.com/clubdb
2024-10-04 09:42:01,378 DEBUG org.postgresql.jdbc.PgConnection [HikariPool-1 connection adder] PostgreSQL JDBC Driver 42.2.14
2024-10-04 09:42:01,380 DEBUG org.postgresql.jdbc.PgConnection [HikariPool-1 connection adder]   setDefaultFetchSize = 0
2024-10-04 09:42:01,382 DEBUG org.postgresql.jdbc.PgConnection [HikariPool-1 connection adder]   setPrepareThreshold = 5
2024-10-04 09:42:01,383 DEBUG org.postgresql.core.v3.ConnectionFactoryImpl [HikariPool-1 connection adder] Trying to establish a protocol version 3 connection to database-1.cnaee60qc6yl.us-east-2.rds.amazonaws.com:5432
2024-10-04 09:42:01,386 DEBUG org.postgresql.Driver [HikariPool-1 connection adder] Connection error: 
org.postgresql.util.PSQLException: The connection attempt failed.
	at org.postgresql.core.v3.ConnectionFactoryImpl.openConnectionImpl(ConnectionFactoryImpl.java:297)
	at org.postgresql.core.ConnectionFactory.openConnection(ConnectionFactory.java:49)
	at org.postgresql.jdbc.PgConnection.<init>(PgConnection.java:217)
	at org.postgresql.Driver.makeConnection(Driver.java:458)
	at org.postgresql.Driver.connect(Driver.java:260)
	at com.zaxxer.hikari.util.DriverDataSource.getConnection(DriverDataSource.java:138)
	at com.zaxxer.hikari.pool.PoolBase.newConnection(PoolBase.java:358)
	at com.zaxxer.hikari.pool.PoolBase.newPoolEntry(PoolBase.java:206)
	at com.zaxxer.hikari.pool.HikariPool.createPoolEntry(HikariPool.java:477)
	at com.zaxxer.hikari.pool.HikariPool.access$100(HikariPool.java:71)
	at com.zaxxer.hikari.pool.HikariPool$PoolEntryCreator.call(HikariPool.java:725)
	at com.zaxxer.hikari.pool.HikariPool$PoolEntryCreator.call(HikariPool.java:711)
	at java.base/java.util.concurrent.FutureTask.run(FutureTask.java:264)
	at java.base/java.util.concurrent.ThreadPoolExecutor.runWorker(ThreadPoolExecutor.java:1136)
	at java.base/java.util.concurrent.ThreadPoolExecutor$Worker.run(ThreadPoolExecutor.java:635)
	at java.base/java.lang.Thread.run(Thread.java:833)
Caused by: java.net.UnknownHostException: database-1.cnaee60qc6yl.us-east-2.rds.amazonaws.com
	at java.base/sun.nio.ch.NioSocketImpl.connect(NioSocketImpl.java:567)
	at java.base/java.net.SocksSocketImpl.connect(SocksSocketImpl.java:327)
	at java.base/java.net.Socket.connect(Socket.java:633)
	at org.postgresql.core.PGStream.<init>(PGStream.java:81)
	at org.postgresql.core.v3.ConnectionFactoryImpl.tryConnect(ConnectionFactoryImpl.java:93)
	at org.postgresql.core.v3.ConnectionFactoryImpl.openConnectionImpl(ConnectionFactoryImpl.java:197)
	... 15 common frames omitted
2024-10-04 09:42:01,387 DEBUG com.zaxxer.hikari.pool.HikariPool [HikariPool-1 connection adder] HikariPool-1 - Cannot acquire connection from data source
org.postgresql.util.PSQLException: The connection attempt failed.
	at org.postgresql.core.v3.ConnectionFactoryImpl.openConnectionImpl(ConnectionFactoryImpl.java:297)
	at org.postgresql.core.ConnectionFactory.openConnection(ConnectionFactory.java:49)
	at org.postgresql.jdbc.PgConnection.<init>(PgConnection.java:217)
	at org.postgresql.Driver.makeConnection(Driver.java:458)
	at org.postgresql.Driver.connect(Driver.java:260)
	at com.zaxxer.hikari.util.DriverDataSource.getConnection(DriverDataSource.java:138)
	at com.zaxxer.hikari.pool.PoolBase.newConnection(PoolBase.java:358)
	at com.zaxxer.hikari.pool.PoolBase.newPoolEntry(PoolBase.java:206)
	at com.zaxxer.hikari.pool.HikariPool.createPoolEntry(HikariPool.java:477)
	at com.zaxxer.hikari.pool.HikariPool.access$100(HikariPool.java:71)
	at com.zaxxer.hikari.pool.HikariPool$PoolEntryCreator.call(HikariPool.java:725)
	at com.zaxxer.hikari.pool.HikariPool$PoolEntryCreator.call(HikariPool.java:711)
	at java.base/java.util.concurrent.FutureTask.run(FutureTask.java:264)
	at java.base/java.util.concurrent.ThreadPoolExecutor.runWorker(ThreadPoolExecutor.java:1136)
	at java.base/java.util.concurrent.ThreadPoolExecutor$Worker.run(ThreadPoolExecutor.java:635)
	at java.base/java.lang.Thread.run(Thread.java:833)
Caused by: java.net.UnknownHostException: database-1.cnaee60qc6yl.us-east-2.rds.amazonaws.com
	at java.base/sun.nio.ch.NioSocketImpl.connect(NioSocketImpl.java:567)
	at java.base/java.net.SocksSocketImpl.connect(SocksSocketImpl.java:327)
	at java.base/java.net.Socket.connect(Socket.java:633)
	at org.postgresql.core.PGStream.<init>(PGStream.java:81)
	at org.postgresql.core.v3.ConnectionFactoryImpl.tryConnect(ConnectionFactoryImpl.java:93)
	at org.postgresql.core.v3.ConnectionFactoryImpl.openConnectionImpl(ConnectionFactoryImpl.java:197)
	... 15 common frames omitted
2024-10-04 09:42:11,395 DEBUG org.postgresql.Driver [HikariPool-1 connection adder] Connecting with URL: jdbc:postgresql://database-1.cnaee60qc6yl.us-east-2.rds.amazonaws.com/clubdb
2024-10-04 09:42:11,396 DEBUG org.postgresql.jdbc.PgConnection [HikariPool-1 connection adder] PostgreSQL JDBC Driver 42.2.14
2024-10-04 09:42:11,396 DEBUG org.postgresql.jdbc.PgConnection [HikariPool-1 connection adder]   setDefaultFetchSize = 0
2024-10-04 09:42:11,396 DEBUG org.postgresql.jdbc.PgConnection [HikariPool-1 connection adder]   setPrepareThreshold = 5
2024-10-04 09:42:11,397 DEBUG org.postgresql.core.v3.ConnectionFactoryImpl [HikariPool-1 connection adder] Trying to establish a protocol version 3 connection to database-1.cnaee60qc6yl.us-east-2.rds.amazonaws.com:5432
2024-10-04 09:42:19,752 DEBUG com.zaxxer.hikari.pool.HikariPool [HikariPool-1 housekeeper] HikariPool-1 - Pool stats (total=0, active=0, idle=0, waiting=0)
2024-10-04 09:42:19,756 DEBUG com.zaxxer.hikari.pool.HikariPool [HikariPool-1 housekeeper] HikariPool-1 - Fill pool skipped, pool is at sufficient level.
2024-10-04 09:42:22,778 DEBUG org.postgresql.core.v3.ConnectionFactoryImpl [HikariPool-1 connection adder] Receive Buffer Size is 65,536
2024-10-04 09:42:22,778 DEBUG org.postgresql.core.v3.ConnectionFactoryImpl [HikariPool-1 connection adder] Send Buffer Size is 65,536
2024-10-04 09:42:26,208 DEBUG sun.rmi.runtime.Log$LoggerLog [RMI TCP Connection(1194)-127.0.0.1] RMI TCP Connection(1194)-127.0.0.1: accepted socket from [127.0.0.1:52129]
2024-10-04 09:42:26,209 DEBUG sun.rmi.runtime.Log$LoggerLog [RMI TCP Connection(1194)-127.0.0.1] RMI TCP Connection(1194)-127.0.0.1: (port 58565) op = 80
2024-10-04 09:42:26,209 DEBUG sun.util.logging.internal.LoggingProviderImpl$JULWrapper [RMI TCP Connection(1194)-127.0.0.1] connectionId=rmi://127.0.0.1  10
2024-10-04 09:42:41,212 DEBUG sun.rmi.runtime.Log$LoggerLog [RMI TCP Connection(1194)-127.0.0.1] RMI TCP Connection(1194)-127.0.0.1: (port 58565) connection closed
2024-10-04 09:42:41,212 DEBUG sun.rmi.runtime.Log$LoggerLog [RMI TCP Connection(1194)-127.0.0.1] RMI TCP Connection(1194)-127.0.0.1: close connection, socket: Socket[addr=/127.0.0.1,port=52129,localport=58565]
2024-10-04 09:42:41,213 DEBUG sun.rmi.runtime.Log$LoggerLog [RMI TCP Connection(1194)-127.0.0.1] RMI TCP Connection(1194)-127.0.0.1: socket close: Socket[addr=/127.0.0.1,port=52129,localport=58565]
2024-10-04 09:42:49,770 DEBUG com.zaxxer.hikari.pool.HikariPool [HikariPool-1 housekeeper] HikariPool-1 - Pool stats (total=0, active=0, idle=0, waiting=0)
2024-10-04 09:42:49,770 DEBUG com.zaxxer.hikari.pool.HikariPool [HikariPool-1 housekeeper] HikariPool-1 - Fill pool skipped, pool is at sufficient level.
2024-10-04 09:42:50,610 DEBUG org.apache.juli.logging.DirectJDKLog [Catalina-utility-2] Start expire sessions StandardManager at 1728015170610 sessioncount 0
2024-10-04 09:42:50,611 DEBUG org.apache.juli.logging.DirectJDKLog [Catalina-utility-2] End expire sessions StandardManager processingTime 0 expired sessions: 0
2024-10-04 09:43:19,782 DEBUG com.zaxxer.hikari.pool.HikariPool [HikariPool-1 housekeeper] HikariPool-1 - Pool stats (total=0, active=0, idle=0, waiting=0)
2024-10-04 09:43:19,784 DEBUG com.zaxxer.hikari.pool.HikariPool [HikariPool-1 housekeeper] HikariPool-1 - Fill pool skipped, pool is at sufficient level.
2024-10-04 09:43:23,406 DEBUG org.postgresql.Driver [HikariPool-1 connection adder] Connection error: 
org.postgresql.util.PSQLException: The connection attempt failed.
	at org.postgresql.core.v3.ConnectionFactoryImpl.openConnectionImpl(ConnectionFactoryImpl.java:297)
	at org.postgresql.core.ConnectionFactory.openConnection(ConnectionFactory.java:49)
	at org.postgresql.jdbc.PgConnection.<init>(PgConnection.java:217)
	at org.postgresql.Driver.makeConnection(Driver.java:458)
	at org.postgresql.Driver.connect(Driver.java:260)
	at com.zaxxer.hikari.util.DriverDataSource.getConnection(DriverDataSource.java:138)
	at com.zaxxer.hikari.pool.PoolBase.newConnection(PoolBase.java:358)
	at com.zaxxer.hikari.pool.PoolBase.newPoolEntry(PoolBase.java:206)
	at com.zaxxer.hikari.pool.HikariPool.createPoolEntry(HikariPool.java:477)
	at com.zaxxer.hikari.pool.HikariPool.access$100(HikariPool.java:71)
	at com.zaxxer.hikari.pool.HikariPool$PoolEntryCreator.call(HikariPool.java:725)
	at com.zaxxer.hikari.pool.HikariPool$PoolEntryCreator.call(HikariPool.java:711)
	at java.base/java.util.concurrent.FutureTask.run(FutureTask.java:264)
	at java.base/java.util.concurrent.ThreadPoolExecutor.runWorker(ThreadPoolExecutor.java:1136)
	at java.base/java.util.concurrent.ThreadPoolExecutor$Worker.run(ThreadPoolExecutor.java:635)
	at java.base/java.lang.Thread.run(Thread.java:833)
Caused by: java.io.EOFException: null
	at org.postgresql.core.PGStream.receiveChar(PGStream.java:372)
	at org.postgresql.core.v3.ConnectionFactoryImpl.enableSSL(ConnectionFactoryImpl.java:416)
	at org.postgresql.core.v3.ConnectionFactoryImpl.tryConnect(ConnectionFactoryImpl.java:140)
	at org.postgresql.core.v3.ConnectionFactoryImpl.openConnectionImpl(ConnectionFactoryImpl.java:197)
	... 15 common frames omitted
2024-10-04 09:43:23,413 DEBUG com.zaxxer.hikari.pool.HikariPool [HikariPool-1 connection adder] HikariPool-1 - Cannot acquire connection from data source
org.postgresql.util.PSQLException: The connection attempt failed.
	at org.postgresql.core.v3.ConnectionFactoryImpl.openConnectionImpl(ConnectionFactoryImpl.java:297)
	at org.postgresql.core.ConnectionFactory.openConnection(ConnectionFactory.java:49)
	at org.postgresql.jdbc.PgConnection.<init>(PgConnection.java:217)
	at org.postgresql.Driver.makeConnection(Driver.java:458)
	at org.postgresql.Driver.connect(Driver.java:260)
	at com.zaxxer.hikari.util.DriverDataSource.getConnection(DriverDataSource.java:138)
	at com.zaxxer.hikari.pool.PoolBase.newConnection(PoolBase.java:358)
	at com.zaxxer.hikari.pool.PoolBase.newPoolEntry(PoolBase.java:206)
	at com.zaxxer.hikari.pool.HikariPool.createPoolEntry(HikariPool.java:477)
	at com.zaxxer.hikari.pool.HikariPool.access$100(HikariPool.java:71)
	at com.zaxxer.hikari.pool.HikariPool$PoolEntryCreator.call(HikariPool.java:725)
	at com.zaxxer.hikari.pool.HikariPool$PoolEntryCreator.call(HikariPool.java:711)
	at java.base/java.util.concurrent.FutureTask.run(FutureTask.java:264)
	at java.base/java.util.concurrent.ThreadPoolExecutor.runWorker(ThreadPoolExecutor.java:1136)
	at java.base/java.util.concurrent.ThreadPoolExecutor$Worker.run(ThreadPoolExecutor.java:635)
	at java.base/java.lang.Thread.run(Thread.java:833)
Caused by: java.io.EOFException: null
	at org.postgresql.core.PGStream.receiveChar(PGStream.java:372)
	at org.postgresql.core.v3.ConnectionFactoryImpl.enableSSL(ConnectionFactoryImpl.java:416)
	at org.postgresql.core.v3.ConnectionFactoryImpl.tryConnect(ConnectionFactoryImpl.java:140)
	at org.postgresql.core.v3.ConnectionFactoryImpl.openConnectionImpl(ConnectionFactoryImpl.java:197)
	... 15 common frames omitted
2024-10-04 09:43:26,180 DEBUG sun.rmi.runtime.Log$LoggerLog [RMI TCP Connection(1195)-127.0.0.1] RMI TCP Connection(1195)-127.0.0.1: accepted socket from [127.0.0.1:52288]
2024-10-04 09:43:26,185 DEBUG sun.rmi.runtime.Log$LoggerLog [RMI TCP Connection(1195)-127.0.0.1] RMI TCP Connection(1195)-127.0.0.1: (port 58565) op = 80
2024-10-04 09:43:26,187 DEBUG sun.rmi.runtime.Log$LoggerLog [RMI TCP Connection(1195)-127.0.0.1] RMI TCP Connection(1195)-127.0.0.1: name = "[Ljava.rmi.server.ObjID;", codebase = "", defaultLoader = jdk.internal.loader.ClassLoaders$PlatformClassLoader@75dbb639
2024-10-04 09:43:26,191 DEBUG sun.rmi.runtime.Log$LoggerLog [RMI TCP Connection(1195)-127.0.0.1] RMI TCP Connection(1195)-127.0.0.1: name = "java.rmi.dgc.Lease", codebase = "", defaultLoader = jdk.internal.loader.ClassLoaders$PlatformClassLoader@75dbb639
2024-10-04 09:43:26,196 DEBUG sun.rmi.runtime.Log$LoggerLog [RMI TCP Connection(1195)-127.0.0.1] RMI TCP Connection(1195)-127.0.0.1: name = "java.rmi.dgc.VMID", codebase = "", defaultLoader = jdk.internal.loader.ClassLoaders$PlatformClassLoader@75dbb639
2024-10-04 09:43:26,200 DEBUG sun.rmi.runtime.Log$LoggerLog [RMI TCP Connection(1195)-127.0.0.1] RMI TCP Connection(1195)-127.0.0.1: name = "[B", codebase = "", defaultLoader = jdk.internal.loader.ClassLoaders$PlatformClassLoader@75dbb639
2024-10-04 09:43:26,203 DEBUG sun.rmi.runtime.Log$LoggerLog [RMI TCP Connection(1195)-127.0.0.1] RMI TCP Connection(1195)-127.0.0.1: name = "java.rmi.server.UID", codebase = "", defaultLoader = jdk.internal.loader.ClassLoaders$PlatformClassLoader@75dbb639
2024-10-04 09:43:26,212 DEBUG sun.rmi.runtime.Log$LoggerLog [RMI TCP Connection(1195)-127.0.0.1] RMI TCP Connection(1195)-127.0.0.1: (port 58565) op = 82
2024-10-04 09:43:26,214 DEBUG sun.rmi.runtime.Log$LoggerLog [RMI TCP Connection(1195)-127.0.0.1] RMI TCP Connection(1195)-127.0.0.1: (port 58565) op = 80
2024-10-04 09:43:26,215 DEBUG sun.util.logging.internal.LoggingProviderImpl$JULWrapper [RMI TCP Connection(1195)-127.0.0.1] connectionId=rmi://127.0.0.1  10
2024-10-04 09:43:33,422 DEBUG org.postgresql.Driver [HikariPool-1 connection adder] Connecting with URL: jdbc:postgresql://database-1.cnaee60qc6yl.us-east-2.rds.amazonaws.com/clubdb
2024-10-04 09:43:33,423 DEBUG org.postgresql.jdbc.PgConnection [HikariPool-1 connection adder] PostgreSQL JDBC Driver 42.2.14
2024-10-04 09:43:33,423 DEBUG org.postgresql.jdbc.PgConnection [HikariPool-1 connection adder]   setDefaultFetchSize = 0
2024-10-04 09:43:33,425 DEBUG org.postgresql.jdbc.PgConnection [HikariPool-1 connection adder]   setPrepareThreshold = 5
2024-10-04 09:43:33,425 DEBUG org.postgresql.core.v3.ConnectionFactoryImpl [HikariPool-1 connection adder] Trying to establish a protocol version 3 connection to database-1.cnaee60qc6yl.us-east-2.rds.amazonaws.com:5432
2024-10-04 09:43:45,489 DEBUG org.postgresql.Driver [HikariPool-1 connection adder] Connection error: 
org.postgresql.util.PSQLException: The connection attempt failed.
	at org.postgresql.core.v3.ConnectionFactoryImpl.openConnectionImpl(ConnectionFactoryImpl.java:297)
	at org.postgresql.core.ConnectionFactory.openConnection(ConnectionFactory.java:49)
	at org.postgresql.jdbc.PgConnection.<init>(PgConnection.java:217)
	at org.postgresql.Driver.makeConnection(Driver.java:458)
	at org.postgresql.Driver.connect(Driver.java:260)
	at com.zaxxer.hikari.util.DriverDataSource.getConnection(DriverDataSource.java:138)
	at com.zaxxer.hikari.pool.PoolBase.newConnection(PoolBase.java:358)
	at com.zaxxer.hikari.pool.PoolBase.newPoolEntry(PoolBase.java:206)
	at com.zaxxer.hikari.pool.HikariPool.createPoolEntry(HikariPool.java:477)
	at com.zaxxer.hikari.pool.HikariPool.access$100(HikariPool.java:71)
	at com.zaxxer.hikari.pool.HikariPool$PoolEntryCreator.call(HikariPool.java:725)
	at com.zaxxer.hikari.pool.HikariPool$PoolEntryCreator.call(HikariPool.java:711)
	at java.base/java.util.concurrent.FutureTask.run(FutureTask.java:264)
	at java.base/java.util.concurrent.ThreadPoolExecutor.runWorker(ThreadPoolExecutor.java:1136)
	at java.base/java.util.concurrent.ThreadPoolExecutor$Worker.run(ThreadPoolExecutor.java:635)
	at java.base/java.lang.Thread.run(Thread.java:833)
Caused by: java.net.UnknownHostException: database-1.cnaee60qc6yl.us-east-2.rds.amazonaws.com
	at java.base/sun.nio.ch.NioSocketImpl.connect(NioSocketImpl.java:567)
	at java.base/java.net.SocksSocketImpl.connect(SocksSocketImpl.java:327)
	at java.base/java.net.Socket.connect(Socket.java:633)
	at org.postgresql.core.PGStream.<init>(PGStream.java:81)
	at org.postgresql.core.v3.ConnectionFactoryImpl.tryConnect(ConnectionFactoryImpl.java:93)
	at org.postgresql.core.v3.ConnectionFactoryImpl.openConnectionImpl(ConnectionFactoryImpl.java:197)
	... 15 common frames omitted
2024-10-04 09:43:45,495 DEBUG com.zaxxer.hikari.pool.HikariPool [HikariPool-1 connection adder] HikariPool-1 - Cannot acquire connection from data source
org.postgresql.util.PSQLException: The connection attempt failed.
	at org.postgresql.core.v3.ConnectionFactoryImpl.openConnectionImpl(ConnectionFactoryImpl.java:297)
	at org.postgresql.core.ConnectionFactory.openConnection(ConnectionFactory.java:49)
	at org.postgresql.jdbc.PgConnection.<init>(PgConnection.java:217)
	at org.postgresql.Driver.makeConnection(Driver.java:458)
	at org.postgresql.Driver.connect(Driver.java:260)
	at com.zaxxer.hikari.util.DriverDataSource.getConnection(DriverDataSource.java:138)
	at com.zaxxer.hikari.pool.PoolBase.newConnection(PoolBase.java:358)
	at com.zaxxer.hikari.pool.PoolBase.newPoolEntry(PoolBase.java:206)
	at com.zaxxer.hikari.pool.HikariPool.createPoolEntry(HikariPool.java:477)
	at com.zaxxer.hikari.pool.HikariPool.access$100(HikariPool.java:71)
	at com.zaxxer.hikari.pool.HikariPool$PoolEntryCreator.call(HikariPool.java:725)
	at com.zaxxer.hikari.pool.HikariPool$PoolEntryCreator.call(HikariPool.java:711)
	at java.base/java.util.concurrent.FutureTask.run(FutureTask.java:264)
	at java.base/java.util.concurrent.ThreadPoolExecutor.runWorker(ThreadPoolExecutor.java:1136)
	at java.base/java.util.concurrent.ThreadPoolExecutor$Worker.run(ThreadPoolExecutor.java:635)
	at java.base/java.lang.Thread.run(Thread.java:833)
Caused by: java.net.UnknownHostException: database-1.cnaee60qc6yl.us-east-2.rds.amazonaws.com
	at java.base/sun.nio.ch.NioSocketImpl.connect(NioSocketImpl.java:567)
	at java.base/java.net.SocksSocketImpl.connect(SocksSocketImpl.java:327)
	at java.base/java.net.Socket.connect(Socket.java:633)
	at org.postgresql.core.PGStream.<init>(PGStream.java:81)
	at org.postgresql.core.v3.ConnectionFactoryImpl.tryConnect(ConnectionFactoryImpl.java:93)
	at org.postgresql.core.v3.ConnectionFactoryImpl.openConnectionImpl(ConnectionFactoryImpl.java:197)
	... 15 common frames omitted
2024-10-04 09:43:49,786 DEBUG com.zaxxer.hikari.pool.HikariPool [HikariPool-1 housekeeper] HikariPool-1 - Pool stats (total=0, active=0, idle=0, waiting=0)
2024-10-04 09:43:49,790 DEBUG com.zaxxer.hikari.pool.HikariPool [HikariPool-1 housekeeper] HikariPool-1 - Fill pool skipped, pool is at sufficient level.
2024-10-04 09:43:50,659 DEBUG org.apache.juli.logging.DirectJDKLog [Catalina-utility-2] Start expire sessions StandardManager at 1728015230658 sessioncount 0
2024-10-04 09:43:50,663 DEBUG org.apache.juli.logging.DirectJDKLog [Catalina-utility-2] End expire sessions StandardManager processingTime 5 expired sessions: 0
2024-10-04 09:43:55,526 DEBUG org.postgresql.Driver [HikariPool-1 connection adder] Connecting with URL: jdbc:postgresql://database-1.cnaee60qc6yl.us-east-2.rds.amazonaws.com/clubdb
2024-10-04 09:43:55,533 DEBUG org.postgresql.jdbc.PgConnection [HikariPool-1 connection adder] PostgreSQL JDBC Driver 42.2.14
2024-10-04 09:43:55,542 DEBUG org.postgresql.jdbc.PgConnection [HikariPool-1 connection adder]   setDefaultFetchSize = 0
2024-10-04 09:43:55,572 DEBUG org.postgresql.jdbc.PgConnection [HikariPool-1 connection adder]   setPrepareThreshold = 5
2024-10-04 09:43:55,576 DEBUG org.postgresql.core.v3.ConnectionFactoryImpl [HikariPool-1 connection adder] Trying to establish a protocol version 3 connection to database-1.cnaee60qc6yl.us-east-2.rds.amazonaws.com:5432
2024-10-04 09:43:56,207 DEBUG sun.rmi.runtime.Log$LoggerLog [RMI TCP Connection(1195)-127.0.0.1] RMI TCP Connection(1195)-127.0.0.1: (port 58565) connection closed
2024-10-04 09:43:56,207 DEBUG sun.rmi.runtime.Log$LoggerLog [RMI TCP Connection(1195)-127.0.0.1] RMI TCP Connection(1195)-127.0.0.1: close connection, socket: Socket[addr=/127.0.0.1,port=52288,localport=58565]
2024-10-04 09:43:56,208 DEBUG sun.rmi.runtime.Log$LoggerLog [RMI TCP Connection(1195)-127.0.0.1] RMI TCP Connection(1195)-127.0.0.1: socket close: Socket[addr=/127.0.0.1,port=52288,localport=58565]
2024-10-04 09:44:07,616 DEBUG org.postgresql.Driver [HikariPool-1 connection adder] Connection error: 
org.postgresql.util.PSQLException: The connection attempt failed.
	at org.postgresql.core.v3.ConnectionFactoryImpl.openConnectionImpl(ConnectionFactoryImpl.java:297)
	at org.postgresql.core.ConnectionFactory.openConnection(ConnectionFactory.java:49)
	at org.postgresql.jdbc.PgConnection.<init>(PgConnection.java:217)
	at org.postgresql.Driver.makeConnection(Driver.java:458)
	at org.postgresql.Driver.connect(Driver.java:260)
	at com.zaxxer.hikari.util.DriverDataSource.getConnection(DriverDataSource.java:138)
	at com.zaxxer.hikari.pool.PoolBase.newConnection(PoolBase.java:358)
	at com.zaxxer.hikari.pool.PoolBase.newPoolEntry(PoolBase.java:206)
	at com.zaxxer.hikari.pool.HikariPool.createPoolEntry(HikariPool.java:477)
	at com.zaxxer.hikari.pool.HikariPool.access$100(HikariPool.java:71)
	at com.zaxxer.hikari.pool.HikariPool$PoolEntryCreator.call(HikariPool.java:725)
	at com.zaxxer.hikari.pool.HikariPool$PoolEntryCreator.call(HikariPool.java:711)
	at java.base/java.util.concurrent.FutureTask.run(FutureTask.java:264)
	at java.base/java.util.concurrent.ThreadPoolExecutor.runWorker(ThreadPoolExecutor.java:1136)
	at java.base/java.util.concurrent.ThreadPoolExecutor$Worker.run(ThreadPoolExecutor.java:635)
	at java.base/java.lang.Thread.run(Thread.java:833)
Caused by: java.net.UnknownHostException: database-1.cnaee60qc6yl.us-east-2.rds.amazonaws.com
	at java.base/sun.nio.ch.NioSocketImpl.connect(NioSocketImpl.java:567)
	at java.base/java.net.SocksSocketImpl.connect(SocksSocketImpl.java:327)
	at java.base/java.net.Socket.connect(Socket.java:633)
	at org.postgresql.core.PGStream.<init>(PGStream.java:81)
	at org.postgresql.core.v3.ConnectionFactoryImpl.tryConnect(ConnectionFactoryImpl.java:93)
	at org.postgresql.core.v3.ConnectionFactoryImpl.openConnectionImpl(ConnectionFactoryImpl.java:197)
	... 15 common frames omitted
2024-10-04 09:44:07,618 DEBUG com.zaxxer.hikari.pool.HikariPool [HikariPool-1 connection adder] HikariPool-1 - Cannot acquire connection from data source
org.postgresql.util.PSQLException: The connection attempt failed.
	at org.postgresql.core.v3.ConnectionFactoryImpl.openConnectionImpl(ConnectionFactoryImpl.java:297)
	at org.postgresql.core.ConnectionFactory.openConnection(ConnectionFactory.java:49)
	at org.postgresql.jdbc.PgConnection.<init>(PgConnection.java:217)
	at org.postgresql.Driver.makeConnection(Driver.java:458)
	at org.postgresql.Driver.connect(Driver.java:260)
	at com.zaxxer.hikari.util.DriverDataSource.getConnection(DriverDataSource.java:138)
	at com.zaxxer.hikari.pool.PoolBase.newConnection(PoolBase.java:358)
	at com.zaxxer.hikari.pool.PoolBase.newPoolEntry(PoolBase.java:206)
	at com.zaxxer.hikari.pool.HikariPool.createPoolEntry(HikariPool.java:477)
	at com.zaxxer.hikari.pool.HikariPool.access$100(HikariPool.java:71)
	at com.zaxxer.hikari.pool.HikariPool$PoolEntryCreator.call(HikariPool.java:725)
	at com.zaxxer.hikari.pool.HikariPool$PoolEntryCreator.call(HikariPool.java:711)
	at java.base/java.util.concurrent.FutureTask.run(FutureTask.java:264)
	at java.base/java.util.concurrent.ThreadPoolExecutor.runWorker(ThreadPoolExecutor.java:1136)
	at java.base/java.util.concurrent.ThreadPoolExecutor$Worker.run(ThreadPoolExecutor.java:635)
	at java.base/java.lang.Thread.run(Thread.java:833)
Caused by: java.net.UnknownHostException: database-1.cnaee60qc6yl.us-east-2.rds.amazonaws.com
	at java.base/sun.nio.ch.NioSocketImpl.connect(NioSocketImpl.java:567)
	at java.base/java.net.SocksSocketImpl.connect(SocksSocketImpl.java:327)
	at java.base/java.net.Socket.connect(Socket.java:633)
	at org.postgresql.core.PGStream.<init>(PGStream.java:81)
	at org.postgresql.core.v3.ConnectionFactoryImpl.tryConnect(ConnectionFactoryImpl.java:93)
	at org.postgresql.core.v3.ConnectionFactoryImpl.openConnectionImpl(ConnectionFactoryImpl.java:197)
	... 15 common frames omitted
2024-10-04 09:44:17,635 DEBUG org.postgresql.Driver [HikariPool-1 connection adder] Connecting with URL: jdbc:postgresql://database-1.cnaee60qc6yl.us-east-2.rds.amazonaws.com/clubdb
2024-10-04 09:44:17,639 DEBUG org.postgresql.jdbc.PgConnection [HikariPool-1 connection adder] PostgreSQL JDBC Driver 42.2.14
2024-10-04 09:44:17,643 DEBUG org.postgresql.jdbc.PgConnection [HikariPool-1 connection adder]   setDefaultFetchSize = 0
2024-10-04 09:44:17,644 DEBUG org.postgresql.jdbc.PgConnection [HikariPool-1 connection adder]   setPrepareThreshold = 5
2024-10-04 09:44:17,647 DEBUG org.postgresql.core.v3.ConnectionFactoryImpl [HikariPool-1 connection adder] Trying to establish a protocol version 3 connection to database-1.cnaee60qc6yl.us-east-2.rds.amazonaws.com:5432
2024-10-04 09:44:19,801 DEBUG com.zaxxer.hikari.pool.HikariPool [HikariPool-1 housekeeper] HikariPool-1 - Pool stats (total=0, active=0, idle=0, waiting=0)
2024-10-04 09:44:19,805 DEBUG com.zaxxer.hikari.pool.HikariPool [HikariPool-1 housekeeper] HikariPool-1 - Fill pool skipped, pool is at sufficient level.
2024-10-04 09:44:26,224 DEBUG sun.rmi.runtime.Log$LoggerLog [RMI TCP Connection(1196)-127.0.0.1] RMI TCP Connection(1196)-127.0.0.1: accepted socket from [127.0.0.1:52385]
2024-10-04 09:44:26,226 DEBUG sun.rmi.runtime.Log$LoggerLog [RMI TCP Connection(1196)-127.0.0.1] RMI TCP Connection(1196)-127.0.0.1: (port 58565) op = 80
2024-10-04 09:44:26,227 DEBUG sun.util.logging.internal.LoggingProviderImpl$JULWrapper [RMI TCP Connection(1196)-127.0.0.1] connectionId=rmi://127.0.0.1  10
2024-10-04 09:44:29,724 DEBUG org.postgresql.Driver [HikariPool-1 connection adder] Connection error: 
org.postgresql.util.PSQLException: The connection attempt failed.
	at org.postgresql.core.v3.ConnectionFactoryImpl.openConnectionImpl(ConnectionFactoryImpl.java:297)
	at org.postgresql.core.ConnectionFactory.openConnection(ConnectionFactory.java:49)
	at org.postgresql.jdbc.PgConnection.<init>(PgConnection.java:217)
	at org.postgresql.Driver.makeConnection(Driver.java:458)
	at org.postgresql.Driver.connect(Driver.java:260)
	at com.zaxxer.hikari.util.DriverDataSource.getConnection(DriverDataSource.java:138)
	at com.zaxxer.hikari.pool.PoolBase.newConnection(PoolBase.java:358)
	at com.zaxxer.hikari.pool.PoolBase.newPoolEntry(PoolBase.java:206)
	at com.zaxxer.hikari.pool.HikariPool.createPoolEntry(HikariPool.java:477)
	at com.zaxxer.hikari.pool.HikariPool.access$100(HikariPool.java:71)
	at com.zaxxer.hikari.pool.HikariPool$PoolEntryCreator.call(HikariPool.java:725)
	at com.zaxxer.hikari.pool.HikariPool$PoolEntryCreator.call(HikariPool.java:711)
	at java.base/java.util.concurrent.FutureTask.run(FutureTask.java:264)
	at java.base/java.util.concurrent.ThreadPoolExecutor.runWorker(ThreadPoolExecutor.java:1136)
	at java.base/java.util.concurrent.ThreadPoolExecutor$Worker.run(ThreadPoolExecutor.java:635)
	at java.base/java.lang.Thread.run(Thread.java:833)
Caused by: java.net.UnknownHostException: database-1.cnaee60qc6yl.us-east-2.rds.amazonaws.com
	at java.base/sun.nio.ch.NioSocketImpl.connect(NioSocketImpl.java:567)
	at java.base/java.net.SocksSocketImpl.connect(SocksSocketImpl.java:327)
	at java.base/java.net.Socket.connect(Socket.java:633)
	at org.postgresql.core.PGStream.<init>(PGStream.java:81)
	at org.postgresql.core.v3.ConnectionFactoryImpl.tryConnect(ConnectionFactoryImpl.java:93)
	at org.postgresql.core.v3.ConnectionFactoryImpl.openConnectionImpl(ConnectionFactoryImpl.java:197)
	... 15 common frames omitted
2024-10-04 09:44:29,727 DEBUG com.zaxxer.hikari.pool.HikariPool [HikariPool-1 connection adder] HikariPool-1 - Cannot acquire connection from data source
org.postgresql.util.PSQLException: The connection attempt failed.
	at org.postgresql.core.v3.ConnectionFactoryImpl.openConnectionImpl(ConnectionFactoryImpl.java:297)
	at org.postgresql.core.ConnectionFactory.openConnection(ConnectionFactory.java:49)
	at org.postgresql.jdbc.PgConnection.<init>(PgConnection.java:217)
	at org.postgresql.Driver.makeConnection(Driver.java:458)
	at org.postgresql.Driver.connect(Driver.java:260)
	at com.zaxxer.hikari.util.DriverDataSource.getConnection(DriverDataSource.java:138)
	at com.zaxxer.hikari.pool.PoolBase.newConnection(PoolBase.java:358)
	at com.zaxxer.hikari.pool.PoolBase.newPoolEntry(PoolBase.java:206)
	at com.zaxxer.hikari.pool.HikariPool.createPoolEntry(HikariPool.java:477)
	at com.zaxxer.hikari.pool.HikariPool.access$100(HikariPool.java:71)
	at com.zaxxer.hikari.pool.HikariPool$PoolEntryCreator.call(HikariPool.java:725)
	at com.zaxxer.hikari.pool.HikariPool$PoolEntryCreator.call(HikariPool.java:711)
	at java.base/java.util.concurrent.FutureTask.run(FutureTask.java:264)
	at java.base/java.util.concurrent.ThreadPoolExecutor.runWorker(ThreadPoolExecutor.java:1136)
	at java.base/java.util.concurrent.ThreadPoolExecutor$Worker.run(ThreadPoolExecutor.java:635)
	at java.base/java.lang.Thread.run(Thread.java:833)
Caused by: java.net.UnknownHostException: database-1.cnaee60qc6yl.us-east-2.rds.amazonaws.com
	at java.base/sun.nio.ch.NioSocketImpl.connect(NioSocketImpl.java:567)
	at java.base/java.net.SocksSocketImpl.connect(SocksSocketImpl.java:327)
	at java.base/java.net.Socket.connect(Socket.java:633)
	at org.postgresql.core.PGStream.<init>(PGStream.java:81)
	at org.postgresql.core.v3.ConnectionFactoryImpl.tryConnect(ConnectionFactoryImpl.java:93)
	at org.postgresql.core.v3.ConnectionFactoryImpl.openConnectionImpl(ConnectionFactoryImpl.java:197)
	... 15 common frames omitted
2024-10-04 09:44:39,745 DEBUG org.postgresql.Driver [HikariPool-1 connection adder] Connecting with URL: jdbc:postgresql://database-1.cnaee60qc6yl.us-east-2.rds.amazonaws.com/clubdb
2024-10-04 09:44:39,746 DEBUG org.postgresql.jdbc.PgConnection [HikariPool-1 connection adder] PostgreSQL JDBC Driver 42.2.14
2024-10-04 09:44:39,747 DEBUG org.postgresql.jdbc.PgConnection [HikariPool-1 connection adder]   setDefaultFetchSize = 0
2024-10-04 09:44:39,748 DEBUG org.postgresql.jdbc.PgConnection [HikariPool-1 connection adder]   setPrepareThreshold = 5
2024-10-04 09:44:39,749 DEBUG org.postgresql.core.v3.ConnectionFactoryImpl [HikariPool-1 connection adder] Trying to establish a protocol version 3 connection to database-1.cnaee60qc6yl.us-east-2.rds.amazonaws.com:5432
2024-10-04 09:44:41,231 DEBUG sun.rmi.runtime.Log$LoggerLog [RMI TCP Connection(1196)-127.0.0.1] RMI TCP Connection(1196)-127.0.0.1: (port 58565) connection closed
2024-10-04 09:44:41,288 DEBUG sun.rmi.runtime.Log$LoggerLog [RMI TCP Connection(1196)-127.0.0.1] RMI TCP Connection(1196)-127.0.0.1: close connection, socket: Socket[addr=/127.0.0.1,port=52385,localport=58565]
2024-10-04 09:44:41,290 DEBUG sun.rmi.runtime.Log$LoggerLog [RMI TCP Connection(1196)-127.0.0.1] RMI TCP Connection(1196)-127.0.0.1: socket close: Socket[addr=/127.0.0.1,port=52385,localport=58565]
2024-10-04 09:44:49,816 DEBUG com.zaxxer.hikari.pool.HikariPool [HikariPool-1 housekeeper] HikariPool-1 - Pool stats (total=0, active=0, idle=0, waiting=0)
2024-10-04 09:44:49,820 DEBUG com.zaxxer.hikari.pool.HikariPool [HikariPool-1 housekeeper] HikariPool-1 - Fill pool skipped, pool is at sufficient level.
2024-10-04 09:44:50,724 DEBUG org.apache.juli.logging.DirectJDKLog [Catalina-utility-1] Start expire sessions StandardManager at 1728015290724 sessioncount 0
2024-10-04 09:44:50,725 DEBUG org.apache.juli.logging.DirectJDKLog [Catalina-utility-1] End expire sessions StandardManager processingTime 0 expired sessions: 0
2024-10-04 09:44:51,806 DEBUG org.postgresql.Driver [HikariPool-1 connection adder] Connection error: 
org.postgresql.util.PSQLException: The connection attempt failed.
	at org.postgresql.core.v3.ConnectionFactoryImpl.openConnectionImpl(ConnectionFactoryImpl.java:297)
	at org.postgresql.core.ConnectionFactory.openConnection(ConnectionFactory.java:49)
	at org.postgresql.jdbc.PgConnection.<init>(PgConnection.java:217)
	at org.postgresql.Driver.makeConnection(Driver.java:458)
	at org.postgresql.Driver.connect(Driver.java:260)
	at com.zaxxer.hikari.util.DriverDataSource.getConnection(DriverDataSource.java:138)
	at com.zaxxer.hikari.pool.PoolBase.newConnection(PoolBase.java:358)
	at com.zaxxer.hikari.pool.PoolBase.newPoolEntry(PoolBase.java:206)
	at com.zaxxer.hikari.pool.HikariPool.createPoolEntry(HikariPool.java:477)
	at com.zaxxer.hikari.pool.HikariPool.access$100(HikariPool.java:71)
	at com.zaxxer.hikari.pool.HikariPool$PoolEntryCreator.call(HikariPool.java:725)
	at com.zaxxer.hikari.pool.HikariPool$PoolEntryCreator.call(HikariPool.java:711)
	at java.base/java.util.concurrent.FutureTask.run(FutureTask.java:264)
	at java.base/java.util.concurrent.ThreadPoolExecutor.runWorker(ThreadPoolExecutor.java:1136)
	at java.base/java.util.concurrent.ThreadPoolExecutor$Worker.run(ThreadPoolExecutor.java:635)
	at java.base/java.lang.Thread.run(Thread.java:833)
Caused by: java.net.UnknownHostException: database-1.cnaee60qc6yl.us-east-2.rds.amazonaws.com
	at java.base/sun.nio.ch.NioSocketImpl.connect(NioSocketImpl.java:567)
	at java.base/java.net.SocksSocketImpl.connect(SocksSocketImpl.java:327)
	at java.base/java.net.Socket.connect(Socket.java:633)
	at org.postgresql.core.PGStream.<init>(PGStream.java:81)
	at org.postgresql.core.v3.ConnectionFactoryImpl.tryConnect(ConnectionFactoryImpl.java:93)
	at org.postgresql.core.v3.ConnectionFactoryImpl.openConnectionImpl(ConnectionFactoryImpl.java:197)
	... 15 common frames omitted
2024-10-04 09:44:51,972 DEBUG com.zaxxer.hikari.pool.HikariPool [HikariPool-1 connection adder] HikariPool-1 - Cannot acquire connection from data source
org.postgresql.util.PSQLException: The connection attempt failed.
	at org.postgresql.core.v3.ConnectionFactoryImpl.openConnectionImpl(ConnectionFactoryImpl.java:297)
	at org.postgresql.core.ConnectionFactory.openConnection(ConnectionFactory.java:49)
	at org.postgresql.jdbc.PgConnection.<init>(PgConnection.java:217)
	at org.postgresql.Driver.makeConnection(Driver.java:458)
	at org.postgresql.Driver.connect(Driver.java:260)
	at com.zaxxer.hikari.util.DriverDataSource.getConnection(DriverDataSource.java:138)
	at com.zaxxer.hikari.pool.PoolBase.newConnection(PoolBase.java:358)
	at com.zaxxer.hikari.pool.PoolBase.newPoolEntry(PoolBase.java:206)
	at com.zaxxer.hikari.pool.HikariPool.createPoolEntry(HikariPool.java:477)
	at com.zaxxer.hikari.pool.HikariPool.access$100(HikariPool.java:71)
	at com.zaxxer.hikari.pool.HikariPool$PoolEntryCreator.call(HikariPool.java:725)
	at com.zaxxer.hikari.pool.HikariPool$PoolEntryCreator.call(HikariPool.java:711)
	at java.base/java.util.concurrent.FutureTask.run(FutureTask.java:264)
	at java.base/java.util.concurrent.ThreadPoolExecutor.runWorker(ThreadPoolExecutor.java:1136)
	at java.base/java.util.concurrent.ThreadPoolExecutor$Worker.run(ThreadPoolExecutor.java:635)
	at java.base/java.lang.Thread.run(Thread.java:833)
Caused by: java.net.UnknownHostException: database-1.cnaee60qc6yl.us-east-2.rds.amazonaws.com
	at java.base/sun.nio.ch.NioSocketImpl.connect(NioSocketImpl.java:567)
	at java.base/java.net.SocksSocketImpl.connect(SocksSocketImpl.java:327)
	at java.base/java.net.Socket.connect(Socket.java:633)
	at org.postgresql.core.PGStream.<init>(PGStream.java:81)
	at org.postgresql.core.v3.ConnectionFactoryImpl.tryConnect(ConnectionFactoryImpl.java:93)
	at org.postgresql.core.v3.ConnectionFactoryImpl.openConnectionImpl(ConnectionFactoryImpl.java:197)
	... 15 common frames omitted
2024-10-04 09:45:02,031 DEBUG org.postgresql.Driver [HikariPool-1 connection adder] Connecting with URL: jdbc:postgresql://database-1.cnaee60qc6yl.us-east-2.rds.amazonaws.com/clubdb
2024-10-04 09:45:02,034 DEBUG org.postgresql.jdbc.PgConnection [HikariPool-1 connection adder] PostgreSQL JDBC Driver 42.2.14
2024-10-04 09:45:02,037 DEBUG org.postgresql.jdbc.PgConnection [HikariPool-1 connection adder]   setDefaultFetchSize = 0
2024-10-04 09:45:02,038 DEBUG org.postgresql.jdbc.PgConnection [HikariPool-1 connection adder]   setPrepareThreshold = 5
2024-10-04 09:45:02,041 DEBUG org.postgresql.core.v3.ConnectionFactoryImpl [HikariPool-1 connection adder] Trying to establish a protocol version 3 connection to database-1.cnaee60qc6yl.us-east-2.rds.amazonaws.com:5432
2024-10-04 09:45:02,044 DEBUG org.postgresql.Driver [HikariPool-1 connection adder] Connection error: 
org.postgresql.util.PSQLException: The connection attempt failed.
	at org.postgresql.core.v3.ConnectionFactoryImpl.openConnectionImpl(ConnectionFactoryImpl.java:297)
	at org.postgresql.core.ConnectionFactory.openConnection(ConnectionFactory.java:49)
	at org.postgresql.jdbc.PgConnection.<init>(PgConnection.java:217)
	at org.postgresql.Driver.makeConnection(Driver.java:458)
	at org.postgresql.Driver.connect(Driver.java:260)
	at com.zaxxer.hikari.util.DriverDataSource.getConnection(DriverDataSource.java:138)
	at com.zaxxer.hikari.pool.PoolBase.newConnection(PoolBase.java:358)
	at com.zaxxer.hikari.pool.PoolBase.newPoolEntry(PoolBase.java:206)
	at com.zaxxer.hikari.pool.HikariPool.createPoolEntry(HikariPool.java:477)
	at com.zaxxer.hikari.pool.HikariPool.access$100(HikariPool.java:71)
	at com.zaxxer.hikari.pool.HikariPool$PoolEntryCreator.call(HikariPool.java:725)
	at com.zaxxer.hikari.pool.HikariPool$PoolEntryCreator.call(HikariPool.java:711)
	at java.base/java.util.concurrent.FutureTask.run(FutureTask.java:264)
	at java.base/java.util.concurrent.ThreadPoolExecutor.runWorker(ThreadPoolExecutor.java:1136)
	at java.base/java.util.concurrent.ThreadPoolExecutor$Worker.run(ThreadPoolExecutor.java:635)
	at java.base/java.lang.Thread.run(Thread.java:833)
Caused by: java.net.UnknownHostException: database-1.cnaee60qc6yl.us-east-2.rds.amazonaws.com
	at java.base/sun.nio.ch.NioSocketImpl.connect(NioSocketImpl.java:567)
	at java.base/java.net.SocksSocketImpl.connect(SocksSocketImpl.java:327)
	at java.base/java.net.Socket.connect(Socket.java:633)
	at org.postgresql.core.PGStream.<init>(PGStream.java:81)
	at org.postgresql.core.v3.ConnectionFactoryImpl.tryConnect(ConnectionFactoryImpl.java:93)
	at org.postgresql.core.v3.ConnectionFactoryImpl.openConnectionImpl(ConnectionFactoryImpl.java:197)
	... 15 common frames omitted
2024-10-04 09:45:02,047 DEBUG com.zaxxer.hikari.pool.HikariPool [HikariPool-1 connection adder] HikariPool-1 - Cannot acquire connection from data source
org.postgresql.util.PSQLException: The connection attempt failed.
	at org.postgresql.core.v3.ConnectionFactoryImpl.openConnectionImpl(ConnectionFactoryImpl.java:297)
	at org.postgresql.core.ConnectionFactory.openConnection(ConnectionFactory.java:49)
	at org.postgresql.jdbc.PgConnection.<init>(PgConnection.java:217)
	at org.postgresql.Driver.makeConnection(Driver.java:458)
	at org.postgresql.Driver.connect(Driver.java:260)
	at com.zaxxer.hikari.util.DriverDataSource.getConnection(DriverDataSource.java:138)
	at com.zaxxer.hikari.pool.PoolBase.newConnection(PoolBase.java:358)
	at com.zaxxer.hikari.pool.PoolBase.newPoolEntry(PoolBase.java:206)
	at com.zaxxer.hikari.pool.HikariPool.createPoolEntry(HikariPool.java:477)
	at com.zaxxer.hikari.pool.HikariPool.access$100(HikariPool.java:71)
	at com.zaxxer.hikari.pool.HikariPool$PoolEntryCreator.call(HikariPool.java:725)
	at com.zaxxer.hikari.pool.HikariPool$PoolEntryCreator.call(HikariPool.java:711)
	at java.base/java.util.concurrent.FutureTask.run(FutureTask.java:264)
	at java.base/java.util.concurrent.ThreadPoolExecutor.runWorker(ThreadPoolExecutor.java:1136)
	at java.base/java.util.concurrent.ThreadPoolExecutor$Worker.run(ThreadPoolExecutor.java:635)
	at java.base/java.lang.Thread.run(Thread.java:833)
Caused by: java.net.UnknownHostException: database-1.cnaee60qc6yl.us-east-2.rds.amazonaws.com
	at java.base/sun.nio.ch.NioSocketImpl.connect(NioSocketImpl.java:567)
	at java.base/java.net.SocksSocketImpl.connect(SocksSocketImpl.java:327)
	at java.base/java.net.Socket.connect(Socket.java:633)
	at org.postgresql.core.PGStream.<init>(PGStream.java:81)
	at org.postgresql.core.v3.ConnectionFactoryImpl.tryConnect(ConnectionFactoryImpl.java:93)
	at org.postgresql.core.v3.ConnectionFactoryImpl.openConnectionImpl(ConnectionFactoryImpl.java:197)
	... 15 common frames omitted
2024-10-04 09:45:12,053 DEBUG org.postgresql.Driver [HikariPool-1 connection adder] Connecting with URL: jdbc:postgresql://database-1.cnaee60qc6yl.us-east-2.rds.amazonaws.com/clubdb
2024-10-04 09:45:12,123 DEBUG org.postgresql.jdbc.PgConnection [HikariPool-1 connection adder] PostgreSQL JDBC Driver 42.2.14
2024-10-04 09:45:12,123 DEBUG org.postgresql.jdbc.PgConnection [HikariPool-1 connection adder]   setDefaultFetchSize = 0
2024-10-04 09:45:12,124 DEBUG org.postgresql.jdbc.PgConnection [HikariPool-1 connection adder]   setPrepareThreshold = 5
2024-10-04 09:45:12,124 DEBUG org.postgresql.core.v3.ConnectionFactoryImpl [HikariPool-1 connection adder] Trying to establish a protocol version 3 connection to database-1.cnaee60qc6yl.us-east-2.rds.amazonaws.com:5432
2024-10-04 09:45:12,127 DEBUG org.postgresql.Driver [HikariPool-1 connection adder] Connection error: 
org.postgresql.util.PSQLException: The connection attempt failed.
	at org.postgresql.core.v3.ConnectionFactoryImpl.openConnectionImpl(ConnectionFactoryImpl.java:297)
	at org.postgresql.core.ConnectionFactory.openConnection(ConnectionFactory.java:49)
	at org.postgresql.jdbc.PgConnection.<init>(PgConnection.java:217)
	at org.postgresql.Driver.makeConnection(Driver.java:458)
	at org.postgresql.Driver.connect(Driver.java:260)
	at com.zaxxer.hikari.util.DriverDataSource.getConnection(DriverDataSource.java:138)
	at com.zaxxer.hikari.pool.PoolBase.newConnection(PoolBase.java:358)
	at com.zaxxer.hikari.pool.PoolBase.newPoolEntry(PoolBase.java:206)
	at com.zaxxer.hikari.pool.HikariPool.createPoolEntry(HikariPool.java:477)
	at com.zaxxer.hikari.pool.HikariPool.access$100(HikariPool.java:71)
	at com.zaxxer.hikari.pool.HikariPool$PoolEntryCreator.call(HikariPool.java:725)
	at com.zaxxer.hikari.pool.HikariPool$PoolEntryCreator.call(HikariPool.java:711)
	at java.base/java.util.concurrent.FutureTask.run(FutureTask.java:264)
	at java.base/java.util.concurrent.ThreadPoolExecutor.runWorker(ThreadPoolExecutor.java:1136)
	at java.base/java.util.concurrent.ThreadPoolExecutor$Worker.run(ThreadPoolExecutor.java:635)
	at java.base/java.lang.Thread.run(Thread.java:833)
Caused by: java.net.UnknownHostException: database-1.cnaee60qc6yl.us-east-2.rds.amazonaws.com
	at java.base/sun.nio.ch.NioSocketImpl.connect(NioSocketImpl.java:567)
	at java.base/java.net.SocksSocketImpl.connect(SocksSocketImpl.java:327)
	at java.base/java.net.Socket.connect(Socket.java:633)
	at org.postgresql.core.PGStream.<init>(PGStream.java:81)
	at org.postgresql.core.v3.ConnectionFactoryImpl.tryConnect(ConnectionFactoryImpl.java:93)
	at org.postgresql.core.v3.ConnectionFactoryImpl.openConnectionImpl(ConnectionFactoryImpl.java:197)
	... 15 common frames omitted
2024-10-04 09:45:12,129 DEBUG com.zaxxer.hikari.pool.HikariPool [HikariPool-1 connection adder] HikariPool-1 - Cannot acquire connection from data source
org.postgresql.util.PSQLException: The connection attempt failed.
	at org.postgresql.core.v3.ConnectionFactoryImpl.openConnectionImpl(ConnectionFactoryImpl.java:297)
	at org.postgresql.core.ConnectionFactory.openConnection(ConnectionFactory.java:49)
	at org.postgresql.jdbc.PgConnection.<init>(PgConnection.java:217)
	at org.postgresql.Driver.makeConnection(Driver.java:458)
	at org.postgresql.Driver.connect(Driver.java:260)
	at com.zaxxer.hikari.util.DriverDataSource.getConnection(DriverDataSource.java:138)
	at com.zaxxer.hikari.pool.PoolBase.newConnection(PoolBase.java:358)
	at com.zaxxer.hikari.pool.PoolBase.newPoolEntry(PoolBase.java:206)
	at com.zaxxer.hikari.pool.HikariPool.createPoolEntry(HikariPool.java:477)
	at com.zaxxer.hikari.pool.HikariPool.access$100(HikariPool.java:71)
	at com.zaxxer.hikari.pool.HikariPool$PoolEntryCreator.call(HikariPool.java:725)
	at com.zaxxer.hikari.pool.HikariPool$PoolEntryCreator.call(HikariPool.java:711)
	at java.base/java.util.concurrent.FutureTask.run(FutureTask.java:264)
	at java.base/java.util.concurrent.ThreadPoolExecutor.runWorker(ThreadPoolExecutor.java:1136)
	at java.base/java.util.concurrent.ThreadPoolExecutor$Worker.run(ThreadPoolExecutor.java:635)
	at java.base/java.lang.Thread.run(Thread.java:833)
Caused by: java.net.UnknownHostException: database-1.cnaee60qc6yl.us-east-2.rds.amazonaws.com
	at java.base/sun.nio.ch.NioSocketImpl.connect(NioSocketImpl.java:567)
	at java.base/java.net.SocksSocketImpl.connect(SocksSocketImpl.java:327)
	at java.base/java.net.Socket.connect(Socket.java:633)
	at org.postgresql.core.PGStream.<init>(PGStream.java:81)
	at org.postgresql.core.v3.ConnectionFactoryImpl.tryConnect(ConnectionFactoryImpl.java:93)
	at org.postgresql.core.v3.ConnectionFactoryImpl.openConnectionImpl(ConnectionFactoryImpl.java:197)
	... 15 common frames omitted
2024-10-04 09:45:20,092 DEBUG com.zaxxer.hikari.pool.HikariPool [HikariPool-1 housekeeper] HikariPool-1 - Pool stats (total=0, active=0, idle=0, waiting=0)
2024-10-04 09:45:20,095 DEBUG com.zaxxer.hikari.pool.HikariPool [HikariPool-1 housekeeper] HikariPool-1 - Fill pool skipped, pool is at sufficient level.
2024-10-04 09:45:22,146 DEBUG org.postgresql.Driver [HikariPool-1 connection adder] Connecting with URL: jdbc:postgresql://database-1.cnaee60qc6yl.us-east-2.rds.amazonaws.com/clubdb
2024-10-04 09:45:22,149 DEBUG org.postgresql.jdbc.PgConnection [HikariPool-1 connection adder] PostgreSQL JDBC Driver 42.2.14
2024-10-04 09:45:22,182 DEBUG org.postgresql.jdbc.PgConnection [HikariPool-1 connection adder]   setDefaultFetchSize = 0
2024-10-04 09:45:22,184 DEBUG org.postgresql.jdbc.PgConnection [HikariPool-1 connection adder]   setPrepareThreshold = 5
2024-10-04 09:45:22,187 DEBUG org.postgresql.core.v3.ConnectionFactoryImpl [HikariPool-1 connection adder] Trying to establish a protocol version 3 connection to database-1.cnaee60qc6yl.us-east-2.rds.amazonaws.com:5432
2024-10-04 09:45:22,190 DEBUG org.postgresql.Driver [HikariPool-1 connection adder] Connection error: 
org.postgresql.util.PSQLException: The connection attempt failed.
	at org.postgresql.core.v3.ConnectionFactoryImpl.openConnectionImpl(ConnectionFactoryImpl.java:297)
	at org.postgresql.core.ConnectionFactory.openConnection(ConnectionFactory.java:49)
	at org.postgresql.jdbc.PgConnection.<init>(PgConnection.java:217)
	at org.postgresql.Driver.makeConnection(Driver.java:458)
	at org.postgresql.Driver.connect(Driver.java:260)
	at com.zaxxer.hikari.util.DriverDataSource.getConnection(DriverDataSource.java:138)
	at com.zaxxer.hikari.pool.PoolBase.newConnection(PoolBase.java:358)
	at com.zaxxer.hikari.pool.PoolBase.newPoolEntry(PoolBase.java:206)
	at com.zaxxer.hikari.pool.HikariPool.createPoolEntry(HikariPool.java:477)
	at com.zaxxer.hikari.pool.HikariPool.access$100(HikariPool.java:71)
	at com.zaxxer.hikari.pool.HikariPool$PoolEntryCreator.call(HikariPool.java:725)
	at com.zaxxer.hikari.pool.HikariPool$PoolEntryCreator.call(HikariPool.java:711)
	at java.base/java.util.concurrent.FutureTask.run(FutureTask.java:264)
	at java.base/java.util.concurrent.ThreadPoolExecutor.runWorker(ThreadPoolExecutor.java:1136)
	at java.base/java.util.concurrent.ThreadPoolExecutor$Worker.run(ThreadPoolExecutor.java:635)
	at java.base/java.lang.Thread.run(Thread.java:833)
Caused by: java.net.UnknownHostException: database-1.cnaee60qc6yl.us-east-2.rds.amazonaws.com
	at java.base/sun.nio.ch.NioSocketImpl.connect(NioSocketImpl.java:567)
	at java.base/java.net.SocksSocketImpl.connect(SocksSocketImpl.java:327)
	at java.base/java.net.Socket.connect(Socket.java:633)
	at org.postgresql.core.PGStream.<init>(PGStream.java:81)
	at org.postgresql.core.v3.ConnectionFactoryImpl.tryConnect(ConnectionFactoryImpl.java:93)
	at org.postgresql.core.v3.ConnectionFactoryImpl.openConnectionImpl(ConnectionFactoryImpl.java:197)
	... 15 common frames omitted
2024-10-04 09:45:22,192 DEBUG com.zaxxer.hikari.pool.HikariPool [HikariPool-1 connection adder] HikariPool-1 - Cannot acquire connection from data source
org.postgresql.util.PSQLException: The connection attempt failed.
	at org.postgresql.core.v3.ConnectionFactoryImpl.openConnectionImpl(ConnectionFactoryImpl.java:297)
	at org.postgresql.core.ConnectionFactory.openConnection(ConnectionFactory.java:49)
	at org.postgresql.jdbc.PgConnection.<init>(PgConnection.java:217)
	at org.postgresql.Driver.makeConnection(Driver.java:458)
	at org.postgresql.Driver.connect(Driver.java:260)
	at com.zaxxer.hikari.util.DriverDataSource.getConnection(DriverDataSource.java:138)
	at com.zaxxer.hikari.pool.PoolBase.newConnection(PoolBase.java:358)
	at com.zaxxer.hikari.pool.PoolBase.newPoolEntry(PoolBase.java:206)
	at com.zaxxer.hikari.pool.HikariPool.createPoolEntry(HikariPool.java:477)
	at com.zaxxer.hikari.pool.HikariPool.access$100(HikariPool.java:71)
	at com.zaxxer.hikari.pool.HikariPool$PoolEntryCreator.call(HikariPool.java:725)
	at com.zaxxer.hikari.pool.HikariPool$PoolEntryCreator.call(HikariPool.java:711)
	at java.base/java.util.concurrent.FutureTask.run(FutureTask.java:264)
	at java.base/java.util.concurrent.ThreadPoolExecutor.runWorker(ThreadPoolExecutor.java:1136)
	at java.base/java.util.concurrent.ThreadPoolExecutor$Worker.run(ThreadPoolExecutor.java:635)
	at java.base/java.lang.Thread.run(Thread.java:833)
Caused by: java.net.UnknownHostException: database-1.cnaee60qc6yl.us-east-2.rds.amazonaws.com
	at java.base/sun.nio.ch.NioSocketImpl.connect(NioSocketImpl.java:567)
	at java.base/java.net.SocksSocketImpl.connect(SocksSocketImpl.java:327)
	at java.base/java.net.Socket.connect(Socket.java:633)
	at org.postgresql.core.PGStream.<init>(PGStream.java:81)
	at org.postgresql.core.v3.ConnectionFactoryImpl.tryConnect(ConnectionFactoryImpl.java:93)
	at org.postgresql.core.v3.ConnectionFactoryImpl.openConnectionImpl(ConnectionFactoryImpl.java:197)
	... 15 common frames omitted
2024-10-04 09:45:26,277 DEBUG sun.rmi.runtime.Log$LoggerLog [RMI TCP Connection(1197)-127.0.0.1] RMI TCP Connection(1197)-127.0.0.1: accepted socket from [127.0.0.1:52429]
2024-10-04 09:45:26,280 DEBUG sun.rmi.runtime.Log$LoggerLog [RMI TCP Connection(1197)-127.0.0.1] RMI TCP Connection(1197)-127.0.0.1: (port 58565) op = 80
2024-10-04 09:45:26,283 DEBUG sun.util.logging.internal.LoggingProviderImpl$JULWrapper [RMI TCP Connection(1197)-127.0.0.1] connectionId=rmi://127.0.0.1  10
2024-10-04 09:45:32,215 DEBUG org.postgresql.Driver [HikariPool-1 connection adder] Connecting with URL: jdbc:postgresql://database-1.cnaee60qc6yl.us-east-2.rds.amazonaws.com/clubdb
2024-10-04 09:45:32,217 DEBUG org.postgresql.jdbc.PgConnection [HikariPool-1 connection adder] PostgreSQL JDBC Driver 42.2.14
2024-10-04 09:45:32,219 DEBUG org.postgresql.jdbc.PgConnection [HikariPool-1 connection adder]   setDefaultFetchSize = 0
2024-10-04 09:45:32,220 DEBUG org.postgresql.jdbc.PgConnection [HikariPool-1 connection adder]   setPrepareThreshold = 5
2024-10-04 09:45:32,223 DEBUG org.postgresql.core.v3.ConnectionFactoryImpl [HikariPool-1 connection adder] Trying to establish a protocol version 3 connection to database-1.cnaee60qc6yl.us-east-2.rds.amazonaws.com:5432
2024-10-04 09:45:32,226 DEBUG org.postgresql.Driver [HikariPool-1 connection adder] Connection error: 
org.postgresql.util.PSQLException: The connection attempt failed.
	at org.postgresql.core.v3.ConnectionFactoryImpl.openConnectionImpl(ConnectionFactoryImpl.java:297)
	at org.postgresql.core.ConnectionFactory.openConnection(ConnectionFactory.java:49)
	at org.postgresql.jdbc.PgConnection.<init>(PgConnection.java:217)
	at org.postgresql.Driver.makeConnection(Driver.java:458)
	at org.postgresql.Driver.connect(Driver.java:260)
	at com.zaxxer.hikari.util.DriverDataSource.getConnection(DriverDataSource.java:138)
	at com.zaxxer.hikari.pool.PoolBase.newConnection(PoolBase.java:358)
	at com.zaxxer.hikari.pool.PoolBase.newPoolEntry(PoolBase.java:206)
	at com.zaxxer.hikari.pool.HikariPool.createPoolEntry(HikariPool.java:477)
	at com.zaxxer.hikari.pool.HikariPool.access$100(HikariPool.java:71)
	at com.zaxxer.hikari.pool.HikariPool$PoolEntryCreator.call(HikariPool.java:725)
	at com.zaxxer.hikari.pool.HikariPool$PoolEntryCreator.call(HikariPool.java:711)
	at java.base/java.util.concurrent.FutureTask.run(FutureTask.java:264)
	at java.base/java.util.concurrent.ThreadPoolExecutor.runWorker(ThreadPoolExecutor.java:1136)
	at java.base/java.util.concurrent.ThreadPoolExecutor$Worker.run(ThreadPoolExecutor.java:635)
	at java.base/java.lang.Thread.run(Thread.java:833)
Caused by: java.net.UnknownHostException: database-1.cnaee60qc6yl.us-east-2.rds.amazonaws.com
	at java.base/sun.nio.ch.NioSocketImpl.connect(NioSocketImpl.java:567)
	at java.base/java.net.SocksSocketImpl.connect(SocksSocketImpl.java:327)
	at java.base/java.net.Socket.connect(Socket.java:633)
	at org.postgresql.core.PGStream.<init>(PGStream.java:81)
	at org.postgresql.core.v3.ConnectionFactoryImpl.tryConnect(ConnectionFactoryImpl.java:93)
	at org.postgresql.core.v3.ConnectionFactoryImpl.openConnectionImpl(ConnectionFactoryImpl.java:197)
	... 15 common frames omitted
2024-10-04 09:45:32,229 DEBUG com.zaxxer.hikari.pool.HikariPool [HikariPool-1 connection adder] HikariPool-1 - Cannot acquire connection from data source
org.postgresql.util.PSQLException: The connection attempt failed.
	at org.postgresql.core.v3.ConnectionFactoryImpl.openConnectionImpl(ConnectionFactoryImpl.java:297)
	at org.postgresql.core.ConnectionFactory.openConnection(ConnectionFactory.java:49)
	at org.postgresql.jdbc.PgConnection.<init>(PgConnection.java:217)
	at org.postgresql.Driver.makeConnection(Driver.java:458)
	at org.postgresql.Driver.connect(Driver.java:260)
	at com.zaxxer.hikari.util.DriverDataSource.getConnection(DriverDataSource.java:138)
	at com.zaxxer.hikari.pool.PoolBase.newConnection(PoolBase.java:358)
	at com.zaxxer.hikari.pool.PoolBase.newPoolEntry(PoolBase.java:206)
	at com.zaxxer.hikari.pool.HikariPool.createPoolEntry(HikariPool.java:477)
	at com.zaxxer.hikari.pool.HikariPool.access$100(HikariPool.java:71)
	at com.zaxxer.hikari.pool.HikariPool$PoolEntryCreator.call(HikariPool.java:725)
	at com.zaxxer.hikari.pool.HikariPool$PoolEntryCreator.call(HikariPool.java:711)
	at java.base/java.util.concurrent.FutureTask.run(FutureTask.java:264)
	at java.base/java.util.concurrent.ThreadPoolExecutor.runWorker(ThreadPoolExecutor.java:1136)
	at java.base/java.util.concurrent.ThreadPoolExecutor$Worker.run(ThreadPoolExecutor.java:635)
	at java.base/java.lang.Thread.run(Thread.java:833)
Caused by: java.net.UnknownHostException: database-1.cnaee60qc6yl.us-east-2.rds.amazonaws.com
	at java.base/sun.nio.ch.NioSocketImpl.connect(NioSocketImpl.java:567)
	at java.base/java.net.SocksSocketImpl.connect(SocksSocketImpl.java:327)
	at java.base/java.net.Socket.connect(Socket.java:633)
	at org.postgresql.core.PGStream.<init>(PGStream.java:81)
	at org.postgresql.core.v3.ConnectionFactoryImpl.tryConnect(ConnectionFactoryImpl.java:93)
	at org.postgresql.core.v3.ConnectionFactoryImpl.openConnectionImpl(ConnectionFactoryImpl.java:197)
	... 15 common frames omitted
2024-10-04 09:45:41,286 DEBUG sun.rmi.runtime.Log$LoggerLog [RMI TCP Connection(1197)-127.0.0.1] RMI TCP Connection(1197)-127.0.0.1: (port 58565) connection closed
2024-10-04 09:45:41,288 DEBUG sun.rmi.runtime.Log$LoggerLog [RMI TCP Connection(1197)-127.0.0.1] RMI TCP Connection(1197)-127.0.0.1: close connection, socket: Socket[addr=/127.0.0.1,port=52429,localport=58565]
2024-10-04 09:45:41,290 DEBUG sun.rmi.runtime.Log$LoggerLog [RMI TCP Connection(1197)-127.0.0.1] RMI TCP Connection(1197)-127.0.0.1: socket close: Socket[addr=/127.0.0.1,port=52429,localport=58565]
2024-10-04 09:45:42,312 DEBUG org.postgresql.Driver [HikariPool-1 connection adder] Connecting with URL: jdbc:postgresql://database-1.cnaee60qc6yl.us-east-2.rds.amazonaws.com/clubdb
2024-10-04 09:45:42,313 DEBUG org.postgresql.jdbc.PgConnection [HikariPool-1 connection adder] PostgreSQL JDBC Driver 42.2.14
2024-10-04 09:45:42,313 DEBUG org.postgresql.jdbc.PgConnection [HikariPool-1 connection adder]   setDefaultFetchSize = 0
2024-10-04 09:45:42,313 DEBUG org.postgresql.jdbc.PgConnection [HikariPool-1 connection adder]   setPrepareThreshold = 5
2024-10-04 09:45:42,314 DEBUG org.postgresql.core.v3.ConnectionFactoryImpl [HikariPool-1 connection adder] Trying to establish a protocol version 3 connection to database-1.cnaee60qc6yl.us-east-2.rds.amazonaws.com:5432
2024-10-04 09:45:44,702 DEBUG org.postgresql.core.v3.ConnectionFactoryImpl [HikariPool-1 connection adder] Receive Buffer Size is 65,536
2024-10-04 09:45:44,705 DEBUG org.postgresql.core.v3.ConnectionFactoryImpl [HikariPool-1 connection adder] Send Buffer Size is 65,536
2024-10-04 09:45:45,050 DEBUG org.postgresql.ssl.MakeSSL [HikariPool-1 connection adder] converting regular socket connection to ssl
2024-10-04 09:45:45,556 DEBUG sun.util.logging.internal.LoggingProviderImpl$JULWrapper [HikariPool-1 connection adder]  TLSHandshake: database-1.cnaee60qc6yl.us-east-2.rds.amazonaws.com:5432, TLSv1.3, TLS_AES_256_GCM_SHA384, -791690251
2024-10-04 09:45:47,005 DEBUG com.zaxxer.hikari.pool.HikariPool$PoolEntryCreator [HikariPool-1 connection adder] HikariPool-1 - Added connection org.postgresql.jdbc.PgConnection@7b03db6c
2024-10-04 09:45:47,007 DEBUG org.postgresql.Driver [HikariPool-1 connection adder] Connecting with URL: jdbc:postgresql://database-1.cnaee60qc6yl.us-east-2.rds.amazonaws.com/clubdb
2024-10-04 09:45:47,009 DEBUG org.postgresql.jdbc.PgConnection [HikariPool-1 connection adder] PostgreSQL JDBC Driver 42.2.14
2024-10-04 09:45:47,110 DEBUG org.postgresql.jdbc.PgConnection [HikariPool-1 connection adder]   setDefaultFetchSize = 0
2024-10-04 09:45:47,111 DEBUG org.postgresql.jdbc.PgConnection [HikariPool-1 connection adder]   setPrepareThreshold = 5
2024-10-04 09:45:47,112 DEBUG org.postgresql.core.v3.ConnectionFactoryImpl [HikariPool-1 connection adder] Trying to establish a protocol version 3 connection to database-1.cnaee60qc6yl.us-east-2.rds.amazonaws.com:5432
2024-10-04 09:45:47,381 DEBUG org.postgresql.core.v3.ConnectionFactoryImpl [HikariPool-1 connection adder] Receive Buffer Size is 65,536
2024-10-04 09:45:47,383 DEBUG org.postgresql.core.v3.ConnectionFactoryImpl [HikariPool-1 connection adder] Send Buffer Size is 65,536
2024-10-04 09:45:47,641 DEBUG org.postgresql.ssl.MakeSSL [HikariPool-1 connection adder] converting regular socket connection to ssl
2024-10-04 09:45:48,286 DEBUG sun.util.logging.internal.LoggingProviderImpl$JULWrapper [HikariPool-1 connection adder]  TLSHandshake: database-1.cnaee60qc6yl.us-east-2.rds.amazonaws.com:5432, TLSv1.3, TLS_AES_256_GCM_SHA384, -791690251
2024-10-04 09:45:50,100 DEBUG com.zaxxer.hikari.pool.HikariPool [HikariPool-1 housekeeper] HikariPool-1 - Pool stats (total=1, active=0, idle=1, waiting=0)
2024-10-04 09:45:50,376 DEBUG com.zaxxer.hikari.pool.HikariPool [HikariPool-1 housekeeper] HikariPool-1 - Fill pool skipped, pool is at sufficient level.
2024-10-04 09:45:50,725 DEBUG com.zaxxer.hikari.pool.HikariPool$PoolEntryCreator [HikariPool-1 connection adder] HikariPool-1 - Added connection org.postgresql.jdbc.PgConnection@75c43a7c
2024-10-04 09:45:50,726 DEBUG org.postgresql.Driver [HikariPool-1 connection adder] Connecting with URL: jdbc:postgresql://database-1.cnaee60qc6yl.us-east-2.rds.amazonaws.com/clubdb
2024-10-04 09:45:50,793 DEBUG org.postgresql.jdbc.PgConnection [HikariPool-1 connection adder] PostgreSQL JDBC Driver 42.2.14
2024-10-04 09:45:50,793 DEBUG org.apache.juli.logging.DirectJDKLog [Catalina-utility-2] Start expire sessions StandardManager at 1728015350787 sessioncount 0
2024-10-04 09:45:50,794 DEBUG org.postgresql.jdbc.PgConnection [HikariPool-1 connection adder]   setDefaultFetchSize = 0
2024-10-04 09:45:50,794 DEBUG org.apache.juli.logging.DirectJDKLog [Catalina-utility-2] End expire sessions StandardManager processingTime 7 expired sessions: 0
2024-10-04 09:45:50,795 DEBUG org.postgresql.jdbc.PgConnection [HikariPool-1 connection adder]   setPrepareThreshold = 5
2024-10-04 09:45:50,795 DEBUG org.postgresql.core.v3.ConnectionFactoryImpl [HikariPool-1 connection adder] Trying to establish a protocol version 3 connection to database-1.cnaee60qc6yl.us-east-2.rds.amazonaws.com:5432
2024-10-04 09:45:51,071 DEBUG org.postgresql.core.v3.ConnectionFactoryImpl [HikariPool-1 connection adder] Receive Buffer Size is 65,536
2024-10-04 09:45:51,072 DEBUG org.postgresql.core.v3.ConnectionFactoryImpl [HikariPool-1 connection adder] Send Buffer Size is 65,536
2024-10-04 09:45:51,980 DEBUG org.postgresql.ssl.MakeSSL [HikariPool-1 connection adder] converting regular socket connection to ssl
2024-10-04 09:45:53,056 DEBUG sun.util.logging.internal.LoggingProviderImpl$JULWrapper [HikariPool-1 connection adder]  TLSHandshake: database-1.cnaee60qc6yl.us-east-2.rds.amazonaws.com:5432, TLSv1.3, TLS_AES_256_GCM_SHA384, -791690251
2024-10-04 09:45:54,582 DEBUG com.zaxxer.hikari.pool.HikariPool$PoolEntryCreator [HikariPool-1 connection adder] HikariPool-1 - Added connection org.postgresql.jdbc.PgConnection@71fbb01c
2024-10-04 09:45:54,583 DEBUG org.postgresql.Driver [HikariPool-1 connection adder] Connecting with URL: jdbc:postgresql://database-1.cnaee60qc6yl.us-east-2.rds.amazonaws.com/clubdb
2024-10-04 09:45:54,583 DEBUG org.postgresql.jdbc.PgConnection [HikariPool-1 connection adder] PostgreSQL JDBC Driver 42.2.14
2024-10-04 09:45:54,584 DEBUG org.postgresql.jdbc.PgConnection [HikariPool-1 connection adder]   setDefaultFetchSize = 0
2024-10-04 09:45:54,585 DEBUG org.postgresql.jdbc.PgConnection [HikariPool-1 connection adder]   setPrepareThreshold = 5
2024-10-04 09:45:54,586 DEBUG org.postgresql.core.v3.ConnectionFactoryImpl [HikariPool-1 connection adder] Trying to establish a protocol version 3 connection to database-1.cnaee60qc6yl.us-east-2.rds.amazonaws.com:5432
2024-10-04 09:45:54,842 DEBUG org.postgresql.core.v3.ConnectionFactoryImpl [HikariPool-1 connection adder] Receive Buffer Size is 65,536
2024-10-04 09:45:54,842 DEBUG org.postgresql.core.v3.ConnectionFactoryImpl [HikariPool-1 connection adder] Send Buffer Size is 65,536
2024-10-04 09:45:55,223 DEBUG org.postgresql.ssl.MakeSSL [HikariPool-1 connection adder] converting regular socket connection to ssl
2024-10-04 09:45:55,751 DEBUG sun.util.logging.internal.LoggingProviderImpl$JULWrapper [HikariPool-1 connection adder]  TLSHandshake: database-1.cnaee60qc6yl.us-east-2.rds.amazonaws.com:5432, TLSv1.3, TLS_AES_256_GCM_SHA384, -791690251
2024-10-04 09:45:57,752 DEBUG com.zaxxer.hikari.pool.HikariPool$PoolEntryCreator [HikariPool-1 connection adder] HikariPool-1 - Added connection org.postgresql.jdbc.PgConnection@34f93047
2024-10-04 09:45:58,020 DEBUG org.postgresql.Driver [HikariPool-1 connection adder] Connecting with URL: jdbc:postgresql://database-1.cnaee60qc6yl.us-east-2.rds.amazonaws.com/clubdb
2024-10-04 09:45:58,023 DEBUG org.postgresql.jdbc.PgConnection [HikariPool-1 connection adder] PostgreSQL JDBC Driver 42.2.14
2024-10-04 09:45:58,028 DEBUG org.postgresql.jdbc.PgConnection [HikariPool-1 connection adder]   setDefaultFetchSize = 0
2024-10-04 09:45:58,029 DEBUG org.postgresql.jdbc.PgConnection [HikariPool-1 connection adder]   setPrepareThreshold = 5
2024-10-04 09:45:58,033 DEBUG org.postgresql.core.v3.ConnectionFactoryImpl [HikariPool-1 connection adder] Trying to establish a protocol version 3 connection to database-1.cnaee60qc6yl.us-east-2.rds.amazonaws.com:5432
2024-10-04 09:45:58,572 DEBUG org.postgresql.core.v3.ConnectionFactoryImpl [HikariPool-1 connection adder] Receive Buffer Size is 65,536
2024-10-04 09:45:58,573 DEBUG org.postgresql.core.v3.ConnectionFactoryImpl [HikariPool-1 connection adder] Send Buffer Size is 65,536
2024-10-04 09:45:58,835 DEBUG org.postgresql.ssl.MakeSSL [HikariPool-1 connection adder] converting regular socket connection to ssl
2024-10-04 09:45:59,373 DEBUG sun.util.logging.internal.LoggingProviderImpl$JULWrapper [HikariPool-1 connection adder]  TLSHandshake: database-1.cnaee60qc6yl.us-east-2.rds.amazonaws.com:5432, TLSv1.3, TLS_AES_256_GCM_SHA384, -791690251
2024-10-04 09:46:01,471 DEBUG com.zaxxer.hikari.pool.HikariPool$PoolEntryCreator [HikariPool-1 connection adder] HikariPool-1 - Added connection org.postgresql.jdbc.PgConnection@51c4550f
2024-10-04 09:46:01,474 DEBUG org.postgresql.Driver [HikariPool-1 connection adder] Connecting with URL: jdbc:postgresql://database-1.cnaee60qc6yl.us-east-2.rds.amazonaws.com/clubdb
2024-10-04 09:46:01,475 DEBUG org.postgresql.jdbc.PgConnection [HikariPool-1 connection adder] PostgreSQL JDBC Driver 42.2.14
2024-10-04 09:46:01,477 DEBUG org.postgresql.jdbc.PgConnection [HikariPool-1 connection adder]   setDefaultFetchSize = 0
2024-10-04 09:46:01,478 DEBUG org.postgresql.jdbc.PgConnection [HikariPool-1 connection adder]   setPrepareThreshold = 5
2024-10-04 09:46:01,479 DEBUG org.postgresql.core.v3.ConnectionFactoryImpl [HikariPool-1 connection adder] Trying to establish a protocol version 3 connection to database-1.cnaee60qc6yl.us-east-2.rds.amazonaws.com:5432
2024-10-04 09:46:01,824 DEBUG org.postgresql.core.v3.ConnectionFactoryImpl [HikariPool-1 connection adder] Receive Buffer Size is 65,536
2024-10-04 09:46:01,826 DEBUG org.postgresql.core.v3.ConnectionFactoryImpl [HikariPool-1 connection adder] Send Buffer Size is 65,536
2024-10-04 09:46:02,085 DEBUG org.postgresql.ssl.MakeSSL [HikariPool-1 connection adder] converting regular socket connection to ssl
2024-10-04 09:46:02,633 DEBUG sun.util.logging.internal.LoggingProviderImpl$JULWrapper [HikariPool-1 connection adder]  TLSHandshake: database-1.cnaee60qc6yl.us-east-2.rds.amazonaws.com:5432, TLSv1.3, TLS_AES_256_GCM_SHA384, -791690251
2024-10-04 09:46:04,961 DEBUG com.zaxxer.hikari.pool.HikariPool$PoolEntryCreator [HikariPool-1 connection adder] HikariPool-1 - Added connection org.postgresql.jdbc.PgConnection@5878291
2024-10-04 09:46:04,963 DEBUG org.postgresql.Driver [HikariPool-1 connection adder] Connecting with URL: jdbc:postgresql://database-1.cnaee60qc6yl.us-east-2.rds.amazonaws.com/clubdb
2024-10-04 09:46:04,966 DEBUG org.postgresql.jdbc.PgConnection [HikariPool-1 connection adder] PostgreSQL JDBC Driver 42.2.14
2024-10-04 09:46:04,968 DEBUG org.postgresql.jdbc.PgConnection [HikariPool-1 connection adder]   setDefaultFetchSize = 0
2024-10-04 09:46:04,970 DEBUG org.postgresql.jdbc.PgConnection [HikariPool-1 connection adder]   setPrepareThreshold = 5
2024-10-04 09:46:04,973 DEBUG org.postgresql.core.v3.ConnectionFactoryImpl [HikariPool-1 connection adder] Trying to establish a protocol version 3 connection to database-1.cnaee60qc6yl.us-east-2.rds.amazonaws.com:5432
2024-10-04 09:46:05,246 DEBUG org.postgresql.core.v3.ConnectionFactoryImpl [HikariPool-1 connection adder] Receive Buffer Size is 65,536
2024-10-04 09:46:05,247 DEBUG org.postgresql.core.v3.ConnectionFactoryImpl [HikariPool-1 connection adder] Send Buffer Size is 65,536
2024-10-04 09:46:05,532 DEBUG org.postgresql.ssl.MakeSSL [HikariPool-1 connection adder] converting regular socket connection to ssl
2024-10-04 09:46:05,987 DEBUG sun.util.logging.internal.LoggingProviderImpl$JULWrapper [HikariPool-1 connection adder]  TLSHandshake: database-1.cnaee60qc6yl.us-east-2.rds.amazonaws.com:5432, TLSv1.3, TLS_AES_256_GCM_SHA384, -791690251
2024-10-04 09:46:08,666 DEBUG com.zaxxer.hikari.pool.HikariPool$PoolEntryCreator [HikariPool-1 connection adder] HikariPool-1 - Added connection org.postgresql.jdbc.PgConnection@2950b96d
2024-10-04 09:46:08,668 DEBUG org.postgresql.Driver [HikariPool-1 connection adder] Connecting with URL: jdbc:postgresql://database-1.cnaee60qc6yl.us-east-2.rds.amazonaws.com/clubdb
2024-10-04 09:46:08,669 DEBUG org.postgresql.jdbc.PgConnection [HikariPool-1 connection adder] PostgreSQL JDBC Driver 42.2.14
2024-10-04 09:46:08,671 DEBUG org.postgresql.jdbc.PgConnection [HikariPool-1 connection adder]   setDefaultFetchSize = 0
2024-10-04 09:46:08,671 DEBUG org.postgresql.jdbc.PgConnection [HikariPool-1 connection adder]   setPrepareThreshold = 5
2024-10-04 09:46:08,672 DEBUG org.postgresql.core.v3.ConnectionFactoryImpl [HikariPool-1 connection adder] Trying to establish a protocol version 3 connection to database-1.cnaee60qc6yl.us-east-2.rds.amazonaws.com:5432
2024-10-04 09:46:09,208 DEBUG org.postgresql.core.v3.ConnectionFactoryImpl [HikariPool-1 connection adder] Receive Buffer Size is 65,536
2024-10-04 09:46:09,210 DEBUG org.postgresql.core.v3.ConnectionFactoryImpl [HikariPool-1 connection adder] Send Buffer Size is 65,536
2024-10-04 09:46:09,756 DEBUG org.postgresql.ssl.MakeSSL [HikariPool-1 connection adder] converting regular socket connection to ssl
2024-10-04 09:46:11,214 DEBUG sun.util.logging.internal.LoggingProviderImpl$JULWrapper [HikariPool-1 connection adder]  TLSHandshake: database-1.cnaee60qc6yl.us-east-2.rds.amazonaws.com:5432, TLSv1.3, TLS_AES_256_GCM_SHA384, -791690251
2024-10-04 09:46:20,383 DEBUG com.zaxxer.hikari.pool.HikariPool [HikariPool-1 housekeeper] HikariPool-1 - Pool stats (total=7, active=0, idle=7, waiting=0)
2024-10-04 09:46:20,386 DEBUG com.zaxxer.hikari.pool.HikariPool [HikariPool-1 housekeeper] HikariPool-1 - Fill pool skipped, pool is at sufficient level.
2024-10-04 09:46:26,302 DEBUG sun.rmi.runtime.Log$LoggerLog [RMI TCP Connection(1198)-127.0.0.1] RMI TCP Connection(1198)-127.0.0.1: accepted socket from [127.0.0.1:52506]
2024-10-04 09:46:26,398 DEBUG sun.rmi.runtime.Log$LoggerLog [RMI TCP Connection(1198)-127.0.0.1] RMI TCP Connection(1198)-127.0.0.1: (port 58565) op = 80
2024-10-04 09:46:26,399 DEBUG sun.util.logging.internal.LoggingProviderImpl$JULWrapper [RMI TCP Connection(1198)-127.0.0.1] connectionId=rmi://127.0.0.1  10
2024-10-04 09:46:28,481 DEBUG com.zaxxer.hikari.pool.HikariPool$PoolEntryCreator [HikariPool-1 connection adder] HikariPool-1 - Added connection org.postgresql.jdbc.PgConnection@54d6cf08
2024-10-04 09:46:28,483 DEBUG org.postgresql.Driver [HikariPool-1 connection adder] Connecting with URL: jdbc:postgresql://database-1.cnaee60qc6yl.us-east-2.rds.amazonaws.com/clubdb
2024-10-04 09:46:28,485 DEBUG org.postgresql.jdbc.PgConnection [HikariPool-1 connection adder] PostgreSQL JDBC Driver 42.2.14
2024-10-04 09:46:28,486 DEBUG org.postgresql.jdbc.PgConnection [HikariPool-1 connection adder]   setDefaultFetchSize = 0
2024-10-04 09:46:28,489 DEBUG org.postgresql.jdbc.PgConnection [HikariPool-1 connection adder]   setPrepareThreshold = 5
2024-10-04 09:46:28,489 DEBUG org.postgresql.core.v3.ConnectionFactoryImpl [HikariPool-1 connection adder] Trying to establish a protocol version 3 connection to database-1.cnaee60qc6yl.us-east-2.rds.amazonaws.com:5432
2024-10-04 09:46:28,959 DEBUG org.postgresql.core.v3.ConnectionFactoryImpl [HikariPool-1 connection adder] Receive Buffer Size is 65,536
2024-10-04 09:46:28,961 DEBUG org.postgresql.core.v3.ConnectionFactoryImpl [HikariPool-1 connection adder] Send Buffer Size is 65,536
2024-10-04 09:46:29,200 DEBUG org.postgresql.ssl.MakeSSL [HikariPool-1 connection adder] converting regular socket connection to ssl
2024-10-04 09:46:29,568 DEBUG sun.util.logging.internal.LoggingProviderImpl$JULWrapper [HikariPool-1 connection adder]  TLSHandshake: database-1.cnaee60qc6yl.us-east-2.rds.amazonaws.com:5432, TLSv1.3, TLS_AES_256_GCM_SHA384, -791690251
2024-10-04 09:46:31,118 DEBUG com.zaxxer.hikari.pool.HikariPool$PoolEntryCreator [HikariPool-1 connection adder] HikariPool-1 - Added connection org.postgresql.jdbc.PgConnection@274994b0
2024-10-04 09:46:31,120 DEBUG org.postgresql.Driver [HikariPool-1 connection adder] Connecting with URL: jdbc:postgresql://database-1.cnaee60qc6yl.us-east-2.rds.amazonaws.com/clubdb
2024-10-04 09:46:31,122 DEBUG org.postgresql.jdbc.PgConnection [HikariPool-1 connection adder] PostgreSQL JDBC Driver 42.2.14
2024-10-04 09:46:31,124 DEBUG org.postgresql.jdbc.PgConnection [HikariPool-1 connection adder]   setDefaultFetchSize = 0
2024-10-04 09:46:31,126 DEBUG org.postgresql.jdbc.PgConnection [HikariPool-1 connection adder]   setPrepareThreshold = 5
2024-10-04 09:46:31,127 DEBUG org.postgresql.core.v3.ConnectionFactoryImpl [HikariPool-1 connection adder] Trying to establish a protocol version 3 connection to database-1.cnaee60qc6yl.us-east-2.rds.amazonaws.com:5432
2024-10-04 09:46:31,396 DEBUG org.postgresql.core.v3.ConnectionFactoryImpl [HikariPool-1 connection adder] Receive Buffer Size is 65,536
2024-10-04 09:46:31,397 DEBUG org.postgresql.core.v3.ConnectionFactoryImpl [HikariPool-1 connection adder] Send Buffer Size is 65,536
2024-10-04 09:46:31,740 DEBUG org.postgresql.ssl.MakeSSL [HikariPool-1 connection adder] converting regular socket connection to ssl
2024-10-04 09:46:32,157 DEBUG sun.util.logging.internal.LoggingProviderImpl$JULWrapper [HikariPool-1 connection adder]  TLSHandshake: database-1.cnaee60qc6yl.us-east-2.rds.amazonaws.com:5432, TLSv1.3, TLS_AES_256_GCM_SHA384, -791690251
2024-10-04 09:46:33,691 DEBUG com.zaxxer.hikari.pool.HikariPool$PoolEntryCreator [HikariPool-1 connection adder] HikariPool-1 - Added connection org.postgresql.jdbc.PgConnection@1e6309c2
2024-10-04 09:46:41,402 DEBUG sun.rmi.runtime.Log$LoggerLog [RMI TCP Connection(1198)-127.0.0.1] RMI TCP Connection(1198)-127.0.0.1: (port 58565) connection closed
2024-10-04 09:46:41,563 DEBUG sun.rmi.runtime.Log$LoggerLog [RMI TCP Connection(1198)-127.0.0.1] RMI TCP Connection(1198)-127.0.0.1: close connection, socket: Socket[addr=/127.0.0.1,port=52506,localport=58565]
2024-10-04 09:46:41,566 DEBUG sun.rmi.runtime.Log$LoggerLog [RMI TCP Connection(1198)-127.0.0.1] RMI TCP Connection(1198)-127.0.0.1: socket close: Socket[addr=/127.0.0.1,port=52506,localport=58565]
2024-10-04 09:46:50,401 DEBUG com.zaxxer.hikari.pool.HikariPool [HikariPool-1 housekeeper] HikariPool-1 - Pool stats (total=10, active=0, idle=10, waiting=0)
2024-10-04 09:46:50,403 DEBUG com.zaxxer.hikari.pool.HikariPool [HikariPool-1 housekeeper] HikariPool-1 - Fill pool skipped, pool is at sufficient level.
2024-10-04 09:46:50,841 DEBUG org.apache.juli.logging.DirectJDKLog [Catalina-utility-2] Start expire sessions StandardManager at 1728015410841 sessioncount 0
2024-10-04 09:46:50,843 DEBUG org.apache.juli.logging.DirectJDKLog [Catalina-utility-2] End expire sessions StandardManager processingTime 1 expired sessions: 0
2024-10-04 09:47:20,412 DEBUG com.zaxxer.hikari.pool.HikariPool [HikariPool-1 housekeeper] HikariPool-1 - Pool stats (total=10, active=0, idle=10, waiting=0)
2024-10-04 09:47:20,415 DEBUG com.zaxxer.hikari.pool.HikariPool [HikariPool-1 housekeeper] HikariPool-1 - Fill pool skipped, pool is at sufficient level.
2024-10-04 09:47:26,414 DEBUG sun.rmi.runtime.Log$LoggerLog [RMI TCP Connection(1199)-127.0.0.1] RMI TCP Connection(1199)-127.0.0.1: accepted socket from [127.0.0.1:52539]
2024-10-04 09:47:26,417 DEBUG sun.rmi.runtime.Log$LoggerLog [RMI TCP Connection(1199)-127.0.0.1] RMI TCP Connection(1199)-127.0.0.1: (port 58565) op = 80
2024-10-04 09:47:26,419 DEBUG sun.util.logging.internal.LoggingProviderImpl$JULWrapper [RMI TCP Connection(1199)-127.0.0.1] connectionId=rmi://127.0.0.1  10
2024-10-04 09:47:41,422 DEBUG sun.rmi.runtime.Log$LoggerLog [RMI TCP Connection(1199)-127.0.0.1] RMI TCP Connection(1199)-127.0.0.1: (port 58565) connection closed
2024-10-04 09:47:41,424 DEBUG sun.rmi.runtime.Log$LoggerLog [RMI TCP Connection(1199)-127.0.0.1] RMI TCP Connection(1199)-127.0.0.1: close connection, socket: Socket[addr=/127.0.0.1,port=52539,localport=58565]
2024-10-04 09:47:41,425 DEBUG sun.rmi.runtime.Log$LoggerLog [RMI TCP Connection(1199)-127.0.0.1] RMI TCP Connection(1199)-127.0.0.1: socket close: Socket[addr=/127.0.0.1,port=52539,localport=58565]
2024-10-04 09:47:50,418 DEBUG com.zaxxer.hikari.pool.HikariPool [HikariPool-1 housekeeper] HikariPool-1 - Pool stats (total=10, active=0, idle=10, waiting=0)
2024-10-04 09:47:50,421 DEBUG com.zaxxer.hikari.pool.HikariPool [HikariPool-1 housekeeper] HikariPool-1 - Fill pool skipped, pool is at sufficient level.
2024-10-04 09:47:50,903 DEBUG org.apache.juli.logging.DirectJDKLog [Catalina-utility-2] Start expire sessions StandardManager at 1728015470903 sessioncount 0
2024-10-04 09:47:50,905 DEBUG org.apache.juli.logging.DirectJDKLog [Catalina-utility-2] End expire sessions StandardManager processingTime 1 expired sessions: 0
2024-10-04 09:48:20,435 DEBUG com.zaxxer.hikari.pool.HikariPool [HikariPool-1 housekeeper] HikariPool-1 - Pool stats (total=10, active=0, idle=10, waiting=0)
2024-10-04 09:48:20,437 DEBUG com.zaxxer.hikari.pool.HikariPool [HikariPool-1 housekeeper] HikariPool-1 - Fill pool skipped, pool is at sufficient level.
2024-10-04 09:48:26,180 DEBUG sun.rmi.runtime.Log$LoggerLog [RMI TCP Connection(1200)-127.0.0.1] RMI TCP Connection(1200)-127.0.0.1: accepted socket from [127.0.0.1:52569]
2024-10-04 09:48:26,184 DEBUG sun.rmi.runtime.Log$LoggerLog [RMI TCP Connection(1200)-127.0.0.1] RMI TCP Connection(1200)-127.0.0.1: (port 58565) op = 80
2024-10-04 09:48:26,187 DEBUG sun.rmi.runtime.Log$LoggerLog [RMI TCP Connection(1200)-127.0.0.1] RMI TCP Connection(1200)-127.0.0.1: name = "[Ljava.rmi.server.ObjID;", codebase = "", defaultLoader = jdk.internal.loader.ClassLoaders$PlatformClassLoader@75dbb639
2024-10-04 09:48:26,188 DEBUG sun.rmi.runtime.Log$LoggerLog [RMI TCP Connection(1200)-127.0.0.1] RMI TCP Connection(1200)-127.0.0.1: name = "java.rmi.dgc.Lease", codebase = "", defaultLoader = jdk.internal.loader.ClassLoaders$PlatformClassLoader@75dbb639
2024-10-04 09:48:26,191 DEBUG sun.rmi.runtime.Log$LoggerLog [RMI TCP Connection(1200)-127.0.0.1] RMI TCP Connection(1200)-127.0.0.1: name = "java.rmi.dgc.VMID", codebase = "", defaultLoader = jdk.internal.loader.ClassLoaders$PlatformClassLoader@75dbb639
2024-10-04 09:48:26,192 DEBUG sun.rmi.runtime.Log$LoggerLog [RMI TCP Connection(1200)-127.0.0.1] RMI TCP Connection(1200)-127.0.0.1: name = "[B", codebase = "", defaultLoader = jdk.internal.loader.ClassLoaders$PlatformClassLoader@75dbb639
2024-10-04 09:48:26,195 DEBUG sun.rmi.runtime.Log$LoggerLog [RMI TCP Connection(1200)-127.0.0.1] RMI TCP Connection(1200)-127.0.0.1: name = "java.rmi.server.UID", codebase = "", defaultLoader = jdk.internal.loader.ClassLoaders$PlatformClassLoader@75dbb639
2024-10-04 09:48:26,423 DEBUG sun.rmi.runtime.Log$LoggerLog [RMI TCP Connection(1200)-127.0.0.1] RMI TCP Connection(1200)-127.0.0.1: (port 58565) op = 82
2024-10-04 09:48:26,425 DEBUG sun.rmi.runtime.Log$LoggerLog [RMI TCP Connection(1200)-127.0.0.1] RMI TCP Connection(1200)-127.0.0.1: (port 58565) op = 80
2024-10-04 09:48:26,426 DEBUG sun.util.logging.internal.LoggingProviderImpl$JULWrapper [RMI TCP Connection(1200)-127.0.0.1] connectionId=rmi://127.0.0.1  10
2024-10-04 09:48:50,455 DEBUG com.zaxxer.hikari.pool.HikariPool [HikariPool-1 housekeeper] HikariPool-1 - Pool stats (total=10, active=0, idle=10, waiting=0)
2024-10-04 09:48:50,457 DEBUG com.zaxxer.hikari.pool.HikariPool [HikariPool-1 housekeeper] HikariPool-1 - Fill pool skipped, pool is at sufficient level.
2024-10-04 09:48:50,955 DEBUG org.apache.juli.logging.DirectJDKLog [Catalina-utility-1] Start expire sessions StandardManager at 1728015530955 sessioncount 0
2024-10-04 09:48:50,956 DEBUG org.apache.juli.logging.DirectJDKLog [Catalina-utility-1] End expire sessions StandardManager processingTime 1 expired sessions: 0
2024-10-04 09:48:56,198 DEBUG sun.rmi.runtime.Log$LoggerLog [RMI TCP Connection(1200)-127.0.0.1] RMI TCP Connection(1200)-127.0.0.1: (port 58565) connection closed
2024-10-04 09:48:56,201 DEBUG sun.rmi.runtime.Log$LoggerLog [RMI TCP Connection(1200)-127.0.0.1] RMI TCP Connection(1200)-127.0.0.1: close connection, socket: Socket[addr=/127.0.0.1,port=52569,localport=58565]
2024-10-04 09:48:56,203 DEBUG sun.rmi.runtime.Log$LoggerLog [RMI TCP Connection(1200)-127.0.0.1] RMI TCP Connection(1200)-127.0.0.1: socket close: Socket[addr=/127.0.0.1,port=52569,localport=58565]
2024-10-04 09:49:20,462 DEBUG com.zaxxer.hikari.pool.HikariPool [HikariPool-1 housekeeper] HikariPool-1 - Pool stats (total=10, active=0, idle=10, waiting=0)
2024-10-04 09:49:20,466 DEBUG com.zaxxer.hikari.pool.HikariPool [HikariPool-1 housekeeper] HikariPool-1 - Fill pool skipped, pool is at sufficient level.
2024-10-04 09:49:26,443 DEBUG sun.rmi.runtime.Log$LoggerLog [RMI TCP Connection(1201)-127.0.0.1] RMI TCP Connection(1201)-127.0.0.1: accepted socket from [127.0.0.1:52588]
2024-10-04 09:49:26,485 DEBUG sun.rmi.runtime.Log$LoggerLog [RMI TCP Connection(1201)-127.0.0.1] RMI TCP Connection(1201)-127.0.0.1: (port 58565) op = 80
2024-10-04 09:49:26,486 DEBUG sun.util.logging.internal.LoggingProviderImpl$JULWrapper [RMI TCP Connection(1201)-127.0.0.1] connectionId=rmi://127.0.0.1  10
2024-10-04 09:49:41,489 DEBUG sun.rmi.runtime.Log$LoggerLog [RMI TCP Connection(1201)-127.0.0.1] RMI TCP Connection(1201)-127.0.0.1: (port 58565) connection closed
2024-10-04 09:49:41,492 DEBUG sun.rmi.runtime.Log$LoggerLog [RMI TCP Connection(1201)-127.0.0.1] RMI TCP Connection(1201)-127.0.0.1: close connection, socket: Socket[addr=/127.0.0.1,port=52588,localport=58565]
2024-10-04 09:49:41,494 DEBUG sun.rmi.runtime.Log$LoggerLog [RMI TCP Connection(1201)-127.0.0.1] RMI TCP Connection(1201)-127.0.0.1: socket close: Socket[addr=/127.0.0.1,port=52588,localport=58565]
2024-10-04 09:49:50,470 DEBUG com.zaxxer.hikari.pool.HikariPool [HikariPool-1 housekeeper] HikariPool-1 - Pool stats (total=10, active=0, idle=10, waiting=0)
2024-10-04 09:49:50,472 DEBUG com.zaxxer.hikari.pool.HikariPool [HikariPool-1 housekeeper] HikariPool-1 - Fill pool skipped, pool is at sufficient level.
2024-10-04 09:49:51,002 DEBUG org.apache.juli.logging.DirectJDKLog [Catalina-utility-1] Start expire sessions StandardManager at 1728015591002 sessioncount 0
2024-10-04 09:49:51,005 DEBUG org.apache.juli.logging.DirectJDKLog [Catalina-utility-1] End expire sessions StandardManager processingTime 2 expired sessions: 0
2024-10-04 09:50:20,480 DEBUG com.zaxxer.hikari.pool.HikariPool [HikariPool-1 housekeeper] HikariPool-1 - Pool stats (total=10, active=0, idle=10, waiting=0)
2024-10-04 09:50:20,480 DEBUG com.zaxxer.hikari.pool.HikariPool [HikariPool-1 housekeeper] HikariPool-1 - Fill pool skipped, pool is at sufficient level.
2024-10-04 09:50:26,501 DEBUG sun.rmi.runtime.Log$LoggerLog [RMI TCP Connection(1202)-127.0.0.1] RMI TCP Connection(1202)-127.0.0.1: accepted socket from [127.0.0.1:52609]
2024-10-04 09:50:26,504 DEBUG sun.rmi.runtime.Log$LoggerLog [RMI TCP Connection(1202)-127.0.0.1] RMI TCP Connection(1202)-127.0.0.1: (port 58565) op = 80
2024-10-04 09:50:26,505 DEBUG sun.util.logging.internal.LoggingProviderImpl$JULWrapper [RMI TCP Connection(1202)-127.0.0.1] connectionId=rmi://127.0.0.1  10
2024-10-04 09:50:41,509 DEBUG sun.rmi.runtime.Log$LoggerLog [RMI TCP Connection(1202)-127.0.0.1] RMI TCP Connection(1202)-127.0.0.1: (port 58565) connection closed
2024-10-04 09:50:41,512 DEBUG sun.rmi.runtime.Log$LoggerLog [RMI TCP Connection(1202)-127.0.0.1] RMI TCP Connection(1202)-127.0.0.1: close connection, socket: Socket[addr=/127.0.0.1,port=52609,localport=58565]
2024-10-04 09:50:41,514 DEBUG sun.rmi.runtime.Log$LoggerLog [RMI TCP Connection(1202)-127.0.0.1] RMI TCP Connection(1202)-127.0.0.1: socket close: Socket[addr=/127.0.0.1,port=52609,localport=58565]
2024-10-04 09:50:50,492 DEBUG com.zaxxer.hikari.pool.HikariPool [HikariPool-1 housekeeper] HikariPool-1 - Pool stats (total=10, active=0, idle=10, waiting=0)
2024-10-04 09:50:50,494 DEBUG com.zaxxer.hikari.pool.HikariPool [HikariPool-1 housekeeper] HikariPool-1 - Fill pool skipped, pool is at sufficient level.
2024-10-04 09:50:51,054 DEBUG org.apache.juli.logging.DirectJDKLog [Catalina-utility-1] Start expire sessions StandardManager at 1728015651053 sessioncount 0
2024-10-04 09:50:51,056 DEBUG org.apache.juli.logging.DirectJDKLog [Catalina-utility-1] End expire sessions StandardManager processingTime 3 expired sessions: 0
2024-10-04 09:51:20,509 DEBUG com.zaxxer.hikari.pool.HikariPool [HikariPool-1 housekeeper] HikariPool-1 - Pool stats (total=10, active=0, idle=10, waiting=0)
2024-10-04 09:51:20,510 DEBUG com.zaxxer.hikari.pool.HikariPool [HikariPool-1 housekeeper] HikariPool-1 - Fill pool skipped, pool is at sufficient level.
2024-10-04 09:51:26,519 DEBUG sun.rmi.runtime.Log$LoggerLog [RMI TCP Connection(1203)-127.0.0.1] RMI TCP Connection(1203)-127.0.0.1: accepted socket from [127.0.0.1:52632]
2024-10-04 09:51:26,521 DEBUG sun.rmi.runtime.Log$LoggerLog [RMI TCP Connection(1203)-127.0.0.1] RMI TCP Connection(1203)-127.0.0.1: (port 58565) op = 80
2024-10-04 09:51:26,521 DEBUG sun.util.logging.internal.LoggingProviderImpl$JULWrapper [RMI TCP Connection(1203)-127.0.0.1] connectionId=rmi://127.0.0.1  10
2024-10-04 09:51:41,524 DEBUG sun.rmi.runtime.Log$LoggerLog [RMI TCP Connection(1203)-127.0.0.1] RMI TCP Connection(1203)-127.0.0.1: (port 58565) connection closed
2024-10-04 09:51:41,526 DEBUG sun.rmi.runtime.Log$LoggerLog [RMI TCP Connection(1203)-127.0.0.1] RMI TCP Connection(1203)-127.0.0.1: close connection, socket: Socket[addr=/127.0.0.1,port=52632,localport=58565]
2024-10-04 09:51:41,529 DEBUG sun.rmi.runtime.Log$LoggerLog [RMI TCP Connection(1203)-127.0.0.1] RMI TCP Connection(1203)-127.0.0.1: socket close: Socket[addr=/127.0.0.1,port=52632,localport=58565]
2024-10-04 09:51:50,519 DEBUG com.zaxxer.hikari.pool.HikariPool [HikariPool-1 housekeeper] HikariPool-1 - Pool stats (total=10, active=0, idle=10, waiting=0)
2024-10-04 09:51:50,521 DEBUG com.zaxxer.hikari.pool.HikariPool [HikariPool-1 housekeeper] HikariPool-1 - Fill pool skipped, pool is at sufficient level.
2024-10-04 09:51:51,130 DEBUG org.apache.juli.logging.DirectJDKLog [Catalina-utility-2] Start expire sessions StandardManager at 1728015711130 sessioncount 0
2024-10-04 09:51:51,133 DEBUG org.apache.juli.logging.DirectJDKLog [Catalina-utility-2] End expire sessions StandardManager processingTime 3 expired sessions: 0
2024-10-04 09:52:20,529 DEBUG com.zaxxer.hikari.pool.HikariPool [HikariPool-1 housekeeper] HikariPool-1 - Pool stats (total=10, active=0, idle=10, waiting=0)
2024-10-04 09:52:20,531 DEBUG com.zaxxer.hikari.pool.HikariPool [HikariPool-1 housekeeper] HikariPool-1 - Fill pool skipped, pool is at sufficient level.
2024-10-04 09:52:26,537 DEBUG sun.rmi.runtime.Log$LoggerLog [RMI TCP Connection(1204)-127.0.0.1] RMI TCP Connection(1204)-127.0.0.1: accepted socket from [127.0.0.1:52653]
2024-10-04 09:52:26,540 DEBUG sun.rmi.runtime.Log$LoggerLog [RMI TCP Connection(1204)-127.0.0.1] RMI TCP Connection(1204)-127.0.0.1: (port 58565) op = 80
2024-10-04 09:52:26,540 DEBUG sun.util.logging.internal.LoggingProviderImpl$JULWrapper [RMI TCP Connection(1204)-127.0.0.1] connectionId=rmi://127.0.0.1  10
2024-10-04 09:52:41,586 DEBUG sun.rmi.runtime.Log$LoggerLog [RMI TCP Connection(1204)-127.0.0.1] RMI TCP Connection(1204)-127.0.0.1: (port 58565) connection closed
2024-10-04 09:52:41,589 DEBUG sun.rmi.runtime.Log$LoggerLog [RMI TCP Connection(1204)-127.0.0.1] RMI TCP Connection(1204)-127.0.0.1: close connection, socket: Socket[addr=/127.0.0.1,port=52653,localport=58565]
2024-10-04 09:52:41,592 DEBUG sun.rmi.runtime.Log$LoggerLog [RMI TCP Connection(1204)-127.0.0.1] RMI TCP Connection(1204)-127.0.0.1: socket close: Socket[addr=/127.0.0.1,port=52653,localport=58565]
2024-10-04 09:52:50,534 DEBUG com.zaxxer.hikari.pool.HikariPool [HikariPool-1 housekeeper] HikariPool-1 - Pool stats (total=10, active=0, idle=10, waiting=0)
2024-10-04 09:52:50,536 DEBUG com.zaxxer.hikari.pool.HikariPool [HikariPool-1 housekeeper] HikariPool-1 - Fill pool skipped, pool is at sufficient level.
2024-10-04 09:52:51,175 DEBUG org.apache.juli.logging.DirectJDKLog [Catalina-utility-2] Start expire sessions StandardManager at 1728015771175 sessioncount 0
2024-10-04 09:52:51,178 DEBUG org.apache.juli.logging.DirectJDKLog [Catalina-utility-2] End expire sessions StandardManager processingTime 3 expired sessions: 0
2024-10-04 09:53:20,543 DEBUG com.zaxxer.hikari.pool.HikariPool [HikariPool-1 housekeeper] HikariPool-1 - Pool stats (total=10, active=0, idle=10, waiting=0)
2024-10-04 09:53:20,545 DEBUG com.zaxxer.hikari.pool.HikariPool [HikariPool-1 housekeeper] HikariPool-1 - Fill pool skipped, pool is at sufficient level.
2024-10-04 09:53:26,180 DEBUG sun.rmi.runtime.Log$LoggerLog [RMI TCP Connection(1205)-127.0.0.1] RMI TCP Connection(1205)-127.0.0.1: accepted socket from [127.0.0.1:52673]
2024-10-04 09:53:26,183 DEBUG sun.rmi.runtime.Log$LoggerLog [RMI TCP Connection(1205)-127.0.0.1] RMI TCP Connection(1205)-127.0.0.1: (port 58565) op = 80
2024-10-04 09:53:26,185 DEBUG sun.rmi.runtime.Log$LoggerLog [RMI TCP Connection(1205)-127.0.0.1] RMI TCP Connection(1205)-127.0.0.1: name = "[Ljava.rmi.server.ObjID;", codebase = "", defaultLoader = jdk.internal.loader.ClassLoaders$PlatformClassLoader@75dbb639
2024-10-04 09:53:26,188 DEBUG sun.rmi.runtime.Log$LoggerLog [RMI TCP Connection(1205)-127.0.0.1] RMI TCP Connection(1205)-127.0.0.1: name = "java.rmi.dgc.Lease", codebase = "", defaultLoader = jdk.internal.loader.ClassLoaders$PlatformClassLoader@75dbb639
2024-10-04 09:53:26,189 DEBUG sun.rmi.runtime.Log$LoggerLog [RMI TCP Connection(1205)-127.0.0.1] RMI TCP Connection(1205)-127.0.0.1: name = "java.rmi.dgc.VMID", codebase = "", defaultLoader = jdk.internal.loader.ClassLoaders$PlatformClassLoader@75dbb639
2024-10-04 09:53:26,191 DEBUG sun.rmi.runtime.Log$LoggerLog [RMI TCP Connection(1205)-127.0.0.1] RMI TCP Connection(1205)-127.0.0.1: name = "[B", codebase = "", defaultLoader = jdk.internal.loader.ClassLoaders$PlatformClassLoader@75dbb639
2024-10-04 09:53:26,193 DEBUG sun.rmi.runtime.Log$LoggerLog [RMI TCP Connection(1205)-127.0.0.1] RMI TCP Connection(1205)-127.0.0.1: name = "java.rmi.server.UID", codebase = "", defaultLoader = jdk.internal.loader.ClassLoaders$PlatformClassLoader@75dbb639
2024-10-04 09:53:26,586 DEBUG sun.rmi.runtime.Log$LoggerLog [RMI TCP Connection(1205)-127.0.0.1] RMI TCP Connection(1205)-127.0.0.1: (port 58565) op = 82
2024-10-04 09:53:26,588 DEBUG sun.rmi.runtime.Log$LoggerLog [RMI TCP Connection(1205)-127.0.0.1] RMI TCP Connection(1205)-127.0.0.1: (port 58565) op = 80
2024-10-04 09:53:26,589 DEBUG sun.util.logging.internal.LoggingProviderImpl$JULWrapper [RMI TCP Connection(1205)-127.0.0.1] connectionId=rmi://127.0.0.1  10
2024-10-04 09:53:50,546 DEBUG com.zaxxer.hikari.pool.HikariPool [HikariPool-1 housekeeper] HikariPool-1 - Pool stats (total=10, active=0, idle=10, waiting=0)
2024-10-04 09:53:50,547 DEBUG com.zaxxer.hikari.pool.HikariPool [HikariPool-1 housekeeper] HikariPool-1 - Fill pool skipped, pool is at sufficient level.
2024-10-04 09:53:51,207 DEBUG org.apache.juli.logging.DirectJDKLog [Catalina-utility-2] Start expire sessions StandardManager at 1728015831207 sessioncount 0
2024-10-04 09:53:51,209 DEBUG org.apache.juli.logging.DirectJDKLog [Catalina-utility-2] End expire sessions StandardManager processingTime 1 expired sessions: 0
2024-10-04 09:53:56,197 DEBUG sun.rmi.runtime.Log$LoggerLog [RMI TCP Connection(1205)-127.0.0.1] RMI TCP Connection(1205)-127.0.0.1: (port 58565) connection closed
2024-10-04 09:53:56,199 DEBUG sun.rmi.runtime.Log$LoggerLog [RMI TCP Connection(1205)-127.0.0.1] RMI TCP Connection(1205)-127.0.0.1: close connection, socket: Socket[addr=/127.0.0.1,port=52673,localport=58565]
2024-10-04 09:53:56,201 DEBUG sun.rmi.runtime.Log$LoggerLog [RMI TCP Connection(1205)-127.0.0.1] RMI TCP Connection(1205)-127.0.0.1: socket close: Socket[addr=/127.0.0.1,port=52673,localport=58565]
2024-10-04 09:54:20,549 DEBUG com.zaxxer.hikari.pool.HikariPool [HikariPool-1 housekeeper] HikariPool-1 - Pool stats (total=10, active=0, idle=10, waiting=0)
2024-10-04 09:54:20,550 DEBUG com.zaxxer.hikari.pool.HikariPool [HikariPool-1 housekeeper] HikariPool-1 - Fill pool skipped, pool is at sufficient level.
2024-10-04 09:54:26,604 DEBUG sun.rmi.runtime.Log$LoggerLog [RMI TCP Connection(1206)-127.0.0.1] RMI TCP Connection(1206)-127.0.0.1: accepted socket from [127.0.0.1:52688]
2024-10-04 09:54:26,607 DEBUG sun.rmi.runtime.Log$LoggerLog [RMI TCP Connection(1206)-127.0.0.1] RMI TCP Connection(1206)-127.0.0.1: (port 58565) op = 80
2024-10-04 09:54:26,609 DEBUG sun.util.logging.internal.LoggingProviderImpl$JULWrapper [RMI TCP Connection(1206)-127.0.0.1] connectionId=rmi://127.0.0.1  10
2024-10-04 09:54:41,611 DEBUG sun.rmi.runtime.Log$LoggerLog [RMI TCP Connection(1206)-127.0.0.1] RMI TCP Connection(1206)-127.0.0.1: (port 58565) connection closed
2024-10-04 09:54:41,613 DEBUG sun.rmi.runtime.Log$LoggerLog [RMI TCP Connection(1206)-127.0.0.1] RMI TCP Connection(1206)-127.0.0.1: close connection, socket: Socket[addr=/127.0.0.1,port=52688,localport=58565]
2024-10-04 09:54:41,614 DEBUG sun.rmi.runtime.Log$LoggerLog [RMI TCP Connection(1206)-127.0.0.1] RMI TCP Connection(1206)-127.0.0.1: socket close: Socket[addr=/127.0.0.1,port=52688,localport=58565]
2024-10-04 09:54:50,553 DEBUG com.zaxxer.hikari.pool.HikariPool [HikariPool-1 housekeeper] HikariPool-1 - Pool stats (total=10, active=0, idle=10, waiting=0)
2024-10-04 09:54:50,555 DEBUG com.zaxxer.hikari.pool.HikariPool [HikariPool-1 housekeeper] HikariPool-1 - Fill pool skipped, pool is at sufficient level.
2024-10-04 09:54:51,239 DEBUG org.apache.juli.logging.DirectJDKLog [Catalina-utility-1] Start expire sessions StandardManager at 1728015891239 sessioncount 0
2024-10-04 09:54:51,242 DEBUG org.apache.juli.logging.DirectJDKLog [Catalina-utility-1] End expire sessions StandardManager processingTime 2 expired sessions: 0
2024-10-04 09:55:20,571 DEBUG com.zaxxer.hikari.pool.HikariPool [HikariPool-1 housekeeper] HikariPool-1 - Pool stats (total=10, active=0, idle=10, waiting=0)
2024-10-04 09:55:20,574 DEBUG com.zaxxer.hikari.pool.HikariPool [HikariPool-1 housekeeper] HikariPool-1 - Fill pool skipped, pool is at sufficient level.
2024-10-04 09:55:26,624 DEBUG sun.rmi.runtime.Log$LoggerLog [RMI TCP Connection(1207)-127.0.0.1] RMI TCP Connection(1207)-127.0.0.1: accepted socket from [127.0.0.1:52704]
2024-10-04 09:55:26,627 DEBUG sun.rmi.runtime.Log$LoggerLog [RMI TCP Connection(1207)-127.0.0.1] RMI TCP Connection(1207)-127.0.0.1: (port 58565) op = 80
2024-10-04 09:55:26,629 DEBUG sun.util.logging.internal.LoggingProviderImpl$JULWrapper [RMI TCP Connection(1207)-127.0.0.1] connectionId=rmi://127.0.0.1  10
2024-10-04 09:55:41,633 DEBUG sun.rmi.runtime.Log$LoggerLog [RMI TCP Connection(1207)-127.0.0.1] RMI TCP Connection(1207)-127.0.0.1: (port 58565) connection closed
2024-10-04 09:55:41,636 DEBUG sun.rmi.runtime.Log$LoggerLog [RMI TCP Connection(1207)-127.0.0.1] RMI TCP Connection(1207)-127.0.0.1: close connection, socket: Socket[addr=/127.0.0.1,port=52704,localport=58565]
2024-10-04 09:55:41,637 DEBUG sun.rmi.runtime.Log$LoggerLog [RMI TCP Connection(1207)-127.0.0.1] RMI TCP Connection(1207)-127.0.0.1: socket close: Socket[addr=/127.0.0.1,port=52704,localport=58565]
2024-10-04 09:55:50,583 DEBUG com.zaxxer.hikari.pool.HikariPool [HikariPool-1 housekeeper] HikariPool-1 - Pool stats (total=10, active=0, idle=10, waiting=0)
2024-10-04 09:55:50,584 DEBUG com.zaxxer.hikari.pool.HikariPool [HikariPool-1 housekeeper] HikariPool-1 - Fill pool skipped, pool is at sufficient level.
2024-10-04 09:55:51,289 DEBUG org.apache.juli.logging.DirectJDKLog [Catalina-utility-2] Start expire sessions StandardManager at 1728015951288 sessioncount 0
2024-10-04 09:55:51,290 DEBUG org.apache.juli.logging.DirectJDKLog [Catalina-utility-2] End expire sessions StandardManager processingTime 1 expired sessions: 0
2024-10-04 09:56:20,590 DEBUG com.zaxxer.hikari.pool.HikariPool [HikariPool-1 housekeeper] HikariPool-1 - Pool stats (total=10, active=0, idle=10, waiting=0)
2024-10-04 09:56:20,592 DEBUG com.zaxxer.hikari.pool.HikariPool [HikariPool-1 housekeeper] HikariPool-1 - Fill pool skipped, pool is at sufficient level.
2024-10-04 09:56:26,644 DEBUG sun.rmi.runtime.Log$LoggerLog [RMI TCP Connection(1208)-127.0.0.1] RMI TCP Connection(1208)-127.0.0.1: accepted socket from [127.0.0.1:52723]
2024-10-04 09:56:26,648 DEBUG sun.rmi.runtime.Log$LoggerLog [RMI TCP Connection(1208)-127.0.0.1] RMI TCP Connection(1208)-127.0.0.1: (port 58565) op = 80
2024-10-04 09:56:26,650 DEBUG sun.util.logging.internal.LoggingProviderImpl$JULWrapper [RMI TCP Connection(1208)-127.0.0.1] connectionId=rmi://127.0.0.1  10
2024-10-04 09:56:41,653 DEBUG sun.rmi.runtime.Log$LoggerLog [RMI TCP Connection(1208)-127.0.0.1] RMI TCP Connection(1208)-127.0.0.1: (port 58565) connection closed
2024-10-04 09:56:41,656 DEBUG sun.rmi.runtime.Log$LoggerLog [RMI TCP Connection(1208)-127.0.0.1] RMI TCP Connection(1208)-127.0.0.1: close connection, socket: Socket[addr=/127.0.0.1,port=52723,localport=58565]
2024-10-04 09:56:41,657 DEBUG sun.rmi.runtime.Log$LoggerLog [RMI TCP Connection(1208)-127.0.0.1] RMI TCP Connection(1208)-127.0.0.1: socket close: Socket[addr=/127.0.0.1,port=52723,localport=58565]
2024-10-04 09:56:50,598 DEBUG com.zaxxer.hikari.pool.HikariPool [HikariPool-1 housekeeper] HikariPool-1 - Pool stats (total=10, active=0, idle=10, waiting=0)
2024-10-04 09:56:50,601 DEBUG com.zaxxer.hikari.pool.HikariPool [HikariPool-1 housekeeper] HikariPool-1 - Fill pool skipped, pool is at sufficient level.
2024-10-04 09:56:51,350 DEBUG org.apache.juli.logging.DirectJDKLog [Catalina-utility-1] Start expire sessions StandardManager at 1728016011350 sessioncount 0
2024-10-04 09:56:51,351 DEBUG org.apache.juli.logging.DirectJDKLog [Catalina-utility-1] End expire sessions StandardManager processingTime 1 expired sessions: 0
2024-10-04 09:57:20,616 DEBUG com.zaxxer.hikari.pool.HikariPool [HikariPool-1 housekeeper] HikariPool-1 - Pool stats (total=10, active=0, idle=10, waiting=0)
2024-10-04 09:57:20,618 DEBUG com.zaxxer.hikari.pool.HikariPool [HikariPool-1 housekeeper] HikariPool-1 - Fill pool skipped, pool is at sufficient level.
2024-10-04 09:57:26,665 DEBUG sun.rmi.runtime.Log$LoggerLog [RMI TCP Connection(1209)-127.0.0.1] RMI TCP Connection(1209)-127.0.0.1: accepted socket from [127.0.0.1:52742]
2024-10-04 09:57:26,668 DEBUG sun.rmi.runtime.Log$LoggerLog [RMI TCP Connection(1209)-127.0.0.1] RMI TCP Connection(1209)-127.0.0.1: (port 58565) op = 80
2024-10-04 09:57:26,670 DEBUG sun.util.logging.internal.LoggingProviderImpl$JULWrapper [RMI TCP Connection(1209)-127.0.0.1] connectionId=rmi://127.0.0.1  10
2024-10-04 09:57:41,673 DEBUG sun.rmi.runtime.Log$LoggerLog [RMI TCP Connection(1209)-127.0.0.1] RMI TCP Connection(1209)-127.0.0.1: (port 58565) connection closed
2024-10-04 09:57:41,676 DEBUG sun.rmi.runtime.Log$LoggerLog [RMI TCP Connection(1209)-127.0.0.1] RMI TCP Connection(1209)-127.0.0.1: close connection, socket: Socket[addr=/127.0.0.1,port=52742,localport=58565]
2024-10-04 09:57:41,677 DEBUG sun.rmi.runtime.Log$LoggerLog [RMI TCP Connection(1209)-127.0.0.1] RMI TCP Connection(1209)-127.0.0.1: socket close: Socket[addr=/127.0.0.1,port=52742,localport=58565]
2024-10-04 09:57:50,623 DEBUG com.zaxxer.hikari.pool.HikariPool [HikariPool-1 housekeeper] HikariPool-1 - Pool stats (total=10, active=0, idle=10, waiting=0)
2024-10-04 09:57:50,626 DEBUG com.zaxxer.hikari.pool.HikariPool [HikariPool-1 housekeeper] HikariPool-1 - Fill pool skipped, pool is at sufficient level.
2024-10-04 09:57:51,387 DEBUG org.apache.juli.logging.DirectJDKLog [Catalina-utility-1] Start expire sessions StandardManager at 1728016071387 sessioncount 0
2024-10-04 09:57:51,388 DEBUG org.apache.juli.logging.DirectJDKLog [Catalina-utility-1] End expire sessions StandardManager processingTime 0 expired sessions: 0
2024-10-04 09:58:20,636 DEBUG com.zaxxer.hikari.pool.HikariPool [HikariPool-1 housekeeper] HikariPool-1 - Pool stats (total=10, active=0, idle=10, waiting=0)
2024-10-04 09:58:20,639 DEBUG com.zaxxer.hikari.pool.HikariPool [HikariPool-1 housekeeper] HikariPool-1 - Fill pool skipped, pool is at sufficient level.
2024-10-04 09:58:26,183 DEBUG sun.rmi.runtime.Log$LoggerLog [RMI TCP Connection(1210)-127.0.0.1] RMI TCP Connection(1210)-127.0.0.1: accepted socket from [127.0.0.1:52757]
2024-10-04 09:58:26,187 DEBUG sun.rmi.runtime.Log$LoggerLog [RMI TCP Connection(1210)-127.0.0.1] RMI TCP Connection(1210)-127.0.0.1: (port 58565) op = 80
2024-10-04 09:58:26,190 DEBUG sun.rmi.runtime.Log$LoggerLog [RMI TCP Connection(1210)-127.0.0.1] RMI TCP Connection(1210)-127.0.0.1: name = "[Ljava.rmi.server.ObjID;", codebase = "", defaultLoader = jdk.internal.loader.ClassLoaders$PlatformClassLoader@75dbb639
2024-10-04 09:58:26,191 DEBUG sun.rmi.runtime.Log$LoggerLog [RMI TCP Connection(1210)-127.0.0.1] RMI TCP Connection(1210)-127.0.0.1: name = "java.rmi.dgc.Lease", codebase = "", defaultLoader = jdk.internal.loader.ClassLoaders$PlatformClassLoader@75dbb639
2024-10-04 09:58:26,193 DEBUG sun.rmi.runtime.Log$LoggerLog [RMI TCP Connection(1210)-127.0.0.1] RMI TCP Connection(1210)-127.0.0.1: name = "java.rmi.dgc.VMID", codebase = "", defaultLoader = jdk.internal.loader.ClassLoaders$PlatformClassLoader@75dbb639
2024-10-04 09:58:26,195 DEBUG sun.rmi.runtime.Log$LoggerLog [RMI TCP Connection(1210)-127.0.0.1] RMI TCP Connection(1210)-127.0.0.1: name = "[B", codebase = "", defaultLoader = jdk.internal.loader.ClassLoaders$PlatformClassLoader@75dbb639
2024-10-04 09:58:26,196 DEBUG sun.rmi.runtime.Log$LoggerLog [RMI TCP Connection(1210)-127.0.0.1] RMI TCP Connection(1210)-127.0.0.1: name = "java.rmi.server.UID", codebase = "", defaultLoader = jdk.internal.loader.ClassLoaders$PlatformClassLoader@75dbb639
2024-10-04 09:58:26,674 DEBUG sun.rmi.runtime.Log$LoggerLog [RMI TCP Connection(1210)-127.0.0.1] RMI TCP Connection(1210)-127.0.0.1: (port 58565) op = 82
2024-10-04 09:58:26,677 DEBUG sun.rmi.runtime.Log$LoggerLog [RMI TCP Connection(1210)-127.0.0.1] RMI TCP Connection(1210)-127.0.0.1: (port 58565) op = 80
2024-10-04 09:58:26,678 DEBUG sun.util.logging.internal.LoggingProviderImpl$JULWrapper [RMI TCP Connection(1210)-127.0.0.1] connectionId=rmi://127.0.0.1  10
2024-10-04 09:58:50,654 DEBUG com.zaxxer.hikari.pool.HikariPool [HikariPool-1 housekeeper] HikariPool-1 - Pool stats (total=10, active=0, idle=10, waiting=0)
2024-10-04 09:58:50,656 DEBUG com.zaxxer.hikari.pool.HikariPool [HikariPool-1 housekeeper] HikariPool-1 - Fill pool skipped, pool is at sufficient level.
2024-10-04 09:58:51,453 DEBUG org.apache.juli.logging.DirectJDKLog [Catalina-utility-1] Start expire sessions StandardManager at 1728016131453 sessioncount 0
2024-10-04 09:58:51,454 DEBUG org.apache.juli.logging.DirectJDKLog [Catalina-utility-1] End expire sessions StandardManager processingTime 0 expired sessions: 0
2024-10-04 09:58:56,200 DEBUG sun.rmi.runtime.Log$LoggerLog [RMI TCP Connection(1210)-127.0.0.1] RMI TCP Connection(1210)-127.0.0.1: (port 58565) connection closed
2024-10-04 09:58:56,201 DEBUG sun.rmi.runtime.Log$LoggerLog [RMI TCP Connection(1210)-127.0.0.1] RMI TCP Connection(1210)-127.0.0.1: close connection, socket: Socket[addr=/127.0.0.1,port=52757,localport=58565]
2024-10-04 09:58:56,202 DEBUG sun.rmi.runtime.Log$LoggerLog [RMI TCP Connection(1210)-127.0.0.1] RMI TCP Connection(1210)-127.0.0.1: socket close: Socket[addr=/127.0.0.1,port=52757,localport=58565]
2024-10-04 09:59:20,663 DEBUG com.zaxxer.hikari.pool.HikariPool [HikariPool-1 housekeeper] HikariPool-1 - Pool stats (total=10, active=0, idle=10, waiting=0)
2024-10-04 09:59:20,663 DEBUG com.zaxxer.hikari.pool.HikariPool [HikariPool-1 housekeeper] HikariPool-1 - Fill pool skipped, pool is at sufficient level.
2024-10-04 09:59:26,685 DEBUG sun.rmi.runtime.Log$LoggerLog [RMI TCP Connection(1211)-127.0.0.1] RMI TCP Connection(1211)-127.0.0.1: accepted socket from [127.0.0.1:52789]
2024-10-04 09:59:26,686 DEBUG sun.rmi.runtime.Log$LoggerLog [RMI TCP Connection(1211)-127.0.0.1] RMI TCP Connection(1211)-127.0.0.1: (port 58565) op = 80
2024-10-04 09:59:26,686 DEBUG sun.util.logging.internal.LoggingProviderImpl$JULWrapper [RMI TCP Connection(1211)-127.0.0.1] connectionId=rmi://127.0.0.1  10
2024-10-04 09:59:41,688 DEBUG sun.rmi.runtime.Log$LoggerLog [RMI TCP Connection(1211)-127.0.0.1] RMI TCP Connection(1211)-127.0.0.1: (port 58565) connection closed
2024-10-04 09:59:41,691 DEBUG sun.rmi.runtime.Log$LoggerLog [RMI TCP Connection(1211)-127.0.0.1] RMI TCP Connection(1211)-127.0.0.1: close connection, socket: Socket[addr=/127.0.0.1,port=52789,localport=58565]
2024-10-04 09:59:41,693 DEBUG sun.rmi.runtime.Log$LoggerLog [RMI TCP Connection(1211)-127.0.0.1] RMI TCP Connection(1211)-127.0.0.1: socket close: Socket[addr=/127.0.0.1,port=52789,localport=58565]
2024-10-04 09:59:50,679 DEBUG com.zaxxer.hikari.pool.HikariPool [HikariPool-1 housekeeper] HikariPool-1 - Pool stats (total=10, active=0, idle=10, waiting=0)
2024-10-04 09:59:50,681 DEBUG com.zaxxer.hikari.pool.HikariPool [HikariPool-1 housekeeper] HikariPool-1 - Fill pool skipped, pool is at sufficient level.
2024-10-04 09:59:51,492 DEBUG org.apache.juli.logging.DirectJDKLog [Catalina-utility-1] Start expire sessions StandardManager at 1728016191492 sessioncount 0
2024-10-04 09:59:51,494 DEBUG org.apache.juli.logging.DirectJDKLog [Catalina-utility-1] End expire sessions StandardManager processingTime 2 expired sessions: 0
2024-10-04 10:00:20,691 DEBUG com.zaxxer.hikari.pool.HikariPool [HikariPool-1 housekeeper] HikariPool-1 - Pool stats (total=10, active=0, idle=10, waiting=0)
2024-10-04 10:00:20,696 DEBUG com.zaxxer.hikari.pool.HikariPool [HikariPool-1 housekeeper] HikariPool-1 - Fill pool skipped, pool is at sufficient level.
2024-10-04 10:00:26,701 DEBUG sun.rmi.runtime.Log$LoggerLog [RMI TCP Connection(1212)-127.0.0.1] RMI TCP Connection(1212)-127.0.0.1: accepted socket from [127.0.0.1:52810]
2024-10-04 10:00:26,704 DEBUG sun.rmi.runtime.Log$LoggerLog [RMI TCP Connection(1212)-127.0.0.1] RMI TCP Connection(1212)-127.0.0.1: (port 58565) op = 80
2024-10-04 10:00:26,705 DEBUG sun.util.logging.internal.LoggingProviderImpl$JULWrapper [RMI TCP Connection(1212)-127.0.0.1] connectionId=rmi://127.0.0.1  10
2024-10-04 10:00:41,709 DEBUG sun.rmi.runtime.Log$LoggerLog [RMI TCP Connection(1212)-127.0.0.1] RMI TCP Connection(1212)-127.0.0.1: (port 58565) connection closed
2024-10-04 10:00:41,710 DEBUG sun.rmi.runtime.Log$LoggerLog [RMI TCP Connection(1212)-127.0.0.1] RMI TCP Connection(1212)-127.0.0.1: close connection, socket: Socket[addr=/127.0.0.1,port=52810,localport=58565]
2024-10-04 10:00:41,710 DEBUG sun.rmi.runtime.Log$LoggerLog [RMI TCP Connection(1212)-127.0.0.1] RMI TCP Connection(1212)-127.0.0.1: socket close: Socket[addr=/127.0.0.1,port=52810,localport=58565]
2024-10-04 10:00:50,704 DEBUG com.zaxxer.hikari.pool.HikariPool [HikariPool-1 housekeeper] HikariPool-1 - Pool stats (total=10, active=0, idle=10, waiting=0)
2024-10-04 10:00:50,706 DEBUG com.zaxxer.hikari.pool.HikariPool [HikariPool-1 housekeeper] HikariPool-1 - Fill pool skipped, pool is at sufficient level.
2024-10-04 10:00:51,546 DEBUG org.apache.juli.logging.DirectJDKLog [Catalina-utility-2] Start expire sessions StandardManager at 1728016251546 sessioncount 0
2024-10-04 10:00:51,549 DEBUG org.apache.juli.logging.DirectJDKLog [Catalina-utility-2] End expire sessions StandardManager processingTime 3 expired sessions: 0
2024-10-04 10:01:20,713 DEBUG com.zaxxer.hikari.pool.HikariPool [HikariPool-1 housekeeper] HikariPool-1 - Pool stats (total=10, active=0, idle=10, waiting=0)
2024-10-04 10:01:20,715 DEBUG com.zaxxer.hikari.pool.HikariPool [HikariPool-1 housekeeper] HikariPool-1 - Fill pool skipped, pool is at sufficient level.
2024-10-04 10:01:26,722 DEBUG sun.rmi.runtime.Log$LoggerLog [RMI TCP Connection(1213)-127.0.0.1] RMI TCP Connection(1213)-127.0.0.1: accepted socket from [127.0.0.1:52814]
2024-10-04 10:01:26,724 DEBUG sun.rmi.runtime.Log$LoggerLog [RMI TCP Connection(1213)-127.0.0.1] RMI TCP Connection(1213)-127.0.0.1: (port 58565) op = 80
2024-10-04 10:01:26,725 DEBUG sun.util.logging.internal.LoggingProviderImpl$JULWrapper [RMI TCP Connection(1213)-127.0.0.1] connectionId=rmi://127.0.0.1  10
2024-10-04 10:01:41,728 DEBUG sun.rmi.runtime.Log$LoggerLog [RMI TCP Connection(1213)-127.0.0.1] RMI TCP Connection(1213)-127.0.0.1: (port 58565) connection closed
2024-10-04 10:01:41,730 DEBUG sun.rmi.runtime.Log$LoggerLog [RMI TCP Connection(1213)-127.0.0.1] RMI TCP Connection(1213)-127.0.0.1: close connection, socket: Socket[addr=/127.0.0.1,port=52814,localport=58565]
2024-10-04 10:01:41,733 DEBUG sun.rmi.runtime.Log$LoggerLog [RMI TCP Connection(1213)-127.0.0.1] RMI TCP Connection(1213)-127.0.0.1: socket close: Socket[addr=/127.0.0.1,port=52814,localport=58565]
2024-10-04 10:01:50,729 DEBUG com.zaxxer.hikari.pool.HikariPool [HikariPool-1 housekeeper] HikariPool-1 - Pool stats (total=10, active=0, idle=10, waiting=0)
2024-10-04 10:01:50,731 DEBUG com.zaxxer.hikari.pool.HikariPool [HikariPool-1 housekeeper] HikariPool-1 - Fill pool skipped, pool is at sufficient level.
2024-10-04 10:01:51,603 DEBUG org.apache.juli.logging.DirectJDKLog [Catalina-utility-2] Start expire sessions StandardManager at 1728016311603 sessioncount 0
2024-10-04 10:01:51,606 DEBUG org.apache.juli.logging.DirectJDKLog [Catalina-utility-2] End expire sessions StandardManager processingTime 3 expired sessions: 0
2024-10-04 10:02:20,744 DEBUG com.zaxxer.hikari.pool.HikariPool [HikariPool-1 housekeeper] HikariPool-1 - Pool stats (total=10, active=0, idle=10, waiting=0)
2024-10-04 10:02:20,746 DEBUG com.zaxxer.hikari.pool.HikariPool [HikariPool-1 housekeeper] HikariPool-1 - Fill pool skipped, pool is at sufficient level.
2024-10-04 10:02:26,742 DEBUG sun.rmi.runtime.Log$LoggerLog [RMI TCP Connection(1214)-127.0.0.1] RMI TCP Connection(1214)-127.0.0.1: accepted socket from [127.0.0.1:52818]
2024-10-04 10:02:26,745 DEBUG sun.rmi.runtime.Log$LoggerLog [RMI TCP Connection(1214)-127.0.0.1] RMI TCP Connection(1214)-127.0.0.1: (port 58565) op = 80
2024-10-04 10:02:26,746 DEBUG sun.util.logging.internal.LoggingProviderImpl$JULWrapper [RMI TCP Connection(1214)-127.0.0.1] connectionId=rmi://127.0.0.1  10
2024-10-04 10:02:41,750 DEBUG sun.rmi.runtime.Log$LoggerLog [RMI TCP Connection(1214)-127.0.0.1] RMI TCP Connection(1214)-127.0.0.1: (port 58565) connection closed
2024-10-04 10:02:41,753 DEBUG sun.rmi.runtime.Log$LoggerLog [RMI TCP Connection(1214)-127.0.0.1] RMI TCP Connection(1214)-127.0.0.1: close connection, socket: Socket[addr=/127.0.0.1,port=52818,localport=58565]
2024-10-04 10:02:41,755 DEBUG sun.rmi.runtime.Log$LoggerLog [RMI TCP Connection(1214)-127.0.0.1] RMI TCP Connection(1214)-127.0.0.1: socket close: Socket[addr=/127.0.0.1,port=52818,localport=58565]
2024-10-04 10:02:50,755 DEBUG com.zaxxer.hikari.pool.HikariPool [HikariPool-1 housekeeper] HikariPool-1 - Pool stats (total=10, active=0, idle=10, waiting=0)
2024-10-04 10:02:50,756 DEBUG com.zaxxer.hikari.pool.HikariPool [HikariPool-1 housekeeper] HikariPool-1 - Fill pool skipped, pool is at sufficient level.
2024-10-04 10:02:51,650 DEBUG org.apache.juli.logging.DirectJDKLog [Catalina-utility-2] Start expire sessions StandardManager at 1728016371650 sessioncount 0
2024-10-04 10:02:51,652 DEBUG org.apache.juli.logging.DirectJDKLog [Catalina-utility-2] End expire sessions StandardManager processingTime 2 expired sessions: 0
2024-10-04 10:03:20,764 DEBUG com.zaxxer.hikari.pool.HikariPool [HikariPool-1 housekeeper] HikariPool-1 - Pool stats (total=10, active=0, idle=10, waiting=0)
2024-10-04 10:03:20,766 DEBUG com.zaxxer.hikari.pool.HikariPool [HikariPool-1 housekeeper] HikariPool-1 - Fill pool skipped, pool is at sufficient level.
2024-10-04 10:03:26,183 DEBUG sun.rmi.runtime.Log$LoggerLog [RMI TCP Connection(1215)-127.0.0.1] RMI TCP Connection(1215)-127.0.0.1: accepted socket from [127.0.0.1:52824]
2024-10-04 10:03:26,199 DEBUG sun.rmi.runtime.Log$LoggerLog [RMI TCP Connection(1215)-127.0.0.1] RMI TCP Connection(1215)-127.0.0.1: (port 58565) op = 80
2024-10-04 10:03:26,200 DEBUG sun.rmi.runtime.Log$LoggerLog [RMI TCP Connection(1215)-127.0.0.1] RMI TCP Connection(1215)-127.0.0.1: name = "[Ljava.rmi.server.ObjID;", codebase = "", defaultLoader = jdk.internal.loader.ClassLoaders$PlatformClassLoader@75dbb639
2024-10-04 10:03:26,203 DEBUG sun.rmi.runtime.Log$LoggerLog [RMI TCP Connection(1215)-127.0.0.1] RMI TCP Connection(1215)-127.0.0.1: name = "java.rmi.dgc.Lease", codebase = "", defaultLoader = jdk.internal.loader.ClassLoaders$PlatformClassLoader@75dbb639
2024-10-04 10:03:26,205 DEBUG sun.rmi.runtime.Log$LoggerLog [RMI TCP Connection(1215)-127.0.0.1] RMI TCP Connection(1215)-127.0.0.1: name = "java.rmi.dgc.VMID", codebase = "", defaultLoader = jdk.internal.loader.ClassLoaders$PlatformClassLoader@75dbb639
2024-10-04 10:03:26,208 DEBUG sun.rmi.runtime.Log$LoggerLog [RMI TCP Connection(1215)-127.0.0.1] RMI TCP Connection(1215)-127.0.0.1: name = "[B", codebase = "", defaultLoader = jdk.internal.loader.ClassLoaders$PlatformClassLoader@75dbb639
2024-10-04 10:03:26,210 DEBUG sun.rmi.runtime.Log$LoggerLog [RMI TCP Connection(1215)-127.0.0.1] RMI TCP Connection(1215)-127.0.0.1: name = "java.rmi.server.UID", codebase = "", defaultLoader = jdk.internal.loader.ClassLoaders$PlatformClassLoader@75dbb639
2024-10-04 10:03:26,750 DEBUG sun.rmi.runtime.Log$LoggerLog [RMI TCP Connection(1215)-127.0.0.1] RMI TCP Connection(1215)-127.0.0.1: (port 58565) op = 82
2024-10-04 10:03:26,750 DEBUG sun.rmi.runtime.Log$LoggerLog [RMI TCP Connection(1215)-127.0.0.1] RMI TCP Connection(1215)-127.0.0.1: (port 58565) op = 80
2024-10-04 10:03:26,751 DEBUG sun.util.logging.internal.LoggingProviderImpl$JULWrapper [RMI TCP Connection(1215)-127.0.0.1] connectionId=rmi://127.0.0.1  10
2024-10-04 10:03:50,768 DEBUG com.zaxxer.hikari.pool.HikariPool [HikariPool-1 housekeeper] HikariPool-1 - Pool stats (total=10, active=0, idle=10, waiting=0)
2024-10-04 10:03:50,771 DEBUG com.zaxxer.hikari.pool.HikariPool [HikariPool-1 housekeeper] HikariPool-1 - Fill pool skipped, pool is at sufficient level.
2024-10-04 10:03:51,693 DEBUG org.apache.juli.logging.DirectJDKLog [Catalina-utility-1] Start expire sessions StandardManager at 1728016431693 sessioncount 0
2024-10-04 10:03:51,697 DEBUG org.apache.juli.logging.DirectJDKLog [Catalina-utility-1] End expire sessions StandardManager processingTime 4 expired sessions: 0
2024-10-04 10:03:56,215 DEBUG sun.rmi.runtime.Log$LoggerLog [RMI TCP Connection(1215)-127.0.0.1] RMI TCP Connection(1215)-127.0.0.1: (port 58565) connection closed
2024-10-04 10:03:56,217 DEBUG sun.rmi.runtime.Log$LoggerLog [RMI TCP Connection(1215)-127.0.0.1] RMI TCP Connection(1215)-127.0.0.1: close connection, socket: Socket[addr=/127.0.0.1,port=52824,localport=58565]
2024-10-04 10:03:56,219 DEBUG sun.rmi.runtime.Log$LoggerLog [RMI TCP Connection(1215)-127.0.0.1] RMI TCP Connection(1215)-127.0.0.1: socket close: Socket[addr=/127.0.0.1,port=52824,localport=58565]
2024-10-04 10:04:20,773 DEBUG com.zaxxer.hikari.pool.HikariPool [HikariPool-1 housekeeper] HikariPool-1 - Pool stats (total=10, active=0, idle=10, waiting=0)
2024-10-04 10:04:20,773 DEBUG com.zaxxer.hikari.pool.HikariPool [HikariPool-1 housekeeper] HikariPool-1 - Fill pool skipped, pool is at sufficient level.
2024-10-04 10:04:26,764 DEBUG sun.rmi.runtime.Log$LoggerLog [RMI TCP Connection(1216)-127.0.0.1] RMI TCP Connection(1216)-127.0.0.1: accepted socket from [127.0.0.1:52834]
2024-10-04 10:04:26,767 DEBUG sun.rmi.runtime.Log$LoggerLog [RMI TCP Connection(1216)-127.0.0.1] RMI TCP Connection(1216)-127.0.0.1: (port 58565) op = 80
2024-10-04 10:04:26,769 DEBUG sun.util.logging.internal.LoggingProviderImpl$JULWrapper [RMI TCP Connection(1216)-127.0.0.1] connectionId=rmi://127.0.0.1  10
2024-10-04 10:04:41,773 DEBUG sun.rmi.runtime.Log$LoggerLog [RMI TCP Connection(1216)-127.0.0.1] RMI TCP Connection(1216)-127.0.0.1: (port 58565) connection closed
2024-10-04 10:04:41,775 DEBUG sun.rmi.runtime.Log$LoggerLog [RMI TCP Connection(1216)-127.0.0.1] RMI TCP Connection(1216)-127.0.0.1: close connection, socket: Socket[addr=/127.0.0.1,port=52834,localport=58565]
2024-10-04 10:04:41,777 DEBUG sun.rmi.runtime.Log$LoggerLog [RMI TCP Connection(1216)-127.0.0.1] RMI TCP Connection(1216)-127.0.0.1: socket close: Socket[addr=/127.0.0.1,port=52834,localport=58565]
2024-10-04 10:04:50,780 DEBUG com.zaxxer.hikari.pool.HikariPool [HikariPool-1 housekeeper] HikariPool-1 - Pool stats (total=10, active=0, idle=10, waiting=0)
2024-10-04 10:04:50,782 DEBUG com.zaxxer.hikari.pool.HikariPool [HikariPool-1 housekeeper] HikariPool-1 - Fill pool skipped, pool is at sufficient level.
2024-10-04 10:04:51,738 DEBUG org.apache.juli.logging.DirectJDKLog [Catalina-utility-1] Start expire sessions StandardManager at 1728016491737 sessioncount 0
2024-10-04 10:04:51,756 DEBUG org.apache.juli.logging.DirectJDKLog [Catalina-utility-1] End expire sessions StandardManager processingTime 18 expired sessions: 0
2024-10-04 10:05:20,799 DEBUG com.zaxxer.hikari.pool.HikariPool [HikariPool-1 housekeeper] HikariPool-1 - Pool stats (total=10, active=0, idle=10, waiting=0)
2024-10-04 10:05:20,801 DEBUG com.zaxxer.hikari.pool.HikariPool [HikariPool-1 housekeeper] HikariPool-1 - Fill pool skipped, pool is at sufficient level.
2024-10-04 10:05:26,787 DEBUG sun.rmi.runtime.Log$LoggerLog [RMI TCP Connection(1217)-127.0.0.1] RMI TCP Connection(1217)-127.0.0.1: accepted socket from [127.0.0.1:52864]
2024-10-04 10:05:26,790 DEBUG sun.rmi.runtime.Log$LoggerLog [RMI TCP Connection(1217)-127.0.0.1] RMI TCP Connection(1217)-127.0.0.1: (port 58565) op = 80
2024-10-04 10:05:26,792 DEBUG sun.util.logging.internal.LoggingProviderImpl$JULWrapper [RMI TCP Connection(1217)-127.0.0.1] connectionId=rmi://127.0.0.1  10
2024-10-04 10:05:41,795 DEBUG sun.rmi.runtime.Log$LoggerLog [RMI TCP Connection(1217)-127.0.0.1] RMI TCP Connection(1217)-127.0.0.1: (port 58565) connection closed
2024-10-04 10:05:41,797 DEBUG sun.rmi.runtime.Log$LoggerLog [RMI TCP Connection(1217)-127.0.0.1] RMI TCP Connection(1217)-127.0.0.1: close connection, socket: Socket[addr=/127.0.0.1,port=52864,localport=58565]
2024-10-04 10:05:41,807 DEBUG sun.rmi.runtime.Log$LoggerLog [RMI TCP Connection(1217)-127.0.0.1] RMI TCP Connection(1217)-127.0.0.1: socket close: Socket[addr=/127.0.0.1,port=52864,localport=58565]
2024-10-04 10:05:50,812 DEBUG com.zaxxer.hikari.pool.HikariPool [HikariPool-1 housekeeper] HikariPool-1 - Pool stats (total=10, active=0, idle=10, waiting=0)
2024-10-04 10:05:50,815 DEBUG com.zaxxer.hikari.pool.HikariPool [HikariPool-1 housekeeper] HikariPool-1 - Fill pool skipped, pool is at sufficient level.
2024-10-04 10:05:51,796 DEBUG org.apache.juli.logging.DirectJDKLog [Catalina-utility-2] Start expire sessions StandardManager at 1728016551795 sessioncount 0
2024-10-04 10:05:51,800 DEBUG org.apache.juli.logging.DirectJDKLog [Catalina-utility-2] End expire sessions StandardManager processingTime 5 expired sessions: 0
2024-10-04 10:06:20,830 DEBUG com.zaxxer.hikari.pool.HikariPool [HikariPool-1 housekeeper] HikariPool-1 - Pool stats (total=10, active=0, idle=10, waiting=0)
2024-10-04 10:06:20,833 DEBUG com.zaxxer.hikari.pool.HikariPool [HikariPool-1 housekeeper] HikariPool-1 - Fill pool skipped, pool is at sufficient level.
2024-10-04 10:06:26,808 DEBUG sun.rmi.runtime.Log$LoggerLog [RMI TCP Connection(1218)-127.0.0.1] RMI TCP Connection(1218)-127.0.0.1: accepted socket from [127.0.0.1:52876]
2024-10-04 10:06:26,811 DEBUG sun.rmi.runtime.Log$LoggerLog [RMI TCP Connection(1218)-127.0.0.1] RMI TCP Connection(1218)-127.0.0.1: (port 58565) op = 80
2024-10-04 10:06:26,813 DEBUG sun.util.logging.internal.LoggingProviderImpl$JULWrapper [RMI TCP Connection(1218)-127.0.0.1] connectionId=rmi://127.0.0.1  10
2024-10-04 10:06:41,818 DEBUG sun.rmi.runtime.Log$LoggerLog [RMI TCP Connection(1218)-127.0.0.1] RMI TCP Connection(1218)-127.0.0.1: (port 58565) connection closed
2024-10-04 10:06:41,820 DEBUG sun.rmi.runtime.Log$LoggerLog [RMI TCP Connection(1218)-127.0.0.1] RMI TCP Connection(1218)-127.0.0.1: close connection, socket: Socket[addr=/127.0.0.1,port=52876,localport=58565]
2024-10-04 10:06:41,821 DEBUG sun.rmi.runtime.Log$LoggerLog [RMI TCP Connection(1218)-127.0.0.1] RMI TCP Connection(1218)-127.0.0.1: socket close: Socket[addr=/127.0.0.1,port=52876,localport=58565]
2024-10-04 10:06:50,844 DEBUG com.zaxxer.hikari.pool.HikariPool [HikariPool-1 housekeeper] HikariPool-1 - Pool stats (total=10, active=0, idle=10, waiting=0)
2024-10-04 10:06:50,846 DEBUG com.zaxxer.hikari.pool.HikariPool [HikariPool-1 housekeeper] HikariPool-1 - Fill pool skipped, pool is at sufficient level.
2024-10-04 10:06:51,857 DEBUG org.apache.juli.logging.DirectJDKLog [Catalina-utility-1] Start expire sessions StandardManager at 1728016611857 sessioncount 0
2024-10-04 10:06:51,860 DEBUG org.apache.juli.logging.DirectJDKLog [Catalina-utility-1] End expire sessions StandardManager processingTime 2 expired sessions: 0
2024-10-04 10:07:20,862 DEBUG com.zaxxer.hikari.pool.HikariPool [HikariPool-1 housekeeper] HikariPool-1 - Pool stats (total=10, active=0, idle=10, waiting=0)
2024-10-04 10:07:20,864 DEBUG com.zaxxer.hikari.pool.HikariPool [HikariPool-1 housekeeper] HikariPool-1 - Fill pool skipped, pool is at sufficient level.
2024-10-04 10:07:26,829 DEBUG sun.rmi.runtime.Log$LoggerLog [RMI TCP Connection(1219)-127.0.0.1] RMI TCP Connection(1219)-127.0.0.1: accepted socket from [127.0.0.1:52884]
2024-10-04 10:07:26,832 DEBUG sun.rmi.runtime.Log$LoggerLog [RMI TCP Connection(1219)-127.0.0.1] RMI TCP Connection(1219)-127.0.0.1: (port 58565) op = 80
2024-10-04 10:07:26,835 DEBUG sun.util.logging.internal.LoggingProviderImpl$JULWrapper [RMI TCP Connection(1219)-127.0.0.1] connectionId=rmi://127.0.0.1  10
2024-10-04 10:07:41,838 DEBUG sun.rmi.runtime.Log$LoggerLog [RMI TCP Connection(1219)-127.0.0.1] RMI TCP Connection(1219)-127.0.0.1: (port 58565) connection closed
2024-10-04 10:07:41,841 DEBUG sun.rmi.runtime.Log$LoggerLog [RMI TCP Connection(1219)-127.0.0.1] RMI TCP Connection(1219)-127.0.0.1: close connection, socket: Socket[addr=/127.0.0.1,port=52884,localport=58565]
2024-10-04 10:07:41,842 DEBUG sun.rmi.runtime.Log$LoggerLog [RMI TCP Connection(1219)-127.0.0.1] RMI TCP Connection(1219)-127.0.0.1: socket close: Socket[addr=/127.0.0.1,port=52884,localport=58565]
2024-10-04 10:07:50,869 DEBUG com.zaxxer.hikari.pool.HikariPool [HikariPool-1 housekeeper] HikariPool-1 - Pool stats (total=10, active=0, idle=10, waiting=0)
2024-10-04 10:07:50,871 DEBUG com.zaxxer.hikari.pool.HikariPool [HikariPool-1 housekeeper] HikariPool-1 - Fill pool skipped, pool is at sufficient level.
2024-10-04 10:07:51,933 DEBUG org.apache.juli.logging.DirectJDKLog [Catalina-utility-2] Start expire sessions StandardManager at 1728016671933 sessioncount 0
2024-10-04 10:07:51,935 DEBUG org.apache.juli.logging.DirectJDKLog [Catalina-utility-2] End expire sessions StandardManager processingTime 2 expired sessions: 0
2024-10-04 10:08:20,883 DEBUG com.zaxxer.hikari.pool.HikariPool [HikariPool-1 housekeeper] HikariPool-1 - Pool stats (total=10, active=0, idle=10, waiting=0)
2024-10-04 10:08:20,884 DEBUG com.zaxxer.hikari.pool.HikariPool [HikariPool-1 housekeeper] HikariPool-1 - Fill pool skipped, pool is at sufficient level.
2024-10-04 10:08:26,182 DEBUG sun.rmi.runtime.Log$LoggerLog [RMI TCP Connection(1220)-127.0.0.1] RMI TCP Connection(1220)-127.0.0.1: accepted socket from [127.0.0.1:52894]
2024-10-04 10:08:26,186 DEBUG sun.rmi.runtime.Log$LoggerLog [RMI TCP Connection(1220)-127.0.0.1] RMI TCP Connection(1220)-127.0.0.1: (port 58565) op = 80
2024-10-04 10:08:26,187 DEBUG sun.rmi.runtime.Log$LoggerLog [RMI TCP Connection(1220)-127.0.0.1] RMI TCP Connection(1220)-127.0.0.1: name = "[Ljava.rmi.server.ObjID;", codebase = "", defaultLoader = jdk.internal.loader.ClassLoaders$PlatformClassLoader@75dbb639
2024-10-04 10:08:26,188 DEBUG sun.rmi.runtime.Log$LoggerLog [RMI TCP Connection(1220)-127.0.0.1] RMI TCP Connection(1220)-127.0.0.1: name = "java.rmi.dgc.Lease", codebase = "", defaultLoader = jdk.internal.loader.ClassLoaders$PlatformClassLoader@75dbb639
2024-10-04 10:08:26,190 DEBUG sun.rmi.runtime.Log$LoggerLog [RMI TCP Connection(1220)-127.0.0.1] RMI TCP Connection(1220)-127.0.0.1: name = "java.rmi.dgc.VMID", codebase = "", defaultLoader = jdk.internal.loader.ClassLoaders$PlatformClassLoader@75dbb639
2024-10-04 10:08:26,191 DEBUG sun.rmi.runtime.Log$LoggerLog [RMI TCP Connection(1220)-127.0.0.1] RMI TCP Connection(1220)-127.0.0.1: name = "[B", codebase = "", defaultLoader = jdk.internal.loader.ClassLoaders$PlatformClassLoader@75dbb639
2024-10-04 10:08:26,192 DEBUG sun.rmi.runtime.Log$LoggerLog [RMI TCP Connection(1220)-127.0.0.1] RMI TCP Connection(1220)-127.0.0.1: name = "java.rmi.server.UID", codebase = "", defaultLoader = jdk.internal.loader.ClassLoaders$PlatformClassLoader@75dbb639
2024-10-04 10:08:26,838 DEBUG sun.rmi.runtime.Log$LoggerLog [RMI TCP Connection(1220)-127.0.0.1] RMI TCP Connection(1220)-127.0.0.1: (port 58565) op = 82
2024-10-04 10:08:26,840 DEBUG sun.rmi.runtime.Log$LoggerLog [RMI TCP Connection(1220)-127.0.0.1] RMI TCP Connection(1220)-127.0.0.1: (port 58565) op = 80
2024-10-04 10:08:26,841 DEBUG sun.util.logging.internal.LoggingProviderImpl$JULWrapper [RMI TCP Connection(1220)-127.0.0.1] connectionId=rmi://127.0.0.1  10
2024-10-04 10:08:50,894 DEBUG com.zaxxer.hikari.pool.HikariPool [HikariPool-1 housekeeper] HikariPool-1 - Pool stats (total=10, active=0, idle=10, waiting=0)
2024-10-04 10:08:50,897 DEBUG com.zaxxer.hikari.pool.HikariPool [HikariPool-1 housekeeper] HikariPool-1 - Fill pool skipped, pool is at sufficient level.
2024-10-04 10:08:51,992 DEBUG org.apache.juli.logging.DirectJDKLog [Catalina-utility-1] Start expire sessions StandardManager at 1728016731992 sessioncount 0
2024-10-04 10:08:51,995 DEBUG org.apache.juli.logging.DirectJDKLog [Catalina-utility-1] End expire sessions StandardManager processingTime 2 expired sessions: 0
2024-10-04 10:08:56,195 DEBUG sun.rmi.runtime.Log$LoggerLog [RMI TCP Connection(1220)-127.0.0.1] RMI TCP Connection(1220)-127.0.0.1: (port 58565) connection closed
2024-10-04 10:08:56,197 DEBUG sun.rmi.runtime.Log$LoggerLog [RMI TCP Connection(1220)-127.0.0.1] RMI TCP Connection(1220)-127.0.0.1: close connection, socket: Socket[addr=/127.0.0.1,port=52894,localport=58565]
2024-10-04 10:08:56,200 DEBUG sun.rmi.runtime.Log$LoggerLog [RMI TCP Connection(1220)-127.0.0.1] RMI TCP Connection(1220)-127.0.0.1: socket close: Socket[addr=/127.0.0.1,port=52894,localport=58565]
2024-10-04 10:09:20,906 DEBUG com.zaxxer.hikari.pool.HikariPool [HikariPool-1 housekeeper] HikariPool-1 - Pool stats (total=10, active=0, idle=10, waiting=0)
2024-10-04 10:09:20,909 DEBUG com.zaxxer.hikari.pool.HikariPool [HikariPool-1 housekeeper] HikariPool-1 - Fill pool skipped, pool is at sufficient level.
2024-10-04 10:09:26,861 DEBUG sun.rmi.runtime.Log$LoggerLog [RMI TCP Connection(1221)-127.0.0.1] RMI TCP Connection(1221)-127.0.0.1: accepted socket from [127.0.0.1:52897]
2024-10-04 10:09:26,864 DEBUG sun.rmi.runtime.Log$LoggerLog [RMI TCP Connection(1221)-127.0.0.1] RMI TCP Connection(1221)-127.0.0.1: (port 58565) op = 80
2024-10-04 10:09:26,865 DEBUG sun.util.logging.internal.LoggingProviderImpl$JULWrapper [RMI TCP Connection(1221)-127.0.0.1] connectionId=rmi://127.0.0.1  10
2024-10-04 10:09:41,868 DEBUG sun.rmi.runtime.Log$LoggerLog [RMI TCP Connection(1221)-127.0.0.1] RMI TCP Connection(1221)-127.0.0.1: (port 58565) connection closed
2024-10-04 10:09:41,871 DEBUG sun.rmi.runtime.Log$LoggerLog [RMI TCP Connection(1221)-127.0.0.1] RMI TCP Connection(1221)-127.0.0.1: close connection, socket: Socket[addr=/127.0.0.1,port=52897,localport=58565]
2024-10-04 10:09:41,874 DEBUG sun.rmi.runtime.Log$LoggerLog [RMI TCP Connection(1221)-127.0.0.1] RMI TCP Connection(1221)-127.0.0.1: socket close: Socket[addr=/127.0.0.1,port=52897,localport=58565]
2024-10-04 10:09:50,925 DEBUG com.zaxxer.hikari.pool.HikariPool [HikariPool-1 housekeeper] HikariPool-1 - Pool stats (total=10, active=0, idle=10, waiting=0)
2024-10-04 10:09:50,927 DEBUG com.zaxxer.hikari.pool.HikariPool [HikariPool-1 housekeeper] HikariPool-1 - Fill pool skipped, pool is at sufficient level.
2024-10-04 10:09:52,052 DEBUG org.apache.juli.logging.DirectJDKLog [Catalina-utility-1] Start expire sessions StandardManager at 1728016792052 sessioncount 0
2024-10-04 10:09:52,055 DEBUG org.apache.juli.logging.DirectJDKLog [Catalina-utility-1] End expire sessions StandardManager processingTime 3 expired sessions: 0
2024-10-04 10:10:20,944 DEBUG com.zaxxer.hikari.pool.HikariPool [HikariPool-1 housekeeper] HikariPool-1 - Pool stats (total=10, active=0, idle=10, waiting=0)
2024-10-04 10:10:20,946 DEBUG com.zaxxer.hikari.pool.HikariPool [HikariPool-1 housekeeper] HikariPool-1 - Fill pool skipped, pool is at sufficient level.
2024-10-04 10:10:26,881 DEBUG sun.rmi.runtime.Log$LoggerLog [RMI TCP Connection(1222)-127.0.0.1] RMI TCP Connection(1222)-127.0.0.1: accepted socket from [127.0.0.1:52900]
2024-10-04 10:10:26,883 DEBUG sun.rmi.runtime.Log$LoggerLog [RMI TCP Connection(1222)-127.0.0.1] RMI TCP Connection(1222)-127.0.0.1: (port 58565) op = 80
2024-10-04 10:10:26,885 DEBUG sun.util.logging.internal.LoggingProviderImpl$JULWrapper [RMI TCP Connection(1222)-127.0.0.1] connectionId=rmi://127.0.0.1  10
2024-10-04 10:10:41,888 DEBUG sun.rmi.runtime.Log$LoggerLog [RMI TCP Connection(1222)-127.0.0.1] RMI TCP Connection(1222)-127.0.0.1: (port 58565) connection closed
2024-10-04 10:10:41,891 DEBUG sun.rmi.runtime.Log$LoggerLog [RMI TCP Connection(1222)-127.0.0.1] RMI TCP Connection(1222)-127.0.0.1: close connection, socket: Socket[addr=/127.0.0.1,port=52900,localport=58565]
2024-10-04 10:10:41,893 DEBUG sun.rmi.runtime.Log$LoggerLog [RMI TCP Connection(1222)-127.0.0.1] RMI TCP Connection(1222)-127.0.0.1: socket close: Socket[addr=/127.0.0.1,port=52900,localport=58565]
2024-10-04 10:10:50,953 DEBUG com.zaxxer.hikari.pool.HikariPool [HikariPool-1 housekeeper] HikariPool-1 - Pool stats (total=10, active=0, idle=10, waiting=0)
2024-10-04 10:10:50,955 DEBUG com.zaxxer.hikari.pool.HikariPool [HikariPool-1 housekeeper] HikariPool-1 - Fill pool skipped, pool is at sufficient level.
2024-10-04 10:10:52,096 DEBUG org.apache.juli.logging.DirectJDKLog [Catalina-utility-2] Start expire sessions StandardManager at 1728016852096 sessioncount 0
2024-10-04 10:10:52,099 DEBUG org.apache.juli.logging.DirectJDKLog [Catalina-utility-2] End expire sessions StandardManager processingTime 2 expired sessions: 0
2024-10-04 10:11:20,966 DEBUG com.zaxxer.hikari.pool.HikariPool [HikariPool-1 housekeeper] HikariPool-1 - Pool stats (total=10, active=0, idle=10, waiting=0)
2024-10-04 10:11:20,968 DEBUG com.zaxxer.hikari.pool.HikariPool [HikariPool-1 housekeeper] HikariPool-1 - Fill pool skipped, pool is at sufficient level.
2024-10-04 10:11:26,899 DEBUG sun.rmi.runtime.Log$LoggerLog [RMI TCP Connection(1223)-127.0.0.1] RMI TCP Connection(1223)-127.0.0.1: accepted socket from [127.0.0.1:52903]
2024-10-04 10:11:26,901 DEBUG sun.rmi.runtime.Log$LoggerLog [RMI TCP Connection(1223)-127.0.0.1] RMI TCP Connection(1223)-127.0.0.1: (port 58565) op = 80
2024-10-04 10:11:26,902 DEBUG sun.util.logging.internal.LoggingProviderImpl$JULWrapper [RMI TCP Connection(1223)-127.0.0.1] connectionId=rmi://127.0.0.1  10
2024-10-04 10:11:41,906 DEBUG sun.rmi.runtime.Log$LoggerLog [RMI TCP Connection(1223)-127.0.0.1] RMI TCP Connection(1223)-127.0.0.1: (port 58565) connection closed
2024-10-04 10:11:41,908 DEBUG sun.rmi.runtime.Log$LoggerLog [RMI TCP Connection(1223)-127.0.0.1] RMI TCP Connection(1223)-127.0.0.1: close connection, socket: Socket[addr=/127.0.0.1,port=52903,localport=58565]
2024-10-04 10:11:41,913 DEBUG sun.rmi.runtime.Log$LoggerLog [RMI TCP Connection(1223)-127.0.0.1] RMI TCP Connection(1223)-127.0.0.1: socket close: Socket[addr=/127.0.0.1,port=52903,localport=58565]
2024-10-04 10:11:50,983 DEBUG com.zaxxer.hikari.pool.HikariPool [HikariPool-1 housekeeper] HikariPool-1 - Pool stats (total=10, active=0, idle=10, waiting=0)
2024-10-04 10:11:50,985 DEBUG com.zaxxer.hikari.pool.HikariPool [HikariPool-1 housekeeper] HikariPool-1 - Fill pool skipped, pool is at sufficient level.
2024-10-04 10:11:52,140 DEBUG org.apache.juli.logging.DirectJDKLog [Catalina-utility-1] Start expire sessions StandardManager at 1728016912140 sessioncount 0
2024-10-04 10:11:52,143 DEBUG org.apache.juli.logging.DirectJDKLog [Catalina-utility-1] End expire sessions StandardManager processingTime 2 expired sessions: 0
2024-10-04 10:12:21,002 DEBUG com.zaxxer.hikari.pool.HikariPool [HikariPool-1 housekeeper] HikariPool-1 - Pool stats (total=10, active=0, idle=10, waiting=0)
2024-10-04 10:12:21,004 DEBUG com.zaxxer.hikari.pool.HikariPool [HikariPool-1 housekeeper] HikariPool-1 - Fill pool skipped, pool is at sufficient level.
2024-10-04 10:12:26,919 DEBUG sun.rmi.runtime.Log$LoggerLog [RMI TCP Connection(1224)-127.0.0.1] RMI TCP Connection(1224)-127.0.0.1: accepted socket from [127.0.0.1:52907]
2024-10-04 10:12:26,922 DEBUG sun.rmi.runtime.Log$LoggerLog [RMI TCP Connection(1224)-127.0.0.1] RMI TCP Connection(1224)-127.0.0.1: (port 58565) op = 80
2024-10-04 10:12:26,922 DEBUG sun.util.logging.internal.LoggingProviderImpl$JULWrapper [RMI TCP Connection(1224)-127.0.0.1] connectionId=rmi://127.0.0.1  10
2024-10-04 10:12:41,927 DEBUG sun.rmi.runtime.Log$LoggerLog [RMI TCP Connection(1224)-127.0.0.1] RMI TCP Connection(1224)-127.0.0.1: (port 58565) connection closed
2024-10-04 10:12:41,929 DEBUG sun.rmi.runtime.Log$LoggerLog [RMI TCP Connection(1224)-127.0.0.1] RMI TCP Connection(1224)-127.0.0.1: close connection, socket: Socket[addr=/127.0.0.1,port=52907,localport=58565]
2024-10-04 10:12:41,933 DEBUG sun.rmi.runtime.Log$LoggerLog [RMI TCP Connection(1224)-127.0.0.1] RMI TCP Connection(1224)-127.0.0.1: socket close: Socket[addr=/127.0.0.1,port=52907,localport=58565]
2024-10-04 10:12:51,012 DEBUG com.zaxxer.hikari.pool.HikariPool [HikariPool-1 housekeeper] HikariPool-1 - Pool stats (total=10, active=0, idle=10, waiting=0)
2024-10-04 10:12:51,015 DEBUG com.zaxxer.hikari.pool.HikariPool [HikariPool-1 housekeeper] HikariPool-1 - Fill pool skipped, pool is at sufficient level.
2024-10-04 10:12:52,203 DEBUG org.apache.juli.logging.DirectJDKLog [Catalina-utility-1] Start expire sessions StandardManager at 1728016972203 sessioncount 0
2024-10-04 10:12:52,206 DEBUG org.apache.juli.logging.DirectJDKLog [Catalina-utility-1] End expire sessions StandardManager processingTime 3 expired sessions: 0
2024-10-04 11:12:11,561 WARN com.zaxxer.hikari.pool.HikariPool$HouseKeeper [HikariPool-1 housekeeper] HikariPool-1 - Thread starvation or clock leap detected (housekeeper delta=59m20s554ms460µs900ns).
2024-10-04 11:12:11,563 DEBUG com.zaxxer.hikari.pool.HikariPool [HikariPool-1 housekeeper] HikariPool-1 - Pool stats (total=10, active=0, idle=10, waiting=0)
2024-10-04 11:12:11,563 DEBUG com.zaxxer.hikari.pool.HikariPool [HikariPool-1 housekeeper] HikariPool-1 - Fill pool skipped, pool is at sufficient level.
2024-10-04 11:12:11,566 DEBUG com.zaxxer.hikari.pool.HikariPool [HikariPool-1 housekeeper] HikariPool-1 - Add connection elided, waiting 0, queue 1
2024-10-04 11:12:11,566 DEBUG com.zaxxer.hikari.pool.HikariPool [HikariPool-1 housekeeper] HikariPool-1 - Add connection elided, waiting 0, queue 1
2024-10-04 11:12:11,567 DEBUG com.zaxxer.hikari.pool.HikariPool [HikariPool-1 housekeeper] HikariPool-1 - Add connection elided, waiting 0, queue 1
2024-10-04 11:12:11,567 DEBUG com.zaxxer.hikari.pool.HikariPool [HikariPool-1 housekeeper] HikariPool-1 - Add connection elided, waiting 0, queue 1
2024-10-04 11:12:11,567 DEBUG com.zaxxer.hikari.pool.HikariPool [HikariPool-1 housekeeper] HikariPool-1 - Add connection elided, waiting 0, queue 1
2024-10-04 11:12:11,568 DEBUG com.zaxxer.hikari.pool.HikariPool [HikariPool-1 housekeeper] HikariPool-1 - Add connection elided, waiting 0, queue 1
2024-10-04 11:12:11,568 DEBUG com.zaxxer.hikari.pool.HikariPool [HikariPool-1 housekeeper] HikariPool-1 - Add connection elided, waiting 0, queue 1
2024-10-04 11:12:11,569 DEBUG com.zaxxer.hikari.pool.HikariPool [HikariPool-1 housekeeper] HikariPool-1 - Add connection elided, waiting 0, queue 1
2024-10-04 11:12:11,572 DEBUG com.zaxxer.hikari.pool.PoolBase [HikariPool-1 connection closer] HikariPool-1 - Closing connection org.postgresql.jdbc.PgConnection@7b03db6c: (connection has passed maxLifetime)
2024-10-04 11:12:11,573 DEBUG com.zaxxer.hikari.pool.PoolBase [HikariPool-1 connection closer] HikariPool-1 - Closing connection org.postgresql.jdbc.PgConnection@34f93047: (connection has passed maxLifetime)
2024-10-04 11:12:11,599 DEBUG com.zaxxer.hikari.pool.HikariPool [HikariPool-1 connection closer] HikariPool-1 - Fill pool skipped, pool is at sufficient level.
2024-10-04 11:12:11,599 DEBUG com.zaxxer.hikari.pool.PoolBase [HikariPool-1 connection closer] HikariPool-1 - Closing connection org.postgresql.jdbc.PgConnection@75c43a7c: (connection has passed maxLifetime)
2024-10-04 11:12:11,600 DEBUG com.zaxxer.hikari.pool.HikariPool [HikariPool-1 connection closer] HikariPool-1 - Fill pool skipped, pool is at sufficient level.
2024-10-04 11:12:11,600 DEBUG com.zaxxer.hikari.pool.PoolBase [HikariPool-1 connection closer] HikariPool-1 - Closing connection org.postgresql.jdbc.PgConnection@51c4550f: (connection has passed maxLifetime)
2024-10-04 11:12:11,600 DEBUG com.zaxxer.hikari.pool.HikariPool [HikariPool-1 connection closer] HikariPool-1 - Fill pool skipped, pool is at sufficient level.
2024-10-04 11:12:11,601 DEBUG com.zaxxer.hikari.pool.PoolBase [HikariPool-1 connection closer] HikariPool-1 - Closing connection org.postgresql.jdbc.PgConnection@71fbb01c: (connection has passed maxLifetime)
2024-10-04 11:12:11,601 DEBUG com.zaxxer.hikari.pool.HikariPool [HikariPool-1 connection closer] HikariPool-1 - Fill pool skipped, pool is at sufficient level.
2024-10-04 11:12:11,601 DEBUG com.zaxxer.hikari.pool.PoolBase [HikariPool-1 connection closer] HikariPool-1 - Closing connection org.postgresql.jdbc.PgConnection@5878291: (connection has passed maxLifetime)
2024-10-04 11:12:11,602 DEBUG com.zaxxer.hikari.pool.HikariPool [HikariPool-1 connection closer] HikariPool-1 - Fill pool skipped, pool is at sufficient level.
2024-10-04 11:12:11,602 DEBUG com.zaxxer.hikari.pool.PoolBase [HikariPool-1 connection closer] HikariPool-1 - Closing connection org.postgresql.jdbc.PgConnection@2950b96d: (connection has passed maxLifetime)
2024-10-04 11:12:11,603 DEBUG com.zaxxer.hikari.pool.HikariPool [HikariPool-1 connection closer] HikariPool-1 - Fill pool skipped, pool is at sufficient level.
2024-10-04 11:12:11,603 DEBUG com.zaxxer.hikari.pool.PoolBase [HikariPool-1 connection closer] HikariPool-1 - Closing connection org.postgresql.jdbc.PgConnection@54d6cf08: (connection has passed maxLifetime)
2024-10-04 11:12:11,606 DEBUG com.zaxxer.hikari.pool.HikariPool [HikariPool-1 connection closer] HikariPool-1 - Fill pool skipped, pool is at sufficient level.
2024-10-04 11:12:11,606 DEBUG com.zaxxer.hikari.pool.PoolBase [HikariPool-1 connection closer] HikariPool-1 - Closing connection org.postgresql.jdbc.PgConnection@1e6309c2: (connection has passed maxLifetime)
2024-10-04 11:12:11,607 DEBUG org.postgresql.Driver [HikariPool-1 connection adder] Connecting with URL: jdbc:postgresql://database-1.cnaee60qc6yl.us-east-2.rds.amazonaws.com/clubdb
2024-10-04 11:12:11,664 DEBUG com.zaxxer.hikari.pool.HikariPool [HikariPool-1 connection closer] HikariPool-1 - Fill pool skipped, pool is at sufficient level.
2024-10-04 11:12:11,664 DEBUG com.zaxxer.hikari.pool.PoolBase [HikariPool-1 connection closer] HikariPool-1 - Closing connection org.postgresql.jdbc.PgConnection@274994b0: (connection has passed maxLifetime)
2024-10-04 11:12:11,664 DEBUG com.zaxxer.hikari.pool.HikariPool [HikariPool-1 connection closer] HikariPool-1 - Fill pool skipped, pool is at sufficient level.
2024-10-04 11:12:11,663 DEBUG org.postgresql.jdbc.PgConnection [HikariPool-1 connection adder] PostgreSQL JDBC Driver 42.2.14
2024-10-04 11:12:11,676 DEBUG org.postgresql.jdbc.PgConnection [HikariPool-1 connection adder]   setDefaultFetchSize = 0
2024-10-04 11:12:11,677 DEBUG org.postgresql.jdbc.PgConnection [HikariPool-1 connection adder]   setPrepareThreshold = 5
2024-10-04 11:12:11,678 DEBUG org.postgresql.core.v3.ConnectionFactoryImpl [HikariPool-1 connection adder] Trying to establish a protocol version 3 connection to database-1.cnaee60qc6yl.us-east-2.rds.amazonaws.com:5432
2024-10-04 11:12:11,927 DEBUG org.postgresql.core.v3.ConnectionFactoryImpl [HikariPool-1 connection adder] Receive Buffer Size is 65,536
2024-10-04 11:12:11,927 DEBUG org.postgresql.core.v3.ConnectionFactoryImpl [HikariPool-1 connection adder] Send Buffer Size is 65,536
2024-10-04 11:12:12,157 DEBUG org.postgresql.ssl.MakeSSL [HikariPool-1 connection adder] converting regular socket connection to ssl
2024-10-04 11:12:12,427 DEBUG sun.util.logging.internal.LoggingProviderImpl$JULWrapper [HikariPool-1 connection adder]  TLSHandshake: database-1.cnaee60qc6yl.us-east-2.rds.amazonaws.com:5432, TLSv1.3, TLS_AES_256_GCM_SHA384, -791690251
2024-10-04 11:12:13,663 DEBUG com.zaxxer.hikari.pool.HikariPool$PoolEntryCreator [HikariPool-1 connection adder] HikariPool-1 - Added connection org.postgresql.jdbc.PgConnection@72ce45b6
2024-10-04 11:12:13,664 DEBUG org.postgresql.Driver [HikariPool-1 connection adder] Connecting with URL: jdbc:postgresql://database-1.cnaee60qc6yl.us-east-2.rds.amazonaws.com/clubdb
2024-10-04 11:12:13,665 DEBUG org.postgresql.jdbc.PgConnection [HikariPool-1 connection adder] PostgreSQL JDBC Driver 42.2.14
2024-10-04 11:12:13,666 DEBUG org.postgresql.jdbc.PgConnection [HikariPool-1 connection adder]   setDefaultFetchSize = 0
2024-10-04 11:12:13,666 DEBUG org.postgresql.jdbc.PgConnection [HikariPool-1 connection adder]   setPrepareThreshold = 5
2024-10-04 11:12:13,666 DEBUG org.postgresql.core.v3.ConnectionFactoryImpl [HikariPool-1 connection adder] Trying to establish a protocol version 3 connection to database-1.cnaee60qc6yl.us-east-2.rds.amazonaws.com:5432
2024-10-04 11:12:13,930 DEBUG org.postgresql.core.v3.ConnectionFactoryImpl [HikariPool-1 connection adder] Receive Buffer Size is 65,536
2024-10-04 11:12:13,931 DEBUG org.postgresql.core.v3.ConnectionFactoryImpl [HikariPool-1 connection adder] Send Buffer Size is 65,536
2024-10-04 11:12:14,175 DEBUG org.postgresql.ssl.MakeSSL [HikariPool-1 connection adder] converting regular socket connection to ssl
2024-10-04 11:12:14,452 DEBUG sun.util.logging.internal.LoggingProviderImpl$JULWrapper [HikariPool-1 connection adder]  TLSHandshake: database-1.cnaee60qc6yl.us-east-2.rds.amazonaws.com:5432, TLSv1.3, TLS_AES_256_GCM_SHA384, -791690251
2024-10-04 11:12:16,001 DEBUG sun.rmi.runtime.Log$LoggerLog [RMI Scheduler(0)] RMI Scheduler(0): 0553767f47b5c626:5d0f1881:192417f4ec7:-7fff
2024-10-04 11:12:16,002 DEBUG sun.rmi.runtime.Log$LoggerLog [RMI Scheduler(0)] RMI Scheduler(0): removing endpoint 0553767f47b5c626:5d0f1881:192417f4ec7:-7fff from reference set
2024-10-04 11:12:16,020 DEBUG sun.rmi.runtime.Log$LoggerLog [RMI Scheduler(0)] RMI Scheduler(0): removing endpoint 0553767f47b5c626:5d0f1881:192417f4ec7:-7fff from reference set
2024-10-04 11:12:16,021 DEBUG sun.util.logging.internal.LoggingProviderImpl$JULWrapper [RMI Unreferenced-5] called
2024-10-04 11:12:16,022 DEBUG sun.util.logging.internal.LoggingProviderImpl$JULWrapper [RMI Unreferenced-5] [javax.management.remote.rmi.RMIConnectionImpl@421f813f: connectionId=rmi://127.0.0.1  10] closing.
2024-10-04 11:12:16,022 DEBUG sun.util.logging.internal.LoggingProviderImpl$JULWrapper [RMI Unreferenced-5] [javax.management.remote.rmi.RMIConnectionImpl@421f813f: connectionId=rmi://127.0.0.1  10] closed.
2024-10-04 11:12:16,023 DEBUG sun.util.logging.internal.LoggingProviderImpl$JULWrapper [RMI Unreferenced-5] done
2024-10-04 11:12:16,234 DEBUG com.zaxxer.hikari.pool.HikariPool$PoolEntryCreator [HikariPool-1 connection adder] HikariPool-1 - Added connection org.postgresql.jdbc.PgConnection@7c09b59f
2024-10-04 11:12:16,235 DEBUG org.postgresql.Driver [HikariPool-1 connection adder] Connecting with URL: jdbc:postgresql://database-1.cnaee60qc6yl.us-east-2.rds.amazonaws.com/clubdb
2024-10-04 11:12:16,237 DEBUG org.postgresql.jdbc.PgConnection [HikariPool-1 connection adder] PostgreSQL JDBC Driver 42.2.14
2024-10-04 11:12:16,237 DEBUG org.postgresql.jdbc.PgConnection [HikariPool-1 connection adder]   setDefaultFetchSize = 0
2024-10-04 11:12:16,237 DEBUG org.postgresql.jdbc.PgConnection [HikariPool-1 connection adder]   setPrepareThreshold = 5
2024-10-04 11:12:16,239 DEBUG org.postgresql.core.v3.ConnectionFactoryImpl [HikariPool-1 connection adder] Trying to establish a protocol version 3 connection to database-1.cnaee60qc6yl.us-east-2.rds.amazonaws.com:5432
2024-10-04 11:12:16,469 DEBUG org.postgresql.core.v3.ConnectionFactoryImpl [HikariPool-1 connection adder] Receive Buffer Size is 65,536
2024-10-04 11:12:16,469 DEBUG org.postgresql.core.v3.ConnectionFactoryImpl [HikariPool-1 connection adder] Send Buffer Size is 65,536
2024-10-04 11:12:16,699 DEBUG org.postgresql.ssl.MakeSSL [HikariPool-1 connection adder] converting regular socket connection to ssl
2024-10-04 11:12:16,718 DEBUG sun.rmi.runtime.Log$LoggerLog [RMI TCP Connection(1225)-127.0.0.1] RMI TCP Connection(1225)-127.0.0.1: accepted socket from [127.0.0.1:60358]
2024-10-04 11:12:16,719 DEBUG sun.rmi.runtime.Log$LoggerLog [RMI TCP Connection(1225)-127.0.0.1] RMI TCP Connection(1225)-127.0.0.1: (port 58565) op = 80
2024-10-04 11:12:16,719 DEBUG sun.rmi.runtime.Log$LoggerLog [RMI TCP Connection(1225)-127.0.0.1] RMI TCP Connection(1225)-127.0.0.1: name = "[Ljava.rmi.server.ObjID;", codebase = "", defaultLoader = jdk.internal.loader.ClassLoaders$PlatformClassLoader@75dbb639
2024-10-04 11:12:16,722 DEBUG sun.rmi.runtime.Log$LoggerLog [RMI TCP Connection(1225)-127.0.0.1] RMI TCP Connection(1225)-127.0.0.1: name = "java.rmi.dgc.Lease", codebase = "", defaultLoader = jdk.internal.loader.ClassLoaders$PlatformClassLoader@75dbb639
2024-10-04 11:12:16,723 DEBUG sun.rmi.runtime.Log$LoggerLog [RMI TCP Connection(1225)-127.0.0.1] RMI TCP Connection(1225)-127.0.0.1: name = "java.rmi.dgc.VMID", codebase = "", defaultLoader = jdk.internal.loader.ClassLoaders$PlatformClassLoader@75dbb639
2024-10-04 11:12:16,723 DEBUG sun.rmi.runtime.Log$LoggerLog [RMI TCP Connection(1225)-127.0.0.1] RMI TCP Connection(1225)-127.0.0.1: name = "[B", codebase = "", defaultLoader = jdk.internal.loader.ClassLoaders$PlatformClassLoader@75dbb639
2024-10-04 11:12:16,724 DEBUG sun.rmi.runtime.Log$LoggerLog [RMI TCP Connection(1225)-127.0.0.1] RMI TCP Connection(1225)-127.0.0.1: name = "java.rmi.server.UID", codebase = "", defaultLoader = jdk.internal.loader.ClassLoaders$PlatformClassLoader@75dbb639
2024-10-04 11:12:16,956 DEBUG sun.util.logging.internal.LoggingProviderImpl$JULWrapper [HikariPool-1 connection adder]  TLSHandshake: database-1.cnaee60qc6yl.us-east-2.rds.amazonaws.com:5432, TLSv1.3, TLS_AES_256_GCM_SHA384, -791690251
2024-10-04 11:12:17,469 DEBUG sun.rmi.runtime.Log$LoggerLog [RMI TCP Connection(1225)-127.0.0.1] RMI TCP Connection(1225)-127.0.0.1: (port 58565) op = 82
2024-10-04 11:12:17,471 DEBUG sun.rmi.runtime.Log$LoggerLog [RMI TCP Connection(1225)-127.0.0.1] RMI TCP Connection(1225)-127.0.0.1: (port 58565) op = 80
2024-10-04 11:12:17,472 DEBUG sun.rmi.runtime.Log$LoggerLog [RMI TCP Connection(1225)-127.0.0.1] RMI TCP Connection(1225)-127.0.0.1: [127.0.0.1] exception: 
java.rmi.NoSuchObjectException: no such object in table
	at java.rmi/sun.rmi.transport.Transport.serviceCall(Transport.java:177)
	at java.rmi/sun.rmi.transport.tcp.TCPTransport.handleMessages(TCPTransport.java:587)
	at java.rmi/sun.rmi.transport.tcp.TCPTransport$ConnectionHandler.run0(TCPTransport.java:828)
	at java.rmi/sun.rmi.transport.tcp.TCPTransport$ConnectionHandler.lambda$run$0(TCPTransport.java:705)
	at java.base/java.security.AccessController.doPrivileged(AccessController.java:399)
	at java.rmi/sun.rmi.transport.tcp.TCPTransport$ConnectionHandler.run(TCPTransport.java:704)
	at java.base/java.util.concurrent.ThreadPoolExecutor.runWorker(ThreadPoolExecutor.java:1136)
	at java.base/java.util.concurrent.ThreadPoolExecutor$Worker.run(ThreadPoolExecutor.java:635)
	at java.base/java.lang.Thread.run(Thread.java:833)
2024-10-04 11:12:17,473 DEBUG sun.rmi.runtime.Log$LoggerLog [RMI TCP Connection(1225)-127.0.0.1] RMI TCP Connection(1225)-127.0.0.1: (port 58565) op = 112
2024-10-04 11:12:17,473 DEBUG sun.rmi.runtime.Log$LoggerLog [RMI TCP Connection(1225)-127.0.0.1] RMI TCP Connection(1225)-127.0.0.1: (port 58565) exception: 
java.io.IOException: unknown transport op 112
	at java.rmi/sun.rmi.transport.tcp.TCPTransport.handleMessages(TCPTransport.java:604)
	at java.rmi/sun.rmi.transport.tcp.TCPTransport$ConnectionHandler.run0(TCPTransport.java:828)
	at java.rmi/sun.rmi.transport.tcp.TCPTransport$ConnectionHandler.lambda$run$0(TCPTransport.java:705)
	at java.base/java.security.AccessController.doPrivileged(AccessController.java:399)
	at java.rmi/sun.rmi.transport.tcp.TCPTransport$ConnectionHandler.run(TCPTransport.java:704)
	at java.base/java.util.concurrent.ThreadPoolExecutor.runWorker(ThreadPoolExecutor.java:1136)
	at java.base/java.util.concurrent.ThreadPoolExecutor$Worker.run(ThreadPoolExecutor.java:635)
	at java.base/java.lang.Thread.run(Thread.java:833)
2024-10-04 11:12:17,475 DEBUG sun.rmi.runtime.Log$LoggerLog [RMI TCP Connection(1225)-127.0.0.1] RMI TCP Connection(1225)-127.0.0.1: close connection, socket: Socket[addr=/127.0.0.1,port=60358,localport=58565]
2024-10-04 11:12:17,475 DEBUG sun.rmi.runtime.Log$LoggerLog [RMI TCP Connection(1225)-127.0.0.1] RMI TCP Connection(1225)-127.0.0.1: socket close: Socket[addr=/127.0.0.1,port=60358,localport=58565]
2024-10-04 11:12:17,478 DEBUG sun.rmi.runtime.Log$LoggerLog [RMI TCP Connection(1226)-127.0.0.1] RMI TCP Connection(1226)-127.0.0.1: accepted socket from [127.0.0.1:60365]
2024-10-04 11:12:17,480 DEBUG sun.rmi.runtime.Log$LoggerLog [RMI TCP Connection(1226)-127.0.0.1] RMI TCP Connection(1226)-127.0.0.1: (port 58548) op = 80
2024-10-04 11:12:17,481 DEBUG sun.rmi.runtime.Log$LoggerLog [RMI TCP Connection(1226)-127.0.0.1] RMI TCP Connection(1226)-127.0.0.1: (port 58548) op = 84
2024-10-04 11:12:17,487 DEBUG sun.rmi.runtime.Log$LoggerLog [RMI TCP Connection(1227)-127.0.0.1] RMI TCP Connection(1227)-127.0.0.1: accepted socket from [127.0.0.1:60366]
2024-10-04 11:12:17,488 DEBUG sun.rmi.runtime.Log$LoggerLog [RMI TCP Connection(1227)-127.0.0.1] RMI TCP Connection(1227)-127.0.0.1: (port 58565) op = 80
2024-10-04 11:12:17,490 DEBUG sun.rmi.runtime.Log$LoggerLog [RMI TCP Connection(1227)-127.0.0.1] RMI TCP Connection(1227)-127.0.0.1: (port 58565) op = 80
2024-10-04 11:12:17,490 DEBUG sun.rmi.runtime.Log$LoggerLog [RMI TCP Connection(1227)-127.0.0.1] RMI TCP Connection(1227)-127.0.0.1: name = "[Ljava.rmi.server.ObjID;", codebase = "", defaultLoader = jdk.internal.loader.ClassLoaders$PlatformClassLoader@75dbb639
2024-10-04 11:12:17,491 DEBUG sun.rmi.runtime.Log$LoggerLog [RMI TCP Connection(1227)-127.0.0.1] RMI TCP Connection(1227)-127.0.0.1: name = "java.rmi.server.ObjID", codebase = "", defaultLoader = jdk.internal.loader.ClassLoaders$PlatformClassLoader@75dbb639
2024-10-04 11:12:17,491 DEBUG sun.rmi.runtime.Log$LoggerLog [RMI TCP Connection(1227)-127.0.0.1] RMI TCP Connection(1227)-127.0.0.1: name = "java.rmi.server.UID", codebase = "", defaultLoader = jdk.internal.loader.ClassLoaders$PlatformClassLoader@75dbb639
2024-10-04 11:12:17,492 DEBUG sun.rmi.runtime.Log$LoggerLog [RMI TCP Connection(1227)-127.0.0.1] RMI TCP Connection(1227)-127.0.0.1: name = "java.rmi.dgc.Lease", codebase = "", defaultLoader = jdk.internal.loader.ClassLoaders$PlatformClassLoader@75dbb639
2024-10-04 11:12:17,492 DEBUG sun.rmi.runtime.Log$LoggerLog [RMI TCP Connection(1227)-127.0.0.1] RMI TCP Connection(1227)-127.0.0.1: name = "java.rmi.dgc.VMID", codebase = "", defaultLoader = jdk.internal.loader.ClassLoaders$PlatformClassLoader@75dbb639
2024-10-04 11:12:17,493 DEBUG sun.rmi.runtime.Log$LoggerLog [RMI TCP Connection(1227)-127.0.0.1] RMI TCP Connection(1227)-127.0.0.1: name = "[B", codebase = "", defaultLoader = jdk.internal.loader.ClassLoaders$PlatformClassLoader@75dbb639
2024-10-04 11:12:17,494 DEBUG sun.rmi.runtime.Log$LoggerLog [RMI TCP Connection(1227)-127.0.0.1] RMI TCP Connection(1227)-127.0.0.1: (port 58565) op = 84
2024-10-04 11:12:17,494 DEBUG sun.rmi.runtime.Log$LoggerLog [RMI TCP Connection(1227)-127.0.0.1] RMI TCP Connection(1227)-127.0.0.1: (port 58565) op = 80
2024-10-04 11:12:17,496 DEBUG sun.rmi.runtime.Log$LoggerLog [RMI TCP Connection(1227)-127.0.0.1] RMI TCP Connection(1227)-127.0.0.1: name = "[Ljavax.management.ObjectName;", codebase = ""
2024-10-04 11:12:17,496 DEBUG sun.rmi.runtime.Log$LoggerLog [RMI TCP Connection(1227)-127.0.0.1] RMI TCP Connection(1227)-127.0.0.1: name = "[Ljava.rmi.MarshalledObject;", codebase = ""
2024-10-04 11:12:17,497 DEBUG sun.rmi.runtime.Log$LoggerLog [RMI TCP Connection(1227)-127.0.0.1] RMI TCP Connection(1227)-127.0.0.1: name = "[Ljavax.security.auth.Subject;", codebase = ""
2024-10-04 11:12:17,498 DEBUG sun.rmi.runtime.Log$LoggerLog [RMI TCP Connection(1227)-127.0.0.1] RMI TCP Connection(1227)-127.0.0.1: (port 58565) op = 80
2024-10-04 11:12:18,158 DEBUG com.zaxxer.hikari.pool.HikariPool$PoolEntryCreator [HikariPool-1 connection adder] HikariPool-1 - Added connection org.postgresql.jdbc.PgConnection@78362ec6
2024-10-04 11:12:18,158 DEBUG org.postgresql.Driver [HikariPool-1 connection adder] Connecting with URL: jdbc:postgresql://database-1.cnaee60qc6yl.us-east-2.rds.amazonaws.com/clubdb
2024-10-04 11:12:18,158 DEBUG org.postgresql.jdbc.PgConnection [HikariPool-1 connection adder] PostgreSQL JDBC Driver 42.2.14
2024-10-04 11:12:18,159 DEBUG org.postgresql.jdbc.PgConnection [HikariPool-1 connection adder]   setDefaultFetchSize = 0
2024-10-04 11:12:18,159 DEBUG org.postgresql.jdbc.PgConnection [HikariPool-1 connection adder]   setPrepareThreshold = 5
2024-10-04 11:12:18,159 DEBUG org.postgresql.core.v3.ConnectionFactoryImpl [HikariPool-1 connection adder] Trying to establish a protocol version 3 connection to database-1.cnaee60qc6yl.us-east-2.rds.amazonaws.com:5432
2024-10-04 11:12:18,410 DEBUG org.postgresql.core.v3.ConnectionFactoryImpl [HikariPool-1 connection adder] Receive Buffer Size is 65,536
2024-10-04 11:12:18,411 DEBUG org.postgresql.core.v3.ConnectionFactoryImpl [HikariPool-1 connection adder] Send Buffer Size is 65,536
2024-10-04 11:12:18,670 DEBUG org.postgresql.ssl.MakeSSL [HikariPool-1 connection adder] converting regular socket connection to ssl
2024-10-04 11:12:18,937 DEBUG sun.util.logging.internal.LoggingProviderImpl$JULWrapper [HikariPool-1 connection adder]  TLSHandshake: database-1.cnaee60qc6yl.us-east-2.rds.amazonaws.com:5432, TLSv1.3, TLS_AES_256_GCM_SHA384, -791690251
2024-10-04 11:12:20,167 DEBUG com.zaxxer.hikari.pool.HikariPool$PoolEntryCreator [HikariPool-1 connection adder] HikariPool-1 - Added connection org.postgresql.jdbc.PgConnection@3d34bfa4
2024-10-04 11:12:20,168 DEBUG org.postgresql.Driver [HikariPool-1 connection adder] Connecting with URL: jdbc:postgresql://database-1.cnaee60qc6yl.us-east-2.rds.amazonaws.com/clubdb
2024-10-04 11:12:20,168 DEBUG org.postgresql.jdbc.PgConnection [HikariPool-1 connection adder] PostgreSQL JDBC Driver 42.2.14
2024-10-04 11:12:20,168 DEBUG org.postgresql.jdbc.PgConnection [HikariPool-1 connection adder]   setDefaultFetchSize = 0
2024-10-04 11:12:20,169 DEBUG org.postgresql.jdbc.PgConnection [HikariPool-1 connection adder]   setPrepareThreshold = 5
2024-10-04 11:12:20,169 DEBUG org.postgresql.core.v3.ConnectionFactoryImpl [HikariPool-1 connection adder] Trying to establish a protocol version 3 connection to database-1.cnaee60qc6yl.us-east-2.rds.amazonaws.com:5432
2024-10-04 11:12:20,411 DEBUG org.postgresql.core.v3.ConnectionFactoryImpl [HikariPool-1 connection adder] Receive Buffer Size is 65,536
2024-10-04 11:12:20,411 DEBUG org.postgresql.core.v3.ConnectionFactoryImpl [HikariPool-1 connection adder] Send Buffer Size is 65,536
2024-10-04 11:12:20,717 DEBUG org.postgresql.ssl.MakeSSL [HikariPool-1 connection adder] converting regular socket connection to ssl
2024-10-04 11:12:21,036 DEBUG sun.util.logging.internal.LoggingProviderImpl$JULWrapper [HikariPool-1 connection adder]  TLSHandshake: database-1.cnaee60qc6yl.us-east-2.rds.amazonaws.com:5432, TLSv1.3, TLS_AES_256_GCM_SHA384, -791690251
2024-10-04 11:12:22,371 DEBUG com.zaxxer.hikari.pool.HikariPool$PoolEntryCreator [HikariPool-1 connection adder] HikariPool-1 - Added connection org.postgresql.jdbc.PgConnection@3dd7be41
2024-10-04 11:12:22,372 DEBUG org.postgresql.Driver [HikariPool-1 connection adder] Connecting with URL: jdbc:postgresql://database-1.cnaee60qc6yl.us-east-2.rds.amazonaws.com/clubdb
2024-10-04 11:12:22,373 DEBUG org.postgresql.jdbc.PgConnection [HikariPool-1 connection adder] PostgreSQL JDBC Driver 42.2.14
2024-10-04 11:12:22,373 DEBUG org.postgresql.jdbc.PgConnection [HikariPool-1 connection adder]   setDefaultFetchSize = 0
2024-10-04 11:12:22,373 DEBUG org.postgresql.jdbc.PgConnection [HikariPool-1 connection adder]   setPrepareThreshold = 5
2024-10-04 11:12:22,374 DEBUG org.postgresql.core.v3.ConnectionFactoryImpl [HikariPool-1 connection adder] Trying to establish a protocol version 3 connection to database-1.cnaee60qc6yl.us-east-2.rds.amazonaws.com:5432
2024-10-04 11:12:22,659 DEBUG org.postgresql.core.v3.ConnectionFactoryImpl [HikariPool-1 connection adder] Receive Buffer Size is 65,536
2024-10-04 11:12:22,662 DEBUG org.postgresql.core.v3.ConnectionFactoryImpl [HikariPool-1 connection adder] Send Buffer Size is 65,536
2024-10-04 11:12:22,971 DEBUG org.postgresql.ssl.MakeSSL [HikariPool-1 connection adder] converting regular socket connection to ssl
2024-10-04 11:12:23,235 DEBUG sun.util.logging.internal.LoggingProviderImpl$JULWrapper [HikariPool-1 connection adder]  TLSHandshake: database-1.cnaee60qc6yl.us-east-2.rds.amazonaws.com:5432, TLSv1.3, TLS_AES_256_GCM_SHA384, -791690251
2024-10-04 11:12:24,820 DEBUG com.zaxxer.hikari.pool.HikariPool$PoolEntryCreator [HikariPool-1 connection adder] HikariPool-1 - Added connection org.postgresql.jdbc.PgConnection@cc34129
2024-10-04 11:12:24,821 DEBUG org.postgresql.Driver [HikariPool-1 connection adder] Connecting with URL: jdbc:postgresql://database-1.cnaee60qc6yl.us-east-2.rds.amazonaws.com/clubdb
2024-10-04 11:12:24,821 DEBUG org.postgresql.jdbc.PgConnection [HikariPool-1 connection adder] PostgreSQL JDBC Driver 42.2.14
2024-10-04 11:12:24,821 DEBUG org.postgresql.jdbc.PgConnection [HikariPool-1 connection adder]   setDefaultFetchSize = 0
2024-10-04 11:12:24,821 DEBUG org.postgresql.jdbc.PgConnection [HikariPool-1 connection adder]   setPrepareThreshold = 5
2024-10-04 11:12:24,822 DEBUG org.postgresql.core.v3.ConnectionFactoryImpl [HikariPool-1 connection adder] Trying to establish a protocol version 3 connection to database-1.cnaee60qc6yl.us-east-2.rds.amazonaws.com:5432
2024-10-04 11:12:25,121 DEBUG org.postgresql.core.v3.ConnectionFactoryImpl [HikariPool-1 connection adder] Receive Buffer Size is 65,536
2024-10-04 11:12:25,121 DEBUG org.postgresql.core.v3.ConnectionFactoryImpl [HikariPool-1 connection adder] Send Buffer Size is 65,536
2024-10-04 11:12:25,434 DEBUG org.postgresql.ssl.MakeSSL [HikariPool-1 connection adder] converting regular socket connection to ssl
2024-10-04 11:12:25,749 DEBUG sun.util.logging.internal.LoggingProviderImpl$JULWrapper [HikariPool-1 connection adder]  TLSHandshake: database-1.cnaee60qc6yl.us-east-2.rds.amazonaws.com:5432, TLSv1.3, TLS_AES_256_GCM_SHA384, -791690251
2024-10-04 11:12:27,170 DEBUG com.zaxxer.hikari.pool.HikariPool$PoolEntryCreator [HikariPool-1 connection adder] HikariPool-1 - Added connection org.postgresql.jdbc.PgConnection@45ca1e69
2024-10-04 11:12:27,171 DEBUG org.postgresql.Driver [HikariPool-1 connection adder] Connecting with URL: jdbc:postgresql://database-1.cnaee60qc6yl.us-east-2.rds.amazonaws.com/clubdb
2024-10-04 11:12:27,171 DEBUG org.postgresql.jdbc.PgConnection [HikariPool-1 connection adder] PostgreSQL JDBC Driver 42.2.14
2024-10-04 11:12:27,172 DEBUG org.postgresql.jdbc.PgConnection [HikariPool-1 connection adder]   setDefaultFetchSize = 0
2024-10-04 11:12:27,172 DEBUG org.postgresql.jdbc.PgConnection [HikariPool-1 connection adder]   setPrepareThreshold = 5
2024-10-04 11:12:27,172 DEBUG org.postgresql.core.v3.ConnectionFactoryImpl [HikariPool-1 connection adder] Trying to establish a protocol version 3 connection to database-1.cnaee60qc6yl.us-east-2.rds.amazonaws.com:5432
2024-10-04 11:12:27,483 DEBUG org.postgresql.core.v3.ConnectionFactoryImpl [HikariPool-1 connection adder] Receive Buffer Size is 65,536
2024-10-04 11:12:27,483 DEBUG org.postgresql.core.v3.ConnectionFactoryImpl [HikariPool-1 connection adder] Send Buffer Size is 65,536
2024-10-04 11:12:27,727 DEBUG org.postgresql.ssl.MakeSSL [HikariPool-1 connection adder] converting regular socket connection to ssl
2024-10-04 11:12:28,005 DEBUG sun.util.logging.internal.LoggingProviderImpl$JULWrapper [HikariPool-1 connection adder]  TLSHandshake: database-1.cnaee60qc6yl.us-east-2.rds.amazonaws.com:5432, TLSv1.3, TLS_AES_256_GCM_SHA384, -791690251
2024-10-04 11:12:29,321 DEBUG com.zaxxer.hikari.pool.HikariPool$PoolEntryCreator [HikariPool-1 connection adder] HikariPool-1 - Added connection org.postgresql.jdbc.PgConnection@5d1b40eb
2024-10-04 11:12:29,322 DEBUG org.postgresql.Driver [HikariPool-1 connection adder] Connecting with URL: jdbc:postgresql://database-1.cnaee60qc6yl.us-east-2.rds.amazonaws.com/clubdb
2024-10-04 11:12:29,322 DEBUG org.postgresql.jdbc.PgConnection [HikariPool-1 connection adder] PostgreSQL JDBC Driver 42.2.14
2024-10-04 11:12:29,323 DEBUG org.postgresql.jdbc.PgConnection [HikariPool-1 connection adder]   setDefaultFetchSize = 0
2024-10-04 11:12:29,323 DEBUG org.postgresql.jdbc.PgConnection [HikariPool-1 connection adder]   setPrepareThreshold = 5
2024-10-04 11:12:29,323 DEBUG org.postgresql.core.v3.ConnectionFactoryImpl [HikariPool-1 connection adder] Trying to establish a protocol version 3 connection to database-1.cnaee60qc6yl.us-east-2.rds.amazonaws.com:5432
2024-10-04 11:12:29,628 DEBUG org.postgresql.core.v3.ConnectionFactoryImpl [HikariPool-1 connection adder] Receive Buffer Size is 65,536
2024-10-04 11:12:29,628 DEBUG org.postgresql.core.v3.ConnectionFactoryImpl [HikariPool-1 connection adder] Send Buffer Size is 65,536
2024-10-04 11:12:29,852 DEBUG org.postgresql.ssl.MakeSSL [HikariPool-1 connection adder] converting regular socket connection to ssl
2024-10-04 11:12:30,134 DEBUG sun.util.logging.internal.LoggingProviderImpl$JULWrapper [HikariPool-1 connection adder]  TLSHandshake: database-1.cnaee60qc6yl.us-east-2.rds.amazonaws.com:5432, TLSv1.3, TLS_AES_256_GCM_SHA384, -791690251
2024-10-04 11:12:31,489 DEBUG com.zaxxer.hikari.pool.HikariPool$PoolEntryCreator [HikariPool-1 connection adder] HikariPool-1 - Added connection org.postgresql.jdbc.PgConnection@5d3ed8bf
2024-10-04 11:12:31,489 DEBUG org.postgresql.Driver [HikariPool-1 connection adder] Connecting with URL: jdbc:postgresql://database-1.cnaee60qc6yl.us-east-2.rds.amazonaws.com/clubdb
2024-10-04 11:12:31,490 DEBUG org.postgresql.jdbc.PgConnection [HikariPool-1 connection adder] PostgreSQL JDBC Driver 42.2.14
2024-10-04 11:12:31,490 DEBUG org.postgresql.jdbc.PgConnection [HikariPool-1 connection adder]   setDefaultFetchSize = 0
2024-10-04 11:12:31,490 DEBUG org.postgresql.jdbc.PgConnection [HikariPool-1 connection adder]   setPrepareThreshold = 5
2024-10-04 11:12:31,491 DEBUG org.postgresql.core.v3.ConnectionFactoryImpl [HikariPool-1 connection adder] Trying to establish a protocol version 3 connection to database-1.cnaee60qc6yl.us-east-2.rds.amazonaws.com:5432
2024-10-04 11:12:31,776 DEBUG org.postgresql.core.v3.ConnectionFactoryImpl [HikariPool-1 connection adder] Receive Buffer Size is 65,536
2024-10-04 11:12:31,777 DEBUG org.postgresql.core.v3.ConnectionFactoryImpl [HikariPool-1 connection adder] Send Buffer Size is 65,536
2024-10-04 11:12:32,085 DEBUG org.postgresql.ssl.MakeSSL [HikariPool-1 connection adder] converting regular socket connection to ssl
2024-10-04 11:12:32,352 DEBUG sun.util.logging.internal.LoggingProviderImpl$JULWrapper [HikariPool-1 connection adder]  TLSHandshake: database-1.cnaee60qc6yl.us-east-2.rds.amazonaws.com:5432, TLSv1.3, TLS_AES_256_GCM_SHA384, -791690251
2024-10-04 11:12:32,482 DEBUG sun.rmi.runtime.Log$LoggerLog [RMI TCP Connection(1226)-127.0.0.1] RMI TCP Connection(1226)-127.0.0.1: (port 58548) connection closed
2024-10-04 11:12:32,483 DEBUG sun.rmi.runtime.Log$LoggerLog [RMI TCP Connection(1226)-127.0.0.1] RMI TCP Connection(1226)-127.0.0.1: close connection, socket: Socket[addr=/127.0.0.1,port=60365,localport=58548]
2024-10-04 11:12:32,484 DEBUG sun.rmi.runtime.Log$LoggerLog [RMI TCP Connection(1226)-127.0.0.1] RMI TCP Connection(1226)-127.0.0.1: socket close: Socket[addr=/127.0.0.1,port=60365,localport=58548]
2024-10-04 11:12:33,826 DEBUG com.zaxxer.hikari.pool.HikariPool$PoolEntryCreator [HikariPool-1 connection adder] HikariPool-1 - Added connection org.postgresql.jdbc.PgConnection@4be21038
2024-10-04 11:12:40,263 DEBUG org.apache.juli.logging.DirectJDKLog [Catalina-utility-2] Start expire sessions StandardManager at 1728020560263 sessioncount 0
2024-10-04 11:12:40,264 DEBUG org.apache.juli.logging.DirectJDKLog [Catalina-utility-2] End expire sessions StandardManager processingTime 1 expired sessions: 0
2024-10-04 11:12:41,581 DEBUG com.zaxxer.hikari.pool.HikariPool [HikariPool-1 housekeeper] HikariPool-1 - Pool stats (total=10, active=0, idle=10, waiting=0)
2024-10-04 11:12:41,582 DEBUG com.zaxxer.hikari.pool.HikariPool [HikariPool-1 housekeeper] HikariPool-1 - Fill pool skipped, pool is at sufficient level.
2024-10-04 11:12:46,726 DEBUG sun.rmi.runtime.Log$LoggerLog [RMI TCP Connection(1227)-127.0.0.1] RMI TCP Connection(1227)-127.0.0.1: (port 58565) connection closed
2024-10-04 11:12:46,727 DEBUG sun.rmi.runtime.Log$LoggerLog [RMI TCP Connection(1227)-127.0.0.1] RMI TCP Connection(1227)-127.0.0.1: close connection, socket: Socket[addr=/127.0.0.1,port=60366,localport=58565]
2024-10-04 11:12:46,727 DEBUG sun.rmi.runtime.Log$LoggerLog [RMI TCP Connection(1227)-127.0.0.1] RMI TCP Connection(1227)-127.0.0.1: socket close: Socket[addr=/127.0.0.1,port=60366,localport=58565]
2024-10-04 11:13:11,582 DEBUG com.zaxxer.hikari.pool.HikariPool [HikariPool-1 housekeeper] HikariPool-1 - Pool stats (total=10, active=0, idle=10, waiting=0)
2024-10-04 11:13:11,583 DEBUG com.zaxxer.hikari.pool.HikariPool [HikariPool-1 housekeeper] HikariPool-1 - Fill pool skipped, pool is at sufficient level.
2024-10-04 11:13:17,503 DEBUG sun.rmi.runtime.Log$LoggerLog [RMI TCP Connection(1228)-127.0.0.1] RMI TCP Connection(1228)-127.0.0.1: accepted socket from [127.0.0.1:60420]
2024-10-04 11:13:17,504 DEBUG sun.rmi.runtime.Log$LoggerLog [RMI TCP Connection(1228)-127.0.0.1] RMI TCP Connection(1228)-127.0.0.1: (port 58565) op = 80
2024-10-04 11:13:17,504 DEBUG sun.util.logging.internal.LoggingProviderImpl$JULWrapper [RMI TCP Connection(1228)-127.0.0.1] connectionId=rmi://127.0.0.1  11
2024-10-04 11:13:32,505 DEBUG sun.rmi.runtime.Log$LoggerLog [RMI TCP Connection(1228)-127.0.0.1] RMI TCP Connection(1228)-127.0.0.1: (port 58565) connection closed
2024-10-04 11:13:32,508 DEBUG sun.rmi.runtime.Log$LoggerLog [RMI TCP Connection(1228)-127.0.0.1] RMI TCP Connection(1228)-127.0.0.1: close connection, socket: Socket[addr=/127.0.0.1,port=60420,localport=58565]
2024-10-04 11:13:32,509 DEBUG sun.rmi.runtime.Log$LoggerLog [RMI TCP Connection(1228)-127.0.0.1] RMI TCP Connection(1228)-127.0.0.1: socket close: Socket[addr=/127.0.0.1,port=60420,localport=58565]
2024-10-04 11:13:40,284 DEBUG org.apache.juli.logging.DirectJDKLog [Catalina-utility-1] Start expire sessions StandardManager at 1728020620284 sessioncount 0
2024-10-04 11:13:40,287 DEBUG org.apache.juli.logging.DirectJDKLog [Catalina-utility-1] End expire sessions StandardManager processingTime 2 expired sessions: 0
2024-10-04 11:13:41,587 DEBUG com.zaxxer.hikari.pool.HikariPool [HikariPool-1 housekeeper] HikariPool-1 - Pool stats (total=10, active=0, idle=10, waiting=0)
2024-10-04 11:13:41,590 DEBUG com.zaxxer.hikari.pool.HikariPool [HikariPool-1 housekeeper] HikariPool-1 - Fill pool skipped, pool is at sufficient level.
2024-10-04 11:14:11,602 DEBUG com.zaxxer.hikari.pool.HikariPool [HikariPool-1 housekeeper] HikariPool-1 - Pool stats (total=10, active=0, idle=10, waiting=0)
2024-10-04 11:14:11,605 DEBUG com.zaxxer.hikari.pool.HikariPool [HikariPool-1 housekeeper] HikariPool-1 - Fill pool skipped, pool is at sufficient level.
2024-10-04 11:14:17,517 DEBUG sun.rmi.runtime.Log$LoggerLog [RMI TCP Connection(1229)-127.0.0.1] RMI TCP Connection(1229)-127.0.0.1: accepted socket from [127.0.0.1:60425]
2024-10-04 11:14:17,520 DEBUG sun.rmi.runtime.Log$LoggerLog [RMI TCP Connection(1229)-127.0.0.1] RMI TCP Connection(1229)-127.0.0.1: (port 58565) op = 80
2024-10-04 11:14:17,522 DEBUG sun.util.logging.internal.LoggingProviderImpl$JULWrapper [RMI TCP Connection(1229)-127.0.0.1] connectionId=rmi://127.0.0.1  11
2024-10-04 11:14:32,525 DEBUG sun.rmi.runtime.Log$LoggerLog [RMI TCP Connection(1229)-127.0.0.1] RMI TCP Connection(1229)-127.0.0.1: (port 58565) connection closed
2024-10-04 11:14:32,528 DEBUG sun.rmi.runtime.Log$LoggerLog [RMI TCP Connection(1229)-127.0.0.1] RMI TCP Connection(1229)-127.0.0.1: close connection, socket: Socket[addr=/127.0.0.1,port=60425,localport=58565]
2024-10-04 11:14:32,529 DEBUG sun.rmi.runtime.Log$LoggerLog [RMI TCP Connection(1229)-127.0.0.1] RMI TCP Connection(1229)-127.0.0.1: socket close: Socket[addr=/127.0.0.1,port=60425,localport=58565]
2024-10-04 11:14:40,404 DEBUG org.apache.juli.logging.DirectJDKLog [Catalina-utility-1] Start expire sessions StandardManager at 1728020680404 sessioncount 0
2024-10-04 11:14:40,407 DEBUG org.apache.juli.logging.DirectJDKLog [Catalina-utility-1] End expire sessions StandardManager processingTime 2 expired sessions: 0
2024-10-04 11:14:41,608 DEBUG com.zaxxer.hikari.pool.HikariPool [HikariPool-1 housekeeper] HikariPool-1 - Pool stats (total=10, active=0, idle=10, waiting=0)
2024-10-04 11:14:41,610 DEBUG com.zaxxer.hikari.pool.HikariPool [HikariPool-1 housekeeper] HikariPool-1 - Fill pool skipped, pool is at sufficient level.
2024-10-04 11:15:11,616 DEBUG com.zaxxer.hikari.pool.HikariPool [HikariPool-1 housekeeper] HikariPool-1 - Pool stats (total=10, active=0, idle=10, waiting=0)
2024-10-04 11:15:11,617 DEBUG com.zaxxer.hikari.pool.HikariPool [HikariPool-1 housekeeper] HikariPool-1 - Fill pool skipped, pool is at sufficient level.
2024-10-04 11:15:17,540 DEBUG sun.rmi.runtime.Log$LoggerLog [RMI TCP Connection(1230)-127.0.0.1] RMI TCP Connection(1230)-127.0.0.1: accepted socket from [127.0.0.1:60431]
2024-10-04 11:15:17,543 DEBUG sun.rmi.runtime.Log$LoggerLog [RMI TCP Connection(1230)-127.0.0.1] RMI TCP Connection(1230)-127.0.0.1: (port 58565) op = 80
2024-10-04 11:15:17,545 DEBUG sun.util.logging.internal.LoggingProviderImpl$JULWrapper [RMI TCP Connection(1230)-127.0.0.1] connectionId=rmi://127.0.0.1  11
2024-10-04 11:15:32,548 DEBUG sun.rmi.runtime.Log$LoggerLog [RMI TCP Connection(1230)-127.0.0.1] RMI TCP Connection(1230)-127.0.0.1: (port 58565) connection closed
2024-10-04 11:15:32,549 DEBUG sun.rmi.runtime.Log$LoggerLog [RMI TCP Connection(1230)-127.0.0.1] RMI TCP Connection(1230)-127.0.0.1: close connection, socket: Socket[addr=/127.0.0.1,port=60431,localport=58565]
2024-10-04 11:15:32,550 DEBUG sun.rmi.runtime.Log$LoggerLog [RMI TCP Connection(1230)-127.0.0.1] RMI TCP Connection(1230)-127.0.0.1: socket close: Socket[addr=/127.0.0.1,port=60431,localport=58565]
2024-10-04 11:15:40,511 DEBUG org.apache.juli.logging.DirectJDKLog [Catalina-utility-2] Start expire sessions StandardManager at 1728020740511 sessioncount 0
2024-10-04 11:15:40,514 DEBUG org.apache.juli.logging.DirectJDKLog [Catalina-utility-2] End expire sessions StandardManager processingTime 3 expired sessions: 0
2024-10-04 11:15:41,631 DEBUG com.zaxxer.hikari.pool.HikariPool [HikariPool-1 housekeeper] HikariPool-1 - Pool stats (total=10, active=0, idle=10, waiting=0)
2024-10-04 11:15:41,632 DEBUG com.zaxxer.hikari.pool.HikariPool [HikariPool-1 housekeeper] HikariPool-1 - Fill pool skipped, pool is at sufficient level.
2024-10-04 11:16:11,640 DEBUG com.zaxxer.hikari.pool.HikariPool [HikariPool-1 housekeeper] HikariPool-1 - Pool stats (total=10, active=0, idle=10, waiting=0)
2024-10-04 11:16:11,647 DEBUG com.zaxxer.hikari.pool.HikariPool [HikariPool-1 housekeeper] HikariPool-1 - Fill pool skipped, pool is at sufficient level.
2024-10-04 11:16:17,571 DEBUG sun.rmi.runtime.Log$LoggerLog [RMI TCP Connection(1231)-127.0.0.1] RMI TCP Connection(1231)-127.0.0.1: accepted socket from [127.0.0.1:60449]
2024-10-04 11:16:17,574 DEBUG sun.rmi.runtime.Log$LoggerLog [RMI TCP Connection(1231)-127.0.0.1] RMI TCP Connection(1231)-127.0.0.1: (port 58565) op = 80
2024-10-04 11:16:17,577 DEBUG sun.util.logging.internal.LoggingProviderImpl$JULWrapper [RMI TCP Connection(1231)-127.0.0.1] connectionId=rmi://127.0.0.1  11
2024-10-04 11:16:32,579 DEBUG sun.rmi.runtime.Log$LoggerLog [RMI TCP Connection(1231)-127.0.0.1] RMI TCP Connection(1231)-127.0.0.1: (port 58565) connection closed
2024-10-04 11:16:32,582 DEBUG sun.rmi.runtime.Log$LoggerLog [RMI TCP Connection(1231)-127.0.0.1] RMI TCP Connection(1231)-127.0.0.1: close connection, socket: Socket[addr=/127.0.0.1,port=60449,localport=58565]
2024-10-04 11:16:32,583 DEBUG sun.rmi.runtime.Log$LoggerLog [RMI TCP Connection(1231)-127.0.0.1] RMI TCP Connection(1231)-127.0.0.1: socket close: Socket[addr=/127.0.0.1,port=60449,localport=58565]
2024-10-04 11:16:40,571 DEBUG org.apache.juli.logging.DirectJDKLog [Catalina-utility-2] Start expire sessions StandardManager at 1728020800571 sessioncount 0
2024-10-04 11:16:40,574 DEBUG org.apache.juli.logging.DirectJDKLog [Catalina-utility-2] End expire sessions StandardManager processingTime 3 expired sessions: 0
2024-10-04 11:16:41,663 DEBUG com.zaxxer.hikari.pool.HikariPool [HikariPool-1 housekeeper] HikariPool-1 - Pool stats (total=10, active=0, idle=10, waiting=0)
2024-10-04 11:16:41,665 DEBUG com.zaxxer.hikari.pool.HikariPool [HikariPool-1 housekeeper] HikariPool-1 - Fill pool skipped, pool is at sufficient level.
2024-10-04 11:17:11,678 DEBUG com.zaxxer.hikari.pool.HikariPool [HikariPool-1 housekeeper] HikariPool-1 - Pool stats (total=10, active=0, idle=10, waiting=0)
2024-10-04 11:17:11,680 DEBUG com.zaxxer.hikari.pool.HikariPool [HikariPool-1 housekeeper] HikariPool-1 - Fill pool skipped, pool is at sufficient level.
2024-10-04 11:17:17,507 DEBUG sun.rmi.runtime.Log$LoggerLog [RMI TCP Connection(1232)-127.0.0.1] RMI TCP Connection(1232)-127.0.0.1: accepted socket from [127.0.0.1:60457]
2024-10-04 11:17:17,510 DEBUG sun.rmi.runtime.Log$LoggerLog [RMI TCP Connection(1232)-127.0.0.1] RMI TCP Connection(1232)-127.0.0.1: (port 58565) op = 80
2024-10-04 11:17:17,512 DEBUG sun.rmi.runtime.Log$LoggerLog [RMI TCP Connection(1232)-127.0.0.1] RMI TCP Connection(1232)-127.0.0.1: name = "[Ljava.rmi.server.ObjID;", codebase = "", defaultLoader = jdk.internal.loader.ClassLoaders$PlatformClassLoader@75dbb639
2024-10-04 11:17:17,514 DEBUG sun.rmi.runtime.Log$LoggerLog [RMI TCP Connection(1232)-127.0.0.1] RMI TCP Connection(1232)-127.0.0.1: name = "java.rmi.dgc.Lease", codebase = "", defaultLoader = jdk.internal.loader.ClassLoaders$PlatformClassLoader@75dbb639
2024-10-04 11:17:17,517 DEBUG sun.rmi.runtime.Log$LoggerLog [RMI TCP Connection(1232)-127.0.0.1] RMI TCP Connection(1232)-127.0.0.1: name = "java.rmi.dgc.VMID", codebase = "", defaultLoader = jdk.internal.loader.ClassLoaders$PlatformClassLoader@75dbb639
2024-10-04 11:17:17,518 DEBUG sun.rmi.runtime.Log$LoggerLog [RMI TCP Connection(1232)-127.0.0.1] RMI TCP Connection(1232)-127.0.0.1: name = "[B", codebase = "", defaultLoader = jdk.internal.loader.ClassLoaders$PlatformClassLoader@75dbb639
2024-10-04 11:17:17,519 DEBUG sun.rmi.runtime.Log$LoggerLog [RMI TCP Connection(1232)-127.0.0.1] RMI TCP Connection(1232)-127.0.0.1: name = "java.rmi.server.UID", codebase = "", defaultLoader = jdk.internal.loader.ClassLoaders$PlatformClassLoader@75dbb639
2024-10-04 11:17:17,579 DEBUG sun.rmi.runtime.Log$LoggerLog [RMI TCP Connection(1232)-127.0.0.1] RMI TCP Connection(1232)-127.0.0.1: (port 58565) op = 82
2024-10-04 11:17:17,580 DEBUG sun.rmi.runtime.Log$LoggerLog [RMI TCP Connection(1232)-127.0.0.1] RMI TCP Connection(1232)-127.0.0.1: (port 58565) op = 80
2024-10-04 11:17:17,581 DEBUG sun.util.logging.internal.LoggingProviderImpl$JULWrapper [RMI TCP Connection(1232)-127.0.0.1] connectionId=rmi://127.0.0.1  11
2024-10-04 11:17:40,615 DEBUG org.apache.juli.logging.DirectJDKLog [Catalina-utility-1] Start expire sessions StandardManager at 1728020860615 sessioncount 0
2024-10-04 11:17:40,617 DEBUG org.apache.juli.logging.DirectJDKLog [Catalina-utility-1] End expire sessions StandardManager processingTime 2 expired sessions: 0
2024-10-04 11:17:41,689 DEBUG com.zaxxer.hikari.pool.HikariPool [HikariPool-1 housekeeper] HikariPool-1 - Pool stats (total=10, active=0, idle=10, waiting=0)
2024-10-04 11:17:41,690 DEBUG com.zaxxer.hikari.pool.HikariPool [HikariPool-1 housekeeper] HikariPool-1 - Fill pool skipped, pool is at sufficient level.
2024-10-04 11:17:47,522 DEBUG sun.rmi.runtime.Log$LoggerLog [RMI TCP Connection(1232)-127.0.0.1] RMI TCP Connection(1232)-127.0.0.1: (port 58565) connection closed
2024-10-04 11:17:47,524 DEBUG sun.rmi.runtime.Log$LoggerLog [RMI TCP Connection(1232)-127.0.0.1] RMI TCP Connection(1232)-127.0.0.1: close connection, socket: Socket[addr=/127.0.0.1,port=60457,localport=58565]
2024-10-04 11:17:47,525 DEBUG sun.rmi.runtime.Log$LoggerLog [RMI TCP Connection(1232)-127.0.0.1] RMI TCP Connection(1232)-127.0.0.1: socket close: Socket[addr=/127.0.0.1,port=60457,localport=58565]
2024-10-04 11:18:11,693 DEBUG com.zaxxer.hikari.pool.HikariPool [HikariPool-1 housekeeper] HikariPool-1 - Pool stats (total=10, active=0, idle=10, waiting=0)
2024-10-04 11:18:11,693 DEBUG com.zaxxer.hikari.pool.HikariPool [HikariPool-1 housekeeper] HikariPool-1 - Fill pool skipped, pool is at sufficient level.
2024-10-04 11:18:17,611 DEBUG sun.rmi.runtime.Log$LoggerLog [RMI TCP Connection(1233)-127.0.0.1] RMI TCP Connection(1233)-127.0.0.1: accepted socket from [127.0.0.1:60483]
2024-10-04 11:18:17,613 DEBUG sun.rmi.runtime.Log$LoggerLog [RMI TCP Connection(1233)-127.0.0.1] RMI TCP Connection(1233)-127.0.0.1: (port 58565) op = 80
2024-10-04 11:18:17,614 DEBUG sun.util.logging.internal.LoggingProviderImpl$JULWrapper [RMI TCP Connection(1233)-127.0.0.1] connectionId=rmi://127.0.0.1  11
2024-10-04 11:18:32,620 DEBUG sun.rmi.runtime.Log$LoggerLog [RMI TCP Connection(1233)-127.0.0.1] RMI TCP Connection(1233)-127.0.0.1: (port 58565) connection closed
2024-10-04 11:18:32,622 DEBUG sun.rmi.runtime.Log$LoggerLog [RMI TCP Connection(1233)-127.0.0.1] RMI TCP Connection(1233)-127.0.0.1: close connection, socket: Socket[addr=/127.0.0.1,port=60483,localport=58565]
2024-10-04 11:18:32,624 DEBUG sun.rmi.runtime.Log$LoggerLog [RMI TCP Connection(1233)-127.0.0.1] RMI TCP Connection(1233)-127.0.0.1: socket close: Socket[addr=/127.0.0.1,port=60483,localport=58565]
2024-10-04 11:18:40,643 DEBUG org.apache.juli.logging.DirectJDKLog [Catalina-utility-1] Start expire sessions StandardManager at 1728020920643 sessioncount 0
2024-10-04 11:18:40,644 DEBUG org.apache.juli.logging.DirectJDKLog [Catalina-utility-1] End expire sessions StandardManager processingTime 1 expired sessions: 0
2024-10-04 11:18:41,699 DEBUG com.zaxxer.hikari.pool.HikariPool [HikariPool-1 housekeeper] HikariPool-1 - Pool stats (total=10, active=0, idle=10, waiting=0)
2024-10-04 11:18:41,702 DEBUG com.zaxxer.hikari.pool.HikariPool [HikariPool-1 housekeeper] HikariPool-1 - Fill pool skipped, pool is at sufficient level.
2024-10-04 11:19:11,704 DEBUG com.zaxxer.hikari.pool.HikariPool [HikariPool-1 housekeeper] HikariPool-1 - Pool stats (total=10, active=0, idle=10, waiting=0)
2024-10-04 11:19:11,705 DEBUG com.zaxxer.hikari.pool.HikariPool [HikariPool-1 housekeeper] HikariPool-1 - Fill pool skipped, pool is at sufficient level.
2024-10-04 11:19:17,636 DEBUG sun.rmi.runtime.Log$LoggerLog [RMI TCP Connection(1234)-127.0.0.1] RMI TCP Connection(1234)-127.0.0.1: accepted socket from [127.0.0.1:60494]
2024-10-04 11:19:17,639 DEBUG sun.rmi.runtime.Log$LoggerLog [RMI TCP Connection(1234)-127.0.0.1] RMI TCP Connection(1234)-127.0.0.1: (port 58565) op = 80
2024-10-04 11:19:17,640 DEBUG sun.util.logging.internal.LoggingProviderImpl$JULWrapper [RMI TCP Connection(1234)-127.0.0.1] connectionId=rmi://127.0.0.1  11
2024-10-04 11:19:32,644 DEBUG sun.rmi.runtime.Log$LoggerLog [RMI TCP Connection(1234)-127.0.0.1] RMI TCP Connection(1234)-127.0.0.1: (port 58565) connection closed
2024-10-04 11:19:32,645 DEBUG sun.rmi.runtime.Log$LoggerLog [RMI TCP Connection(1234)-127.0.0.1] RMI TCP Connection(1234)-127.0.0.1: close connection, socket: Socket[addr=/127.0.0.1,port=60494,localport=58565]
2024-10-04 11:19:32,646 DEBUG sun.rmi.runtime.Log$LoggerLog [RMI TCP Connection(1234)-127.0.0.1] RMI TCP Connection(1234)-127.0.0.1: socket close: Socket[addr=/127.0.0.1,port=60494,localport=58565]
2024-10-04 11:19:40,702 DEBUG org.apache.juli.logging.DirectJDKLog [Catalina-utility-1] Start expire sessions StandardManager at 1728020980702 sessioncount 0
2024-10-04 11:19:40,705 DEBUG org.apache.juli.logging.DirectJDKLog [Catalina-utility-1] End expire sessions StandardManager processingTime 2 expired sessions: 0
2024-10-04 11:19:41,707 DEBUG com.zaxxer.hikari.pool.HikariPool [HikariPool-1 housekeeper] HikariPool-1 - Pool stats (total=10, active=0, idle=10, waiting=0)
2024-10-04 11:19:41,708 DEBUG com.zaxxer.hikari.pool.HikariPool [HikariPool-1 housekeeper] HikariPool-1 - Fill pool skipped, pool is at sufficient level.
2024-10-04 11:20:11,709 DEBUG com.zaxxer.hikari.pool.HikariPool [HikariPool-1 housekeeper] HikariPool-1 - Pool stats (total=10, active=0, idle=10, waiting=0)
2024-10-04 11:20:11,714 DEBUG com.zaxxer.hikari.pool.HikariPool [HikariPool-1 housekeeper] HikariPool-1 - Fill pool skipped, pool is at sufficient level.
2024-10-04 11:20:17,651 DEBUG sun.rmi.runtime.Log$LoggerLog [RMI TCP Connection(1235)-127.0.0.1] RMI TCP Connection(1235)-127.0.0.1: accepted socket from [127.0.0.1:60507]
2024-10-04 11:20:17,652 DEBUG sun.rmi.runtime.Log$LoggerLog [RMI TCP Connection(1235)-127.0.0.1] RMI TCP Connection(1235)-127.0.0.1: (port 58565) op = 80
2024-10-04 11:20:17,652 DEBUG sun.util.logging.internal.LoggingProviderImpl$JULWrapper [RMI TCP Connection(1235)-127.0.0.1] connectionId=rmi://127.0.0.1  11
2024-10-04 11:20:32,655 DEBUG sun.rmi.runtime.Log$LoggerLog [RMI TCP Connection(1235)-127.0.0.1] RMI TCP Connection(1235)-127.0.0.1: (port 58565) connection closed
2024-10-04 11:20:32,656 DEBUG sun.rmi.runtime.Log$LoggerLog [RMI TCP Connection(1235)-127.0.0.1] RMI TCP Connection(1235)-127.0.0.1: close connection, socket: Socket[addr=/127.0.0.1,port=60507,localport=58565]
2024-10-04 11:20:32,658 DEBUG sun.rmi.runtime.Log$LoggerLog [RMI TCP Connection(1235)-127.0.0.1] RMI TCP Connection(1235)-127.0.0.1: socket close: Socket[addr=/127.0.0.1,port=60507,localport=58565]
2024-10-04 11:20:40,729 DEBUG org.apache.juli.logging.DirectJDKLog [Catalina-utility-1] Start expire sessions StandardManager at 1728021040728 sessioncount 0
2024-10-04 11:20:40,742 DEBUG org.apache.juli.logging.DirectJDKLog [Catalina-utility-1] End expire sessions StandardManager processingTime 13 expired sessions: 0
2024-10-04 11:20:41,721 DEBUG com.zaxxer.hikari.pool.HikariPool [HikariPool-1 housekeeper] HikariPool-1 - Pool stats (total=10, active=0, idle=10, waiting=0)
2024-10-04 11:20:41,723 DEBUG com.zaxxer.hikari.pool.HikariPool [HikariPool-1 housekeeper] HikariPool-1 - Fill pool skipped, pool is at sufficient level.
2024-10-04 11:21:11,738 DEBUG com.zaxxer.hikari.pool.HikariPool [HikariPool-1 housekeeper] HikariPool-1 - Pool stats (total=10, active=0, idle=10, waiting=0)
2024-10-04 11:21:11,741 DEBUG com.zaxxer.hikari.pool.HikariPool [HikariPool-1 housekeeper] HikariPool-1 - Fill pool skipped, pool is at sufficient level.
2024-10-04 11:21:17,661 DEBUG sun.rmi.runtime.Log$LoggerLog [RMI TCP Connection(1236)-127.0.0.1] RMI TCP Connection(1236)-127.0.0.1: accepted socket from [127.0.0.1:60528]
2024-10-04 11:21:17,662 DEBUG sun.rmi.runtime.Log$LoggerLog [RMI TCP Connection(1236)-127.0.0.1] RMI TCP Connection(1236)-127.0.0.1: (port 58565) op = 80
2024-10-04 11:21:17,663 DEBUG sun.util.logging.internal.LoggingProviderImpl$JULWrapper [RMI TCP Connection(1236)-127.0.0.1] connectionId=rmi://127.0.0.1  11
2024-10-04 11:21:32,665 DEBUG sun.rmi.runtime.Log$LoggerLog [RMI TCP Connection(1236)-127.0.0.1] RMI TCP Connection(1236)-127.0.0.1: (port 58565) connection closed
2024-10-04 11:21:32,665 DEBUG sun.rmi.runtime.Log$LoggerLog [RMI TCP Connection(1236)-127.0.0.1] RMI TCP Connection(1236)-127.0.0.1: close connection, socket: Socket[addr=/127.0.0.1,port=60528,localport=58565]
2024-10-04 11:21:32,666 DEBUG sun.rmi.runtime.Log$LoggerLog [RMI TCP Connection(1236)-127.0.0.1] RMI TCP Connection(1236)-127.0.0.1: socket close: Socket[addr=/127.0.0.1,port=60528,localport=58565]
2024-10-04 11:21:40,887 DEBUG org.apache.juli.logging.DirectJDKLog [Catalina-utility-2] Start expire sessions StandardManager at 1728021100887 sessioncount 0
2024-10-04 11:21:40,902 DEBUG org.apache.juli.logging.DirectJDKLog [Catalina-utility-2] End expire sessions StandardManager processingTime 15 expired sessions: 0
2024-10-04 11:21:41,753 DEBUG com.zaxxer.hikari.pool.HikariPool [HikariPool-1 housekeeper] HikariPool-1 - Pool stats (total=10, active=0, idle=10, waiting=0)
2024-10-04 11:21:41,754 DEBUG com.zaxxer.hikari.pool.HikariPool [HikariPool-1 housekeeper] HikariPool-1 - Fill pool skipped, pool is at sufficient level.
2024-10-04 11:22:11,760 DEBUG com.zaxxer.hikari.pool.HikariPool [HikariPool-1 housekeeper] HikariPool-1 - Pool stats (total=10, active=0, idle=10, waiting=0)
2024-10-04 11:22:11,761 DEBUG com.zaxxer.hikari.pool.HikariPool [HikariPool-1 housekeeper] HikariPool-1 - Fill pool skipped, pool is at sufficient level.
2024-10-04 11:22:17,497 DEBUG sun.rmi.runtime.Log$LoggerLog [RMI TCP Connection(1237)-127.0.0.1] RMI TCP Connection(1237)-127.0.0.1: accepted socket from [127.0.0.1:60545]
2024-10-04 11:22:17,498 DEBUG sun.rmi.runtime.Log$LoggerLog [RMI TCP Connection(1237)-127.0.0.1] RMI TCP Connection(1237)-127.0.0.1: (port 58565) op = 80
2024-10-04 11:22:17,498 DEBUG sun.rmi.runtime.Log$LoggerLog [RMI TCP Connection(1237)-127.0.0.1] RMI TCP Connection(1237)-127.0.0.1: name = "[Ljava.rmi.server.ObjID;", codebase = "", defaultLoader = jdk.internal.loader.ClassLoaders$PlatformClassLoader@75dbb639
2024-10-04 11:22:17,499 DEBUG sun.rmi.runtime.Log$LoggerLog [RMI TCP Connection(1237)-127.0.0.1] RMI TCP Connection(1237)-127.0.0.1: name = "java.rmi.dgc.Lease", codebase = "", defaultLoader = jdk.internal.loader.ClassLoaders$PlatformClassLoader@75dbb639
2024-10-04 11:22:17,499 DEBUG sun.rmi.runtime.Log$LoggerLog [RMI TCP Connection(1237)-127.0.0.1] RMI TCP Connection(1237)-127.0.0.1: name = "java.rmi.dgc.VMID", codebase = "", defaultLoader = jdk.internal.loader.ClassLoaders$PlatformClassLoader@75dbb639
2024-10-04 11:22:17,500 DEBUG sun.rmi.runtime.Log$LoggerLog [RMI TCP Connection(1237)-127.0.0.1] RMI TCP Connection(1237)-127.0.0.1: name = "[B", codebase = "", defaultLoader = jdk.internal.loader.ClassLoaders$PlatformClassLoader@75dbb639
2024-10-04 11:22:17,500 DEBUG sun.rmi.runtime.Log$LoggerLog [RMI TCP Connection(1237)-127.0.0.1] RMI TCP Connection(1237)-127.0.0.1: name = "java.rmi.server.UID", codebase = "", defaultLoader = jdk.internal.loader.ClassLoaders$PlatformClassLoader@75dbb639
2024-10-04 11:22:17,665 DEBUG sun.rmi.runtime.Log$LoggerLog [RMI TCP Connection(1237)-127.0.0.1] RMI TCP Connection(1237)-127.0.0.1: (port 58565) op = 82
2024-10-04 11:22:17,666 DEBUG sun.rmi.runtime.Log$LoggerLog [RMI TCP Connection(1237)-127.0.0.1] RMI TCP Connection(1237)-127.0.0.1: (port 58565) op = 80
2024-10-04 11:22:17,667 DEBUG sun.util.logging.internal.LoggingProviderImpl$JULWrapper [RMI TCP Connection(1237)-127.0.0.1] connectionId=rmi://127.0.0.1  11
2024-10-04 11:22:41,053 DEBUG org.apache.juli.logging.DirectJDKLog [Catalina-utility-1] Start expire sessions StandardManager at 1728021161053 sessioncount 0
2024-10-04 11:22:41,055 DEBUG org.apache.juli.logging.DirectJDKLog [Catalina-utility-1] End expire sessions StandardManager processingTime 2 expired sessions: 0
2024-10-04 11:22:41,803 DEBUG com.zaxxer.hikari.pool.HikariPool [HikariPool-1 housekeeper] HikariPool-1 - Pool stats (total=10, active=0, idle=10, waiting=0)
2024-10-04 11:22:41,804 DEBUG com.zaxxer.hikari.pool.HikariPool [HikariPool-1 housekeeper] HikariPool-1 - Fill pool skipped, pool is at sufficient level.
2024-10-04 11:22:47,592 DEBUG sun.rmi.runtime.Log$LoggerLog [RMI TCP Connection(1237)-127.0.0.1] RMI TCP Connection(1237)-127.0.0.1: (port 58565) connection closed
2024-10-04 11:22:47,593 DEBUG sun.rmi.runtime.Log$LoggerLog [RMI TCP Connection(1237)-127.0.0.1] RMI TCP Connection(1237)-127.0.0.1: close connection, socket: Socket[addr=/127.0.0.1,port=60545,localport=58565]
2024-10-04 11:22:47,593 DEBUG sun.rmi.runtime.Log$LoggerLog [RMI TCP Connection(1237)-127.0.0.1] RMI TCP Connection(1237)-127.0.0.1: socket close: Socket[addr=/127.0.0.1,port=60545,localport=58565]
2024-10-04 11:23:11,813 DEBUG com.zaxxer.hikari.pool.HikariPool [HikariPool-1 housekeeper] HikariPool-1 - Pool stats (total=10, active=0, idle=10, waiting=0)
2024-10-04 11:23:11,814 DEBUG com.zaxxer.hikari.pool.HikariPool [HikariPool-1 housekeeper] HikariPool-1 - Fill pool skipped, pool is at sufficient level.
2024-10-04 11:23:17,672 DEBUG sun.rmi.runtime.Log$LoggerLog [RMI TCP Connection(1238)-127.0.0.1] RMI TCP Connection(1238)-127.0.0.1: accepted socket from [127.0.0.1:60574]
2024-10-04 11:23:17,673 DEBUG sun.rmi.runtime.Log$LoggerLog [RMI TCP Connection(1238)-127.0.0.1] RMI TCP Connection(1238)-127.0.0.1: (port 58565) op = 80
2024-10-04 11:23:17,674 DEBUG sun.util.logging.internal.LoggingProviderImpl$JULWrapper [RMI TCP Connection(1238)-127.0.0.1] connectionId=rmi://127.0.0.1  11
2024-10-04 11:23:32,675 DEBUG sun.rmi.runtime.Log$LoggerLog [RMI TCP Connection(1238)-127.0.0.1] RMI TCP Connection(1238)-127.0.0.1: (port 58565) connection closed
2024-10-04 11:23:32,675 DEBUG sun.rmi.runtime.Log$LoggerLog [RMI TCP Connection(1238)-127.0.0.1] RMI TCP Connection(1238)-127.0.0.1: close connection, socket: Socket[addr=/127.0.0.1,port=60574,localport=58565]
2024-10-04 11:23:32,676 DEBUG sun.rmi.runtime.Log$LoggerLog [RMI TCP Connection(1238)-127.0.0.1] RMI TCP Connection(1238)-127.0.0.1: socket close: Socket[addr=/127.0.0.1,port=60574,localport=58565]
2024-10-04 11:23:41,122 DEBUG org.apache.juli.logging.DirectJDKLog [Catalina-utility-1] Start expire sessions StandardManager at 1728021221122 sessioncount 0
2024-10-04 11:23:41,123 DEBUG org.apache.juli.logging.DirectJDKLog [Catalina-utility-1] End expire sessions StandardManager processingTime 1 expired sessions: 0
2024-10-04 11:23:41,818 DEBUG com.zaxxer.hikari.pool.HikariPool [HikariPool-1 housekeeper] HikariPool-1 - Pool stats (total=10, active=0, idle=10, waiting=0)
2024-10-04 11:23:41,819 DEBUG com.zaxxer.hikari.pool.HikariPool [HikariPool-1 housekeeper] HikariPool-1 - Fill pool skipped, pool is at sufficient level.
2024-10-04 11:24:11,830 DEBUG com.zaxxer.hikari.pool.HikariPool [HikariPool-1 housekeeper] HikariPool-1 - Pool stats (total=10, active=0, idle=10, waiting=0)
2024-10-04 11:24:11,831 DEBUG com.zaxxer.hikari.pool.HikariPool [HikariPool-1 housekeeper] HikariPool-1 - Fill pool skipped, pool is at sufficient level.
2024-10-04 11:24:17,703 DEBUG sun.rmi.runtime.Log$LoggerLog [RMI TCP Connection(1239)-127.0.0.1] RMI TCP Connection(1239)-127.0.0.1: accepted socket from [127.0.0.1:60600]
2024-10-04 11:24:17,727 DEBUG sun.rmi.runtime.Log$LoggerLog [RMI TCP Connection(1239)-127.0.0.1] RMI TCP Connection(1239)-127.0.0.1: (port 58565) op = 80
2024-10-04 11:24:17,728 DEBUG sun.util.logging.internal.LoggingProviderImpl$JULWrapper [RMI TCP Connection(1239)-127.0.0.1] connectionId=rmi://127.0.0.1  11
2024-10-04 11:24:32,729 DEBUG sun.rmi.runtime.Log$LoggerLog [RMI TCP Connection(1239)-127.0.0.1] RMI TCP Connection(1239)-127.0.0.1: (port 58565) connection closed
2024-10-04 11:24:32,731 DEBUG sun.rmi.runtime.Log$LoggerLog [RMI TCP Connection(1239)-127.0.0.1] RMI TCP Connection(1239)-127.0.0.1: close connection, socket: Socket[addr=/127.0.0.1,port=60600,localport=58565]
2024-10-04 11:24:32,731 DEBUG sun.rmi.runtime.Log$LoggerLog [RMI TCP Connection(1239)-127.0.0.1] RMI TCP Connection(1239)-127.0.0.1: socket close: Socket[addr=/127.0.0.1,port=60600,localport=58565]
2024-10-04 11:24:41,173 DEBUG org.apache.juli.logging.DirectJDKLog [Catalina-utility-1] Start expire sessions StandardManager at 1728021281173 sessioncount 0
2024-10-04 11:24:41,174 DEBUG org.apache.juli.logging.DirectJDKLog [Catalina-utility-1] End expire sessions StandardManager processingTime 1 expired sessions: 0
2024-10-04 11:24:41,838 DEBUG com.zaxxer.hikari.pool.HikariPool [HikariPool-1 housekeeper] HikariPool-1 - Pool stats (total=10, active=0, idle=10, waiting=0)
2024-10-04 11:24:41,838 DEBUG com.zaxxer.hikari.pool.HikariPool [HikariPool-1 housekeeper] HikariPool-1 - Fill pool skipped, pool is at sufficient level.
2024-10-04 11:25:05,828 DEBUG sun.rmi.runtime.Log$LoggerLog [RMI TCP Connection(1240)-127.0.0.1] RMI TCP Connection(1240)-127.0.0.1: accepted socket from [127.0.0.1:60619]
2024-10-04 11:25:05,831 DEBUG sun.rmi.runtime.Log$LoggerLog [RMI TCP Connection(1240)-127.0.0.1] RMI TCP Connection(1240)-127.0.0.1: (port 58565) op = 80
2024-10-04 11:25:05,832 DEBUG sun.rmi.runtime.Log$LoggerLog [RMI TCP Connection(1240)-127.0.0.1] RMI TCP Connection(1240)-127.0.0.1: name = "[Ljava.rmi.server.ObjID;", codebase = "", defaultLoader = jdk.internal.loader.ClassLoaders$PlatformClassLoader@75dbb639
2024-10-04 11:25:05,832 DEBUG sun.rmi.runtime.Log$LoggerLog [RMI TCP Connection(1240)-127.0.0.1] RMI TCP Connection(1240)-127.0.0.1: name = "java.rmi.server.ObjID", codebase = "", defaultLoader = jdk.internal.loader.ClassLoaders$PlatformClassLoader@75dbb639
2024-10-04 11:25:05,833 DEBUG sun.rmi.runtime.Log$LoggerLog [RMI TCP Connection(1240)-127.0.0.1] RMI TCP Connection(1240)-127.0.0.1: name = "java.rmi.server.UID", codebase = "", defaultLoader = jdk.internal.loader.ClassLoaders$PlatformClassLoader@75dbb639
2024-10-04 11:25:05,833 DEBUG sun.rmi.runtime.Log$LoggerLog [RMI TCP Connection(1240)-127.0.0.1] RMI TCP Connection(1240)-127.0.0.1: name = "java.rmi.dgc.VMID", codebase = "", defaultLoader = jdk.internal.loader.ClassLoaders$PlatformClassLoader@75dbb639
2024-10-04 11:25:05,833 DEBUG sun.rmi.runtime.Log$LoggerLog [RMI TCP Connection(1240)-127.0.0.1] RMI TCP Connection(1240)-127.0.0.1: name = "[B", codebase = "", defaultLoader = jdk.internal.loader.ClassLoaders$PlatformClassLoader@75dbb639
2024-10-04 11:25:28,547 WARN com.zaxxer.hikari.pool.HikariPool$HouseKeeper [HikariPool-1 housekeeper] HikariPool-1 - Thread starvation or clock leap detected (housekeeper delta=46s714ms871µs800ns).
2024-10-04 11:25:28,548 DEBUG com.zaxxer.hikari.pool.HikariPool [HikariPool-1 housekeeper] HikariPool-1 - Pool stats (total=10, active=0, idle=10, waiting=0)
2024-10-04 11:25:28,549 DEBUG com.zaxxer.hikari.pool.HikariPool [HikariPool-1 housekeeper] HikariPool-1 - Fill pool skipped, pool is at sufficient level.
2024-10-04 11:25:34,436 DEBUG sun.rmi.runtime.Log$LoggerLog [RMI TCP Connection(1240)-127.0.0.1] RMI TCP Connection(1240)-127.0.0.1: (port 58565) op = 82
2024-10-04 11:25:34,438 DEBUG sun.rmi.runtime.Log$LoggerLog [RMI TCP Connection(1240)-127.0.0.1] RMI TCP Connection(1240)-127.0.0.1: (port 58565) op = 80
2024-10-04 11:25:34,438 DEBUG sun.util.logging.internal.LoggingProviderImpl$JULWrapper [RMI TCP Connection(1240)-127.0.0.1] connectionId=rmi://127.0.0.1  11
2024-10-04 11:25:52,546 DEBUG sun.rmi.runtime.Log$LoggerLog [RMI TCP Connection(1240)-127.0.0.1] RMI TCP Connection(1240)-127.0.0.1: (port 58565) connection closed
2024-10-04 11:25:52,546 DEBUG sun.rmi.runtime.Log$LoggerLog [RMI TCP Connection(1240)-127.0.0.1] RMI TCP Connection(1240)-127.0.0.1: close connection, socket: Socket[addr=/127.0.0.1,port=60619,localport=58565]
2024-10-04 11:25:52,546 DEBUG sun.rmi.runtime.Log$LoggerLog [RMI TCP Connection(1240)-127.0.0.1] RMI TCP Connection(1240)-127.0.0.1: socket close: Socket[addr=/127.0.0.1,port=60619,localport=58565]
2024-10-04 11:25:55,500 DEBUG org.apache.juli.logging.DirectJDKLog [Catalina-utility-2] Start expire sessions StandardManager at 1728021355500 sessioncount 0
2024-10-04 11:25:55,503 DEBUG org.apache.juli.logging.DirectJDKLog [Catalina-utility-2] End expire sessions StandardManager processingTime 3 expired sessions: 0
2024-10-04 11:25:58,561 DEBUG com.zaxxer.hikari.pool.HikariPool [HikariPool-1 housekeeper] HikariPool-1 - Pool stats (total=10, active=0, idle=10, waiting=0)
2024-10-04 11:25:58,562 DEBUG com.zaxxer.hikari.pool.HikariPool [HikariPool-1 housekeeper] HikariPool-1 - Fill pool skipped, pool is at sufficient level.
2024-10-04 11:26:28,571 DEBUG com.zaxxer.hikari.pool.HikariPool [HikariPool-1 housekeeper] HikariPool-1 - Pool stats (total=10, active=0, idle=10, waiting=0)
2024-10-04 11:26:28,571 DEBUG com.zaxxer.hikari.pool.HikariPool [HikariPool-1 housekeeper] HikariPool-1 - Fill pool skipped, pool is at sufficient level.
2024-10-04 11:26:34,444 DEBUG sun.rmi.runtime.Log$LoggerLog [RMI TCP Connection(1241)-127.0.0.1] RMI TCP Connection(1241)-127.0.0.1: accepted socket from [127.0.0.1:56425]
2024-10-04 11:26:34,445 DEBUG sun.rmi.runtime.Log$LoggerLog [RMI TCP Connection(1241)-127.0.0.1] RMI TCP Connection(1241)-127.0.0.1: (port 58565) op = 80
2024-10-04 11:26:34,445 DEBUG sun.util.logging.internal.LoggingProviderImpl$JULWrapper [RMI TCP Connection(1241)-127.0.0.1] connectionId=rmi://127.0.0.1  11
2024-10-04 11:26:49,447 DEBUG sun.rmi.runtime.Log$LoggerLog [RMI TCP Connection(1241)-127.0.0.1] RMI TCP Connection(1241)-127.0.0.1: (port 58565) connection closed
2024-10-04 11:26:49,447 DEBUG sun.rmi.runtime.Log$LoggerLog [RMI TCP Connection(1241)-127.0.0.1] RMI TCP Connection(1241)-127.0.0.1: close connection, socket: Socket[addr=/127.0.0.1,port=56425,localport=58565]
2024-10-04 11:26:49,448 DEBUG sun.rmi.runtime.Log$LoggerLog [RMI TCP Connection(1241)-127.0.0.1] RMI TCP Connection(1241)-127.0.0.1: socket close: Socket[addr=/127.0.0.1,port=56425,localport=58565]
2024-10-04 11:26:55,551 DEBUG org.apache.juli.logging.DirectJDKLog [Catalina-utility-1] Start expire sessions StandardManager at 1728021415551 sessioncount 0
2024-10-04 11:26:55,552 DEBUG org.apache.juli.logging.DirectJDKLog [Catalina-utility-1] End expire sessions StandardManager processingTime 1 expired sessions: 0
2024-10-04 11:26:58,582 DEBUG com.zaxxer.hikari.pool.HikariPool [HikariPool-1 housekeeper] HikariPool-1 - Pool stats (total=10, active=0, idle=10, waiting=0)
2024-10-04 11:26:58,582 DEBUG com.zaxxer.hikari.pool.HikariPool [HikariPool-1 housekeeper] HikariPool-1 - Fill pool skipped, pool is at sufficient level.
2024-10-04 11:27:28,588 DEBUG com.zaxxer.hikari.pool.HikariPool [HikariPool-1 housekeeper] HikariPool-1 - Pool stats (total=10, active=0, idle=10, waiting=0)
2024-10-04 11:27:28,588 DEBUG com.zaxxer.hikari.pool.HikariPool [HikariPool-1 housekeeper] HikariPool-1 - Fill pool skipped, pool is at sufficient level.
2024-10-04 11:27:34,219 DEBUG sun.rmi.runtime.Log$LoggerLog [RMI TCP Connection(1242)-127.0.0.1] RMI TCP Connection(1242)-127.0.0.1: accepted socket from [127.0.0.1:56587]
2024-10-04 11:27:34,220 DEBUG sun.rmi.runtime.Log$LoggerLog [RMI TCP Connection(1242)-127.0.0.1] RMI TCP Connection(1242)-127.0.0.1: (port 58565) op = 80
2024-10-04 11:27:34,221 DEBUG sun.rmi.runtime.Log$LoggerLog [RMI TCP Connection(1242)-127.0.0.1] RMI TCP Connection(1242)-127.0.0.1: name = "[Ljava.rmi.server.ObjID;", codebase = "", defaultLoader = jdk.internal.loader.ClassLoaders$PlatformClassLoader@75dbb639
2024-10-04 11:27:34,221 DEBUG sun.rmi.runtime.Log$LoggerLog [RMI TCP Connection(1242)-127.0.0.1] RMI TCP Connection(1242)-127.0.0.1: name = "java.rmi.dgc.Lease", codebase = "", defaultLoader = jdk.internal.loader.ClassLoaders$PlatformClassLoader@75dbb639
2024-10-04 11:27:34,222 DEBUG sun.rmi.runtime.Log$LoggerLog [RMI TCP Connection(1242)-127.0.0.1] RMI TCP Connection(1242)-127.0.0.1: name = "java.rmi.dgc.VMID", codebase = "", defaultLoader = jdk.internal.loader.ClassLoaders$PlatformClassLoader@75dbb639
2024-10-04 11:27:34,222 DEBUG sun.rmi.runtime.Log$LoggerLog [RMI TCP Connection(1242)-127.0.0.1] RMI TCP Connection(1242)-127.0.0.1: name = "[B", codebase = "", defaultLoader = jdk.internal.loader.ClassLoaders$PlatformClassLoader@75dbb639
2024-10-04 11:27:34,223 DEBUG sun.rmi.runtime.Log$LoggerLog [RMI TCP Connection(1242)-127.0.0.1] RMI TCP Connection(1242)-127.0.0.1: name = "java.rmi.server.UID", codebase = "", defaultLoader = jdk.internal.loader.ClassLoaders$PlatformClassLoader@75dbb639
2024-10-04 11:27:34,447 DEBUG sun.rmi.runtime.Log$LoggerLog [RMI TCP Connection(1242)-127.0.0.1] RMI TCP Connection(1242)-127.0.0.1: (port 58565) op = 82
2024-10-04 11:27:34,447 DEBUG sun.rmi.runtime.Log$LoggerLog [RMI TCP Connection(1242)-127.0.0.1] RMI TCP Connection(1242)-127.0.0.1: (port 58565) op = 80
2024-10-04 11:27:34,448 DEBUG sun.util.logging.internal.LoggingProviderImpl$JULWrapper [RMI TCP Connection(1242)-127.0.0.1] connectionId=rmi://127.0.0.1  11
2024-10-04 11:27:55,606 DEBUG org.apache.juli.logging.DirectJDKLog [Catalina-utility-1] Start expire sessions StandardManager at 1728021475606 sessioncount 0
2024-10-04 11:27:55,606 DEBUG org.apache.juli.logging.DirectJDKLog [Catalina-utility-1] End expire sessions StandardManager processingTime 0 expired sessions: 0
2024-10-04 11:27:58,595 DEBUG com.zaxxer.hikari.pool.HikariPool [HikariPool-1 housekeeper] HikariPool-1 - Pool stats (total=10, active=0, idle=10, waiting=0)
2024-10-04 11:27:58,596 DEBUG com.zaxxer.hikari.pool.HikariPool [HikariPool-1 housekeeper] HikariPool-1 - Fill pool skipped, pool is at sufficient level.
2024-10-04 11:28:04,226 DEBUG sun.rmi.runtime.Log$LoggerLog [RMI TCP Connection(1242)-127.0.0.1] RMI TCP Connection(1242)-127.0.0.1: (port 58565) connection closed
2024-10-04 11:28:04,226 DEBUG sun.rmi.runtime.Log$LoggerLog [RMI TCP Connection(1242)-127.0.0.1] RMI TCP Connection(1242)-127.0.0.1: close connection, socket: Socket[addr=/127.0.0.1,port=56587,localport=58565]
2024-10-04 11:28:04,227 DEBUG sun.rmi.runtime.Log$LoggerLog [RMI TCP Connection(1242)-127.0.0.1] RMI TCP Connection(1242)-127.0.0.1: socket close: Socket[addr=/127.0.0.1,port=56587,localport=58565]
2024-10-04 11:28:28,611 DEBUG com.zaxxer.hikari.pool.HikariPool [HikariPool-1 housekeeper] HikariPool-1 - Pool stats (total=10, active=0, idle=10, waiting=0)
2024-10-04 11:28:28,611 DEBUG com.zaxxer.hikari.pool.HikariPool [HikariPool-1 housekeeper] HikariPool-1 - Fill pool skipped, pool is at sufficient level.
2024-10-04 11:28:34,452 DEBUG sun.rmi.runtime.Log$LoggerLog [RMI TCP Connection(1243)-127.0.0.1] RMI TCP Connection(1243)-127.0.0.1: accepted socket from [127.0.0.1:56634]
2024-10-04 11:28:34,453 DEBUG sun.rmi.runtime.Log$LoggerLog [RMI TCP Connection(1243)-127.0.0.1] RMI TCP Connection(1243)-127.0.0.1: (port 58565) op = 80
2024-10-04 11:28:34,453 DEBUG sun.util.logging.internal.LoggingProviderImpl$JULWrapper [RMI TCP Connection(1243)-127.0.0.1] connectionId=rmi://127.0.0.1  11
2024-10-04 11:28:49,454 DEBUG sun.rmi.runtime.Log$LoggerLog [RMI TCP Connection(1243)-127.0.0.1] RMI TCP Connection(1243)-127.0.0.1: (port 58565) connection closed
2024-10-04 11:28:49,454 DEBUG sun.rmi.runtime.Log$LoggerLog [RMI TCP Connection(1243)-127.0.0.1] RMI TCP Connection(1243)-127.0.0.1: close connection, socket: Socket[addr=/127.0.0.1,port=56634,localport=58565]
2024-10-04 11:28:49,455 DEBUG sun.rmi.runtime.Log$LoggerLog [RMI TCP Connection(1243)-127.0.0.1] RMI TCP Connection(1243)-127.0.0.1: socket close: Socket[addr=/127.0.0.1,port=56634,localport=58565]
2024-10-04 11:28:55,633 DEBUG org.apache.juli.logging.DirectJDKLog [Catalina-utility-2] Start expire sessions StandardManager at 1728021535633 sessioncount 0
2024-10-04 11:28:55,635 DEBUG org.apache.juli.logging.DirectJDKLog [Catalina-utility-2] End expire sessions StandardManager processingTime 2 expired sessions: 0
2024-10-04 11:28:58,627 DEBUG com.zaxxer.hikari.pool.HikariPool [HikariPool-1 housekeeper] HikariPool-1 - Pool stats (total=10, active=0, idle=10, waiting=0)
2024-10-04 11:28:58,627 DEBUG com.zaxxer.hikari.pool.HikariPool [HikariPool-1 housekeeper] HikariPool-1 - Fill pool skipped, pool is at sufficient level.
2024-10-04 11:29:28,639 DEBUG com.zaxxer.hikari.pool.HikariPool [HikariPool-1 housekeeper] HikariPool-1 - Pool stats (total=10, active=0, idle=10, waiting=0)
2024-10-04 11:29:28,639 DEBUG com.zaxxer.hikari.pool.HikariPool [HikariPool-1 housekeeper] HikariPool-1 - Fill pool skipped, pool is at sufficient level.
2024-10-04 11:29:34,458 DEBUG sun.rmi.runtime.Log$LoggerLog [RMI TCP Connection(1244)-127.0.0.1] RMI TCP Connection(1244)-127.0.0.1: accepted socket from [127.0.0.1:56671]
2024-10-04 11:29:34,459 DEBUG sun.rmi.runtime.Log$LoggerLog [RMI TCP Connection(1244)-127.0.0.1] RMI TCP Connection(1244)-127.0.0.1: (port 58565) op = 80
2024-10-04 11:29:34,459 DEBUG sun.util.logging.internal.LoggingProviderImpl$JULWrapper [RMI TCP Connection(1244)-127.0.0.1] connectionId=rmi://127.0.0.1  11
2024-10-04 11:29:49,461 DEBUG sun.rmi.runtime.Log$LoggerLog [RMI TCP Connection(1244)-127.0.0.1] RMI TCP Connection(1244)-127.0.0.1: (port 58565) connection closed
2024-10-04 11:29:49,461 DEBUG sun.rmi.runtime.Log$LoggerLog [RMI TCP Connection(1244)-127.0.0.1] RMI TCP Connection(1244)-127.0.0.1: close connection, socket: Socket[addr=/127.0.0.1,port=56671,localport=58565]
2024-10-04 11:29:49,462 DEBUG sun.rmi.runtime.Log$LoggerLog [RMI TCP Connection(1244)-127.0.0.1] RMI TCP Connection(1244)-127.0.0.1: socket close: Socket[addr=/127.0.0.1,port=56671,localport=58565]
2024-10-04 11:29:55,688 DEBUG org.apache.juli.logging.DirectJDKLog [Catalina-utility-2] Start expire sessions StandardManager at 1728021595688 sessioncount 0
2024-10-04 11:29:55,689 DEBUG org.apache.juli.logging.DirectJDKLog [Catalina-utility-2] End expire sessions StandardManager processingTime 0 expired sessions: 0
2024-10-04 11:29:58,651 DEBUG com.zaxxer.hikari.pool.HikariPool [HikariPool-1 housekeeper] HikariPool-1 - Pool stats (total=10, active=0, idle=10, waiting=0)
2024-10-04 11:29:58,651 DEBUG com.zaxxer.hikari.pool.HikariPool [HikariPool-1 housekeeper] HikariPool-1 - Fill pool skipped, pool is at sufficient level.
2024-10-04 11:30:28,668 DEBUG com.zaxxer.hikari.pool.HikariPool [HikariPool-1 housekeeper] HikariPool-1 - Pool stats (total=10, active=0, idle=10, waiting=0)
2024-10-04 11:30:28,668 DEBUG com.zaxxer.hikari.pool.HikariPool [HikariPool-1 housekeeper] HikariPool-1 - Fill pool skipped, pool is at sufficient level.
2024-10-04 11:30:34,464 DEBUG sun.rmi.runtime.Log$LoggerLog [RMI TCP Connection(1245)-127.0.0.1] RMI TCP Connection(1245)-127.0.0.1: accepted socket from [127.0.0.1:56710]
2024-10-04 11:30:34,464 DEBUG sun.rmi.runtime.Log$LoggerLog [RMI TCP Connection(1245)-127.0.0.1] RMI TCP Connection(1245)-127.0.0.1: (port 58565) op = 80
2024-10-04 11:30:34,465 DEBUG sun.util.logging.internal.LoggingProviderImpl$JULWrapper [RMI TCP Connection(1245)-127.0.0.1] connectionId=rmi://127.0.0.1  11
2024-10-04 11:30:49,466 DEBUG sun.rmi.runtime.Log$LoggerLog [RMI TCP Connection(1245)-127.0.0.1] RMI TCP Connection(1245)-127.0.0.1: (port 58565) connection closed
2024-10-04 11:30:49,467 DEBUG sun.rmi.runtime.Log$LoggerLog [RMI TCP Connection(1245)-127.0.0.1] RMI TCP Connection(1245)-127.0.0.1: close connection, socket: Socket[addr=/127.0.0.1,port=56710,localport=58565]
2024-10-04 11:30:49,467 DEBUG sun.rmi.runtime.Log$LoggerLog [RMI TCP Connection(1245)-127.0.0.1] RMI TCP Connection(1245)-127.0.0.1: socket close: Socket[addr=/127.0.0.1,port=56710,localport=58565]
2024-10-04 11:30:55,750 DEBUG org.apache.juli.logging.DirectJDKLog [Catalina-utility-2] Start expire sessions StandardManager at 1728021655750 sessioncount 0
2024-10-04 11:30:55,750 DEBUG org.apache.juli.logging.DirectJDKLog [Catalina-utility-2] End expire sessions StandardManager processingTime 0 expired sessions: 0
2024-10-04 11:30:58,677 DEBUG com.zaxxer.hikari.pool.HikariPool [HikariPool-1 housekeeper] HikariPool-1 - Pool stats (total=10, active=0, idle=10, waiting=0)
2024-10-04 11:30:58,677 DEBUG com.zaxxer.hikari.pool.HikariPool [HikariPool-1 housekeeper] HikariPool-1 - Fill pool skipped, pool is at sufficient level.
2024-10-04 11:31:28,681 DEBUG com.zaxxer.hikari.pool.HikariPool [HikariPool-1 housekeeper] HikariPool-1 - Pool stats (total=10, active=0, idle=10, waiting=0)
2024-10-04 11:31:28,682 DEBUG com.zaxxer.hikari.pool.HikariPool [HikariPool-1 housekeeper] HikariPool-1 - Fill pool skipped, pool is at sufficient level.
2024-10-04 11:31:34,474 DEBUG sun.rmi.runtime.Log$LoggerLog [RMI TCP Connection(1246)-127.0.0.1] RMI TCP Connection(1246)-127.0.0.1: accepted socket from [127.0.0.1:56759]
2024-10-04 11:31:34,475 DEBUG sun.rmi.runtime.Log$LoggerLog [RMI TCP Connection(1246)-127.0.0.1] RMI TCP Connection(1246)-127.0.0.1: (port 58565) op = 80
2024-10-04 11:31:34,476 DEBUG sun.util.logging.internal.LoggingProviderImpl$JULWrapper [RMI TCP Connection(1246)-127.0.0.1] connectionId=rmi://127.0.0.1  11
2024-10-04 11:31:49,477 DEBUG sun.rmi.runtime.Log$LoggerLog [RMI TCP Connection(1246)-127.0.0.1] RMI TCP Connection(1246)-127.0.0.1: (port 58565) connection closed
2024-10-04 11:31:49,477 DEBUG sun.rmi.runtime.Log$LoggerLog [RMI TCP Connection(1246)-127.0.0.1] RMI TCP Connection(1246)-127.0.0.1: close connection, socket: Socket[addr=/127.0.0.1,port=56759,localport=58565]
2024-10-04 11:31:49,478 DEBUG sun.rmi.runtime.Log$LoggerLog [RMI TCP Connection(1246)-127.0.0.1] RMI TCP Connection(1246)-127.0.0.1: socket close: Socket[addr=/127.0.0.1,port=56759,localport=58565]
2024-10-04 11:31:55,803 DEBUG org.apache.juli.logging.DirectJDKLog [Catalina-utility-2] Start expire sessions StandardManager at 1728021715803 sessioncount 0
2024-10-04 11:31:55,804 DEBUG org.apache.juli.logging.DirectJDKLog [Catalina-utility-2] End expire sessions StandardManager processingTime 1 expired sessions: 0
2024-10-04 11:31:58,689 DEBUG com.zaxxer.hikari.pool.HikariPool [HikariPool-1 housekeeper] HikariPool-1 - Pool stats (total=10, active=0, idle=10, waiting=0)
2024-10-04 11:31:58,689 DEBUG com.zaxxer.hikari.pool.HikariPool [HikariPool-1 housekeeper] HikariPool-1 - Fill pool skipped, pool is at sufficient level.
2024-10-04 11:32:28,692 DEBUG com.zaxxer.hikari.pool.HikariPool [HikariPool-1 housekeeper] HikariPool-1 - Pool stats (total=10, active=0, idle=10, waiting=0)
2024-10-04 11:32:28,692 DEBUG com.zaxxer.hikari.pool.HikariPool [HikariPool-1 housekeeper] HikariPool-1 - Fill pool skipped, pool is at sufficient level.
2024-10-04 11:32:34,203 DEBUG sun.rmi.runtime.Log$LoggerLog [RMI TCP Connection(1247)-127.0.0.1] RMI TCP Connection(1247)-127.0.0.1: accepted socket from [127.0.0.1:56820]
2024-10-04 11:32:34,204 DEBUG sun.rmi.runtime.Log$LoggerLog [RMI TCP Connection(1247)-127.0.0.1] RMI TCP Connection(1247)-127.0.0.1: (port 58565) op = 80
2024-10-04 11:32:34,206 DEBUG sun.rmi.runtime.Log$LoggerLog [RMI TCP Connection(1247)-127.0.0.1] RMI TCP Connection(1247)-127.0.0.1: name = "[Ljava.rmi.server.ObjID;", codebase = "", defaultLoader = jdk.internal.loader.ClassLoaders$PlatformClassLoader@75dbb639
2024-10-04 11:32:34,207 DEBUG sun.rmi.runtime.Log$LoggerLog [RMI TCP Connection(1247)-127.0.0.1] RMI TCP Connection(1247)-127.0.0.1: name = "java.rmi.dgc.Lease", codebase = "", defaultLoader = jdk.internal.loader.ClassLoaders$PlatformClassLoader@75dbb639
2024-10-04 11:32:34,207 DEBUG sun.rmi.runtime.Log$LoggerLog [RMI TCP Connection(1247)-127.0.0.1] RMI TCP Connection(1247)-127.0.0.1: name = "java.rmi.dgc.VMID", codebase = "", defaultLoader = jdk.internal.loader.ClassLoaders$PlatformClassLoader@75dbb639
2024-10-04 11:32:34,207 DEBUG sun.rmi.runtime.Log$LoggerLog [RMI TCP Connection(1247)-127.0.0.1] RMI TCP Connection(1247)-127.0.0.1: name = "[B", codebase = "", defaultLoader = jdk.internal.loader.ClassLoaders$PlatformClassLoader@75dbb639
2024-10-04 11:32:34,207 DEBUG sun.rmi.runtime.Log$LoggerLog [RMI TCP Connection(1247)-127.0.0.1] RMI TCP Connection(1247)-127.0.0.1: name = "java.rmi.server.UID", codebase = "", defaultLoader = jdk.internal.loader.ClassLoaders$PlatformClassLoader@75dbb639
2024-10-04 11:32:34,477 DEBUG sun.rmi.runtime.Log$LoggerLog [RMI TCP Connection(1247)-127.0.0.1] RMI TCP Connection(1247)-127.0.0.1: (port 58565) op = 82
2024-10-04 11:32:34,477 DEBUG sun.rmi.runtime.Log$LoggerLog [RMI TCP Connection(1247)-127.0.0.1] RMI TCP Connection(1247)-127.0.0.1: (port 58565) op = 80
2024-10-04 11:32:34,477 DEBUG sun.util.logging.internal.LoggingProviderImpl$JULWrapper [RMI TCP Connection(1247)-127.0.0.1] connectionId=rmi://127.0.0.1  11
2024-10-04 11:32:55,880 DEBUG org.apache.juli.logging.DirectJDKLog [Catalina-utility-2] Start expire sessions StandardManager at 1728021775880 sessioncount 0
2024-10-04 11:32:55,881 DEBUG org.apache.juli.logging.DirectJDKLog [Catalina-utility-2] End expire sessions StandardManager processingTime 1 expired sessions: 0
2024-10-04 11:32:58,705 DEBUG com.zaxxer.hikari.pool.HikariPool [HikariPool-1 housekeeper] HikariPool-1 - Pool stats (total=10, active=0, idle=10, waiting=0)
2024-10-04 11:32:58,705 DEBUG com.zaxxer.hikari.pool.HikariPool [HikariPool-1 housekeeper] HikariPool-1 - Fill pool skipped, pool is at sufficient level.
2024-10-04 11:33:04,209 DEBUG sun.rmi.runtime.Log$LoggerLog [RMI TCP Connection(1247)-127.0.0.1] RMI TCP Connection(1247)-127.0.0.1: (port 58565) connection closed
2024-10-04 11:33:04,209 DEBUG sun.rmi.runtime.Log$LoggerLog [RMI TCP Connection(1247)-127.0.0.1] RMI TCP Connection(1247)-127.0.0.1: close connection, socket: Socket[addr=/127.0.0.1,port=56820,localport=58565]
2024-10-04 11:33:04,210 DEBUG sun.rmi.runtime.Log$LoggerLog [RMI TCP Connection(1247)-127.0.0.1] RMI TCP Connection(1247)-127.0.0.1: socket close: Socket[addr=/127.0.0.1,port=56820,localport=58565]
2024-10-04 11:33:28,714 DEBUG com.zaxxer.hikari.pool.HikariPool [HikariPool-1 housekeeper] HikariPool-1 - Pool stats (total=10, active=0, idle=10, waiting=0)
2024-10-04 11:33:28,715 DEBUG com.zaxxer.hikari.pool.HikariPool [HikariPool-1 housekeeper] HikariPool-1 - Fill pool skipped, pool is at sufficient level.
2024-10-04 11:33:34,484 DEBUG sun.rmi.runtime.Log$LoggerLog [RMI TCP Connection(1248)-127.0.0.1] RMI TCP Connection(1248)-127.0.0.1: accepted socket from [127.0.0.1:56849]
2024-10-04 11:33:34,485 DEBUG sun.rmi.runtime.Log$LoggerLog [RMI TCP Connection(1248)-127.0.0.1] RMI TCP Connection(1248)-127.0.0.1: (port 58565) op = 80
2024-10-04 11:33:34,485 DEBUG sun.util.logging.internal.LoggingProviderImpl$JULWrapper [RMI TCP Connection(1248)-127.0.0.1] connectionId=rmi://127.0.0.1  11
2024-10-04 11:33:49,488 DEBUG sun.rmi.runtime.Log$LoggerLog [RMI TCP Connection(1248)-127.0.0.1] RMI TCP Connection(1248)-127.0.0.1: (port 58565) connection closed
2024-10-04 11:33:49,489 DEBUG sun.rmi.runtime.Log$LoggerLog [RMI TCP Connection(1248)-127.0.0.1] RMI TCP Connection(1248)-127.0.0.1: close connection, socket: Socket[addr=/127.0.0.1,port=56849,localport=58565]
2024-10-04 11:33:49,493 DEBUG sun.rmi.runtime.Log$LoggerLog [RMI TCP Connection(1248)-127.0.0.1] RMI TCP Connection(1248)-127.0.0.1: socket close: Socket[addr=/127.0.0.1,port=56849,localport=58565]
2024-10-04 11:33:55,951 DEBUG org.apache.juli.logging.DirectJDKLog [Catalina-utility-2] Start expire sessions StandardManager at 1728021835951 sessioncount 0
2024-10-04 11:33:55,952 DEBUG org.apache.juli.logging.DirectJDKLog [Catalina-utility-2] End expire sessions StandardManager processingTime 1 expired sessions: 0
2024-10-04 11:33:58,721 DEBUG com.zaxxer.hikari.pool.HikariPool [HikariPool-1 housekeeper] HikariPool-1 - Pool stats (total=10, active=0, idle=10, waiting=0)
2024-10-04 11:33:58,721 DEBUG com.zaxxer.hikari.pool.HikariPool [HikariPool-1 housekeeper] HikariPool-1 - Fill pool skipped, pool is at sufficient level.
2024-10-04 11:34:28,737 DEBUG com.zaxxer.hikari.pool.HikariPool [HikariPool-1 housekeeper] HikariPool-1 - Pool stats (total=10, active=0, idle=10, waiting=0)
2024-10-04 11:34:28,738 DEBUG com.zaxxer.hikari.pool.HikariPool [HikariPool-1 housekeeper] HikariPool-1 - Fill pool skipped, pool is at sufficient level.
2024-10-04 11:34:34,493 DEBUG sun.rmi.runtime.Log$LoggerLog [RMI TCP Connection(1249)-127.0.0.1] RMI TCP Connection(1249)-127.0.0.1: accepted socket from [127.0.0.1:56878]
2024-10-04 11:34:34,493 DEBUG sun.rmi.runtime.Log$LoggerLog [RMI TCP Connection(1249)-127.0.0.1] RMI TCP Connection(1249)-127.0.0.1: (port 58565) op = 80
2024-10-04 11:34:34,494 DEBUG sun.util.logging.internal.LoggingProviderImpl$JULWrapper [RMI TCP Connection(1249)-127.0.0.1] connectionId=rmi://127.0.0.1  11
2024-10-04 11:34:49,496 DEBUG sun.rmi.runtime.Log$LoggerLog [RMI TCP Connection(1249)-127.0.0.1] RMI TCP Connection(1249)-127.0.0.1: (port 58565) connection closed
2024-10-04 11:34:49,496 DEBUG sun.rmi.runtime.Log$LoggerLog [RMI TCP Connection(1249)-127.0.0.1] RMI TCP Connection(1249)-127.0.0.1: close connection, socket: Socket[addr=/127.0.0.1,port=56878,localport=58565]
2024-10-04 11:34:49,497 DEBUG sun.rmi.runtime.Log$LoggerLog [RMI TCP Connection(1249)-127.0.0.1] RMI TCP Connection(1249)-127.0.0.1: socket close: Socket[addr=/127.0.0.1,port=56878,localport=58565]
2024-10-04 11:34:55,998 DEBUG org.apache.juli.logging.DirectJDKLog [Catalina-utility-2] Start expire sessions StandardManager at 1728021895998 sessioncount 0
2024-10-04 11:34:55,998 DEBUG org.apache.juli.logging.DirectJDKLog [Catalina-utility-2] End expire sessions StandardManager processingTime 0 expired sessions: 0
2024-10-04 11:34:58,744 DEBUG com.zaxxer.hikari.pool.HikariPool [HikariPool-1 housekeeper] HikariPool-1 - Pool stats (total=10, active=0, idle=10, waiting=0)
2024-10-04 11:34:58,744 DEBUG com.zaxxer.hikari.pool.HikariPool [HikariPool-1 housekeeper] HikariPool-1 - Fill pool skipped, pool is at sufficient level.
2024-10-04 11:35:28,753 DEBUG com.zaxxer.hikari.pool.HikariPool [HikariPool-1 housekeeper] HikariPool-1 - Pool stats (total=10, active=0, idle=10, waiting=0)
2024-10-04 11:35:28,754 DEBUG com.zaxxer.hikari.pool.HikariPool [HikariPool-1 housekeeper] HikariPool-1 - Fill pool skipped, pool is at sufficient level.
2024-10-04 11:35:34,500 DEBUG sun.rmi.runtime.Log$LoggerLog [RMI TCP Connection(1250)-127.0.0.1] RMI TCP Connection(1250)-127.0.0.1: accepted socket from [127.0.0.1:56942]
2024-10-04 11:35:34,501 DEBUG sun.rmi.runtime.Log$LoggerLog [RMI TCP Connection(1250)-127.0.0.1] RMI TCP Connection(1250)-127.0.0.1: (port 58565) op = 80
2024-10-04 11:35:34,501 DEBUG sun.util.logging.internal.LoggingProviderImpl$JULWrapper [RMI TCP Connection(1250)-127.0.0.1] connectionId=rmi://127.0.0.1  11
2024-10-04 11:35:49,502 DEBUG sun.rmi.runtime.Log$LoggerLog [RMI TCP Connection(1250)-127.0.0.1] RMI TCP Connection(1250)-127.0.0.1: (port 58565) connection closed
2024-10-04 11:35:49,503 DEBUG sun.rmi.runtime.Log$LoggerLog [RMI TCP Connection(1250)-127.0.0.1] RMI TCP Connection(1250)-127.0.0.1: close connection, socket: Socket[addr=/127.0.0.1,port=56942,localport=58565]
2024-10-04 11:35:49,503 DEBUG sun.rmi.runtime.Log$LoggerLog [RMI TCP Connection(1250)-127.0.0.1] RMI TCP Connection(1250)-127.0.0.1: socket close: Socket[addr=/127.0.0.1,port=56942,localport=58565]
2024-10-04 11:35:56,057 DEBUG org.apache.juli.logging.DirectJDKLog [Catalina-utility-1] Start expire sessions StandardManager at 1728021956057 sessioncount 0
2024-10-04 11:35:56,058 DEBUG org.apache.juli.logging.DirectJDKLog [Catalina-utility-1] End expire sessions StandardManager processingTime 0 expired sessions: 0
2024-10-04 11:35:58,764 DEBUG com.zaxxer.hikari.pool.HikariPool [HikariPool-1 housekeeper] HikariPool-1 - Pool stats (total=10, active=0, idle=10, waiting=0)
2024-10-04 11:35:58,765 DEBUG com.zaxxer.hikari.pool.HikariPool [HikariPool-1 housekeeper] HikariPool-1 - Fill pool skipped, pool is at sufficient level.
2024-10-04 11:36:28,770 DEBUG com.zaxxer.hikari.pool.HikariPool [HikariPool-1 housekeeper] HikariPool-1 - Pool stats (total=10, active=0, idle=10, waiting=0)
2024-10-04 11:36:28,770 DEBUG com.zaxxer.hikari.pool.HikariPool [HikariPool-1 housekeeper] HikariPool-1 - Fill pool skipped, pool is at sufficient level.
2024-10-04 11:36:34,506 DEBUG sun.rmi.runtime.Log$LoggerLog [RMI TCP Connection(1251)-127.0.0.1] RMI TCP Connection(1251)-127.0.0.1: accepted socket from [127.0.0.1:56999]
2024-10-04 11:36:34,507 DEBUG sun.rmi.runtime.Log$LoggerLog [RMI TCP Connection(1251)-127.0.0.1] RMI TCP Connection(1251)-127.0.0.1: (port 58565) op = 80
2024-10-04 11:36:34,508 DEBUG sun.util.logging.internal.LoggingProviderImpl$JULWrapper [RMI TCP Connection(1251)-127.0.0.1] connectionId=rmi://127.0.0.1  11
2024-10-04 11:36:49,510 DEBUG sun.rmi.runtime.Log$LoggerLog [RMI TCP Connection(1251)-127.0.0.1] RMI TCP Connection(1251)-127.0.0.1: (port 58565) connection closed
2024-10-04 11:36:49,511 DEBUG sun.rmi.runtime.Log$LoggerLog [RMI TCP Connection(1251)-127.0.0.1] RMI TCP Connection(1251)-127.0.0.1: close connection, socket: Socket[addr=/127.0.0.1,port=56999,localport=58565]
2024-10-04 11:36:49,512 DEBUG sun.rmi.runtime.Log$LoggerLog [RMI TCP Connection(1251)-127.0.0.1] RMI TCP Connection(1251)-127.0.0.1: socket close: Socket[addr=/127.0.0.1,port=56999,localport=58565]
2024-10-04 11:36:56,107 DEBUG org.apache.juli.logging.DirectJDKLog [Catalina-utility-1] Start expire sessions StandardManager at 1728022016107 sessioncount 0
2024-10-04 11:36:56,108 DEBUG org.apache.juli.logging.DirectJDKLog [Catalina-utility-1] End expire sessions StandardManager processingTime 1 expired sessions: 0
2024-10-04 11:36:58,783 DEBUG com.zaxxer.hikari.pool.HikariPool [HikariPool-1 housekeeper] HikariPool-1 - Pool stats (total=10, active=0, idle=10, waiting=0)
2024-10-04 11:36:58,783 DEBUG com.zaxxer.hikari.pool.HikariPool [HikariPool-1 housekeeper] HikariPool-1 - Fill pool skipped, pool is at sufficient level.
2024-10-04 11:37:28,795 DEBUG com.zaxxer.hikari.pool.HikariPool [HikariPool-1 housekeeper] HikariPool-1 - Pool stats (total=10, active=0, idle=10, waiting=0)
2024-10-04 11:37:28,795 DEBUG com.zaxxer.hikari.pool.HikariPool [HikariPool-1 housekeeper] HikariPool-1 - Fill pool skipped, pool is at sufficient level.
2024-10-04 11:37:34,205 DEBUG sun.rmi.runtime.Log$LoggerLog [RMI TCP Connection(1252)-127.0.0.1] RMI TCP Connection(1252)-127.0.0.1: accepted socket from [127.0.0.1:57039]
2024-10-04 11:37:34,205 DEBUG sun.rmi.runtime.Log$LoggerLog [RMI TCP Connection(1252)-127.0.0.1] RMI TCP Connection(1252)-127.0.0.1: (port 58565) op = 80
2024-10-04 11:37:34,206 DEBUG sun.rmi.runtime.Log$LoggerLog [RMI TCP Connection(1252)-127.0.0.1] RMI TCP Connection(1252)-127.0.0.1: name = "[Ljava.rmi.server.ObjID;", codebase = "", defaultLoader = jdk.internal.loader.ClassLoaders$PlatformClassLoader@75dbb639
2024-10-04 11:37:34,206 DEBUG sun.rmi.runtime.Log$LoggerLog [RMI TCP Connection(1252)-127.0.0.1] RMI TCP Connection(1252)-127.0.0.1: name = "java.rmi.dgc.Lease", codebase = "", defaultLoader = jdk.internal.loader.ClassLoaders$PlatformClassLoader@75dbb639
2024-10-04 11:37:34,210 DEBUG sun.rmi.runtime.Log$LoggerLog [RMI TCP Connection(1252)-127.0.0.1] RMI TCP Connection(1252)-127.0.0.1: name = "java.rmi.dgc.VMID", codebase = "", defaultLoader = jdk.internal.loader.ClassLoaders$PlatformClassLoader@75dbb639
2024-10-04 11:37:34,211 DEBUG sun.rmi.runtime.Log$LoggerLog [RMI TCP Connection(1252)-127.0.0.1] RMI TCP Connection(1252)-127.0.0.1: name = "[B", codebase = "", defaultLoader = jdk.internal.loader.ClassLoaders$PlatformClassLoader@75dbb639
2024-10-04 11:37:34,211 DEBUG sun.rmi.runtime.Log$LoggerLog [RMI TCP Connection(1252)-127.0.0.1] RMI TCP Connection(1252)-127.0.0.1: name = "java.rmi.server.UID", codebase = "", defaultLoader = jdk.internal.loader.ClassLoaders$PlatformClassLoader@75dbb639
2024-10-04 11:37:34,509 DEBUG sun.rmi.runtime.Log$LoggerLog [RMI TCP Connection(1252)-127.0.0.1] RMI TCP Connection(1252)-127.0.0.1: (port 58565) op = 82
2024-10-04 11:37:34,516 DEBUG sun.rmi.runtime.Log$LoggerLog [RMI TCP Connection(1252)-127.0.0.1] RMI TCP Connection(1252)-127.0.0.1: (port 58565) op = 80
2024-10-04 11:37:34,516 DEBUG sun.util.logging.internal.LoggingProviderImpl$JULWrapper [RMI TCP Connection(1252)-127.0.0.1] connectionId=rmi://127.0.0.1  11
2024-10-04 11:37:56,173 DEBUG org.apache.juli.logging.DirectJDKLog [Catalina-utility-2] Start expire sessions StandardManager at 1728022076172 sessioncount 0
2024-10-04 11:37:56,175 DEBUG org.apache.juli.logging.DirectJDKLog [Catalina-utility-2] End expire sessions StandardManager processingTime 3 expired sessions: 0
2024-10-04 11:37:58,804 DEBUG com.zaxxer.hikari.pool.HikariPool [HikariPool-1 housekeeper] HikariPool-1 - Pool stats (total=10, active=0, idle=10, waiting=0)
2024-10-04 11:37:58,805 DEBUG com.zaxxer.hikari.pool.HikariPool [HikariPool-1 housekeeper] HikariPool-1 - Fill pool skipped, pool is at sufficient level.
2024-10-04 11:38:04,214 DEBUG sun.rmi.runtime.Log$LoggerLog [RMI TCP Connection(1252)-127.0.0.1] RMI TCP Connection(1252)-127.0.0.1: (port 58565) connection closed
2024-10-04 11:38:04,214 DEBUG sun.rmi.runtime.Log$LoggerLog [RMI TCP Connection(1252)-127.0.0.1] RMI TCP Connection(1252)-127.0.0.1: close connection, socket: Socket[addr=/127.0.0.1,port=57039,localport=58565]
2024-10-04 11:38:04,215 DEBUG sun.rmi.runtime.Log$LoggerLog [RMI TCP Connection(1252)-127.0.0.1] RMI TCP Connection(1252)-127.0.0.1: socket close: Socket[addr=/127.0.0.1,port=57039,localport=58565]
2024-10-04 11:38:28,818 DEBUG com.zaxxer.hikari.pool.HikariPool [HikariPool-1 housekeeper] HikariPool-1 - Pool stats (total=10, active=0, idle=10, waiting=0)
2024-10-04 11:38:28,818 DEBUG com.zaxxer.hikari.pool.HikariPool [HikariPool-1 housekeeper] HikariPool-1 - Fill pool skipped, pool is at sufficient level.
2024-10-04 11:38:34,521 DEBUG sun.rmi.runtime.Log$LoggerLog [RMI TCP Connection(1253)-127.0.0.1] RMI TCP Connection(1253)-127.0.0.1: accepted socket from [127.0.0.1:57080]
2024-10-04 11:38:34,522 DEBUG sun.rmi.runtime.Log$LoggerLog [RMI TCP Connection(1253)-127.0.0.1] RMI TCP Connection(1253)-127.0.0.1: (port 58565) op = 80
2024-10-04 11:38:34,523 DEBUG sun.util.logging.internal.LoggingProviderImpl$JULWrapper [RMI TCP Connection(1253)-127.0.0.1] connectionId=rmi://127.0.0.1  11
2024-10-04 11:38:49,526 DEBUG sun.rmi.runtime.Log$LoggerLog [RMI TCP Connection(1253)-127.0.0.1] RMI TCP Connection(1253)-127.0.0.1: (port 58565) connection closed
2024-10-04 11:38:49,527 DEBUG sun.rmi.runtime.Log$LoggerLog [RMI TCP Connection(1253)-127.0.0.1] RMI TCP Connection(1253)-127.0.0.1: close connection, socket: Socket[addr=/127.0.0.1,port=57080,localport=58565]
2024-10-04 11:38:49,527 DEBUG sun.rmi.runtime.Log$LoggerLog [RMI TCP Connection(1253)-127.0.0.1] RMI TCP Connection(1253)-127.0.0.1: socket close: Socket[addr=/127.0.0.1,port=57080,localport=58565]
2024-10-04 11:38:56,216 DEBUG org.apache.juli.logging.DirectJDKLog [Catalina-utility-2] Start expire sessions StandardManager at 1728022136216 sessioncount 0
2024-10-04 11:38:56,218 DEBUG org.apache.juli.logging.DirectJDKLog [Catalina-utility-2] End expire sessions StandardManager processingTime 1 expired sessions: 0
2024-10-04 11:38:58,830 DEBUG com.zaxxer.hikari.pool.HikariPool [HikariPool-1 housekeeper] HikariPool-1 - Pool stats (total=10, active=0, idle=10, waiting=0)
2024-10-04 11:38:58,830 DEBUG com.zaxxer.hikari.pool.HikariPool [HikariPool-1 housekeeper] HikariPool-1 - Fill pool skipped, pool is at sufficient level.
2024-10-04 11:39:28,835 DEBUG com.zaxxer.hikari.pool.HikariPool [HikariPool-1 housekeeper] HikariPool-1 - Pool stats (total=10, active=0, idle=10, waiting=0)
2024-10-04 11:39:28,836 DEBUG com.zaxxer.hikari.pool.HikariPool [HikariPool-1 housekeeper] HikariPool-1 - Fill pool skipped, pool is at sufficient level.
2024-10-04 11:39:34,527 DEBUG sun.rmi.runtime.Log$LoggerLog [RMI TCP Connection(1254)-127.0.0.1] RMI TCP Connection(1254)-127.0.0.1: accepted socket from [127.0.0.1:57117]
2024-10-04 11:39:34,528 DEBUG sun.rmi.runtime.Log$LoggerLog [RMI TCP Connection(1254)-127.0.0.1] RMI TCP Connection(1254)-127.0.0.1: (port 58565) op = 80
2024-10-04 11:39:34,528 DEBUG sun.util.logging.internal.LoggingProviderImpl$JULWrapper [RMI TCP Connection(1254)-127.0.0.1] connectionId=rmi://127.0.0.1  11
2024-10-04 11:39:49,530 DEBUG sun.rmi.runtime.Log$LoggerLog [RMI TCP Connection(1254)-127.0.0.1] RMI TCP Connection(1254)-127.0.0.1: (port 58565) connection closed
2024-10-04 11:39:49,530 DEBUG sun.rmi.runtime.Log$LoggerLog [RMI TCP Connection(1254)-127.0.0.1] RMI TCP Connection(1254)-127.0.0.1: close connection, socket: Socket[addr=/127.0.0.1,port=57117,localport=58565]
2024-10-04 11:39:49,531 DEBUG sun.rmi.runtime.Log$LoggerLog [RMI TCP Connection(1254)-127.0.0.1] RMI TCP Connection(1254)-127.0.0.1: socket close: Socket[addr=/127.0.0.1,port=57117,localport=58565]
2024-10-04 11:39:56,252 DEBUG org.apache.juli.logging.DirectJDKLog [Catalina-utility-2] Start expire sessions StandardManager at 1728022196252 sessioncount 0
2024-10-04 11:39:56,253 DEBUG org.apache.juli.logging.DirectJDKLog [Catalina-utility-2] End expire sessions StandardManager processingTime 1 expired sessions: 0
2024-10-04 11:39:58,849 DEBUG com.zaxxer.hikari.pool.HikariPool [HikariPool-1 housekeeper] HikariPool-1 - Pool stats (total=10, active=0, idle=10, waiting=0)
2024-10-04 11:39:58,849 DEBUG com.zaxxer.hikari.pool.HikariPool [HikariPool-1 housekeeper] HikariPool-1 - Fill pool skipped, pool is at sufficient level.
2024-10-04 11:40:28,851 DEBUG com.zaxxer.hikari.pool.HikariPool [HikariPool-1 housekeeper] HikariPool-1 - Pool stats (total=10, active=0, idle=10, waiting=0)
2024-10-04 11:40:28,855 DEBUG com.zaxxer.hikari.pool.HikariPool [HikariPool-1 housekeeper] HikariPool-1 - Fill pool skipped, pool is at sufficient level.
2024-10-04 11:40:34,537 DEBUG sun.rmi.runtime.Log$LoggerLog [RMI TCP Connection(1255)-127.0.0.1] RMI TCP Connection(1255)-127.0.0.1: accepted socket from [127.0.0.1:57158]
2024-10-04 11:40:34,538 DEBUG sun.rmi.runtime.Log$LoggerLog [RMI TCP Connection(1255)-127.0.0.1] RMI TCP Connection(1255)-127.0.0.1: (port 58565) op = 80
2024-10-04 11:40:34,540 DEBUG sun.util.logging.internal.LoggingProviderImpl$JULWrapper [RMI TCP Connection(1255)-127.0.0.1] connectionId=rmi://127.0.0.1  11
2024-10-04 11:40:49,541 DEBUG sun.rmi.runtime.Log$LoggerLog [RMI TCP Connection(1255)-127.0.0.1] RMI TCP Connection(1255)-127.0.0.1: (port 58565) connection closed
2024-10-04 11:40:49,541 DEBUG sun.rmi.runtime.Log$LoggerLog [RMI TCP Connection(1255)-127.0.0.1] RMI TCP Connection(1255)-127.0.0.1: close connection, socket: Socket[addr=/127.0.0.1,port=57158,localport=58565]
2024-10-04 11:40:49,542 DEBUG sun.rmi.runtime.Log$LoggerLog [RMI TCP Connection(1255)-127.0.0.1] RMI TCP Connection(1255)-127.0.0.1: socket close: Socket[addr=/127.0.0.1,port=57158,localport=58565]
2024-10-04 11:40:56,472 DEBUG org.apache.juli.logging.DirectJDKLog [Catalina-utility-1] Start expire sessions StandardManager at 1728022256467 sessioncount 0
2024-10-04 11:40:56,516 DEBUG org.apache.juli.logging.DirectJDKLog [Catalina-utility-1] End expire sessions StandardManager processingTime 49 expired sessions: 0
2024-10-04 11:40:58,860 DEBUG com.zaxxer.hikari.pool.HikariPool [HikariPool-1 housekeeper] HikariPool-1 - Pool stats (total=10, active=0, idle=10, waiting=0)
2024-10-04 11:40:58,861 DEBUG com.zaxxer.hikari.pool.HikariPool [HikariPool-1 housekeeper] HikariPool-1 - Fill pool skipped, pool is at sufficient level.
2024-10-04 11:41:28,868 DEBUG com.zaxxer.hikari.pool.HikariPool [HikariPool-1 housekeeper] HikariPool-1 - Pool stats (total=10, active=0, idle=10, waiting=0)
2024-10-04 11:41:28,871 DEBUG com.zaxxer.hikari.pool.HikariPool [HikariPool-1 housekeeper] HikariPool-1 - Fill pool skipped, pool is at sufficient level.
2024-10-04 11:41:34,551 DEBUG sun.rmi.runtime.Log$LoggerLog [RMI TCP Connection(1256)-127.0.0.1] RMI TCP Connection(1256)-127.0.0.1: accepted socket from [127.0.0.1:57251]
2024-10-04 11:41:34,552 DEBUG sun.rmi.runtime.Log$LoggerLog [RMI TCP Connection(1256)-127.0.0.1] RMI TCP Connection(1256)-127.0.0.1: (port 58565) op = 80
2024-10-04 11:41:34,553 DEBUG sun.util.logging.internal.LoggingProviderImpl$JULWrapper [RMI TCP Connection(1256)-127.0.0.1] connectionId=rmi://127.0.0.1  11
2024-10-04 11:41:41,072 DEBUG com.zaxxer.hikari.pool.PoolBase [HikariPool-1 connection closer] HikariPool-1 - Closing connection org.postgresql.jdbc.PgConnection@7c09b59f: (connection has passed maxLifetime)
2024-10-04 11:41:41,096 DEBUG org.postgresql.Driver [HikariPool-1 connection adder] Connecting with URL: jdbc:postgresql://database-1.cnaee60qc6yl.us-east-2.rds.amazonaws.com/clubdb
2024-10-04 11:41:41,099 DEBUG org.postgresql.jdbc.PgConnection [HikariPool-1 connection adder] PostgreSQL JDBC Driver 42.2.14
2024-10-04 11:41:41,103 DEBUG org.postgresql.jdbc.PgConnection [HikariPool-1 connection adder]   setDefaultFetchSize = 0
2024-10-04 11:41:41,104 DEBUG org.postgresql.jdbc.PgConnection [HikariPool-1 connection adder]   setPrepareThreshold = 5
2024-10-04 11:41:41,106 DEBUG org.postgresql.core.v3.ConnectionFactoryImpl [HikariPool-1 connection adder] Trying to establish a protocol version 3 connection to database-1.cnaee60qc6yl.us-east-2.rds.amazonaws.com:5432
2024-10-04 11:41:41,367 DEBUG org.postgresql.core.v3.ConnectionFactoryImpl [HikariPool-1 connection adder] Receive Buffer Size is 65,536
2024-10-04 11:41:41,368 DEBUG org.postgresql.core.v3.ConnectionFactoryImpl [HikariPool-1 connection adder] Send Buffer Size is 65,536
2024-10-04 11:41:41,602 DEBUG org.postgresql.ssl.MakeSSL [HikariPool-1 connection adder] converting regular socket connection to ssl
2024-10-04 11:41:41,879 DEBUG sun.util.logging.internal.LoggingProviderImpl$JULWrapper [HikariPool-1 connection adder]  TLSHandshake: database-1.cnaee60qc6yl.us-east-2.rds.amazonaws.com:5432, TLSv1.3, TLS_AES_256_GCM_SHA384, -791690251
2024-10-04 11:41:43,092 DEBUG com.zaxxer.hikari.pool.HikariPool$PoolEntryCreator [HikariPool-1 connection adder] HikariPool-1 - Added connection org.postgresql.jdbc.PgConnection@4a0ad301
2024-10-04 11:41:43,092 DEBUG org.postgresql.Driver [HikariPool-1 connection adder] Connecting with URL: jdbc:postgresql://database-1.cnaee60qc6yl.us-east-2.rds.amazonaws.com/clubdb
2024-10-04 11:41:43,093 DEBUG org.postgresql.jdbc.PgConnection [HikariPool-1 connection adder] PostgreSQL JDBC Driver 42.2.14
2024-10-04 11:41:43,094 DEBUG org.postgresql.jdbc.PgConnection [HikariPool-1 connection adder]   setDefaultFetchSize = 0
2024-10-04 11:41:43,094 DEBUG org.postgresql.jdbc.PgConnection [HikariPool-1 connection adder]   setPrepareThreshold = 5
2024-10-04 11:41:43,097 DEBUG org.postgresql.core.v3.ConnectionFactoryImpl [HikariPool-1 connection adder] Trying to establish a protocol version 3 connection to database-1.cnaee60qc6yl.us-east-2.rds.amazonaws.com:5432
2024-10-04 11:41:43,342 DEBUG org.postgresql.core.v3.ConnectionFactoryImpl [HikariPool-1 connection adder] Receive Buffer Size is 65,536
2024-10-04 11:41:43,343 DEBUG org.postgresql.core.v3.ConnectionFactoryImpl [HikariPool-1 connection adder] Send Buffer Size is 65,536
2024-10-04 11:41:43,580 DEBUG org.postgresql.ssl.MakeSSL [HikariPool-1 connection adder] converting regular socket connection to ssl
2024-10-04 11:41:43,841 DEBUG sun.util.logging.internal.LoggingProviderImpl$JULWrapper [HikariPool-1 connection adder]  TLSHandshake: database-1.cnaee60qc6yl.us-east-2.rds.amazonaws.com:5432, TLSv1.3, TLS_AES_256_GCM_SHA384, -791690251
2024-10-04 11:41:45,061 DEBUG com.zaxxer.hikari.pool.HikariPool$PoolEntryCreator [HikariPool-1 connection adder] HikariPool-1 - Added connection org.postgresql.jdbc.PgConnection@44cd2430
2024-10-04 11:41:45,062 DEBUG org.postgresql.Driver [HikariPool-1 connection adder] Connecting with URL: jdbc:postgresql://database-1.cnaee60qc6yl.us-east-2.rds.amazonaws.com/clubdb
2024-10-04 11:41:45,062 DEBUG org.postgresql.jdbc.PgConnection [HikariPool-1 connection adder] PostgreSQL JDBC Driver 42.2.14
2024-10-04 11:41:45,063 DEBUG org.postgresql.jdbc.PgConnection [HikariPool-1 connection adder]   setDefaultFetchSize = 0
2024-10-04 11:41:45,063 DEBUG org.postgresql.jdbc.PgConnection [HikariPool-1 connection adder]   setPrepareThreshold = 5
2024-10-04 11:41:45,064 DEBUG org.postgresql.core.v3.ConnectionFactoryImpl [HikariPool-1 connection adder] Trying to establish a protocol version 3 connection to database-1.cnaee60qc6yl.us-east-2.rds.amazonaws.com:5432
2024-10-04 11:41:45,307 DEBUG org.postgresql.core.v3.ConnectionFactoryImpl [HikariPool-1 connection adder] Receive Buffer Size is 65,536
2024-10-04 11:41:45,308 DEBUG org.postgresql.core.v3.ConnectionFactoryImpl [HikariPool-1 connection adder] Send Buffer Size is 65,536
2024-10-04 11:41:45,549 DEBUG org.postgresql.ssl.MakeSSL [HikariPool-1 connection adder] converting regular socket connection to ssl
2024-10-04 11:41:45,821 DEBUG sun.util.logging.internal.LoggingProviderImpl$JULWrapper [HikariPool-1 connection adder]  TLSHandshake: database-1.cnaee60qc6yl.us-east-2.rds.amazonaws.com:5432, TLSv1.3, TLS_AES_256_GCM_SHA384, -791690251
2024-10-04 11:41:47,086 DEBUG com.zaxxer.hikari.pool.HikariPool$PoolEntryCreator [HikariPool-1 connection adder] HikariPool-1 - Added connection org.postgresql.jdbc.PgConnection@40f2b871
2024-10-04 11:41:47,087 DEBUG org.postgresql.Driver [HikariPool-1 connection adder] Connecting with URL: jdbc:postgresql://database-1.cnaee60qc6yl.us-east-2.rds.amazonaws.com/clubdb
2024-10-04 11:41:47,087 DEBUG org.postgresql.jdbc.PgConnection [HikariPool-1 connection adder] PostgreSQL JDBC Driver 42.2.14
2024-10-04 11:41:47,088 DEBUG org.postgresql.jdbc.PgConnection [HikariPool-1 connection adder]   setDefaultFetchSize = 0
2024-10-04 11:41:47,088 DEBUG org.postgresql.jdbc.PgConnection [HikariPool-1 connection adder]   setPrepareThreshold = 5
2024-10-04 11:41:47,089 DEBUG org.postgresql.core.v3.ConnectionFactoryImpl [HikariPool-1 connection adder] Trying to establish a protocol version 3 connection to database-1.cnaee60qc6yl.us-east-2.rds.amazonaws.com:5432
2024-10-04 11:41:47,320 DEBUG org.postgresql.core.v3.ConnectionFactoryImpl [HikariPool-1 connection adder] Receive Buffer Size is 65,536
2024-10-04 11:41:47,320 DEBUG org.postgresql.core.v3.ConnectionFactoryImpl [HikariPool-1 connection adder] Send Buffer Size is 65,536
2024-10-04 11:41:47,552 DEBUG org.postgresql.ssl.MakeSSL [HikariPool-1 connection adder] converting regular socket connection to ssl
2024-10-04 11:41:47,801 DEBUG sun.util.logging.internal.LoggingProviderImpl$JULWrapper [HikariPool-1 connection adder]  TLSHandshake: database-1.cnaee60qc6yl.us-east-2.rds.amazonaws.com:5432, TLSv1.3, TLS_AES_256_GCM_SHA384, -791690251
2024-10-04 11:41:48,990 DEBUG com.zaxxer.hikari.pool.HikariPool$PoolEntryCreator [HikariPool-1 connection adder] HikariPool-1 - Added connection org.postgresql.jdbc.PgConnection@5f02e0b
2024-10-04 11:41:48,992 DEBUG org.postgresql.Driver [HikariPool-1 connection adder] Connecting with URL: jdbc:postgresql://database-1.cnaee60qc6yl.us-east-2.rds.amazonaws.com/clubdb
2024-10-04 11:41:48,999 DEBUG org.postgresql.jdbc.PgConnection [HikariPool-1 connection adder] PostgreSQL JDBC Driver 42.2.14
2024-10-04 11:41:49,001 DEBUG org.postgresql.jdbc.PgConnection [HikariPool-1 connection adder]   setDefaultFetchSize = 0
2024-10-04 11:41:49,002 DEBUG org.postgresql.jdbc.PgConnection [HikariPool-1 connection adder]   setPrepareThreshold = 5
2024-10-04 11:41:49,004 DEBUG org.postgresql.core.v3.ConnectionFactoryImpl [HikariPool-1 connection adder] Trying to establish a protocol version 3 connection to database-1.cnaee60qc6yl.us-east-2.rds.amazonaws.com:5432
2024-10-04 11:41:49,251 DEBUG org.postgresql.core.v3.ConnectionFactoryImpl [HikariPool-1 connection adder] Receive Buffer Size is 65,536
2024-10-04 11:41:49,252 DEBUG org.postgresql.core.v3.ConnectionFactoryImpl [HikariPool-1 connection adder] Send Buffer Size is 65,536
2024-10-04 11:41:49,493 DEBUG org.postgresql.ssl.MakeSSL [HikariPool-1 connection adder] converting regular socket connection to ssl
2024-10-04 11:41:49,556 DEBUG sun.rmi.runtime.Log$LoggerLog [RMI TCP Connection(1256)-127.0.0.1] RMI TCP Connection(1256)-127.0.0.1: (port 58565) connection closed
2024-10-04 11:41:49,556 DEBUG sun.rmi.runtime.Log$LoggerLog [RMI TCP Connection(1256)-127.0.0.1] RMI TCP Connection(1256)-127.0.0.1: close connection, socket: Socket[addr=/127.0.0.1,port=57251,localport=58565]
2024-10-04 11:41:49,558 DEBUG sun.rmi.runtime.Log$LoggerLog [RMI TCP Connection(1256)-127.0.0.1] RMI TCP Connection(1256)-127.0.0.1: socket close: Socket[addr=/127.0.0.1,port=57251,localport=58565]
2024-10-04 11:41:49,758 DEBUG sun.util.logging.internal.LoggingProviderImpl$JULWrapper [HikariPool-1 connection adder]  TLSHandshake: database-1.cnaee60qc6yl.us-east-2.rds.amazonaws.com:5432, TLSv1.3, TLS_AES_256_GCM_SHA384, -791690251
2024-10-04 11:41:51,009 DEBUG com.zaxxer.hikari.pool.HikariPool$PoolEntryCreator [HikariPool-1 connection adder] HikariPool-1 - Added connection org.postgresql.jdbc.PgConnection@197e776f
2024-10-04 11:41:51,010 DEBUG org.postgresql.Driver [HikariPool-1 connection adder] Connecting with URL: jdbc:postgresql://database-1.cnaee60qc6yl.us-east-2.rds.amazonaws.com/clubdb
2024-10-04 11:41:51,011 DEBUG org.postgresql.jdbc.PgConnection [HikariPool-1 connection adder] PostgreSQL JDBC Driver 42.2.14
2024-10-04 11:41:51,011 DEBUG org.postgresql.jdbc.PgConnection [HikariPool-1 connection adder]   setDefaultFetchSize = 0
2024-10-04 11:41:51,011 DEBUG org.postgresql.jdbc.PgConnection [HikariPool-1 connection adder]   setPrepareThreshold = 5
2024-10-04 11:41:51,011 DEBUG org.postgresql.core.v3.ConnectionFactoryImpl [HikariPool-1 connection adder] Trying to establish a protocol version 3 connection to database-1.cnaee60qc6yl.us-east-2.rds.amazonaws.com:5432
2024-10-04 11:41:51,250 DEBUG org.postgresql.core.v3.ConnectionFactoryImpl [HikariPool-1 connection adder] Receive Buffer Size is 65,536
2024-10-04 11:41:51,252 DEBUG org.postgresql.core.v3.ConnectionFactoryImpl [HikariPool-1 connection adder] Send Buffer Size is 65,536
2024-10-04 11:41:51,486 DEBUG org.postgresql.ssl.MakeSSL [HikariPool-1 connection adder] converting regular socket connection to ssl
2024-10-04 11:41:51,751 DEBUG sun.util.logging.internal.LoggingProviderImpl$JULWrapper [HikariPool-1 connection adder]  TLSHandshake: database-1.cnaee60qc6yl.us-east-2.rds.amazonaws.com:5432, TLSv1.3, TLS_AES_256_GCM_SHA384, -791690251
2024-10-04 11:41:52,946 DEBUG com.zaxxer.hikari.pool.HikariPool$PoolEntryCreator [HikariPool-1 connection adder] HikariPool-1 - Added connection org.postgresql.jdbc.PgConnection@343f2cd4
2024-10-04 11:41:56,134 DEBUG com.zaxxer.hikari.pool.HikariPool [HikariPool-1 connection closer] HikariPool-1 - Fill pool skipped, pool is at sufficient level.
2024-10-04 11:41:56,135 DEBUG com.zaxxer.hikari.pool.PoolBase [HikariPool-1 connection closer] HikariPool-1 - Closing connection org.postgresql.jdbc.PgConnection@3d34bfa4: (connection has passed maxLifetime)
2024-10-04 11:41:56,409 DEBUG com.zaxxer.hikari.pool.HikariPool [HikariPool-1 connection closer] HikariPool-1 - Fill pool skipped, pool is at sufficient level.
2024-10-04 11:41:56,417 DEBUG com.zaxxer.hikari.pool.PoolBase [HikariPool-1 connection closer] HikariPool-1 - Closing connection org.postgresql.jdbc.PgConnection@72ce45b6: (connection has passed maxLifetime)
2024-10-04 11:41:56,583 DEBUG org.apache.juli.logging.DirectJDKLog [Catalina-utility-1] Start expire sessions StandardManager at 1728022316583 sessioncount 0
2024-10-04 11:41:56,583 DEBUG org.apache.juli.logging.DirectJDKLog [Catalina-utility-1] End expire sessions StandardManager processingTime 0 expired sessions: 0
2024-10-04 11:41:58,924 DEBUG com.zaxxer.hikari.pool.HikariPool [HikariPool-1 housekeeper] HikariPool-1 - Pool stats (total=10, active=0, idle=10, waiting=0)
2024-10-04 11:41:58,942 DEBUG com.zaxxer.hikari.pool.HikariPool [HikariPool-1 housekeeper] HikariPool-1 - Fill pool skipped, pool is at sufficient level.
2024-10-04 11:42:00,719 DEBUG org.postgresql.Driver [HikariPool-1 connection adder] Connecting with URL: jdbc:postgresql://database-1.cnaee60qc6yl.us-east-2.rds.amazonaws.com/clubdb
2024-10-04 11:42:00,721 DEBUG org.postgresql.jdbc.PgConnection [HikariPool-1 connection adder] PostgreSQL JDBC Driver 42.2.14
2024-10-04 11:42:00,722 DEBUG org.postgresql.jdbc.PgConnection [HikariPool-1 connection adder]   setDefaultFetchSize = 0
2024-10-04 11:42:00,722 DEBUG org.postgresql.jdbc.PgConnection [HikariPool-1 connection adder]   setPrepareThreshold = 5
2024-10-04 11:42:00,723 DEBUG org.postgresql.core.v3.ConnectionFactoryImpl [HikariPool-1 connection adder] Trying to establish a protocol version 3 connection to database-1.cnaee60qc6yl.us-east-2.rds.amazonaws.com:5432
2024-10-04 11:42:00,972 DEBUG org.postgresql.core.v3.ConnectionFactoryImpl [HikariPool-1 connection adder] Receive Buffer Size is 65,536
2024-10-04 11:42:00,975 DEBUG org.postgresql.core.v3.ConnectionFactoryImpl [HikariPool-1 connection adder] Send Buffer Size is 65,536
2024-10-04 11:42:01,220 DEBUG org.postgresql.ssl.MakeSSL [HikariPool-1 connection adder] converting regular socket connection to ssl
2024-10-04 11:42:01,490 DEBUG sun.util.logging.internal.LoggingProviderImpl$JULWrapper [HikariPool-1 connection adder]  TLSHandshake: database-1.cnaee60qc6yl.us-east-2.rds.amazonaws.com:5432, TLSv1.3, TLS_AES_256_GCM_SHA384, -791690251
2024-10-04 11:42:02,130 DEBUG sun.rmi.runtime.Log$LoggerLog [RMI TCP Connection(1257)-127.0.0.1] RMI TCP Connection(1257)-127.0.0.1: accepted socket from [127.0.0.1:57281]
2024-10-04 11:42:02,132 DEBUG sun.rmi.runtime.Log$LoggerLog [RMI TCP Connection(1257)-127.0.0.1] RMI TCP Connection(1257)-127.0.0.1: (port 58548) op = 80
2024-10-04 11:42:02,158 DEBUG sun.rmi.runtime.Log$LoggerLog [RMI TCP Connection(1258)-127.0.0.1] RMI TCP Connection(1258)-127.0.0.1: accepted socket from [127.0.0.1:57282]
2024-10-04 11:42:02,158 DEBUG sun.rmi.runtime.Log$LoggerLog [RMI TCP Connection(1258)-127.0.0.1] RMI TCP Connection(1258)-127.0.0.1: (port 58565) op = 80
2024-10-04 11:42:02,159 DEBUG sun.rmi.runtime.Log$LoggerLog [RMI TCP Connection(1258)-127.0.0.1] RMI TCP Connection(1258)-127.0.0.1: name = "[Ljava.rmi.server.ObjID;", codebase = "", defaultLoader = jdk.internal.loader.ClassLoaders$PlatformClassLoader@75dbb639
2024-10-04 11:42:02,160 DEBUG sun.rmi.runtime.Log$LoggerLog [RMI TCP Connection(1258)-127.0.0.1] RMI TCP Connection(1258)-127.0.0.1: name = "java.rmi.server.ObjID", codebase = "", defaultLoader = jdk.internal.loader.ClassLoaders$PlatformClassLoader@75dbb639
2024-10-04 11:42:02,160 DEBUG sun.rmi.runtime.Log$LoggerLog [RMI TCP Connection(1258)-127.0.0.1] RMI TCP Connection(1258)-127.0.0.1: name = "java.rmi.server.UID", codebase = "", defaultLoader = jdk.internal.loader.ClassLoaders$PlatformClassLoader@75dbb639
2024-10-04 11:42:02,160 DEBUG sun.rmi.runtime.Log$LoggerLog [RMI TCP Connection(1258)-127.0.0.1] RMI TCP Connection(1258)-127.0.0.1: name = "java.rmi.dgc.Lease", codebase = "", defaultLoader = jdk.internal.loader.ClassLoaders$PlatformClassLoader@75dbb639
2024-10-04 11:42:02,160 DEBUG sun.rmi.runtime.Log$LoggerLog [RMI TCP Connection(1258)-127.0.0.1] RMI TCP Connection(1258)-127.0.0.1: name = "java.rmi.dgc.VMID", codebase = "", defaultLoader = jdk.internal.loader.ClassLoaders$PlatformClassLoader@75dbb639
2024-10-04 11:42:02,161 DEBUG sun.rmi.runtime.Log$LoggerLog [RMI TCP Connection(1258)-127.0.0.1] RMI TCP Connection(1258)-127.0.0.1: name = "[B", codebase = "", defaultLoader = jdk.internal.loader.ClassLoaders$PlatformClassLoader@75dbb639
2024-10-04 11:42:02,165 DEBUG sun.rmi.runtime.Log$LoggerLog [RMI TCP Connection(1257)-127.0.0.1] RMI TCP Connection(1257)-127.0.0.1: (port 58548) op = 82
2024-10-04 11:42:02,166 DEBUG sun.rmi.runtime.Log$LoggerLog [RMI TCP Connection(1257)-127.0.0.1] RMI TCP Connection(1257)-127.0.0.1: (port 58548) op = 84
2024-10-04 11:42:02,166 DEBUG sun.rmi.runtime.Log$LoggerLog [RMI TCP Connection(1258)-127.0.0.1] RMI TCP Connection(1258)-127.0.0.1: (port 58565) op = 80
2024-10-04 11:42:02,190 DEBUG sun.rmi.runtime.Log$LoggerLog [RMI TCP Connection(1258)-127.0.0.1] RMI TCP Connection(1258)-127.0.0.1: (port 58565) op = 80
2024-10-04 11:42:02,190 DEBUG sun.rmi.runtime.Log$LoggerLog [RMI TCP Connection(1258)-127.0.0.1] RMI TCP Connection(1258)-127.0.0.1: name = "[Ljava.rmi.server.ObjID;", codebase = "", defaultLoader = jdk.internal.loader.ClassLoaders$PlatformClassLoader@75dbb639
2024-10-04 11:42:02,191 DEBUG sun.rmi.runtime.Log$LoggerLog [RMI TCP Connection(1258)-127.0.0.1] RMI TCP Connection(1258)-127.0.0.1: name = "java.rmi.server.ObjID", codebase = "", defaultLoader = jdk.internal.loader.ClassLoaders$PlatformClassLoader@75dbb639
2024-10-04 11:42:02,192 DEBUG sun.rmi.runtime.Log$LoggerLog [RMI TCP Connection(1258)-127.0.0.1] RMI TCP Connection(1258)-127.0.0.1: name = "java.rmi.server.UID", codebase = "", defaultLoader = jdk.internal.loader.ClassLoaders$PlatformClassLoader@75dbb639
2024-10-04 11:42:02,192 DEBUG sun.rmi.runtime.Log$LoggerLog [RMI TCP Connection(1258)-127.0.0.1] RMI TCP Connection(1258)-127.0.0.1: name = "java.rmi.dgc.Lease", codebase = "", defaultLoader = jdk.internal.loader.ClassLoaders$PlatformClassLoader@75dbb639
2024-10-04 11:42:02,192 DEBUG sun.rmi.runtime.Log$LoggerLog [RMI TCP Connection(1258)-127.0.0.1] RMI TCP Connection(1258)-127.0.0.1: name = "java.rmi.dgc.VMID", codebase = "", defaultLoader = jdk.internal.loader.ClassLoaders$PlatformClassLoader@75dbb639
2024-10-04 11:42:02,192 DEBUG sun.rmi.runtime.Log$LoggerLog [RMI TCP Connection(1258)-127.0.0.1] RMI TCP Connection(1258)-127.0.0.1: name = "[B", codebase = "", defaultLoader = jdk.internal.loader.ClassLoaders$PlatformClassLoader@75dbb639
2024-10-04 11:42:02,193 DEBUG sun.rmi.runtime.Log$LoggerLog [RMI TCP Connection(1258)-127.0.0.1] RMI TCP Connection(1258)-127.0.0.1: (port 58565) op = 84
2024-10-04 11:42:02,195 DEBUG sun.rmi.runtime.Log$LoggerLog [RMI TCP Connection(1258)-127.0.0.1] RMI TCP Connection(1258)-127.0.0.1: (port 58565) op = 80
2024-10-04 11:42:02,203 DEBUG sun.rmi.runtime.Log$LoggerLog [RMI TCP Connection(1258)-127.0.0.1] RMI TCP Connection(1258)-127.0.0.1: (port 58565) op = 80
2024-10-04 11:42:02,204 DEBUG sun.rmi.runtime.Log$LoggerLog [RMI TCP Connection(1258)-127.0.0.1] RMI TCP Connection(1258)-127.0.0.1: name = "javax.management.ObjectName", codebase = ""
2024-10-04 11:42:02,227 DEBUG sun.rmi.runtime.Log$LoggerLog [RMI TCP Connection(1258)-127.0.0.1] RMI TCP Connection(1258)-127.0.0.1: name = "java.rmi.MarshalledObject", codebase = ""
2024-10-04 11:42:02,238 DEBUG sun.util.logging.internal.LoggingProviderImpl$JULWrapper [RMI TCP Connection(1258)-127.0.0.1] connectionId=rmi://127.0.0.1  12 unwrapping params with MBean extended ClassLoader.
2024-10-04 11:42:02,268 DEBUG sun.util.logging.internal.LoggingProviderImpl$JULWrapper [RMI TCP Connection(1258)-127.0.0.1] connectionId=rmi://127.0.0.1  12, name=org.springframework.boot:type=Admin,name=SpringApplication, operationName=shutdown, signature=null
2024-10-04 11:42:02,309 INFO org.springframework.boot.admin.SpringApplicationAdminMXBeanRegistrar$SpringApplicationAdmin [RMI TCP Connection(1258)-127.0.0.1] Application shutdown requested.
2024-10-04 11:42:02,418 DEBUG org.springframework.context.support.AbstractApplicationContext [RMI TCP Connection(1258)-127.0.0.1] Closing org.springframework.boot.web.servlet.context.AnnotationConfigServletWebServerApplicationContext@17a87e37, started on Mon Sep 30 22:56:53 IST 2024
2024-10-04 11:42:02,780 DEBUG com.zaxxer.hikari.pool.HikariPool$PoolEntryCreator [HikariPool-1 connection adder] HikariPool-1 - Added connection org.postgresql.jdbc.PgConnection@658967c6
2024-10-04 11:42:03,561 DEBUG org.springframework.context.support.DefaultLifecycleProcessor$LifecycleGroup [RMI TCP Connection(1258)-127.0.0.1] Stopping beans in phase 2147483647
2024-10-04 11:42:04,541 DEBUG org.springframework.context.support.DefaultLifecycleProcessor [RMI TCP Connection(1258)-127.0.0.1] Bean 'webServerGracefulShutdown' completed its stop procedure
2024-10-04 11:42:04,552 DEBUG org.springframework.context.support.DefaultLifecycleProcessor$LifecycleGroup [RMI TCP Connection(1258)-127.0.0.1] Stopping beans in phase 2147483646
2024-10-04 11:42:05,750 DEBUG org.springframework.context.support.DefaultLifecycleProcessor [RMI TCP Connection(1258)-127.0.0.1] Bean 'webServerStartStop' completed its stop procedure
2024-10-04 11:42:05,831 DEBUG org.springframework.jmx.export.MBeanExporter [RMI TCP Connection(1258)-127.0.0.1] Unregistering JMX-exposed beans on shutdown
2024-10-04 11:42:06,027 DEBUG org.springframework.jmx.support.MBeanRegistrationSupport [RMI TCP Connection(1258)-127.0.0.1] Unregistering JMX-exposed beans
2024-10-04 11:42:06,040 INFO org.springframework.orm.jpa.AbstractEntityManagerFactoryBean [RMI TCP Connection(1258)-127.0.0.1] Closing JPA EntityManagerFactory for persistence unit 'default'
2024-10-04 11:42:06,065 DEBUG org.hibernate.internal.SessionFactoryImpl [RMI TCP Connection(1258)-127.0.0.1] HHH000031: Closing
2024-10-04 11:42:06,118 DEBUG org.hibernate.type.spi.TypeConfiguration$Scope [RMI TCP Connection(1258)-127.0.0.1] Un-scoping TypeConfiguration [org.hibernate.type.spi.TypeConfiguration$Scope@4f3d3df1] from SessionFactory [org.hibernate.internal.SessionFactoryImpl@726cc2ee]
2024-10-04 11:42:06,223 DEBUG org.hibernate.service.internal.AbstractServiceRegistryImpl [RMI TCP Connection(1258)-127.0.0.1] Implicitly destroying ServiceRegistry on de-registration of all child ServiceRegistries
2024-10-04 11:42:06,239 DEBUG org.hibernate.boot.registry.internal.BootstrapServiceRegistryImpl [RMI TCP Connection(1258)-127.0.0.1] Implicitly destroying Boot-strap registry on de-registration of all child ServiceRegistries
2024-10-04 11:42:06,246 INFO org.springframework.scheduling.concurrent.ExecutorConfigurationSupport [RMI TCP Connection(1258)-127.0.0.1] Shutting down ExecutorService 'applicationTaskExecutor'
2024-10-04 11:42:06,255 INFO com.zaxxer.hikari.HikariDataSource [RMI TCP Connection(1258)-127.0.0.1] HikariPool-1 - Shutdown initiated...
2024-10-04 11:42:06,256 DEBUG com.zaxxer.hikari.pool.HikariPool [RMI TCP Connection(1258)-127.0.0.1] HikariPool-1 - Before shutdown stats (total=9, active=0, idle=9, waiting=0)
2024-10-04 11:42:06,516 DEBUG com.zaxxer.hikari.pool.PoolBase [RMI TCP Connection(1258)-127.0.0.1] HikariPool-1 - Closing connection org.postgresql.jdbc.PgConnection@5f02e0b: (connection evicted)
2024-10-04 11:42:06,754 DEBUG com.zaxxer.hikari.pool.PoolBase [RMI TCP Connection(1258)-127.0.0.1] HikariPool-1 - Closing connection org.postgresql.jdbc.PgConnection@197e776f: (connection evicted)
2024-10-04 11:42:06,995 DEBUG com.zaxxer.hikari.pool.PoolBase [RMI TCP Connection(1258)-127.0.0.1] HikariPool-1 - Closing connection org.postgresql.jdbc.PgConnection@343f2cd4: (connection evicted)
2024-10-04 11:42:07,228 DEBUG com.zaxxer.hikari.pool.PoolBase [RMI TCP Connection(1258)-127.0.0.1] HikariPool-1 - Closing connection org.postgresql.jdbc.PgConnection@658967c6: (connection evicted)
2024-10-04 11:42:07,230 DEBUG com.zaxxer.hikari.pool.HikariPool$PoolEntryCreator [HikariPool-1 connection adder] HikariPool-1 - Added connection org.postgresql.jdbc.PgConnection@6b4e9507
2024-10-04 11:42:07,498 DEBUG com.zaxxer.hikari.pool.PoolBase [RMI TCP Connection(1258)-127.0.0.1] HikariPool-1 - Closing connection org.postgresql.jdbc.PgConnection@6b4e9507: (connection evicted)
2024-10-04 11:42:11,427 DEBUG com.zaxxer.hikari.pool.PoolBase [HikariPool-1 connection closer] HikariPool-1 - Closing connection org.postgresql.jdbc.PgConnection@45ca1e69: (connection has passed maxLifetime)
2024-10-04 11:42:17,740 DEBUG com.zaxxer.hikari.pool.HikariPool [RMI TCP Connection(1258)-127.0.0.1] HikariPool-1 - After shutdown stats (total=0, active=0, idle=0, waiting=0)
2024-10-04 11:42:17,742 INFO com.zaxxer.hikari.HikariDataSource [RMI TCP Connection(1258)-127.0.0.1] HikariPool-1 - Shutdown completed.
