2024-06-25 17:02:42,851 DEBUG org.springframework.security.access.intercept.AbstractSecurityInterceptor [http-nio-8084-exec-4] Secure object: FilterInvocation: URL: /slot/listallslot; Attributes: [permitAll]
2024-06-25 17:02:42,850 DEBUG org.springframework.security.web.util.matcher.OrRequestMatcher [http-nio-8084-exec-10] Trying to match using Ant [pattern='/logout', PUT]
2024-06-25 17:02:42,854 DEBUG org.springframework.security.web.util.matcher.AntPathRequestMatcher [http-nio-8084-exec-10] Request 'POST /slot/listallslot' doesn't match 'PUT /logout'
2024-06-25 17:02:42,854 DEBUG org.springframework.security.access.intercept.AbstractSecurityInterceptor [http-nio-8084-exec-4] Previously Authenticated: org.springframework.security.authentication.AnonymousAuthenticationToken@31e194fe: Principal: anonymousUser; Credentials: [PROTECTED]; Authenticated: true; Details: org.springframework.security.web.authentication.WebAuthenticationDetails@b364: RemoteIpAddress: 0:0:0:0:0:0:0:1; SessionId: null; Granted Authorities: ROLE_ANONYMOUS
2024-06-25 17:02:42,855 DEBUG org.springframework.security.web.util.matcher.OrRequestMatcher [http-nio-8084-exec-10] Trying to match using Ant [pattern='/logout', DELETE]
2024-06-25 17:02:42,859 DEBUG org.springframework.security.web.util.matcher.AntPathRequestMatcher [http-nio-8084-exec-10] Request 'POST /slot/listallslot' doesn't match 'DELETE /logout'
2024-06-25 17:02:42,860 DEBUG org.springframework.security.access.vote.AffirmativeBased [http-nio-8084-exec-4] Voter: org.springframework.security.web.access.expression.WebExpressionVoter@7e48fa64, returned: 1
2024-06-25 17:02:42,860 DEBUG org.springframework.security.web.util.matcher.OrRequestMatcher [http-nio-8084-exec-10] No matches found
2024-06-25 17:02:42,860 DEBUG org.springframework.security.access.intercept.AbstractSecurityInterceptor [http-nio-8084-exec-4] Authorization successful
2024-06-25 17:02:42,860 DEBUG org.springframework.security.web.FilterChainProxy$VirtualFilterChain [http-nio-8084-exec-10] /slot/listallslot at position 6 of 11 in additional filter chain; firing Filter: 'RequestCacheAwareFilter'
2024-06-25 17:02:42,860 DEBUG org.springframework.security.web.FilterChainProxy$VirtualFilterChain [http-nio-8084-exec-10] /slot/listallslot at position 7 of 11 in additional filter chain; firing Filter: 'SecurityContextHolderAwareRequestFilter'
2024-06-25 17:02:42,860 DEBUG org.springframework.security.access.intercept.AbstractSecurityInterceptor [http-nio-8084-exec-4] RunAsManager did not change Authentication object
2024-06-25 17:02:42,860 DEBUG org.springframework.security.web.FilterChainProxy$VirtualFilterChain [http-nio-8084-exec-10] /slot/listallslot at position 8 of 11 in additional filter chain; firing Filter: 'AnonymousAuthenticationFilter'
2024-06-25 17:02:42,860 DEBUG org.springframework.security.web.FilterChainProxy$VirtualFilterChain [http-nio-8084-exec-4] /slot/listallslot reached end of additional filter chain; proceeding with original chain
2024-06-25 17:02:42,861 DEBUG org.springframework.security.web.authentication.AnonymousAuthenticationFilter [http-nio-8084-exec-10] Populated SecurityContextHolder with anonymous token: 'org.springframework.security.authentication.AnonymousAuthenticationToken@31e194fe: Principal: anonymousUser; Credentials: [PROTECTED]; Authenticated: true; Details: org.springframework.security.web.authentication.WebAuthenticationDetails@b364: RemoteIpAddress: 0:0:0:0:0:0:0:1; SessionId: null; Granted Authorities: ROLE_ANONYMOUS'
2024-06-25 17:02:42,861 WARN com.booking.config.JwtAuthenticationFilter [http-nio-8084-exec-4] Couldn't find bearer string, header will be ignored
2024-06-25 17:02:42,861 DEBUG org.springframework.security.web.FilterChainProxy$VirtualFilterChain [http-nio-8084-exec-10] /slot/listallslot at position 9 of 11 in additional filter chain; firing Filter: 'SessionManagementFilter'
2024-06-25 17:02:42,861 DEBUG org.springframework.security.web.FilterChainProxy$VirtualFilterChain [http-nio-8084-exec-10] /slot/listallslot at position 10 of 11 in additional filter chain; firing Filter: 'ExceptionTranslationFilter'
2024-06-25 17:02:42,861 DEBUG org.springframework.web.servlet.handler.AbstractHandlerMapping [http-nio-8084-exec-4] Mapped to com.booking.controller.SlotController#ListAllSlot(ClubSlot)
2024-06-25 17:02:42,861 DEBUG org.springframework.security.web.FilterChainProxy$VirtualFilterChain [http-nio-8084-exec-10] /slot/listallslot at position 11 of 11 in additional filter chain; firing Filter: 'FilterSecurityInterceptor'
2024-06-25 17:02:42,862 INFO com.booking.logger.SpringLoggingFilter [http-nio-8084-exec-4] Request: method=POST, uri=/slot/listallslot, payload={}, audit=true
2024-06-25 17:02:42,863 DEBUG org.springframework.security.web.util.matcher.AntPathRequestMatcher [http-nio-8084-exec-10] Request '/slot/listallslot' matched by universal pattern '/**'
2024-06-25 17:02:42,863 DEBUG org.apache.juli.logging.DirectJDKLog [http-nio-8084-exec-4] Set encoding to UTF-8
2024-06-25 17:02:42,863 DEBUG org.springframework.security.access.intercept.AbstractSecurityInterceptor [http-nio-8084-exec-10] Secure object: FilterInvocation: URL: /slot/listallslot; Attributes: [permitAll]
2024-06-25 17:02:42,863 DEBUG org.springframework.core.log.LogFormatUtils [http-nio-8084-exec-4] POST "/slot/listallslot", parameters={}
2024-06-25 17:02:42,864 DEBUG org.springframework.security.access.intercept.AbstractSecurityInterceptor [http-nio-8084-exec-10] Previously Authenticated: org.springframework.security.authentication.AnonymousAuthenticationToken@31e194fe: Principal: anonymousUser; Credentials: [PROTECTED]; Authenticated: true; Details: org.springframework.security.web.authentication.WebAuthenticationDetails@b364: RemoteIpAddress: 0:0:0:0:0:0:0:1; SessionId: null; Granted Authorities: ROLE_ANONYMOUS
2024-06-25 17:02:42,864 DEBUG org.springframework.web.servlet.handler.AbstractHandlerMapping [http-nio-8084-exec-4] Mapped to com.booking.controller.SlotController#ListAllSlot(ClubSlot)
2024-06-25 17:02:42,864 DEBUG org.springframework.security.access.vote.AffirmativeBased [http-nio-8084-exec-10] Voter: org.springframework.security.web.access.expression.WebExpressionVoter@7e48fa64, returned: 1
2024-06-25 17:02:42,864 DEBUG org.springframework.orm.jpa.support.OpenEntityManagerInViewInterceptor [http-nio-8084-exec-4] Opening JPA EntityManager in OpenEntityManagerInViewInterceptor
2024-06-25 17:02:42,864 DEBUG org.springframework.security.access.intercept.AbstractSecurityInterceptor [http-nio-8084-exec-10] Authorization successful
2024-06-25 17:02:42,864 DEBUG org.springframework.security.access.intercept.AbstractSecurityInterceptor [http-nio-8084-exec-10] RunAsManager did not change Authentication object
2024-06-25 17:02:42,865 DEBUG org.springframework.security.web.FilterChainProxy$VirtualFilterChain [http-nio-8084-exec-10] /slot/listallslot reached end of additional filter chain; proceeding with original chain
2024-06-25 17:02:42,865 WARN com.booking.config.JwtAuthenticationFilter [http-nio-8084-exec-10] Couldn't find bearer string, header will be ignored
2024-06-25 17:02:42,865 DEBUG org.springframework.core.log.LogFormatUtils [http-nio-8084-exec-4] Read "application/json;charset=UTF-8" to [com.booking.model.slot.ClubSlot@49579d54]
2024-06-25 17:02:42,866 DEBUG org.springframework.web.servlet.handler.AbstractHandlerMapping [http-nio-8084-exec-10] Mapped to com.booking.controller.SlotController#ListAllSlot(ClubSlot)
2024-06-25 17:02:42,866 INFO com.booking.logger.SpringLoggingFilter [http-nio-8084-exec-10] Request: method=POST, uri=/slot/listallslot, payload={}, audit=true
2024-06-25 17:02:42,867 DEBUG org.apache.juli.logging.DirectJDKLog [http-nio-8084-exec-10] Set encoding to UTF-8
2024-06-25 17:02:42,867 DEBUG org.springframework.core.log.LogFormatUtils [http-nio-8084-exec-10] POST "/slot/listallslot", parameters={}
2024-06-25 17:02:42,868 DEBUG org.hibernate.engine.jdbc.spi.SqlStatementLogger [http-nio-8084-exec-4]  select cs.slot_id as slotId, cs.club_name as clubName, cs.created_by as createdBy, cs.created_date as createdDate, cs.player_count as playerCount, cs.primary_booking_id as primaryBookingId, cs.secondary_booking as secondaryBooking, cs.slot_available as slotAvailable, cs.slot_date as slotDate, cs.slot_end_timestmp as slotEndTimestmp, cs.slot_start_timestmp as slotStartTimeStamp, cs.slot_status as slotStatus, cs.tee_time as teeTime from club_slot cs where cs.slot_start_timestmp >? order by cs.slot_start_timestmp asc

2024-06-25 17:02:42,873 DEBUG org.springframework.web.servlet.handler.AbstractHandlerMapping [http-nio-8084-exec-10] Mapped to com.booking.controller.SlotController#ListAllSlot(ClubSlot)
2024-06-25 17:02:42,873 DEBUG org.springframework.orm.jpa.support.OpenEntityManagerInViewInterceptor [http-nio-8084-exec-10] Opening JPA EntityManager in OpenEntityManagerInViewInterceptor
2024-06-25 17:02:42,874 DEBUG org.springframework.core.log.LogFormatUtils [http-nio-8084-exec-10] Read "application/json;charset=UTF-8" to [com.booking.model.slot.ClubSlot@1a136aaa]
2024-06-25 17:02:42,876 DEBUG org.hibernate.engine.jdbc.spi.SqlStatementLogger [http-nio-8084-exec-10]  select cs.slot_id as slotId, cs.club_name as clubName, cs.created_by as createdBy, cs.created_date as createdDate, cs.player_count as playerCount, cs.primary_booking_id as primaryBookingId, cs.secondary_booking as secondaryBooking, cs.slot_available as slotAvailable, cs.slot_date as slotDate, cs.slot_end_timestmp as slotEndTimestmp, cs.slot_start_timestmp as slotStartTimeStamp, cs.slot_status as slotStatus, cs.tee_time as teeTime from club_slot cs where cs.slot_start_timestmp >? order by cs.slot_start_timestmp asc

2024-06-25 17:02:43,345 DEBUG org.jboss.logging.DelegatingBasicLogger [http-nio-8084-exec-10] Result set row: 0
2024-06-25 17:02:43,346 DEBUG org.hibernate.loader.Loader [http-nio-8084-exec-10] Result row: 
2024-06-25 17:02:43,347 DEBUG org.jboss.logging.DelegatingBasicLogger [http-nio-8084-exec-10] Result set row: 1
2024-06-25 17:02:43,347 DEBUG org.hibernate.loader.Loader [http-nio-8084-exec-10] Result row: 
2024-06-25 17:02:43,348 DEBUG org.jboss.logging.DelegatingBasicLogger [http-nio-8084-exec-10] Result set row: 2
2024-06-25 17:02:43,348 DEBUG org.hibernate.loader.Loader [http-nio-8084-exec-10] Result row: 
2024-06-25 17:02:43,349 DEBUG org.jboss.logging.DelegatingBasicLogger [http-nio-8084-exec-10] Result set row: 3
2024-06-25 17:02:43,349 DEBUG org.hibernate.loader.Loader [http-nio-8084-exec-10] Result row: 
2024-06-25 17:02:43,350 DEBUG org.jboss.logging.DelegatingBasicLogger [http-nio-8084-exec-10] Result set row: 4
2024-06-25 17:02:43,350 DEBUG org.hibernate.loader.Loader [http-nio-8084-exec-10] Result row: 
2024-06-25 17:02:43,351 DEBUG org.jboss.logging.DelegatingBasicLogger [http-nio-8084-exec-10] Result set row: 5
2024-06-25 17:02:43,352 DEBUG org.hibernate.loader.Loader [http-nio-8084-exec-10] Result row: 
2024-06-25 17:02:43,354 DEBUG org.jboss.logging.DelegatingBasicLogger [http-nio-8084-exec-10] Result set row: 6
2024-06-25 17:02:43,354 DEBUG org.hibernate.loader.Loader [http-nio-8084-exec-10] Result row: 
2024-06-25 17:02:43,355 DEBUG org.jboss.logging.DelegatingBasicLogger [http-nio-8084-exec-10] Result set row: 7
2024-06-25 17:02:43,356 DEBUG org.hibernate.loader.Loader [http-nio-8084-exec-10] Result row: 
2024-06-25 17:02:43,357 DEBUG org.jboss.logging.DelegatingBasicLogger [http-nio-8084-exec-10] Result set row: 8
2024-06-25 17:02:43,357 DEBUG org.hibernate.loader.Loader [http-nio-8084-exec-10] Result row: 
2024-06-25 17:02:43,358 DEBUG org.jboss.logging.DelegatingBasicLogger [http-nio-8084-exec-10] Result set row: 9
2024-06-25 17:02:43,358 DEBUG org.hibernate.loader.Loader [http-nio-8084-exec-10] Result row: 
2024-06-25 17:02:43,359 DEBUG org.jboss.logging.DelegatingBasicLogger [http-nio-8084-exec-10] Result set row: 10
2024-06-25 17:02:43,359 DEBUG org.hibernate.loader.Loader [http-nio-8084-exec-10] Result row: 
2024-06-25 17:02:43,360 DEBUG org.jboss.logging.DelegatingBasicLogger [http-nio-8084-exec-10] Result set row: 11
2024-06-25 17:02:43,360 DEBUG org.hibernate.loader.Loader [http-nio-8084-exec-10] Result row: 
2024-06-25 17:02:43,360 DEBUG org.jboss.logging.DelegatingBasicLogger [http-nio-8084-exec-10] Result set row: 12
2024-06-25 17:02:43,361 DEBUG org.hibernate.loader.Loader [http-nio-8084-exec-10] Result row: 
2024-06-25 17:02:43,361 DEBUG org.jboss.logging.DelegatingBasicLogger [http-nio-8084-exec-10] Result set row: 13
2024-06-25 17:02:43,362 DEBUG org.hibernate.loader.Loader [http-nio-8084-exec-10] Result row: 
2024-06-25 17:02:43,362 DEBUG org.jboss.logging.DelegatingBasicLogger [http-nio-8084-exec-10] Result set row: 14
2024-06-25 17:02:43,362 DEBUG org.hibernate.loader.Loader [http-nio-8084-exec-10] Result row: 
2024-06-25 17:02:43,365 DEBUG org.jboss.logging.DelegatingBasicLogger [http-nio-8084-exec-10] Result set row: 15
2024-06-25 17:02:43,366 DEBUG org.hibernate.loader.Loader [http-nio-8084-exec-10] Result row: 
2024-06-25 17:02:43,366 DEBUG org.jboss.logging.DelegatingBasicLogger [http-nio-8084-exec-10] Result set row: 16
2024-06-25 17:02:43,366 DEBUG org.hibernate.loader.Loader [http-nio-8084-exec-10] Result row: 
2024-06-25 17:02:43,367 DEBUG org.jboss.logging.DelegatingBasicLogger [http-nio-8084-exec-10] Result set row: 17
2024-06-25 17:02:43,367 DEBUG org.hibernate.loader.Loader [http-nio-8084-exec-10] Result row: 
2024-06-25 17:02:43,368 DEBUG org.jboss.logging.DelegatingBasicLogger [http-nio-8084-exec-10] Result set row: 18
2024-06-25 17:02:43,369 DEBUG org.hibernate.loader.Loader [http-nio-8084-exec-10] Result row: 
2024-06-25 17:02:43,370 DEBUG org.jboss.logging.DelegatingBasicLogger [http-nio-8084-exec-10] Result set row: 19
2024-06-25 17:02:43,371 DEBUG org.hibernate.loader.Loader [http-nio-8084-exec-10] Result row: 
2024-06-25 17:02:43,376 DEBUG org.springframework.web.servlet.mvc.method.annotation.AbstractMessageConverterMethodProcessor [http-nio-8084-exec-10] Using 'application/json', given [application/json, text/plain, */*] and supported [application/json, application/*+json, application/json, application/*+json]
2024-06-25 17:02:43,378 DEBUG org.springframework.core.log.LogFormatUtils [http-nio-8084-exec-10] Writing [{slotList=[org.springframework.data.jpa.repository.query.AbstractJpaQuery$TupleConverter$TupleBacked (truncated)...]
2024-06-25 17:02:43,390 DEBUG org.springframework.security.web.header.writers.HstsHeaderWriter [http-nio-8084-exec-10] Not injecting HSTS header since it did not match the requestMatcher org.springframework.security.web.header.writers.HstsHeaderWriter$SecureRequestMatcher@66e3d68f
2024-06-25 17:02:43,391 DEBUG org.springframework.orm.jpa.support.OpenEntityManagerInViewInterceptor [http-nio-8084-exec-10] Closing JPA EntityManager in OpenEntityManagerInViewInterceptor
2024-06-25 17:02:43,393 DEBUG org.springframework.web.servlet.FrameworkServlet [http-nio-8084-exec-10] Completed 200 OK
2024-06-25 17:02:43,394 INFO com.booking.logger.SpringLoggingFilter [http-nio-8084-exec-10] Response(528 ms): status=200, payload={"slotList":[{"playerCount":3,"slotStatus":"Blocked for VIP","slotDate":"2024-06-25","slotId":454,"primaryBookingId":0,"slotStartTimeStamp":"2024-06-25T12:31:00.345+00:00","secondaryBooking":"Y","teeTime":"T1","slotDuration":null,"clubName":"Bhubaneswar Golf Club!","createdBy":"Admin","slotAvailable":"Y","createdDate":"2024-06-25T11:31:31.641+00:00","slotEndTimeStmp":"2024-06-25T12:51:00.345+00:00"},{"playerCount":3,"slotStatus":"Created","slotDate":"2024-06-25","slotId":455,"primaryBookingId":0,"slotStartTimeStamp":"2024-06-25T12:51:00.345+00:00","secondaryBooking":"Y","teeTime":"T1","slotDuration":null,"clubName":"Bhubaneswar Golf Club!","createdBy":"Admin","slotAvailable":"Y","createdDate":"2024-06-25T11:31:31.641+00:00","slotEndTimeStmp":"2024-06-25T13:11:00.345+00:00"},{"playerCount":3,"slotStatus":"Created","slotDate":"2024-06-25","slotId":456,"primaryBookingId":0,"slotStartTimeStamp":"2024-06-25T13:11:00.345+00:00","secondaryBooking":"Y","teeTime":"T1","slotDuration":null,"clubName":"Bhubaneswar Golf Club!","createdBy":"Admin","slotAvailable":"Y","createdDate":"2024-06-25T11:31:31.641+00:00","slotEndTimeStmp":"2024-06-25T13:31:00.345+00:00"},{"playerCount":3,"slotStatus":"Created","slotDate":"2024-06-25","slotId":457,"primaryBookingId":0,"slotStartTimeStamp":"2024-06-25T13:31:00.345+00:00","secondaryBooking":"Y","teeTime":"T1","slotDuration":null,"clubName":"Bhubaneswar Golf Club!","createdBy":"Admin","slotAvailable":"Y","createdDate":"2024-06-25T11:31:31.641+00:00","slotEndTimeStmp":"2024-06-25T13:51:00.345+00:00"},{"playerCount":3,"slotStatus":"Created","slotDate":"2024-06-25","slotId":458,"primaryBookingId":0,"slotStartTimeStamp":"2024-06-25T13:51:00.345+00:00","secondaryBooking":"Y","teeTime":"T1","slotDuration":null,"clubName":"Bhubaneswar Golf Club!","createdBy":"Admin","slotAvailable":"Y","createdDate":"2024-06-25T11:31:31.641+00:00","slotEndTimeStmp":"2024-06-25T14:11:00.345+00:00"},{"playerCount":3,"slotStatus":"Created","slotDate":"2024-06-25","slotId":459,"primaryBookingId":0,"slotStartTimeStamp":"2024-06-25T14:11:00.345+00:00","secondaryBooking":"Y","teeTime":"T1","slotDuration":null,"clubName":"Bhubaneswar Golf Club!","createdBy":"Admin","slotAvailable":"Y","createdDate":"2024-06-25T11:31:31.641+00:00","slotEndTimeStmp":"2024-06-25T14:31:00.345+00:00"},{"playerCount":3,"slotStatus":"Created","slotDate":"2024-06-25","slotId":460,"primaryBookingId":0,"slotStartTimeStamp":"2024-06-25T14:31:00.345+00:00","secondaryBooking":"Y","teeTime":"T1","slotDuration":null,"clubName":"Bhubaneswar Golf Club!","createdBy":"Admin","slotAvailable":"Y","createdDate":"2024-06-25T11:31:31.641+00:00","slotEndTimeStmp":"2024-06-25T14:51:00.345+00:00"},{"playerCount":3,"slotStatus":"Created","slotDate":"2024-06-26","slotId":461,"primaryBookingId":0,"slotStartTimeStamp":"2024-06-26T12:31:00.345+00:00","secondaryBooking":"Y","teeTime":"T1","slotDuration":null,"clubName":"Bhubaneswar Golf Club!","createdBy":"Admin","slotAvailable":"Y","createdDate":"2024-06-25T11:31:31.641+00:00","slotEndTimeStmp":"2024-06-26T12:51:00.345+00:00"},{"playerCount":3,"slotStatus":"Created","slotDate":"2024-06-26","slotId":462,"primaryBookingId":0,"slotStartTimeStamp":"2024-06-26T12:51:00.345+00:00","secondaryBooking":"Y","teeTime":"T1","slotDuration":null,"clubName":"Bhubaneswar Golf Club!","createdBy":"Admin","slotAvailable":"Y","createdDate":"2024-06-25T11:31:31.641+00:00","slotEndTimeStmp":"2024-06-26T13:11:00.345+00:00"},{"playerCount":3,"slotStatus":"Created","slotDate":"2024-06-26","slotId":463,"primaryBookingId":0,"slotStartTimeStamp":"2024-06-26T13:11:00.345+00:00","secondaryBooking":"Y","teeTime":"T1","slotDuration":null,"clubName":"Bhubaneswar Golf Club!","createdBy":"Admin","slotAvailable":"Y","createdDate":"2024-06-25T11:31:31.641+00:00","slotEndTimeStmp":"2024-06-26T13:31:00.345+00:00"},{"playerCount":3,"slotStatus":"Created","slotDate":"2024-06-26","slotId":464,"primaryBookingId":0,"slotStartTimeStamp":"2024-06-26T13:31:00.345+00:00","secondaryBooking":"Y","teeTime":"T1","slotDuration":null,"clubName":"Bhubaneswar Golf Club!","createdBy":"Admin","slotAvailable":"Y","createdDate":"2024-06-25T11:31:31.641+00:00","slotEndTimeStmp":"2024-06-26T13:51:00.345+00:00"},{"playerCount":3,"slotStatus":"Created","slotDate":"2024-06-26","slotId":465,"primaryBookingId":0,"slotStartTimeStamp":"2024-06-26T13:51:00.345+00:00","secondaryBooking":"Y","teeTime":"T1","slotDuration":null,"clubName":"Bhubaneswar Golf Club!","createdBy":"Admin","slotAvailable":"Y","createdDate":"2024-06-25T11:31:31.641+00:00","slotEndTimeStmp":"2024-06-26T14:11:00.345+00:00"},{"playerCount":3,"slotStatus":"Created","slotDate":"2024-06-26","slotId":466,"primaryBookingId":0,"slotStartTimeStamp":"2024-06-26T14:11:00.345+00:00","secondaryBooking":"Y","teeTime":"T1","slotDuration":null,"clubName":"Bhubaneswar Golf Club!","createdBy":"Admin","slotAvailable":"Y","createdDate":"2024-06-25T11:31:31.641+00:00","slotEndTimeStmp":"2024-06-26T14:31:00.345+00:00"},{"playerCount":3,"slotStatus":"Created","slotDate":"2024-06-26","slotId":467,"primaryBookingId":0,"slotStartTimeStamp":"2024-06-26T14:31:00.345+00:00","secondaryBooking":"Y","teeTime":"T1","slotDuration":null,"clubName":"Bhubaneswar Golf Club!","createdBy":"Admin","slotAvailable":"Y","createdDate":"2024-06-25T11:31:31.641+00:00","slotEndTimeStmp":"2024-06-26T14:51:00.345+00:00"},{"playerCount":3,"slotStatus":"Created","slotDate":"2024-06-27","slotId":468,"primaryBookingId":0,"slotStartTimeStamp":"2024-06-27T12:31:00.345+00:00","secondaryBooking":"Y","teeTime":"T1","slotDuration":null,"clubName":"Bhubaneswar Golf Club!","createdBy":"Admin","slotAvailable":"Y","createdDate":"2024-06-25T11:31:31.641+00:00","slotEndTimeStmp":"2024-06-27T12:51:00.345+00:00"},{"playerCount":3,"slotStatus":"Created","slotDate":"2024-06-27","slotId":469,"primaryBookingId":0,"slotStartTimeStamp":"2024-06-27T12:51:00.345+00:00","secondaryBooking":"Y","teeTime":"T1","slotDuration":null,"clubName":"Bhubaneswar Golf Club!","createdBy":"Admin","slotAvailable":"Y","createdDate":"2024-06-25T11:31:31.641+00:00","slotEndTimeStmp":"2024-06-27T13:11:00.345+00:00"},{"playerCount":3,"slotStatus":"Created","slotDate":"2024-06-27","slotId":470,"primaryBookingId":0,"slotStartTimeStamp":"2024-06-27T13:11:00.345+00:00","secondaryBooking":"Y","teeTime":"T1","slotDuration":null,"clubName":"Bhubaneswar Golf Club!","createdBy":"Admin","slotAvailable":"Y","createdDate":"2024-06-25T11:31:31.641+00:00","slotEndTimeStmp":"2024-06-27T13:31:00.345+00:00"},{"playerCount":3,"slotStatus":"Created","slotDate":"2024-06-27","slotId":471,"primaryBookingId":0,"slotStartTimeStamp":"2024-06-27T13:31:00.345+00:00","secondaryBooking":"Y","teeTime":"T1","slotDuration":null,"clubName":"Bhubaneswar Golf Club!","createdBy":"Admin","slotAvailable":"Y","createdDate":"2024-06-25T11:31:31.641+00:00","slotEndTimeStmp":"2024-06-27T13:51:00.345+00:00"},{"playerCount":3,"slotStatus":"Created","slotDate":"2024-06-27","slotId":472,"primaryBookingId":0,"slotStartTimeStamp":"2024-06-27T13:51:00.345+00:00","secondaryBooking":"Y","teeTime":"T1","slotDuration":null,"clubName":"Bhubaneswar Golf Club!","createdBy":"Admin","slotAvailable":"Y","createdDate":"2024-06-25T11:31:31.641+00:00","slotEndTimeStmp":"2024-06-27T14:11:00.345+00:00"},{"playerCount":3,"slotStatus":"Created","slotDate":"2024-06-27","slotId":473,"primaryBookingId":0,"slotStartTimeStamp":"2024-06-27T14:11:00.345+00:00","secondaryBooking":"Y","teeTime":"T1","slotDuration":null,"clubName":"Bhubaneswar Golf Club!","createdBy":"Admin","slotAvailable":"Y","createdDate":"2024-06-25T11:31:31.641+00:00","slotEndTimeStmp":"2024-06-27T14:31:00.345+00:00"}],"slotAvalaibity":{"25-06-2024":"Y","26-06-2024":"Y","27-06-2024":"Y"}}, audit=true
2024-06-25 17:02:43,395 DEBUG org.springframework.security.web.access.ExceptionTranslationFilter [http-nio-8084-exec-10] Chain processed normally
2024-06-25 17:02:43,395 DEBUG org.springframework.security.web.context.SecurityContextPersistenceFilter [http-nio-8084-exec-10] SecurityContextHolder now cleared, as request processing completed
2024-06-25 17:02:43,396 DEBUG org.apache.juli.logging.DirectJDKLog [http-nio-8084-exec-10] Socket: [org.apache.tomcat.util.net.NioEndpoint$NioSocketWrapper@14c5b889:org.apache.tomcat.util.net.NioChannel@298c086:java.nio.channels.SocketChannel[connected local=/[0:0:0:0:0:0:0:1]:8084 remote=/[0:0:0:0:0:0:0:1]:54717]], Read from buffer: [0]
2024-06-25 17:02:43,397 DEBUG org.apache.juli.logging.DirectJDKLog [http-nio-8084-exec-10] Socket: [org.apache.tomcat.util.net.NioEndpoint$NioSocketWrapper@14c5b889:org.apache.tomcat.util.net.NioChannel@298c086:java.nio.channels.SocketChannel[connected local=/[0:0:0:0:0:0:0:1]:8084 remote=/[0:0:0:0:0:0:0:1]:54717]], Read direct from socket: [0]
2024-06-25 17:02:43,398 DEBUG org.apache.juli.logging.DirectJDKLog [http-nio-8084-exec-10] Socket: [org.apache.tomcat.util.net.NioEndpoint$NioSocketWrapper@14c5b889:org.apache.tomcat.util.net.NioChannel@298c086:java.nio.channels.SocketChannel[connected local=/[0:0:0:0:0:0:0:1]:8084 remote=/[0:0:0:0:0:0:0:1]:54717]], Status in: [OPEN_READ], State out: [OPEN]
2024-06-25 17:02:43,398 DEBUG org.apache.juli.logging.DirectJDKLog [http-nio-8084-exec-10] Pushed Processor [org.apache.coyote.http11.Http11Processor@9ba4144]
2024-06-25 17:02:43,398 DEBUG org.apache.juli.logging.DirectJDKLog [http-nio-8084-exec-10] Registered read interest for [org.apache.tomcat.util.net.NioEndpoint$NioSocketWrapper@14c5b889:org.apache.tomcat.util.net.NioChannel@298c086:java.nio.channels.SocketChannel[connected local=/[0:0:0:0:0:0:0:1]:8084 remote=/[0:0:0:0:0:0:0:1]:54717]]
2024-06-25 17:02:43,545 DEBUG org.jboss.logging.DelegatingBasicLogger [http-nio-8084-exec-4] Result set row: 0
2024-06-25 17:02:43,546 DEBUG org.hibernate.loader.Loader [http-nio-8084-exec-4] Result row: 
2024-06-25 17:02:43,547 DEBUG org.jboss.logging.DelegatingBasicLogger [http-nio-8084-exec-4] Result set row: 1
2024-06-25 17:02:43,548 DEBUG org.hibernate.loader.Loader [http-nio-8084-exec-4] Result row: 
2024-06-25 17:02:43,549 DEBUG org.jboss.logging.DelegatingBasicLogger [http-nio-8084-exec-4] Result set row: 2
2024-06-25 17:02:43,549 DEBUG org.hibernate.loader.Loader [http-nio-8084-exec-4] Result row: 
2024-06-25 17:02:43,550 DEBUG org.jboss.logging.DelegatingBasicLogger [http-nio-8084-exec-4] Result set row: 3
2024-06-25 17:02:43,550 DEBUG org.hibernate.loader.Loader [http-nio-8084-exec-4] Result row: 
2024-06-25 17:02:43,551 DEBUG org.jboss.logging.DelegatingBasicLogger [http-nio-8084-exec-4] Result set row: 4
2024-06-25 17:02:43,551 DEBUG org.hibernate.loader.Loader [http-nio-8084-exec-4] Result row: 
2024-06-25 17:02:43,551 DEBUG org.jboss.logging.DelegatingBasicLogger [http-nio-8084-exec-4] Result set row: 5
2024-06-25 17:02:43,552 DEBUG org.hibernate.loader.Loader [http-nio-8084-exec-4] Result row: 
2024-06-25 17:02:43,553 DEBUG org.jboss.logging.DelegatingBasicLogger [http-nio-8084-exec-4] Result set row: 6
2024-06-25 17:02:43,554 DEBUG org.hibernate.loader.Loader [http-nio-8084-exec-4] Result row: 
2024-06-25 17:02:43,555 DEBUG org.jboss.logging.DelegatingBasicLogger [http-nio-8084-exec-4] Result set row: 7
2024-06-25 17:02:43,556 DEBUG org.hibernate.loader.Loader [http-nio-8084-exec-4] Result row: 
2024-06-25 17:02:43,556 DEBUG org.jboss.logging.DelegatingBasicLogger [http-nio-8084-exec-4] Result set row: 8
2024-06-25 17:02:43,557 DEBUG org.hibernate.loader.Loader [http-nio-8084-exec-4] Result row: 
2024-06-25 17:02:43,558 DEBUG org.jboss.logging.DelegatingBasicLogger [http-nio-8084-exec-4] Result set row: 9
2024-06-25 17:02:43,558 DEBUG org.hibernate.loader.Loader [http-nio-8084-exec-4] Result row: 
2024-06-25 17:02:43,559 DEBUG org.jboss.logging.DelegatingBasicLogger [http-nio-8084-exec-4] Result set row: 10
2024-06-25 17:02:43,559 DEBUG org.hibernate.loader.Loader [http-nio-8084-exec-4] Result row: 
2024-06-25 17:02:43,560 DEBUG org.jboss.logging.DelegatingBasicLogger [http-nio-8084-exec-4] Result set row: 11
2024-06-25 17:02:43,560 DEBUG org.hibernate.loader.Loader [http-nio-8084-exec-4] Result row: 
2024-06-25 17:02:43,560 DEBUG org.jboss.logging.DelegatingBasicLogger [http-nio-8084-exec-4] Result set row: 12
2024-06-25 17:02:43,561 DEBUG org.hibernate.loader.Loader [http-nio-8084-exec-4] Result row: 
2024-06-25 17:02:43,561 DEBUG org.jboss.logging.DelegatingBasicLogger [http-nio-8084-exec-4] Result set row: 13
2024-06-25 17:02:43,562 DEBUG org.hibernate.loader.Loader [http-nio-8084-exec-4] Result row: 
2024-06-25 17:02:43,562 DEBUG org.jboss.logging.DelegatingBasicLogger [http-nio-8084-exec-4] Result set row: 14
2024-06-25 17:02:43,563 DEBUG org.hibernate.loader.Loader [http-nio-8084-exec-4] Result row: 
2024-06-25 17:02:43,563 DEBUG org.jboss.logging.DelegatingBasicLogger [http-nio-8084-exec-4] Result set row: 15
2024-06-25 17:02:43,564 DEBUG org.hibernate.loader.Loader [http-nio-8084-exec-4] Result row: 
2024-06-25 17:02:43,564 DEBUG org.jboss.logging.DelegatingBasicLogger [http-nio-8084-exec-4] Result set row: 16
2024-06-25 17:02:43,565 DEBUG org.hibernate.loader.Loader [http-nio-8084-exec-4] Result row: 
2024-06-25 17:02:43,565 DEBUG org.jboss.logging.DelegatingBasicLogger [http-nio-8084-exec-4] Result set row: 17
2024-06-25 17:02:43,566 DEBUG org.hibernate.loader.Loader [http-nio-8084-exec-4] Result row: 
2024-06-25 17:02:43,566 DEBUG org.jboss.logging.DelegatingBasicLogger [http-nio-8084-exec-4] Result set row: 18
2024-06-25 17:02:43,567 DEBUG org.hibernate.loader.Loader [http-nio-8084-exec-4] Result row: 
2024-06-25 17:02:43,567 DEBUG org.jboss.logging.DelegatingBasicLogger [http-nio-8084-exec-4] Result set row: 19
2024-06-25 17:02:43,568 DEBUG org.hibernate.loader.Loader [http-nio-8084-exec-4] Result row: 
2024-06-25 17:02:43,572 DEBUG org.springframework.web.servlet.mvc.method.annotation.AbstractMessageConverterMethodProcessor [http-nio-8084-exec-4] Using 'application/json', given [application/json, text/plain, */*] and supported [application/json, application/*+json, application/json, application/*+json]
2024-06-25 17:02:43,574 DEBUG org.springframework.core.log.LogFormatUtils [http-nio-8084-exec-4] Writing [{slotList=[org.springframework.data.jpa.repository.query.AbstractJpaQuery$TupleConverter$TupleBacked (truncated)...]
2024-06-25 17:02:43,583 DEBUG org.springframework.security.web.header.writers.HstsHeaderWriter [http-nio-8084-exec-4] Not injecting HSTS header since it did not match the requestMatcher org.springframework.security.web.header.writers.HstsHeaderWriter$SecureRequestMatcher@66e3d68f
2024-06-25 17:02:43,585 DEBUG org.springframework.orm.jpa.support.OpenEntityManagerInViewInterceptor [http-nio-8084-exec-4] Closing JPA EntityManager in OpenEntityManagerInViewInterceptor
2024-06-25 17:02:43,585 DEBUG org.springframework.web.servlet.FrameworkServlet [http-nio-8084-exec-4] Completed 200 OK
2024-06-25 17:02:43,586 INFO com.booking.logger.SpringLoggingFilter [http-nio-8084-exec-4] Response(725 ms): status=200, payload={"slotList":[{"playerCount":3,"slotStatus":"Blocked for VIP","slotDate":"2024-06-25","slotId":454,"primaryBookingId":0,"slotStartTimeStamp":"2024-06-25T12:31:00.345+00:00","secondaryBooking":"Y","teeTime":"T1","slotDuration":null,"clubName":"Bhubaneswar Golf Club!","createdBy":"Admin","slotAvailable":"Y","createdDate":"2024-06-25T11:31:31.641+00:00","slotEndTimeStmp":"2024-06-25T12:51:00.345+00:00"},{"playerCount":3,"slotStatus":"Created","slotDate":"2024-06-25","slotId":455,"primaryBookingId":0,"slotStartTimeStamp":"2024-06-25T12:51:00.345+00:00","secondaryBooking":"Y","teeTime":"T1","slotDuration":null,"clubName":"Bhubaneswar Golf Club!","createdBy":"Admin","slotAvailable":"Y","createdDate":"2024-06-25T11:31:31.641+00:00","slotEndTimeStmp":"2024-06-25T13:11:00.345+00:00"},{"playerCount":3,"slotStatus":"Created","slotDate":"2024-06-25","slotId":456,"primaryBookingId":0,"slotStartTimeStamp":"2024-06-25T13:11:00.345+00:00","secondaryBooking":"Y","teeTime":"T1","slotDuration":null,"clubName":"Bhubaneswar Golf Club!","createdBy":"Admin","slotAvailable":"Y","createdDate":"2024-06-25T11:31:31.641+00:00","slotEndTimeStmp":"2024-06-25T13:31:00.345+00:00"},{"playerCount":3,"slotStatus":"Created","slotDate":"2024-06-25","slotId":457,"primaryBookingId":0,"slotStartTimeStamp":"2024-06-25T13:31:00.345+00:00","secondaryBooking":"Y","teeTime":"T1","slotDuration":null,"clubName":"Bhubaneswar Golf Club!","createdBy":"Admin","slotAvailable":"Y","createdDate":"2024-06-25T11:31:31.641+00:00","slotEndTimeStmp":"2024-06-25T13:51:00.345+00:00"},{"playerCount":3,"slotStatus":"Created","slotDate":"2024-06-25","slotId":458,"primaryBookingId":0,"slotStartTimeStamp":"2024-06-25T13:51:00.345+00:00","secondaryBooking":"Y","teeTime":"T1","slotDuration":null,"clubName":"Bhubaneswar Golf Club!","createdBy":"Admin","slotAvailable":"Y","createdDate":"2024-06-25T11:31:31.641+00:00","slotEndTimeStmp":"2024-06-25T14:11:00.345+00:00"},{"playerCount":3,"slotStatus":"Created","slotDate":"2024-06-25","slotId":459,"primaryBookingId":0,"slotStartTimeStamp":"2024-06-25T14:11:00.345+00:00","secondaryBooking":"Y","teeTime":"T1","slotDuration":null,"clubName":"Bhubaneswar Golf Club!","createdBy":"Admin","slotAvailable":"Y","createdDate":"2024-06-25T11:31:31.641+00:00","slotEndTimeStmp":"2024-06-25T14:31:00.345+00:00"},{"playerCount":3,"slotStatus":"Created","slotDate":"2024-06-25","slotId":460,"primaryBookingId":0,"slotStartTimeStamp":"2024-06-25T14:31:00.345+00:00","secondaryBooking":"Y","teeTime":"T1","slotDuration":null,"clubName":"Bhubaneswar Golf Club!","createdBy":"Admin","slotAvailable":"Y","createdDate":"2024-06-25T11:31:31.641+00:00","slotEndTimeStmp":"2024-06-25T14:51:00.345+00:00"},{"playerCount":3,"slotStatus":"Created","slotDate":"2024-06-26","slotId":461,"primaryBookingId":0,"slotStartTimeStamp":"2024-06-26T12:31:00.345+00:00","secondaryBooking":"Y","teeTime":"T1","slotDuration":null,"clubName":"Bhubaneswar Golf Club!","createdBy":"Admin","slotAvailable":"Y","createdDate":"2024-06-25T11:31:31.641+00:00","slotEndTimeStmp":"2024-06-26T12:51:00.345+00:00"},{"playerCount":3,"slotStatus":"Created","slotDate":"2024-06-26","slotId":462,"primaryBookingId":0,"slotStartTimeStamp":"2024-06-26T12:51:00.345+00:00","secondaryBooking":"Y","teeTime":"T1","slotDuration":null,"clubName":"Bhubaneswar Golf Club!","createdBy":"Admin","slotAvailable":"Y","createdDate":"2024-06-25T11:31:31.641+00:00","slotEndTimeStmp":"2024-06-26T13:11:00.345+00:00"},{"playerCount":3,"slotStatus":"Created","slotDate":"2024-06-26","slotId":463,"primaryBookingId":0,"slotStartTimeStamp":"2024-06-26T13:11:00.345+00:00","secondaryBooking":"Y","teeTime":"T1","slotDuration":null,"clubName":"Bhubaneswar Golf Club!","createdBy":"Admin","slotAvailable":"Y","createdDate":"2024-06-25T11:31:31.641+00:00","slotEndTimeStmp":"2024-06-26T13:31:00.345+00:00"},{"playerCount":3,"slotStatus":"Created","slotDate":"2024-06-26","slotId":464,"primaryBookingId":0,"slotStartTimeStamp":"2024-06-26T13:31:00.345+00:00","secondaryBooking":"Y","teeTime":"T1","slotDuration":null,"clubName":"Bhubaneswar Golf Club!","createdBy":"Admin","slotAvailable":"Y","createdDate":"2024-06-25T11:31:31.641+00:00","slotEndTimeStmp":"2024-06-26T13:51:00.345+00:00"},{"playerCount":3,"slotStatus":"Created","slotDate":"2024-06-26","slotId":465,"primaryBookingId":0,"slotStartTimeStamp":"2024-06-26T13:51:00.345+00:00","secondaryBooking":"Y","teeTime":"T1","slotDuration":null,"clubName":"Bhubaneswar Golf Club!","createdBy":"Admin","slotAvailable":"Y","createdDate":"2024-06-25T11:31:31.641+00:00","slotEndTimeStmp":"2024-06-26T14:11:00.345+00:00"},{"playerCount":3,"slotStatus":"Created","slotDate":"2024-06-26","slotId":466,"primaryBookingId":0,"slotStartTimeStamp":"2024-06-26T14:11:00.345+00:00","secondaryBooking":"Y","teeTime":"T1","slotDuration":null,"clubName":"Bhubaneswar Golf Club!","createdBy":"Admin","slotAvailable":"Y","createdDate":"2024-06-25T11:31:31.641+00:00","slotEndTimeStmp":"2024-06-26T14:31:00.345+00:00"},{"playerCount":3,"slotStatus":"Created","slotDate":"2024-06-26","slotId":467,"primaryBookingId":0,"slotStartTimeStamp":"2024-06-26T14:31:00.345+00:00","secondaryBooking":"Y","teeTime":"T1","slotDuration":null,"clubName":"Bhubaneswar Golf Club!","createdBy":"Admin","slotAvailable":"Y","createdDate":"2024-06-25T11:31:31.641+00:00","slotEndTimeStmp":"2024-06-26T14:51:00.345+00:00"},{"playerCount":3,"slotStatus":"Created","slotDate":"2024-06-27","slotId":468,"primaryBookingId":0,"slotStartTimeStamp":"2024-06-27T12:31:00.345+00:00","secondaryBooking":"Y","teeTime":"T1","slotDuration":null,"clubName":"Bhubaneswar Golf Club!","createdBy":"Admin","slotAvailable":"Y","createdDate":"2024-06-25T11:31:31.641+00:00","slotEndTimeStmp":"2024-06-27T12:51:00.345+00:00"},{"playerCount":3,"slotStatus":"Created","slotDate":"2024-06-27","slotId":469,"primaryBookingId":0,"slotStartTimeStamp":"2024-06-27T12:51:00.345+00:00","secondaryBooking":"Y","teeTime":"T1","slotDuration":null,"clubName":"Bhubaneswar Golf Club!","createdBy":"Admin","slotAvailable":"Y","createdDate":"2024-06-25T11:31:31.641+00:00","slotEndTimeStmp":"2024-06-27T13:11:00.345+00:00"},{"playerCount":3,"slotStatus":"Created","slotDate":"2024-06-27","slotId":470,"primaryBookingId":0,"slotStartTimeStamp":"2024-06-27T13:11:00.345+00:00","secondaryBooking":"Y","teeTime":"T1","slotDuration":null,"clubName":"Bhubaneswar Golf Club!","createdBy":"Admin","slotAvailable":"Y","createdDate":"2024-06-25T11:31:31.641+00:00","slotEndTimeStmp":"2024-06-27T13:31:00.345+00:00"},{"playerCount":3,"slotStatus":"Created","slotDate":"2024-06-27","slotId":471,"primaryBookingId":0,"slotStartTimeStamp":"2024-06-27T13:31:00.345+00:00","secondaryBooking":"Y","teeTime":"T1","slotDuration":null,"clubName":"Bhubaneswar Golf Club!","createdBy":"Admin","slotAvailable":"Y","createdDate":"2024-06-25T11:31:31.641+00:00","slotEndTimeStmp":"2024-06-27T13:51:00.345+00:00"},{"playerCount":3,"slotStatus":"Created","slotDate":"2024-06-27","slotId":472,"primaryBookingId":0,"slotStartTimeStamp":"2024-06-27T13:51:00.345+00:00","secondaryBooking":"Y","teeTime":"T1","slotDuration":null,"clubName":"Bhubaneswar Golf Club!","createdBy":"Admin","slotAvailable":"Y","createdDate":"2024-06-25T11:31:31.641+00:00","slotEndTimeStmp":"2024-06-27T14:11:00.345+00:00"},{"playerCount":3,"slotStatus":"Created","slotDate":"2024-06-27","slotId":473,"primaryBookingId":0,"slotStartTimeStamp":"2024-06-27T14:11:00.345+00:00","secondaryBooking":"Y","teeTime":"T1","slotDuration":null,"clubName":"Bhubaneswar Golf Club!","createdBy":"Admin","slotAvailable":"Y","createdDate":"2024-06-25T11:31:31.641+00:00","slotEndTimeStmp":"2024-06-27T14:31:00.345+00:00"}],"slotAvalaibity":{"25-06-2024":"Y","26-06-2024":"Y","27-06-2024":"Y"}}, audit=true
2024-06-25 17:02:43,589 DEBUG org.springframework.security.web.access.ExceptionTranslationFilter [http-nio-8084-exec-4] Chain processed normally
2024-06-25 17:02:43,589 DEBUG org.springframework.security.web.context.SecurityContextPersistenceFilter [http-nio-8084-exec-4] SecurityContextHolder now cleared, as request processing completed
2024-06-25 17:02:43,590 DEBUG org.apache.juli.logging.DirectJDKLog [http-nio-8084-exec-4] Socket: [org.apache.tomcat.util.net.NioEndpoint$NioSocketWrapper@7261503d:org.apache.tomcat.util.net.NioChannel@73f9647b:java.nio.channels.SocketChannel[connected local=/[0:0:0:0:0:0:0:1]:8084 remote=/[0:0:0:0:0:0:0:1]:54719]], Read from buffer: [0]
2024-06-25 17:02:43,591 DEBUG org.apache.juli.logging.DirectJDKLog [http-nio-8084-exec-4] Socket: [org.apache.tomcat.util.net.NioEndpoint$NioSocketWrapper@7261503d:org.apache.tomcat.util.net.NioChannel@73f9647b:java.nio.channels.SocketChannel[connected local=/[0:0:0:0:0:0:0:1]:8084 remote=/[0:0:0:0:0:0:0:1]:54719]], Read direct from socket: [0]
2024-06-25 17:02:43,591 DEBUG org.apache.juli.logging.DirectJDKLog [http-nio-8084-exec-4] Socket: [org.apache.tomcat.util.net.NioEndpoint$NioSocketWrapper@7261503d:org.apache.tomcat.util.net.NioChannel@73f9647b:java.nio.channels.SocketChannel[connected local=/[0:0:0:0:0:0:0:1]:8084 remote=/[0:0:0:0:0:0:0:1]:54719]], Status in: [OPEN_READ], State out: [OPEN]
2024-06-25 17:02:43,591 DEBUG org.apache.juli.logging.DirectJDKLog [http-nio-8084-exec-4] Pushed Processor [org.apache.coyote.http11.Http11Processor@55ab5834]
2024-06-25 17:02:43,592 DEBUG org.apache.juli.logging.DirectJDKLog [http-nio-8084-exec-4] Registered read interest for [org.apache.tomcat.util.net.NioEndpoint$NioSocketWrapper@7261503d:org.apache.tomcat.util.net.NioChannel@73f9647b:java.nio.channels.SocketChannel[connected local=/[0:0:0:0:0:0:0:1]:8084 remote=/[0:0:0:0:0:0:0:1]:54719]]
2024-06-25 17:03:06,470 DEBUG com.zaxxer.hikari.pool.HikariPool [HikariPool-1 housekeeper] HikariPool-1 - Pool stats (total=10, active=0, idle=10, waiting=0)
2024-06-25 17:03:06,472 DEBUG com.zaxxer.hikari.pool.HikariPool [HikariPool-1 housekeeper] HikariPool-1 - Fill pool skipped, pool is at sufficient level.
2024-06-25 17:03:09,938 DEBUG org.apache.juli.logging.DirectJDKLog [http-nio-8084-exec-6] Processing socket [org.apache.tomcat.util.net.NioChannel@7f449f40:java.nio.channels.SocketChannel[connected local=/[0:0:0:0:0:0:0:1]:8084 remote=/[0:0:0:0:0:0:0:1]:64786]] with status [ERROR]
2024-06-25 17:03:09,938 DEBUG org.apache.juli.logging.DirectJDKLog [http-nio-8084-exec-7] Processing socket [org.apache.tomcat.util.net.NioChannel@73692857:java.nio.channels.SocketChannel[connected local=/[0:0:0:0:0:0:0:1]:8084 remote=/[0:0:0:0:0:0:0:1]:54718]] with status [ERROR]
2024-06-25 17:03:09,939 DEBUG org.apache.juli.logging.DirectJDKLog [http-nio-8084-exec-6] Found processor [null] for socket [org.apache.tomcat.util.net.NioChannel@7f449f40:java.nio.channels.SocketChannel[connected local=/[0:0:0:0:0:0:0:1]:8084 remote=/[0:0:0:0:0:0:0:1]:64786]]
2024-06-25 17:03:09,939 DEBUG org.apache.juli.logging.DirectJDKLog [http-nio-8084-exec-7] Found processor [null] for socket [org.apache.tomcat.util.net.NioChannel@73692857:java.nio.channels.SocketChannel[connected local=/[0:0:0:0:0:0:0:1]:8084 remote=/[0:0:0:0:0:0:0:1]:54718]]
2024-06-25 17:03:09,940 DEBUG org.apache.juli.logging.DirectJDKLog [http-nio-8084-exec-7] Counting down[http-nio-8084-exec-7] latch=4
2024-06-25 17:03:09,940 DEBUG org.apache.juli.logging.DirectJDKLog [http-nio-8084-exec-6] Counting down[http-nio-8084-exec-6] latch=3
2024-06-25 17:03:09,940 DEBUG org.apache.juli.logging.DirectJDKLog [http-nio-8084-exec-6] Calling [org.apache.tomcat.util.net.NioEndpoint@798fc552].closeSocket([org.apache.tomcat.util.net.NioEndpoint$NioSocketWrapper@7ac32477:org.apache.tomcat.util.net.NioChannel@7f449f40:java.nio.channels.SocketChannel[connected local=/[0:0:0:0:0:0:0:1]:8084 remote=/[0:0:0:0:0:0:0:1]:64786]])
2024-06-25 17:03:09,940 DEBUG org.apache.juli.logging.DirectJDKLog [http-nio-8084-exec-7] Calling [org.apache.tomcat.util.net.NioEndpoint@798fc552].closeSocket([org.apache.tomcat.util.net.NioEndpoint$NioSocketWrapper@3b4158c8:org.apache.tomcat.util.net.NioChannel@73692857:java.nio.channels.SocketChannel[connected local=/[0:0:0:0:0:0:0:1]:8084 remote=/[0:0:0:0:0:0:0:1]:54718]])
2024-06-25 17:03:26,351 DEBUG sun.rmi.runtime.Log$LoggerLog [RMI TCP Connection(21)-127.0.0.1] RMI TCP Connection(21)-127.0.0.1: accepted socket from [127.0.0.1:59921]
2024-06-25 17:03:26,352 DEBUG sun.rmi.runtime.Log$LoggerLog [RMI TCP Connection(21)-127.0.0.1] RMI TCP Connection(21)-127.0.0.1: (port 61001) op = 80
2024-06-25 17:03:26,353 DEBUG sun.util.logging.internal.LoggingProviderImpl$JULWrapper [RMI TCP Connection(21)-127.0.0.1] connectionId=rmi://127.0.0.1  1
2024-06-25 17:03:35,753 DEBUG org.apache.juli.logging.DirectJDKLog [http-nio-8084-exec-3] Processing socket [org.apache.tomcat.util.net.NioChannel@73f9647b:java.nio.channels.SocketChannel[connected local=/[0:0:0:0:0:0:0:1]:8084 remote=/[0:0:0:0:0:0:0:1]:54719]] with status [OPEN_READ]
2024-06-25 17:03:35,753 DEBUG org.apache.juli.logging.DirectJDKLog [http-nio-8084-exec-3] Found processor [null] for socket [org.apache.tomcat.util.net.NioChannel@73f9647b:java.nio.channels.SocketChannel[connected local=/[0:0:0:0:0:0:0:1]:8084 remote=/[0:0:0:0:0:0:0:1]:54719]]
2024-06-25 17:03:35,754 DEBUG org.apache.juli.logging.DirectJDKLog [http-nio-8084-exec-3] Popped processor [org.apache.coyote.http11.Http11Processor@55ab5834] from cache
2024-06-25 17:03:35,754 DEBUG org.apache.juli.logging.DirectJDKLog [http-nio-8084-exec-3] Socket: [org.apache.tomcat.util.net.NioEndpoint$NioSocketWrapper@7261503d:org.apache.tomcat.util.net.NioChannel@73f9647b:java.nio.channels.SocketChannel[connected local=/[0:0:0:0:0:0:0:1]:8084 remote=/[0:0:0:0:0:0:0:1]:54719]], Read from buffer: [0]
2024-06-25 17:03:35,755 DEBUG org.apache.juli.logging.DirectJDKLog [http-nio-8084-exec-3] Socket: [org.apache.tomcat.util.net.NioEndpoint$NioSocketWrapper@7261503d:org.apache.tomcat.util.net.NioChannel@73f9647b:java.nio.channels.SocketChannel[connected local=/[0:0:0:0:0:0:0:1]:8084 remote=/[0:0:0:0:0:0:0:1]:54719]], Read direct from socket: [1033]
2024-06-25 17:03:35,755 DEBUG org.apache.juli.logging.DirectJDKLog [http-nio-8084-exec-3] Received [POST /slot/deleteslotrange HTTP/1.1
Host: localhost:8084
Connection: keep-alive
Content-Length: 386
sec-ch-ua: "Not/A)Brand";v="8", "Chromium";v="126", "Google Chrome";v="126"
Accept: application/json, text/plain, */*
Content-Type: application/json
sec-ch-ua-mobile: ?0
User-Agent: Mozilla/5.0 (Windows NT 10.0; Win64; x64) AppleWebKit/537.36 (KHTML, like Gecko) Chrome/126.0.0.0 Safari/537.36
sec-ch-ua-platform: "Windows"
Origin: http://localhost:3000
Sec-Fetch-Site: same-site
Sec-Fetch-Mode: cors
Sec-Fetch-Dest: empty
Referer: http://localhost:3000/
Accept-Encoding: gzip, deflate, br, zstd
Accept-Language: en-US,en;q=0.9

{"createdBy":"Admin","slotDate":"2024-06-25","start":"12:30:00","end":"14:32:59","slotStartTimeStamp":"2024-06-25T12:30:00.825Z","slotEndTimeStamp":"2024-06-27T14:32:59.825Z","createdDate":"2024-06-25T11:33:35.749Z","playerCount":3,"slotStatus":"Created","clubName":"Bhubaneswar Golf Club!","secondaryBooking":"Y","slotDuration":"20","slotAvailable":"Y","teeTime":"T1","slotDays":[3,4]}]
2024-06-25 17:03:35,756 DEBUG org.apache.juli.logging.DirectJDKLog [http-nio-8084-exec-3] Security checking request POST /slot/deleteslotrange
2024-06-25 17:03:35,756 DEBUG org.apache.juli.logging.DirectJDKLog [http-nio-8084-exec-3]   No applicable constraints defined
2024-06-25 17:03:35,762 DEBUG org.apache.juli.logging.DirectJDKLog [http-nio-8084-exec-3] Not subject to any constraint
2024-06-25 17:03:35,763 DEBUG org.springframework.security.web.FilterChainProxy$VirtualFilterChain [http-nio-8084-exec-3] /slot/deleteslotrange at position 1 of 11 in additional filter chain; firing Filter: 'WebAsyncManagerIntegrationFilter'
2024-06-25 17:03:35,764 DEBUG org.springframework.security.web.FilterChainProxy$VirtualFilterChain [http-nio-8084-exec-3] /slot/deleteslotrange at position 2 of 11 in additional filter chain; firing Filter: 'SecurityContextPersistenceFilter'
2024-06-25 17:03:35,764 DEBUG org.springframework.security.web.FilterChainProxy$VirtualFilterChain [http-nio-8084-exec-3] /slot/deleteslotrange at position 3 of 11 in additional filter chain; firing Filter: 'HeaderWriterFilter'
2024-06-25 17:03:35,765 DEBUG org.springframework.security.web.FilterChainProxy$VirtualFilterChain [http-nio-8084-exec-3] /slot/deleteslotrange at position 4 of 11 in additional filter chain; firing Filter: 'CorsFilter'
2024-06-25 17:03:35,765 DEBUG org.springframework.web.servlet.handler.AbstractHandlerMapping [http-nio-8084-exec-3] Mapped to com.booking.controller.SlotController#DeleteSlot(ClubSlot)
2024-06-25 17:03:35,766 DEBUG org.springframework.security.web.FilterChainProxy$VirtualFilterChain [http-nio-8084-exec-3] /slot/deleteslotrange at position 5 of 11 in additional filter chain; firing Filter: 'LogoutFilter'
2024-06-25 17:03:35,767 DEBUG org.springframework.security.web.util.matcher.OrRequestMatcher [http-nio-8084-exec-3] Trying to match using Ant [pattern='/logout', GET]
2024-06-25 17:03:35,767 DEBUG org.springframework.security.web.util.matcher.AntPathRequestMatcher [http-nio-8084-exec-3] Request 'POST /slot/deleteslotrange' doesn't match 'GET /logout'
2024-06-25 17:03:35,767 DEBUG org.springframework.security.web.util.matcher.OrRequestMatcher [http-nio-8084-exec-3] Trying to match using Ant [pattern='/logout', POST]
2024-06-25 17:03:35,768 DEBUG org.springframework.security.web.util.matcher.AntPathRequestMatcher [http-nio-8084-exec-3] Checking match of request : '/slot/deleteslotrange'; against '/logout'
2024-06-25 17:03:35,768 DEBUG org.springframework.security.web.util.matcher.OrRequestMatcher [http-nio-8084-exec-3] Trying to match using Ant [pattern='/logout', PUT]
2024-06-25 17:03:35,768 DEBUG org.springframework.security.web.util.matcher.AntPathRequestMatcher [http-nio-8084-exec-3] Request 'POST /slot/deleteslotrange' doesn't match 'PUT /logout'
2024-06-25 17:03:35,768 DEBUG org.springframework.security.web.util.matcher.OrRequestMatcher [http-nio-8084-exec-3] Trying to match using Ant [pattern='/logout', DELETE]
2024-06-25 17:03:35,769 DEBUG org.springframework.security.web.util.matcher.AntPathRequestMatcher [http-nio-8084-exec-3] Request 'POST /slot/deleteslotrange' doesn't match 'DELETE /logout'
2024-06-25 17:03:35,769 DEBUG org.springframework.security.web.util.matcher.OrRequestMatcher [http-nio-8084-exec-3] No matches found
2024-06-25 17:03:35,770 DEBUG org.springframework.security.web.FilterChainProxy$VirtualFilterChain [http-nio-8084-exec-3] /slot/deleteslotrange at position 6 of 11 in additional filter chain; firing Filter: 'RequestCacheAwareFilter'
2024-06-25 17:03:35,771 DEBUG org.springframework.security.web.FilterChainProxy$VirtualFilterChain [http-nio-8084-exec-3] /slot/deleteslotrange at position 7 of 11 in additional filter chain; firing Filter: 'SecurityContextHolderAwareRequestFilter'
2024-06-25 17:03:35,771 DEBUG org.springframework.security.web.FilterChainProxy$VirtualFilterChain [http-nio-8084-exec-3] /slot/deleteslotrange at position 8 of 11 in additional filter chain; firing Filter: 'AnonymousAuthenticationFilter'
2024-06-25 17:03:35,772 DEBUG org.springframework.security.web.authentication.AnonymousAuthenticationFilter [http-nio-8084-exec-3] Populated SecurityContextHolder with anonymous token: 'org.springframework.security.authentication.AnonymousAuthenticationToken@31e194fe: Principal: anonymousUser; Credentials: [PROTECTED]; Authenticated: true; Details: org.springframework.security.web.authentication.WebAuthenticationDetails@b364: RemoteIpAddress: 0:0:0:0:0:0:0:1; SessionId: null; Granted Authorities: ROLE_ANONYMOUS'
2024-06-25 17:03:35,772 DEBUG org.springframework.security.web.FilterChainProxy$VirtualFilterChain [http-nio-8084-exec-3] /slot/deleteslotrange at position 9 of 11 in additional filter chain; firing Filter: 'SessionManagementFilter'
2024-06-25 17:03:35,773 DEBUG org.springframework.security.web.FilterChainProxy$VirtualFilterChain [http-nio-8084-exec-3] /slot/deleteslotrange at position 10 of 11 in additional filter chain; firing Filter: 'ExceptionTranslationFilter'
2024-06-25 17:03:35,773 DEBUG org.springframework.security.web.FilterChainProxy$VirtualFilterChain [http-nio-8084-exec-3] /slot/deleteslotrange at position 11 of 11 in additional filter chain; firing Filter: 'FilterSecurityInterceptor'
2024-06-25 17:03:35,774 DEBUG org.springframework.security.web.util.matcher.AntPathRequestMatcher [http-nio-8084-exec-3] Request '/slot/deleteslotrange' matched by universal pattern '/**'
2024-06-25 17:03:35,774 DEBUG org.springframework.security.access.intercept.AbstractSecurityInterceptor [http-nio-8084-exec-3] Secure object: FilterInvocation: URL: /slot/deleteslotrange; Attributes: [permitAll]
2024-06-25 17:03:35,774 DEBUG org.springframework.security.access.intercept.AbstractSecurityInterceptor [http-nio-8084-exec-3] Previously Authenticated: org.springframework.security.authentication.AnonymousAuthenticationToken@31e194fe: Principal: anonymousUser; Credentials: [PROTECTED]; Authenticated: true; Details: org.springframework.security.web.authentication.WebAuthenticationDetails@b364: RemoteIpAddress: 0:0:0:0:0:0:0:1; SessionId: null; Granted Authorities: ROLE_ANONYMOUS
2024-06-25 17:03:35,775 DEBUG org.springframework.security.access.vote.AffirmativeBased [http-nio-8084-exec-3] Voter: org.springframework.security.web.access.expression.WebExpressionVoter@7e48fa64, returned: 1
2024-06-25 17:03:35,776 DEBUG org.springframework.security.access.intercept.AbstractSecurityInterceptor [http-nio-8084-exec-3] Authorization successful
2024-06-25 17:03:35,776 DEBUG org.springframework.security.access.intercept.AbstractSecurityInterceptor [http-nio-8084-exec-3] RunAsManager did not change Authentication object
2024-06-25 17:03:35,777 DEBUG org.springframework.security.web.FilterChainProxy$VirtualFilterChain [http-nio-8084-exec-3] /slot/deleteslotrange reached end of additional filter chain; proceeding with original chain
2024-06-25 17:03:35,781 WARN com.booking.config.JwtAuthenticationFilter [http-nio-8084-exec-3] Couldn't find bearer string, header will be ignored
2024-06-25 17:03:35,782 DEBUG org.springframework.web.servlet.handler.AbstractHandlerMapping [http-nio-8084-exec-3] Mapped to com.booking.controller.SlotController#DeleteSlot(ClubSlot)
2024-06-25 17:03:35,783 INFO com.booking.logger.SpringLoggingFilter [http-nio-8084-exec-3] Request: method=POST, uri=/slot/deleteslotrange, payload={"createdBy":"Admin","slotDate":"2024-06-25","start":"12:30:00","end":"14:32:59","slotStartTimeStamp":"2024-06-25T12:30:00.825Z","slotEndTimeStamp":"2024-06-27T14:32:59.825Z","createdDate":"2024-06-25T11:33:35.749Z","playerCount":3,"slotStatus":"Created","clubName":"Bhubaneswar Golf Club!","secondaryBooking":"Y","slotDuration":"20","slotAvailable":"Y","teeTime":"T1","slotDays":[3,4]}, audit=true
2024-06-25 17:03:35,783 DEBUG org.apache.juli.logging.DirectJDKLog [http-nio-8084-exec-3] Set encoding to UTF-8
2024-06-25 17:03:35,784 DEBUG org.springframework.core.log.LogFormatUtils [http-nio-8084-exec-3] POST "/slot/deleteslotrange", parameters={}
2024-06-25 17:03:35,785 DEBUG org.springframework.web.servlet.handler.AbstractHandlerMapping [http-nio-8084-exec-3] Mapped to com.booking.controller.SlotController#DeleteSlot(ClubSlot)
2024-06-25 17:03:35,786 DEBUG org.springframework.orm.jpa.support.OpenEntityManagerInViewInterceptor [http-nio-8084-exec-3] Opening JPA EntityManager in OpenEntityManagerInViewInterceptor
2024-06-25 17:03:35,788 DEBUG org.springframework.core.log.LogFormatUtils [http-nio-8084-exec-3] Read "application/json;charset=UTF-8" to [com.booking.model.slot.ClubSlot@32e038dd]
2024-06-25 17:03:35,793 DEBUG org.hibernate.engine.jdbc.spi.SqlStatementLogger [http-nio-8084-exec-3] select count (*) as slotBooked from user_booking ub inner join club_slot cs on ub.slot_id=cs.slot_id where ub.approval_status is null and  cs.slot_start_timestmp >=? and cs.slot_start_timestmp <=?  and cs.tee_time =?
2024-06-25 17:03:36,246 DEBUG org.jboss.logging.DelegatingBasicLogger [http-nio-8084-exec-3] Result set row: 0
2024-06-25 17:03:36,247 DEBUG org.hibernate.loader.Loader [http-nio-8084-exec-3] Result row: 
2024-06-25 17:03:36,254 DEBUG org.apache.juli.logging.DirectJDKLog [http-nio-8084-exec-3]     findClass(com.booking.model.SlotBookedCustomizer)
2024-06-25 17:03:36,256 DEBUG org.apache.juli.logging.DirectJDKLog [http-nio-8084-exec-3]     --> Returning ClassNotFoundException
2024-06-25 17:03:36,258 DEBUG org.springframework.data.repository.core.support.TransactionalRepositoryProxyPostProcessor$AbstractFallbackTransactionAttributeSource [http-nio-8084-exec-3] Adding transactional method 'deleteSlotsWithinDateRangeAndOnSpecificDays' with attribute: PROPAGATION_REQUIRED,ISOLATION_DEFAULT
2024-06-25 17:03:36,259 DEBUG org.springframework.orm.jpa.JpaTransactionManager [http-nio-8084-exec-3] Found thread-bound EntityManager [SessionImpl(1147205131<open>)] for JPA transaction
2024-06-25 17:03:36,260 DEBUG org.springframework.transaction.support.AbstractPlatformTransactionManager [http-nio-8084-exec-3] Creating new transaction with name [org.springframework.data.jpa.repository.support.SimpleJpaRepository.deleteSlotsWithinDateRangeAndOnSpecificDays]: PROPAGATION_REQUIRED,ISOLATION_DEFAULT
2024-06-25 17:03:36,261 DEBUG org.hibernate.engine.transaction.internal.TransactionImpl [http-nio-8084-exec-3] On TransactionImpl creation, JpaCompliance#isJpaTransactionComplianceEnabled == false
2024-06-25 17:03:36,263 DEBUG org.hibernate.engine.transaction.internal.TransactionImpl [http-nio-8084-exec-3] begin
2024-06-25 17:03:36,263 DEBUG org.postgresql.jdbc.PgConnection [http-nio-8084-exec-3]   setAutoCommit = false
2024-06-25 17:03:36,264 DEBUG org.springframework.orm.jpa.JpaTransactionManager [http-nio-8084-exec-3] Exposing JPA transaction as JDBC [org.springframework.orm.jpa.vendor.HibernateJpaDialect$HibernateConnectionHandle@2a674adc]
2024-06-25 17:03:36,266 DEBUG org.hibernate.query.internal.QueryParameterBindingsImpl [http-nio-8084-exec-3] Converting QueryParameterBinding to QueryParameterListBinding for given QueryParameter : org.hibernate.engine.query.spi.NamedParameterDescriptor@bf351f75
2024-06-25 17:03:36,270 DEBUG org.hibernate.engine.jdbc.spi.SqlStatementLogger [http-nio-8084-exec-3] DELETE FROM club_slot cs WHERE cs.slot_start_timestmp >= ? AND cs.slot_start_timestmp <= ? AND cs.tee_time = ? AND EXTRACT(DOW FROM slot_start_timestmp) IN (?, ?)
2024-06-25 17:03:36,476 DEBUG com.zaxxer.hikari.pool.HikariPool [HikariPool-1 housekeeper] HikariPool-1 - Pool stats (total=10, active=1, idle=9, waiting=0)
2024-06-25 17:03:36,486 DEBUG com.zaxxer.hikari.pool.HikariPool [HikariPool-1 housekeeper] HikariPool-1 - Fill pool skipped, pool is at sufficient level.
2024-06-25 17:03:36,498 DEBUG org.springframework.transaction.support.AbstractPlatformTransactionManager [http-nio-8084-exec-3] Initiating transaction commit
2024-06-25 17:03:36,499 DEBUG org.springframework.orm.jpa.JpaTransactionManager [http-nio-8084-exec-3] Committing JPA transaction on EntityManager [SessionImpl(1147205131<open>)]
2024-06-25 17:03:36,500 DEBUG org.hibernate.engine.transaction.internal.TransactionImpl [http-nio-8084-exec-3] committing
2024-06-25 17:03:36,725 DEBUG org.postgresql.jdbc.PgConnection [http-nio-8084-exec-3]   setAutoCommit = true
2024-06-25 17:03:36,726 DEBUG org.springframework.orm.jpa.JpaTransactionManager [http-nio-8084-exec-3] Not closing pre-bound JPA EntityManager after transaction
2024-06-25 17:03:36,727 DEBUG org.springframework.web.servlet.mvc.method.annotation.AbstractMessageConverterMethodProcessor [http-nio-8084-exec-3] Using 'application/json', given [application/json, text/plain, */*] and supported [application/json, application/*+json, application/json, application/*+json]
2024-06-25 17:03:36,727 DEBUG org.springframework.core.log.LogFormatUtils [http-nio-8084-exec-3] Writing [{Status=Success, Message=Record Deleted Successfully, Data=13}]
2024-06-25 17:03:36,728 DEBUG org.springframework.orm.jpa.support.OpenEntityManagerInViewInterceptor [http-nio-8084-exec-3] Closing JPA EntityManager in OpenEntityManagerInViewInterceptor
2024-06-25 17:03:36,728 DEBUG org.springframework.web.servlet.FrameworkServlet [http-nio-8084-exec-3] Completed 200 OK
2024-06-25 17:03:36,728 INFO com.booking.logger.SpringLoggingFilter [http-nio-8084-exec-3] Response(946 ms): status=200, payload={"Status":"Success","Message":"Record Deleted Successfully","Data":13}, audit=true
2024-06-25 17:03:36,729 DEBUG org.springframework.security.web.access.ExceptionTranslationFilter [http-nio-8084-exec-3] Chain processed normally
2024-06-25 17:03:36,729 DEBUG org.springframework.security.web.header.writers.HstsHeaderWriter [http-nio-8084-exec-3] Not injecting HSTS header since it did not match the requestMatcher org.springframework.security.web.header.writers.HstsHeaderWriter$SecureRequestMatcher@66e3d68f
2024-06-25 17:03:36,730 DEBUG org.springframework.security.web.context.SecurityContextPersistenceFilter [http-nio-8084-exec-3] SecurityContextHolder now cleared, as request processing completed
2024-06-25 17:03:36,732 DEBUG org.apache.juli.logging.DirectJDKLog [http-nio-8084-exec-3] Socket: [org.apache.tomcat.util.net.NioEndpoint$NioSocketWrapper@7261503d:org.apache.tomcat.util.net.NioChannel@73f9647b:java.nio.channels.SocketChannel[connected local=/[0:0:0:0:0:0:0:1]:8084 remote=/[0:0:0:0:0:0:0:1]:54719]], Read from buffer: [0]
2024-06-25 17:03:36,732 DEBUG org.apache.juli.logging.DirectJDKLog [http-nio-8084-exec-3] Socket: [org.apache.tomcat.util.net.NioEndpoint$NioSocketWrapper@7261503d:org.apache.tomcat.util.net.NioChannel@73f9647b:java.nio.channels.SocketChannel[connected local=/[0:0:0:0:0:0:0:1]:8084 remote=/[0:0:0:0:0:0:0:1]:54719]], Read direct from socket: [0]
2024-06-25 17:03:36,733 DEBUG org.apache.juli.logging.DirectJDKLog [http-nio-8084-exec-3] Socket: [org.apache.tomcat.util.net.NioEndpoint$NioSocketWrapper@7261503d:org.apache.tomcat.util.net.NioChannel@73f9647b:java.nio.channels.SocketChannel[connected local=/[0:0:0:0:0:0:0:1]:8084 remote=/[0:0:0:0:0:0:0:1]:54719]], Status in: [OPEN_READ], State out: [OPEN]
2024-06-25 17:03:36,733 DEBUG org.apache.juli.logging.DirectJDKLog [http-nio-8084-exec-3] Pushed Processor [org.apache.coyote.http11.Http11Processor@55ab5834]
2024-06-25 17:03:36,734 DEBUG org.apache.juli.logging.DirectJDKLog [http-nio-8084-exec-3] Registered read interest for [org.apache.tomcat.util.net.NioEndpoint$NioSocketWrapper@7261503d:org.apache.tomcat.util.net.NioChannel@73f9647b:java.nio.channels.SocketChannel[connected local=/[0:0:0:0:0:0:0:1]:8084 remote=/[0:0:0:0:0:0:0:1]:54719]]
2024-06-25 17:03:36,738 DEBUG org.apache.juli.logging.DirectJDKLog [http-nio-8084-exec-9] Processing socket [org.apache.tomcat.util.net.NioChannel@73f9647b:java.nio.channels.SocketChannel[connected local=/[0:0:0:0:0:0:0:1]:8084 remote=/[0:0:0:0:0:0:0:1]:54719]] with status [OPEN_READ]
2024-06-25 17:03:36,738 DEBUG org.apache.juli.logging.DirectJDKLog [http-nio-8084-exec-9] Found processor [null] for socket [org.apache.tomcat.util.net.NioChannel@73f9647b:java.nio.channels.SocketChannel[connected local=/[0:0:0:0:0:0:0:1]:8084 remote=/[0:0:0:0:0:0:0:1]:54719]]
2024-06-25 17:03:36,739 DEBUG org.apache.juli.logging.DirectJDKLog [http-nio-8084-exec-9] Popped processor [org.apache.coyote.http11.Http11Processor@55ab5834] from cache
2024-06-25 17:03:36,739 DEBUG org.apache.juli.logging.DirectJDKLog [http-nio-8084-exec-9] Socket: [org.apache.tomcat.util.net.NioEndpoint$NioSocketWrapper@7261503d:org.apache.tomcat.util.net.NioChannel@73f9647b:java.nio.channels.SocketChannel[connected local=/[0:0:0:0:0:0:0:1]:8084 remote=/[0:0:0:0:0:0:0:1]:54719]], Read from buffer: [0]
2024-06-25 17:03:36,740 DEBUG org.apache.juli.logging.DirectJDKLog [http-nio-8084-exec-9] Socket: [org.apache.tomcat.util.net.NioEndpoint$NioSocketWrapper@7261503d:org.apache.tomcat.util.net.NioChannel@73f9647b:java.nio.channels.SocketChannel[connected local=/[0:0:0:0:0:0:0:1]:8084 remote=/[0:0:0:0:0:0:0:1]:54719]], Read direct from socket: [643]
2024-06-25 17:03:36,740 DEBUG org.apache.juli.logging.DirectJDKLog [http-nio-8084-exec-9] Received [POST /slot/listallslot HTTP/1.1
Host: localhost:8084
Connection: keep-alive
Content-Length: 2
sec-ch-ua: "Not/A)Brand";v="8", "Chromium";v="126", "Google Chrome";v="126"
Accept: application/json, text/plain, */*
Content-Type: application/json
sec-ch-ua-mobile: ?0
User-Agent: Mozilla/5.0 (Windows NT 10.0; Win64; x64) AppleWebKit/537.36 (KHTML, like Gecko) Chrome/126.0.0.0 Safari/537.36
sec-ch-ua-platform: "Windows"
Origin: http://localhost:3000
Sec-Fetch-Site: same-site
Sec-Fetch-Mode: cors
Sec-Fetch-Dest: empty
Referer: http://localhost:3000/
Accept-Encoding: gzip, deflate, br, zstd
Accept-Language: en-US,en;q=0.9

{}]
2024-06-25 17:03:36,740 DEBUG org.apache.juli.logging.DirectJDKLog [http-nio-8084-exec-9] Security checking request POST /slot/listallslot
2024-06-25 17:03:36,741 DEBUG org.apache.juli.logging.DirectJDKLog [http-nio-8084-exec-9]   No applicable constraints defined
2024-06-25 17:03:36,741 DEBUG org.apache.juli.logging.DirectJDKLog [http-nio-8084-exec-9] Not subject to any constraint
2024-06-25 17:03:36,742 DEBUG org.springframework.security.web.FilterChainProxy$VirtualFilterChain [http-nio-8084-exec-9] /slot/listallslot at position 1 of 11 in additional filter chain; firing Filter: 'WebAsyncManagerIntegrationFilter'
2024-06-25 17:03:36,742 DEBUG org.springframework.security.web.FilterChainProxy$VirtualFilterChain [http-nio-8084-exec-9] /slot/listallslot at position 2 of 11 in additional filter chain; firing Filter: 'SecurityContextPersistenceFilter'
2024-06-25 17:03:36,742 DEBUG org.springframework.security.web.FilterChainProxy$VirtualFilterChain [http-nio-8084-exec-9] /slot/listallslot at position 3 of 11 in additional filter chain; firing Filter: 'HeaderWriterFilter'
2024-06-25 17:03:36,742 DEBUG org.springframework.security.web.FilterChainProxy$VirtualFilterChain [http-nio-8084-exec-9] /slot/listallslot at position 4 of 11 in additional filter chain; firing Filter: 'CorsFilter'
2024-06-25 17:03:36,743 DEBUG org.springframework.web.servlet.handler.AbstractHandlerMapping [http-nio-8084-exec-9] Mapped to com.booking.controller.SlotController#ListAllSlot(ClubSlot)
2024-06-25 17:03:36,744 DEBUG org.springframework.security.web.FilterChainProxy$VirtualFilterChain [http-nio-8084-exec-9] /slot/listallslot at position 5 of 11 in additional filter chain; firing Filter: 'LogoutFilter'
2024-06-25 17:03:36,755 DEBUG org.springframework.security.web.util.matcher.OrRequestMatcher [http-nio-8084-exec-9] Trying to match using Ant [pattern='/logout', GET]
2024-06-25 17:03:36,755 DEBUG org.springframework.security.web.util.matcher.AntPathRequestMatcher [http-nio-8084-exec-9] Request 'POST /slot/listallslot' doesn't match 'GET /logout'
2024-06-25 17:03:36,756 DEBUG org.springframework.security.web.util.matcher.OrRequestMatcher [http-nio-8084-exec-9] Trying to match using Ant [pattern='/logout', POST]
2024-06-25 17:03:36,756 DEBUG org.springframework.security.web.util.matcher.AntPathRequestMatcher [http-nio-8084-exec-9] Checking match of request : '/slot/listallslot'; against '/logout'
2024-06-25 17:03:36,756 DEBUG org.springframework.security.web.util.matcher.OrRequestMatcher [http-nio-8084-exec-9] Trying to match using Ant [pattern='/logout', PUT]
2024-06-25 17:03:36,757 DEBUG org.springframework.security.web.util.matcher.AntPathRequestMatcher [http-nio-8084-exec-9] Request 'POST /slot/listallslot' doesn't match 'PUT /logout'
2024-06-25 17:03:36,757 DEBUG org.springframework.security.web.util.matcher.OrRequestMatcher [http-nio-8084-exec-9] Trying to match using Ant [pattern='/logout', DELETE]
2024-06-25 17:03:36,757 DEBUG org.springframework.security.web.util.matcher.AntPathRequestMatcher [http-nio-8084-exec-9] Request 'POST /slot/listallslot' doesn't match 'DELETE /logout'
2024-06-25 17:03:36,757 DEBUG org.springframework.security.web.util.matcher.OrRequestMatcher [http-nio-8084-exec-9] No matches found
2024-06-25 17:03:36,758 DEBUG org.springframework.security.web.FilterChainProxy$VirtualFilterChain [http-nio-8084-exec-9] /slot/listallslot at position 6 of 11 in additional filter chain; firing Filter: 'RequestCacheAwareFilter'
2024-06-25 17:03:36,758 DEBUG org.springframework.security.web.FilterChainProxy$VirtualFilterChain [http-nio-8084-exec-9] /slot/listallslot at position 7 of 11 in additional filter chain; firing Filter: 'SecurityContextHolderAwareRequestFilter'
2024-06-25 17:03:36,758 DEBUG org.springframework.security.web.FilterChainProxy$VirtualFilterChain [http-nio-8084-exec-9] /slot/listallslot at position 8 of 11 in additional filter chain; firing Filter: 'AnonymousAuthenticationFilter'
2024-06-25 17:03:36,759 DEBUG org.springframework.security.web.authentication.AnonymousAuthenticationFilter [http-nio-8084-exec-9] Populated SecurityContextHolder with anonymous token: 'org.springframework.security.authentication.AnonymousAuthenticationToken@31e194fe: Principal: anonymousUser; Credentials: [PROTECTED]; Authenticated: true; Details: org.springframework.security.web.authentication.WebAuthenticationDetails@b364: RemoteIpAddress: 0:0:0:0:0:0:0:1; SessionId: null; Granted Authorities: ROLE_ANONYMOUS'
2024-06-25 17:03:36,759 DEBUG org.springframework.security.web.FilterChainProxy$VirtualFilterChain [http-nio-8084-exec-9] /slot/listallslot at position 9 of 11 in additional filter chain; firing Filter: 'SessionManagementFilter'
2024-06-25 17:03:36,759 DEBUG org.springframework.security.web.FilterChainProxy$VirtualFilterChain [http-nio-8084-exec-9] /slot/listallslot at position 10 of 11 in additional filter chain; firing Filter: 'ExceptionTranslationFilter'
2024-06-25 17:03:36,759 DEBUG org.springframework.security.web.FilterChainProxy$VirtualFilterChain [http-nio-8084-exec-9] /slot/listallslot at position 11 of 11 in additional filter chain; firing Filter: 'FilterSecurityInterceptor'
2024-06-25 17:03:36,760 DEBUG org.springframework.security.web.util.matcher.AntPathRequestMatcher [http-nio-8084-exec-9] Request '/slot/listallslot' matched by universal pattern '/**'
2024-06-25 17:03:36,760 DEBUG org.springframework.security.access.intercept.AbstractSecurityInterceptor [http-nio-8084-exec-9] Secure object: FilterInvocation: URL: /slot/listallslot; Attributes: [permitAll]
2024-06-25 17:03:36,761 DEBUG org.springframework.security.access.intercept.AbstractSecurityInterceptor [http-nio-8084-exec-9] Previously Authenticated: org.springframework.security.authentication.AnonymousAuthenticationToken@31e194fe: Principal: anonymousUser; Credentials: [PROTECTED]; Authenticated: true; Details: org.springframework.security.web.authentication.WebAuthenticationDetails@b364: RemoteIpAddress: 0:0:0:0:0:0:0:1; SessionId: null; Granted Authorities: ROLE_ANONYMOUS
2024-06-25 17:03:36,761 DEBUG org.springframework.security.access.vote.AffirmativeBased [http-nio-8084-exec-9] Voter: org.springframework.security.web.access.expression.WebExpressionVoter@7e48fa64, returned: 1
2024-06-25 17:03:36,761 DEBUG org.springframework.security.access.intercept.AbstractSecurityInterceptor [http-nio-8084-exec-9] Authorization successful
2024-06-25 17:03:36,762 DEBUG org.springframework.security.access.intercept.AbstractSecurityInterceptor [http-nio-8084-exec-9] RunAsManager did not change Authentication object
2024-06-25 17:03:36,762 DEBUG org.springframework.security.web.FilterChainProxy$VirtualFilterChain [http-nio-8084-exec-9] /slot/listallslot reached end of additional filter chain; proceeding with original chain
2024-06-25 17:03:36,762 WARN com.booking.config.JwtAuthenticationFilter [http-nio-8084-exec-9] Couldn't find bearer string, header will be ignored
2024-06-25 17:03:36,765 DEBUG org.springframework.web.servlet.handler.AbstractHandlerMapping [http-nio-8084-exec-9] Mapped to com.booking.controller.SlotController#ListAllSlot(ClubSlot)
2024-06-25 17:03:36,765 INFO com.booking.logger.SpringLoggingFilter [http-nio-8084-exec-9] Request: method=POST, uri=/slot/listallslot, payload={}, audit=true
2024-06-25 17:03:36,766 DEBUG org.apache.juli.logging.DirectJDKLog [http-nio-8084-exec-9] Set encoding to UTF-8
2024-06-25 17:03:36,767 DEBUG org.springframework.core.log.LogFormatUtils [http-nio-8084-exec-9] POST "/slot/listallslot", parameters={}
2024-06-25 17:03:36,767 DEBUG org.springframework.web.servlet.handler.AbstractHandlerMapping [http-nio-8084-exec-9] Mapped to com.booking.controller.SlotController#ListAllSlot(ClubSlot)
2024-06-25 17:03:36,768 DEBUG org.springframework.orm.jpa.support.OpenEntityManagerInViewInterceptor [http-nio-8084-exec-9] Opening JPA EntityManager in OpenEntityManagerInViewInterceptor
2024-06-25 17:03:36,769 DEBUG org.springframework.core.log.LogFormatUtils [http-nio-8084-exec-9] Read "application/json;charset=UTF-8" to [com.booking.model.slot.ClubSlot@6f773a1]
2024-06-25 17:03:36,770 DEBUG org.hibernate.engine.jdbc.spi.SqlStatementLogger [http-nio-8084-exec-9]  select cs.slot_id as slotId, cs.club_name as clubName, cs.created_by as createdBy, cs.created_date as createdDate, cs.player_count as playerCount, cs.primary_booking_id as primaryBookingId, cs.secondary_booking as secondaryBooking, cs.slot_available as slotAvailable, cs.slot_date as slotDate, cs.slot_end_timestmp as slotEndTimestmp, cs.slot_start_timestmp as slotStartTimeStamp, cs.slot_status as slotStatus, cs.tee_time as teeTime from club_slot cs where cs.slot_start_timestmp >? order by cs.slot_start_timestmp asc

2024-06-25 17:03:37,238 DEBUG org.jboss.logging.DelegatingBasicLogger [http-nio-8084-exec-9] Result set row: 0
2024-06-25 17:03:37,238 DEBUG org.hibernate.loader.Loader [http-nio-8084-exec-9] Result row: 
2024-06-25 17:03:37,239 DEBUG org.jboss.logging.DelegatingBasicLogger [http-nio-8084-exec-9] Result set row: 1
2024-06-25 17:03:37,240 DEBUG org.hibernate.loader.Loader [http-nio-8084-exec-9] Result row: 
2024-06-25 17:03:37,240 DEBUG org.jboss.logging.DelegatingBasicLogger [http-nio-8084-exec-9] Result set row: 2
2024-06-25 17:03:37,241 DEBUG org.hibernate.loader.Loader [http-nio-8084-exec-9] Result row: 
2024-06-25 17:03:37,241 DEBUG org.jboss.logging.DelegatingBasicLogger [http-nio-8084-exec-9] Result set row: 3
2024-06-25 17:03:37,241 DEBUG org.hibernate.loader.Loader [http-nio-8084-exec-9] Result row: 
2024-06-25 17:03:37,242 DEBUG org.jboss.logging.DelegatingBasicLogger [http-nio-8084-exec-9] Result set row: 4
2024-06-25 17:03:37,242 DEBUG org.hibernate.loader.Loader [http-nio-8084-exec-9] Result row: 
2024-06-25 17:03:37,242 DEBUG org.jboss.logging.DelegatingBasicLogger [http-nio-8084-exec-9] Result set row: 5
2024-06-25 17:03:37,243 DEBUG org.hibernate.loader.Loader [http-nio-8084-exec-9] Result row: 
2024-06-25 17:03:37,243 DEBUG org.jboss.logging.DelegatingBasicLogger [http-nio-8084-exec-9] Result set row: 6
2024-06-25 17:03:37,244 DEBUG org.hibernate.loader.Loader [http-nio-8084-exec-9] Result row: 
2024-06-25 17:03:37,246 DEBUG org.springframework.web.servlet.mvc.method.annotation.AbstractMessageConverterMethodProcessor [http-nio-8084-exec-9] Using 'application/json', given [application/json, text/plain, */*] and supported [application/json, application/*+json, application/json, application/*+json]
2024-06-25 17:03:37,246 DEBUG org.springframework.core.log.LogFormatUtils [http-nio-8084-exec-9] Writing [{slotList=[org.springframework.data.jpa.repository.query.AbstractJpaQuery$TupleConverter$TupleBacked (truncated)...]
2024-06-25 17:03:37,251 DEBUG org.springframework.orm.jpa.support.OpenEntityManagerInViewInterceptor [http-nio-8084-exec-9] Closing JPA EntityManager in OpenEntityManagerInViewInterceptor
2024-06-25 17:03:37,252 DEBUG org.springframework.web.servlet.FrameworkServlet [http-nio-8084-exec-9] Completed 200 OK
2024-06-25 17:03:37,253 INFO com.booking.logger.SpringLoggingFilter [http-nio-8084-exec-9] Response(488 ms): status=200, payload={"slotList":[{"playerCount":3,"slotStatus":"Blocked for VIP","slotDate":"2024-06-25","slotId":454,"primaryBookingId":0,"slotStartTimeStamp":"2024-06-25T12:31:00.345+00:00","secondaryBooking":"Y","teeTime":"T1","slotDuration":null,"clubName":"Bhubaneswar Golf Club!","createdBy":"Admin","slotAvailable":"Y","createdDate":"2024-06-25T11:31:31.641+00:00","slotEndTimeStmp":"2024-06-25T12:51:00.345+00:00"},{"playerCount":3,"slotStatus":"Created","slotDate":"2024-06-25","slotId":455,"primaryBookingId":0,"slotStartTimeStamp":"2024-06-25T12:51:00.345+00:00","secondaryBooking":"Y","teeTime":"T1","slotDuration":null,"clubName":"Bhubaneswar Golf Club!","createdBy":"Admin","slotAvailable":"Y","createdDate":"2024-06-25T11:31:31.641+00:00","slotEndTimeStmp":"2024-06-25T13:11:00.345+00:00"},{"playerCount":3,"slotStatus":"Created","slotDate":"2024-06-25","slotId":456,"primaryBookingId":0,"slotStartTimeStamp":"2024-06-25T13:11:00.345+00:00","secondaryBooking":"Y","teeTime":"T1","slotDuration":null,"clubName":"Bhubaneswar Golf Club!","createdBy":"Admin","slotAvailable":"Y","createdDate":"2024-06-25T11:31:31.641+00:00","slotEndTimeStmp":"2024-06-25T13:31:00.345+00:00"},{"playerCount":3,"slotStatus":"Created","slotDate":"2024-06-25","slotId":457,"primaryBookingId":0,"slotStartTimeStamp":"2024-06-25T13:31:00.345+00:00","secondaryBooking":"Y","teeTime":"T1","slotDuration":null,"clubName":"Bhubaneswar Golf Club!","createdBy":"Admin","slotAvailable":"Y","createdDate":"2024-06-25T11:31:31.641+00:00","slotEndTimeStmp":"2024-06-25T13:51:00.345+00:00"},{"playerCount":3,"slotStatus":"Created","slotDate":"2024-06-25","slotId":458,"primaryBookingId":0,"slotStartTimeStamp":"2024-06-25T13:51:00.345+00:00","secondaryBooking":"Y","teeTime":"T1","slotDuration":null,"clubName":"Bhubaneswar Golf Club!","createdBy":"Admin","slotAvailable":"Y","createdDate":"2024-06-25T11:31:31.641+00:00","slotEndTimeStmp":"2024-06-25T14:11:00.345+00:00"},{"playerCount":3,"slotStatus":"Created","slotDate":"2024-06-25","slotId":459,"primaryBookingId":0,"slotStartTimeStamp":"2024-06-25T14:11:00.345+00:00","secondaryBooking":"Y","teeTime":"T1","slotDuration":null,"clubName":"Bhubaneswar Golf Club!","createdBy":"Admin","slotAvailable":"Y","createdDate":"2024-06-25T11:31:31.641+00:00","slotEndTimeStmp":"2024-06-25T14:31:00.345+00:00"},{"playerCount":3,"slotStatus":"Created","slotDate":"2024-06-25","slotId":460,"primaryBookingId":0,"slotStartTimeStamp":"2024-06-25T14:31:00.345+00:00","secondaryBooking":"Y","teeTime":"T1","slotDuration":null,"clubName":"Bhubaneswar Golf Club!","createdBy":"Admin","slotAvailable":"Y","createdDate":"2024-06-25T11:31:31.641+00:00","slotEndTimeStmp":"2024-06-25T14:51:00.345+00:00"}],"slotAvalaibity":{"25-06-2024":"Y"}}, audit=true
2024-06-25 17:03:37,254 DEBUG org.springframework.security.web.access.ExceptionTranslationFilter [http-nio-8084-exec-9] Chain processed normally
2024-06-25 17:03:37,254 DEBUG org.springframework.security.web.header.writers.HstsHeaderWriter [http-nio-8084-exec-9] Not injecting HSTS header since it did not match the requestMatcher org.springframework.security.web.header.writers.HstsHeaderWriter$SecureRequestMatcher@66e3d68f
2024-06-25 17:03:37,254 DEBUG org.springframework.security.web.context.SecurityContextPersistenceFilter [http-nio-8084-exec-9] SecurityContextHolder now cleared, as request processing completed
2024-06-25 17:03:37,255 DEBUG org.apache.juli.logging.DirectJDKLog [http-nio-8084-exec-9] Socket: [org.apache.tomcat.util.net.NioEndpoint$NioSocketWrapper@7261503d:org.apache.tomcat.util.net.NioChannel@73f9647b:java.nio.channels.SocketChannel[connected local=/[0:0:0:0:0:0:0:1]:8084 remote=/[0:0:0:0:0:0:0:1]:54719]], Read from buffer: [0]
2024-06-25 17:03:37,256 DEBUG org.apache.juli.logging.DirectJDKLog [http-nio-8084-exec-9] Socket: [org.apache.tomcat.util.net.NioEndpoint$NioSocketWrapper@7261503d:org.apache.tomcat.util.net.NioChannel@73f9647b:java.nio.channels.SocketChannel[connected local=/[0:0:0:0:0:0:0:1]:8084 remote=/[0:0:0:0:0:0:0:1]:54719]], Read direct from socket: [0]
2024-06-25 17:03:37,256 DEBUG org.apache.juli.logging.DirectJDKLog [http-nio-8084-exec-9] Socket: [org.apache.tomcat.util.net.NioEndpoint$NioSocketWrapper@7261503d:org.apache.tomcat.util.net.NioChannel@73f9647b:java.nio.channels.SocketChannel[connected local=/[0:0:0:0:0:0:0:1]:8084 remote=/[0:0:0:0:0:0:0:1]:54719]], Status in: [OPEN_READ], State out: [OPEN]
2024-06-25 17:03:37,256 DEBUG org.apache.juli.logging.DirectJDKLog [http-nio-8084-exec-9] Pushed Processor [org.apache.coyote.http11.Http11Processor@55ab5834]
2024-06-25 17:03:37,257 DEBUG org.apache.juli.logging.DirectJDKLog [http-nio-8084-exec-9] Registered read interest for [org.apache.tomcat.util.net.NioEndpoint$NioSocketWrapper@7261503d:org.apache.tomcat.util.net.NioChannel@73f9647b:java.nio.channels.SocketChannel[connected local=/[0:0:0:0:0:0:0:1]:8084 remote=/[0:0:0:0:0:0:0:1]:54719]]
2024-06-25 17:03:41,353 DEBUG sun.rmi.runtime.Log$LoggerLog [RMI TCP Connection(21)-127.0.0.1] RMI TCP Connection(21)-127.0.0.1: (port 61001) connection closed
2024-06-25 17:03:41,355 DEBUG sun.rmi.runtime.Log$LoggerLog [RMI TCP Connection(21)-127.0.0.1] RMI TCP Connection(21)-127.0.0.1: close connection, socket: Socket[addr=/127.0.0.1,port=59921,localport=61001]
2024-06-25 17:03:41,357 DEBUG sun.rmi.runtime.Log$LoggerLog [RMI TCP Connection(21)-127.0.0.1] RMI TCP Connection(21)-127.0.0.1: socket close: Socket[addr=/127.0.0.1,port=59921,localport=61001]
2024-06-25 17:03:42,081 DEBUG org.apache.juli.logging.DirectJDKLog [Catalina-utility-2] Start expire sessions StandardManager at 1719315222081 sessioncount 0
2024-06-25 17:03:42,090 DEBUG org.apache.juli.logging.DirectJDKLog [Catalina-utility-2] End expire sessions StandardManager processingTime 8 expired sessions: 0
2024-06-25 17:03:44,358 DEBUG org.apache.juli.logging.DirectJDKLog [http-nio-8084-exec-1] Processing socket [org.apache.tomcat.util.net.NioChannel@298c086:java.nio.channels.SocketChannel[connected local=/[0:0:0:0:0:0:0:1]:8084 remote=/[0:0:0:0:0:0:0:1]:54717]] with status [ERROR]
2024-06-25 17:03:44,359 DEBUG org.apache.juli.logging.DirectJDKLog [http-nio-8084-exec-1] Found processor [null] for socket [org.apache.tomcat.util.net.NioChannel@298c086:java.nio.channels.SocketChannel[connected local=/[0:0:0:0:0:0:0:1]:8084 remote=/[0:0:0:0:0:0:0:1]:54717]]
2024-06-25 17:03:44,360 DEBUG org.apache.juli.logging.DirectJDKLog [http-nio-8084-exec-1] Counting down[http-nio-8084-exec-1] latch=2
2024-06-25 17:03:44,361 DEBUG org.apache.juli.logging.DirectJDKLog [http-nio-8084-exec-1] Calling [org.apache.tomcat.util.net.NioEndpoint@798fc552].closeSocket([org.apache.tomcat.util.net.NioEndpoint$NioSocketWrapper@14c5b889:org.apache.tomcat.util.net.NioChannel@298c086:java.nio.channels.SocketChannel[connected local=/[0:0:0:0:0:0:0:1]:8084 remote=/[0:0:0:0:0:0:0:1]:54717]])
2024-06-25 17:04:06,499 DEBUG com.zaxxer.hikari.pool.HikariPool [HikariPool-1 housekeeper] HikariPool-1 - Pool stats (total=10, active=0, idle=10, waiting=0)
2024-06-25 17:04:06,500 DEBUG com.zaxxer.hikari.pool.HikariPool [HikariPool-1 housekeeper] HikariPool-1 - Fill pool skipped, pool is at sufficient level.
2024-06-25 17:04:16,411 DEBUG org.apache.juli.logging.DirectJDKLog [http-nio-8084-exec-2] Processing socket [org.apache.tomcat.util.net.NioChannel@73f9647b:java.nio.channels.SocketChannel[connected local=/[0:0:0:0:0:0:0:1]:8084 remote=/[0:0:0:0:0:0:0:1]:54719]] with status [OPEN_READ]
2024-06-25 17:04:16,412 DEBUG org.apache.juli.logging.DirectJDKLog [http-nio-8084-exec-2] Found processor [null] for socket [org.apache.tomcat.util.net.NioChannel@73f9647b:java.nio.channels.SocketChannel[connected local=/[0:0:0:0:0:0:0:1]:8084 remote=/[0:0:0:0:0:0:0:1]:54719]]
2024-06-25 17:04:16,412 DEBUG org.apache.juli.logging.DirectJDKLog [http-nio-8084-exec-2] Popped processor [org.apache.coyote.http11.Http11Processor@55ab5834] from cache
2024-06-25 17:04:16,412 DEBUG org.apache.juli.logging.DirectJDKLog [http-nio-8084-exec-2] Socket: [org.apache.tomcat.util.net.NioEndpoint$NioSocketWrapper@7261503d:org.apache.tomcat.util.net.NioChannel@73f9647b:java.nio.channels.SocketChannel[connected local=/[0:0:0:0:0:0:0:1]:8084 remote=/[0:0:0:0:0:0:0:1]:54719]], Read from buffer: [0]
2024-06-25 17:04:16,413 DEBUG org.apache.juli.logging.DirectJDKLog [http-nio-8084-exec-2] Socket: [org.apache.tomcat.util.net.NioEndpoint$NioSocketWrapper@7261503d:org.apache.tomcat.util.net.NioChannel@73f9647b:java.nio.channels.SocketChannel[connected local=/[0:0:0:0:0:0:0:1]:8084 remote=/[0:0:0:0:0:0:0:1]:54719]], Read direct from socket: [1045]
2024-06-25 17:04:16,413 DEBUG org.apache.juli.logging.DirectJDKLog [http-nio-8084-exec-2] Received [POST /slot/blockslot HTTP/1.1
Host: localhost:8084
Connection: keep-alive
Content-Length: 404
sec-ch-ua: "Not/A)Brand";v="8", "Chromium";v="126", "Google Chrome";v="126"
Accept: application/json, text/plain, */*
Content-Type: application/json
sec-ch-ua-mobile: ?0
User-Agent: Mozilla/5.0 (Windows NT 10.0; Win64; x64) AppleWebKit/537.36 (KHTML, like Gecko) Chrome/126.0.0.0 Safari/537.36
sec-ch-ua-platform: "Windows"
Origin: http://localhost:3000
Sec-Fetch-Site: same-site
Sec-Fetch-Mode: cors
Sec-Fetch-Dest: empty
Referer: http://localhost:3000/
Accept-Encoding: gzip, deflate, br, zstd
Accept-Language: en-US,en;q=0.9

{"createdBy":"Admin","slotDate":"2024-06-26","start":"13:32:42","end":"15:32:42","slotStartTimeStamp":"2024-06-26T13:32:42.825Z","slotEndTimeStamp":"2024-06-28T15:32:42.825Z","createdDate":"2024-06-25T11:34:16.408Z","playerCount":3,"slotStatus":"Blocked for VIP","clubName":"Bhubaneswar Golf Club!","secondaryBooking":"Y","slotDuration":"20","slotAvailable":"Y","teeTime":"T1","slotDays":[1,2,3,4,5,6,7]}]
2024-06-25 17:04:16,413 DEBUG org.apache.juli.logging.DirectJDKLog [http-nio-8084-exec-2] Security checking request POST /slot/blockslot
2024-06-25 17:04:16,414 DEBUG org.apache.juli.logging.DirectJDKLog [http-nio-8084-exec-2]   No applicable constraints defined
2024-06-25 17:04:16,415 DEBUG org.apache.juli.logging.DirectJDKLog [http-nio-8084-exec-2] Not subject to any constraint
2024-06-25 17:04:16,416 DEBUG org.springframework.security.web.FilterChainProxy$VirtualFilterChain [http-nio-8084-exec-2] /slot/blockslot at position 1 of 11 in additional filter chain; firing Filter: 'WebAsyncManagerIntegrationFilter'
2024-06-25 17:04:16,416 DEBUG org.springframework.security.web.FilterChainProxy$VirtualFilterChain [http-nio-8084-exec-2] /slot/blockslot at position 2 of 11 in additional filter chain; firing Filter: 'SecurityContextPersistenceFilter'
2024-06-25 17:04:16,416 DEBUG org.springframework.security.web.FilterChainProxy$VirtualFilterChain [http-nio-8084-exec-2] /slot/blockslot at position 3 of 11 in additional filter chain; firing Filter: 'HeaderWriterFilter'
2024-06-25 17:04:16,417 DEBUG org.springframework.security.web.FilterChainProxy$VirtualFilterChain [http-nio-8084-exec-2] /slot/blockslot at position 4 of 11 in additional filter chain; firing Filter: 'CorsFilter'
2024-06-25 17:04:16,440 DEBUG org.springframework.web.servlet.handler.AbstractHandlerMapping [http-nio-8084-exec-2] Mapped to com.booking.controller.SlotController#blockSlot(ClubSlot)
2024-06-25 17:04:16,440 DEBUG org.springframework.security.web.FilterChainProxy$VirtualFilterChain [http-nio-8084-exec-2] /slot/blockslot at position 5 of 11 in additional filter chain; firing Filter: 'LogoutFilter'
2024-06-25 17:04:16,441 DEBUG org.springframework.security.web.util.matcher.OrRequestMatcher [http-nio-8084-exec-2] Trying to match using Ant [pattern='/logout', GET]
2024-06-25 17:04:16,441 DEBUG org.springframework.security.web.util.matcher.AntPathRequestMatcher [http-nio-8084-exec-2] Request 'POST /slot/blockslot' doesn't match 'GET /logout'
2024-06-25 17:04:16,442 DEBUG org.springframework.security.web.util.matcher.OrRequestMatcher [http-nio-8084-exec-2] Trying to match using Ant [pattern='/logout', POST]
2024-06-25 17:04:16,442 DEBUG org.springframework.security.web.util.matcher.AntPathRequestMatcher [http-nio-8084-exec-2] Checking match of request : '/slot/blockslot'; against '/logout'
2024-06-25 17:04:16,442 DEBUG org.springframework.security.web.util.matcher.OrRequestMatcher [http-nio-8084-exec-2] Trying to match using Ant [pattern='/logout', PUT]
2024-06-25 17:04:16,443 DEBUG org.springframework.security.web.util.matcher.AntPathRequestMatcher [http-nio-8084-exec-2] Request 'POST /slot/blockslot' doesn't match 'PUT /logout'
2024-06-25 17:04:16,443 DEBUG org.springframework.security.web.util.matcher.OrRequestMatcher [http-nio-8084-exec-2] Trying to match using Ant [pattern='/logout', DELETE]
2024-06-25 17:04:16,444 DEBUG org.springframework.security.web.util.matcher.AntPathRequestMatcher [http-nio-8084-exec-2] Request 'POST /slot/blockslot' doesn't match 'DELETE /logout'
2024-06-25 17:04:16,444 DEBUG org.springframework.security.web.util.matcher.OrRequestMatcher [http-nio-8084-exec-2] No matches found
2024-06-25 17:04:16,445 DEBUG org.springframework.security.web.FilterChainProxy$VirtualFilterChain [http-nio-8084-exec-2] /slot/blockslot at position 6 of 11 in additional filter chain; firing Filter: 'RequestCacheAwareFilter'
2024-06-25 17:04:16,445 DEBUG org.springframework.security.web.FilterChainProxy$VirtualFilterChain [http-nio-8084-exec-2] /slot/blockslot at position 7 of 11 in additional filter chain; firing Filter: 'SecurityContextHolderAwareRequestFilter'
2024-06-25 17:04:16,445 DEBUG org.springframework.security.web.FilterChainProxy$VirtualFilterChain [http-nio-8084-exec-2] /slot/blockslot at position 8 of 11 in additional filter chain; firing Filter: 'AnonymousAuthenticationFilter'
2024-06-25 17:04:16,445 DEBUG org.springframework.security.web.authentication.AnonymousAuthenticationFilter [http-nio-8084-exec-2] Populated SecurityContextHolder with anonymous token: 'org.springframework.security.authentication.AnonymousAuthenticationToken@31e194fe: Principal: anonymousUser; Credentials: [PROTECTED]; Authenticated: true; Details: org.springframework.security.web.authentication.WebAuthenticationDetails@b364: RemoteIpAddress: 0:0:0:0:0:0:0:1; SessionId: null; Granted Authorities: ROLE_ANONYMOUS'
2024-06-25 17:04:16,446 DEBUG org.springframework.security.web.FilterChainProxy$VirtualFilterChain [http-nio-8084-exec-2] /slot/blockslot at position 9 of 11 in additional filter chain; firing Filter: 'SessionManagementFilter'
2024-06-25 17:04:16,710 DEBUG org.springframework.security.web.FilterChainProxy$VirtualFilterChain [http-nio-8084-exec-2] /slot/blockslot at position 10 of 11 in additional filter chain; firing Filter: 'ExceptionTranslationFilter'
2024-06-25 17:04:16,711 DEBUG org.springframework.security.web.FilterChainProxy$VirtualFilterChain [http-nio-8084-exec-2] /slot/blockslot at position 11 of 11 in additional filter chain; firing Filter: 'FilterSecurityInterceptor'
2024-06-25 17:04:16,711 DEBUG org.springframework.security.web.util.matcher.AntPathRequestMatcher [http-nio-8084-exec-2] Request '/slot/blockslot' matched by universal pattern '/**'
2024-06-25 17:04:16,711 DEBUG org.springframework.security.access.intercept.AbstractSecurityInterceptor [http-nio-8084-exec-2] Secure object: FilterInvocation: URL: /slot/blockslot; Attributes: [permitAll]
2024-06-25 17:04:16,711 DEBUG org.springframework.security.access.intercept.AbstractSecurityInterceptor [http-nio-8084-exec-2] Previously Authenticated: org.springframework.security.authentication.AnonymousAuthenticationToken@31e194fe: Principal: anonymousUser; Credentials: [PROTECTED]; Authenticated: true; Details: org.springframework.security.web.authentication.WebAuthenticationDetails@b364: RemoteIpAddress: 0:0:0:0:0:0:0:1; SessionId: null; Granted Authorities: ROLE_ANONYMOUS
2024-06-25 17:04:16,712 DEBUG org.springframework.security.access.vote.AffirmativeBased [http-nio-8084-exec-2] Voter: org.springframework.security.web.access.expression.WebExpressionVoter@7e48fa64, returned: 1
2024-06-25 17:04:16,712 DEBUG org.springframework.security.access.intercept.AbstractSecurityInterceptor [http-nio-8084-exec-2] Authorization successful
2024-06-25 17:04:16,712 DEBUG org.springframework.security.access.intercept.AbstractSecurityInterceptor [http-nio-8084-exec-2] RunAsManager did not change Authentication object
2024-06-25 17:04:16,713 DEBUG org.springframework.security.web.FilterChainProxy$VirtualFilterChain [http-nio-8084-exec-2] /slot/blockslot reached end of additional filter chain; proceeding with original chain
2024-06-25 17:04:16,713 WARN com.booking.config.JwtAuthenticationFilter [http-nio-8084-exec-2] Couldn't find bearer string, header will be ignored
2024-06-25 17:04:16,713 DEBUG org.springframework.web.servlet.handler.AbstractHandlerMapping [http-nio-8084-exec-2] Mapped to com.booking.controller.SlotController#blockSlot(ClubSlot)
2024-06-25 17:04:16,714 INFO com.booking.logger.SpringLoggingFilter [http-nio-8084-exec-2] Request: method=POST, uri=/slot/blockslot, payload={"createdBy":"Admin","slotDate":"2024-06-26","start":"13:32:42","end":"15:32:42","slotStartTimeStamp":"2024-06-26T13:32:42.825Z","slotEndTimeStamp":"2024-06-28T15:32:42.825Z","createdDate":"2024-06-25T11:34:16.408Z","playerCount":3,"slotStatus":"Blocked for VIP","clubName":"Bhubaneswar Golf Club!","secondaryBooking":"Y","slotDuration":"20","slotAvailable":"Y","teeTime":"T1","slotDays":[1,2,3,4,5,6,7]}, audit=true
2024-06-25 17:04:16,714 DEBUG org.apache.juli.logging.DirectJDKLog [http-nio-8084-exec-2] Set encoding to UTF-8
2024-06-25 17:04:16,714 DEBUG org.springframework.core.log.LogFormatUtils [http-nio-8084-exec-2] POST "/slot/blockslot", parameters={}
2024-06-25 17:04:16,715 DEBUG org.springframework.web.servlet.handler.AbstractHandlerMapping [http-nio-8084-exec-2] Mapped to com.booking.controller.SlotController#blockSlot(ClubSlot)
2024-06-25 17:04:16,716 DEBUG org.springframework.orm.jpa.support.OpenEntityManagerInViewInterceptor [http-nio-8084-exec-2] Opening JPA EntityManager in OpenEntityManagerInViewInterceptor
2024-06-25 17:04:16,719 DEBUG org.springframework.core.log.LogFormatUtils [http-nio-8084-exec-2] Read "application/json;charset=UTF-8" to [com.booking.model.slot.ClubSlot@216a09c4]
2024-06-25 17:04:16,721 DEBUG org.hibernate.engine.jdbc.spi.SqlStatementLogger [http-nio-8084-exec-2]  select cs.slot_id as slotId, cs.club_name as clubName, cs.created_by as createdBy, cs.created_date as createdDate, cs.player_count as playerCount, cs.primary_booking_id as primaryBookingId, cs.secondary_booking as secondaryBooking, cs.slot_available as slotAvailable, cs.slot_date as slotDate, cs.slot_end_timestmp as slotEndTimestmp, cs.slot_start_timestmp as slotStartTimeStamp, cs.slot_status as slotStatus, cs.tee_time as teeTime from club_slot cs where cs.slot_start_timestmp >=? and cs.slot_end_timestmp <=? and cs.tee_time =?
2024-06-25 17:04:17,406 DEBUG org.postgresql.Driver [http-nio-8084-exec-2] Connecting with URL: jdbc:postgresql://database-1.cnaee60qc6yl.us-east-2.rds.amazonaws.com/clubdb
2024-06-25 17:04:17,407 DEBUG org.postgresql.jdbc.PgConnection [http-nio-8084-exec-2] PostgreSQL JDBC Driver 42.2.14
2024-06-25 17:04:17,408 DEBUG org.postgresql.jdbc.PgConnection [http-nio-8084-exec-2]   setDefaultFetchSize = 0
2024-06-25 17:04:17,410 DEBUG org.postgresql.jdbc.PgConnection [http-nio-8084-exec-2]   setPrepareThreshold = 5
2024-06-25 17:04:17,411 DEBUG org.postgresql.core.v3.ConnectionFactoryImpl [http-nio-8084-exec-2] Trying to establish a protocol version 3 connection to database-1.cnaee60qc6yl.us-east-2.rds.amazonaws.com:5432
2024-06-25 17:04:17,662 DEBUG org.postgresql.core.v3.ConnectionFactoryImpl [http-nio-8084-exec-2] Receive Buffer Size is 65,536
2024-06-25 17:04:17,663 DEBUG org.postgresql.core.v3.ConnectionFactoryImpl [http-nio-8084-exec-2] Send Buffer Size is 65,536
2024-06-25 17:04:17,895 DEBUG org.postgresql.ssl.MakeSSL [http-nio-8084-exec-2] converting regular socket connection to ssl
2024-06-25 17:04:18,151 DEBUG sun.util.logging.internal.LoggingProviderImpl$JULWrapper [http-nio-8084-exec-2]  TLSHandshake: database-1.cnaee60qc6yl.us-east-2.rds.amazonaws.com:5432, TLSv1.3, TLS_AES_256_GCM_SHA384, -791690251
2024-06-25 17:04:19,342 DEBUG org.postgresql.jdbc.PgConnection [http-nio-8084-exec-2]   setAutoCommit = false
2024-06-25 17:04:20,043 DEBUG org.springframework.web.servlet.mvc.method.annotation.AbstractMessageConverterMethodProcessor [http-nio-8084-exec-2] Using 'application/json', given [application/json, text/plain, */*] and supported [application/json, application/*+json, application/json, application/*+json]
2024-06-25 17:04:20,044 DEBUG org.springframework.core.log.LogFormatUtils [http-nio-8084-exec-2] Writing [{Status=Success, Message=Slot Record Added successfully, Data=[com.booking.model.slot.ClubSlot@47534 (truncated)...]
2024-06-25 17:04:20,046 DEBUG org.springframework.security.web.header.writers.HstsHeaderWriter [http-nio-8084-exec-2] Not injecting HSTS header since it did not match the requestMatcher org.springframework.security.web.header.writers.HstsHeaderWriter$SecureRequestMatcher@66e3d68f
2024-06-25 17:04:20,049 DEBUG org.springframework.orm.jpa.support.OpenEntityManagerInViewInterceptor [http-nio-8084-exec-2] Closing JPA EntityManager in OpenEntityManagerInViewInterceptor
2024-06-25 17:04:20,049 DEBUG org.springframework.web.servlet.FrameworkServlet [http-nio-8084-exec-2] Completed 200 OK
2024-06-25 17:04:20,050 INFO com.booking.logger.SpringLoggingFilter [http-nio-8084-exec-2] Response(3336 ms): status=200, payload={"Status":"Success","Message":"Slot Record Added successfully","Data":[{"slotId":null,"slotDays":[1,2,3,4,5,6,7],"primaryBookingId":null,"playerCount":3,"slotStarted":null,"start":"13:32:42","end":"15:32:42","slotDuration":20,"createdBy":"Admin","clubName":"Bhubaneswar Golf Club!","secondaryBooking":"Y","createdDate":"2024-06-25T11:34:16.408+00:00","slotDate":"2024-06-26","slotStartTimeStamp":"2024-06-26T13:32:42.825+00:00","slotEndTimeStamp":"2024-06-26T13:52:42.825+00:00","slotStatus":"Blocked for VIP","teeTime":"T1","bookingMessage":null,"slotAvailable":"Y"},{"slotId":null,"slotDays":[1,2,3,4,5,6,7],"primaryBookingId":null,"playerCount":3,"slotStarted":null,"start":"13:32:42","end":"15:32:42","slotDuration":20,"createdBy":"Admin","clubName":"Bhubaneswar Golf Club!","secondaryBooking":"Y","createdDate":"2024-06-25T11:34:16.408+00:00","slotDate":"2024-06-26","slotStartTimeStamp":"2024-06-26T13:52:42.825+00:00","slotEndTimeStamp":"2024-06-26T14:12:42.825+00:00","slotStatus":"Blocked for VIP","teeTime":"T1","bookingMessage":null,"slotAvailable":"Y"},{"slotId":null,"slotDays":[1,2,3,4,5,6,7],"primaryBookingId":null,"playerCount":3,"slotStarted":null,"start":"13:32:42","end":"15:32:42","slotDuration":20,"createdBy":"Admin","clubName":"Bhubaneswar Golf Club!","secondaryBooking":"Y","createdDate":"2024-06-25T11:34:16.408+00:00","slotDate":"2024-06-26","slotStartTimeStamp":"2024-06-26T14:12:42.825+00:00","slotEndTimeStamp":"2024-06-26T14:32:42.825+00:00","slotStatus":"Blocked for VIP","teeTime":"T1","bookingMessage":null,"slotAvailable":"Y"},{"slotId":null,"slotDays":[1,2,3,4,5,6,7],"primaryBookingId":null,"playerCount":3,"slotStarted":null,"start":"13:32:42","end":"15:32:42","slotDuration":20,"createdBy":"Admin","clubName":"Bhubaneswar Golf Club!","secondaryBooking":"Y","createdDate":"2024-06-25T11:34:16.408+00:00","slotDate":"2024-06-26","slotStartTimeStamp":"2024-06-26T14:32:42.825+00:00","slotEndTimeStamp":"2024-06-26T14:52:42.825+00:00","slotStatus":"Blocked for VIP","teeTime":"T1","bookingMessage":null,"slotAvailable":"Y"},{"slotId":null,"slotDays":[1,2,3,4,5,6,7],"primaryBookingId":null,"playerCount":3,"slotStarted":null,"start":"13:32:42","end":"15:32:42","slotDuration":20,"createdBy":"Admin","clubName":"Bhubaneswar Golf Club!","secondaryBooking":"Y","createdDate":"2024-06-25T11:34:16.408+00:00","slotDate":"2024-06-26","slotStartTimeStamp":"2024-06-26T14:52:42.825+00:00","slotEndTimeStamp":"2024-06-26T15:12:42.825+00:00","slotStatus":"Blocked for VIP","teeTime":"T1","bookingMessage":null,"slotAvailable":"Y"},{"slotId":null,"slotDays":[1,2,3,4,5,6,7],"primaryBookingId":null,"playerCount":3,"slotStarted":null,"start":"13:32:42","end":"15:32:42","slotDuration":20,"createdBy":"Admin","clubName":"Bhubaneswar Golf Club!","secondaryBooking":"Y","createdDate":"2024-06-25T11:34:16.408+00:00","slotDate":"2024-06-26","slotStartTimeStamp":"2024-06-26T15:12:42.825+00:00","slotEndTimeStamp":"2024-06-26T15:32:42.825+00:00","slotStatus":"Blocked for VIP","teeTime":"T1","bookingMessage":null,"slotAvailable":"Y"},{"slotId":null,"slotDays":[1,2,3,4,5,6,7],"primaryBookingId":null,"playerCount":3,"slotStarted":null,"start":"13:32:42","end":"15:32:42","slotDuration":20,"createdBy":"Admin","clubName":"Bhubaneswar Golf Club!","secondaryBooking":"Y","createdDate":"2024-06-25T11:34:16.408+00:00","slotDate":"2024-06-26","slotStartTimeStamp":"2024-06-26T15:32:42.825+00:00","slotEndTimeStamp":"2024-06-26T15:52:42.825+00:00","slotStatus":"Blocked for VIP","teeTime":"T1","bookingMessage":null,"slotAvailable":"Y"},{"slotId":null,"slotDays":[1,2,3,4,5,6,7],"primaryBookingId":null,"playerCount":3,"slotStarted":null,"start":"13:32:42","end":"15:32:42","slotDuration":20,"createdBy":"Admin","clubName":"Bhubaneswar Golf Club!","secondaryBooking":"Y","createdDate":"2024-06-25T11:34:16.408+00:00","slotDate":"2024-06-27","slotStartTimeStamp":"2024-06-27T13:32:42.825+00:00","slotEndTimeStamp":"2024-06-27T13:52:42.825+00:00","slotStatus":"Blocked for VIP","teeTime":"T1","bookingMessage":null,"slotAvailable":"Y"},{"slotId":null,"slotDays":[1,2,3,4,5,6,7],"primaryBookingId":null,"playerCount":3,"slotStarted":null,"start":"13:32:42","end":"15:32:42","slotDuration":20,"createdBy":"Admin","clubName":"Bhubaneswar Golf Club!","secondaryBooking":"Y","createdDate":"2024-06-25T11:34:16.408+00:00","slotDate":"2024-06-27","slotStartTimeStamp":"2024-06-27T13:52:42.825+00:00","slotEndTimeStamp":"2024-06-27T14:12:42.825+00:00","slotStatus":"Blocked for VIP","teeTime":"T1","bookingMessage":null,"slotAvailable":"Y"},{"slotId":null,"slotDays":[1,2,3,4,5,6,7],"primaryBookingId":null,"playerCount":3,"slotStarted":null,"start":"13:32:42","end":"15:32:42","slotDuration":20,"createdBy":"Admin","clubName":"Bhubaneswar Golf Club!","secondaryBooking":"Y","createdDate":"2024-06-25T11:34:16.408+00:00","slotDate":"2024-06-27","slotStartTimeStamp":"2024-06-27T14:12:42.825+00:00","slotEndTimeStamp":"2024-06-27T14:32:42.825+00:00","slotStatus":"Blocked for VIP","teeTime":"T1","bookingMessage":null,"slotAvailable":"Y"},{"slotId":null,"slotDays":[1,2,3,4,5,6,7],"primaryBookingId":null,"playerCount":3,"slotStarted":null,"start":"13:32:42","end":"15:32:42","slotDuration":20,"createdBy":"Admin","clubName":"Bhubaneswar Golf Club!","secondaryBooking":"Y","createdDate":"2024-06-25T11:34:16.408+00:00","slotDate":"2024-06-27","slotStartTimeStamp":"2024-06-27T14:32:42.825+00:00","slotEndTimeStamp":"2024-06-27T14:52:42.825+00:00","slotStatus":"Blocked for VIP","teeTime":"T1","bookingMessage":null,"slotAvailable":"Y"},{"slotId":null,"slotDays":[1,2,3,4,5,6,7],"primaryBookingId":null,"playerCount":3,"slotStarted":null,"start":"13:32:42","end":"15:32:42","slotDuration":20,"createdBy":"Admin","clubName":"Bhubaneswar Golf Club!","secondaryBooking":"Y","createdDate":"2024-06-25T11:34:16.408+00:00","slotDate":"2024-06-27","slotStartTimeStamp":"2024-06-27T14:52:42.825+00:00","slotEndTimeStamp":"2024-06-27T15:12:42.825+00:00","slotStatus":"Blocked for VIP","teeTime":"T1","bookingMessage":null,"slotAvailable":"Y"},{"slotId":null,"slotDays":[1,2,3,4,5,6,7],"primaryBookingId":null,"playerCount":3,"slotStarted":null,"start":"13:32:42","end":"15:32:42","slotDuration":20,"createdBy":"Admin","clubName":"Bhubaneswar Golf Club!","secondaryBooking":"Y","createdDate":"2024-06-25T11:34:16.408+00:00","slotDate":"2024-06-27","slotStartTimeStamp":"2024-06-27T15:12:42.825+00:00","slotEndTimeStamp":"2024-06-27T15:32:42.825+00:00","slotStatus":"Blocked for VIP","teeTime":"T1","bookingMessage":null,"slotAvailable":"Y"},{"slotId":null,"slotDays":[1,2,3,4,5,6,7],"primaryBookingId":null,"playerCount":3,"slotStarted":null,"start":"13:32:42","end":"15:32:42","slotDuration":20,"createdBy":"Admin","clubName":"Bhubaneswar Golf Club!","secondaryBooking":"Y","createdDate":"2024-06-25T11:34:16.408+00:00","slotDate":"2024-06-27","slotStartTimeStamp":"2024-06-27T15:32:42.825+00:00","slotEndTimeStamp":"2024-06-27T15:52:42.825+00:00","slotStatus":"Blocked for VIP","teeTime":"T1","bookingMessage":null,"slotAvailable":"Y"},{"slotId":null,"slotDays":[1,2,3,4,5,6,7],"primaryBookingId":null,"playerCount":3,"slotStarted":null,"start":"13:32:42","end":"15:32:42","slotDuration":20,"createdBy":"Admin","clubName":"Bhubaneswar Golf Club!","secondaryBooking":"Y","createdDate":"2024-06-25T11:34:16.408+00:00","slotDate":"2024-06-28","slotStartTimeStamp":"2024-06-28T13:32:42.825+00:00","slotEndTimeStamp":"2024-06-28T13:52:42.825+00:00","slotStatus":"Blocked for VIP","teeTime":"T1","bookingMessage":null,"slotAvailable":"Y"},{"slotId":null,"slotDays":[1,2,3,4,5,6,7],"primaryBookingId":null,"playerCount":3,"slotStarted":null,"start":"13:32:42","end":"15:32:42","slotDuration":20,"createdBy":"Admin","clubName":"Bhubaneswar Golf Club!","secondaryBooking":"Y","createdDate":"2024-06-25T11:34:16.408+00:00","slotDate":"2024-06-28","slotStartTimeStamp":"2024-06-28T13:52:42.825+00:00","slotEndTimeStamp":"2024-06-28T14:12:42.825+00:00","slotStatus":"Blocked for VIP","teeTime":"T1","bookingMessage":null,"slotAvailable":"Y"},{"slotId":null,"slotDays":[1,2,3,4,5,6,7],"primaryBookingId":null,"playerCount":3,"slotStarted":null,"start":"13:32:42","end":"15:32:42","slotDuration":20,"createdBy":"Admin","clubName":"Bhubaneswar Golf Club!","secondaryBooking":"Y","createdDate":"2024-06-25T11:34:16.408+00:00","slotDate":"2024-06-28","slotStartTimeStamp":"2024-06-28T14:12:42.825+00:00","slotEndTimeStamp":"2024-06-28T14:32:42.825+00:00","slotStatus":"Blocked for VIP","teeTime":"T1","bookingMessage":null,"slotAvailable":"Y"},{"slotId":null,"slotDays":[1,2,3,4,5,6,7],"primaryBookingId":null,"playerCount":3,"slotStarted":null,"start":"13:32:42","end":"15:32:42","slotDuration":20,"createdBy":"Admin","clubName":"Bhubaneswar Golf Club!","secondaryBooking":"Y","createdDate":"2024-06-25T11:34:16.408+00:00","slotDate":"2024-06-28","slotStartTimeStamp":"2024-06-28T14:32:42.825+00:00","slotEndTimeStamp":"2024-06-28T14:52:42.825+00:00","slotStatus":"Blocked for VIP","teeTime":"T1","bookingMessage":null,"slotAvailable":"Y"},{"slotId":null,"slotDays":[1,2,3,4,5,6,7],"primaryBookingId":null,"playerCount":3,"slotStarted":null,"start":"13:32:42","end":"15:32:42","slotDuration":20,"createdBy":"Admin","clubName":"Bhubaneswar Golf Club!","secondaryBooking":"Y","createdDate":"2024-06-25T11:34:16.408+00:00","slotDate":"2024-06-28","slotStartTimeStamp":"2024-06-28T14:52:42.825+00:00","slotEndTimeStamp":"2024-06-28T15:12:42.825+00:00","slotStatus":"Blocked for VIP","teeTime":"T1","bookingMessage":null,"slotAvailable":"Y"},{"slotId":null,"slotDays":[1,2,3,4,5,6,7],"primaryBookingId":null,"playerCount":3,"slotStarted":null,"start":"13:32:42","end":"15:32:42","slotDuration":20,"createdBy":"Admin","clubName":"Bhubaneswar Golf Club!","secondaryBooking":"Y","createdDate":"2024-06-25T11:34:16.408+00:00","slotDate":"2024-06-28","slotStartTimeStamp":"2024-06-28T15:12:42.825+00:00","slotEndTimeStamp":"2024-06-28T15:32:42.825+00:00","slotStatus":"Blocked for VIP","teeTime":"T1","bookingMessage":null,"slotAvailable":"Y"}]}, audit=true
2024-06-25 17:04:20,052 DEBUG org.springframework.security.web.access.ExceptionTranslationFilter [http-nio-8084-exec-2] Chain processed normally
2024-06-25 17:04:20,052 DEBUG org.springframework.security.web.context.SecurityContextPersistenceFilter [http-nio-8084-exec-2] SecurityContextHolder now cleared, as request processing completed
2024-06-25 17:04:20,053 DEBUG org.apache.juli.logging.DirectJDKLog [http-nio-8084-exec-2] Socket: [org.apache.tomcat.util.net.NioEndpoint$NioSocketWrapper@7261503d:org.apache.tomcat.util.net.NioChannel@73f9647b:java.nio.channels.SocketChannel[connected local=/[0:0:0:0:0:0:0:1]:8084 remote=/[0:0:0:0:0:0:0:1]:54719]], Read from buffer: [0]
2024-06-25 17:04:20,054 DEBUG org.apache.juli.logging.DirectJDKLog [http-nio-8084-exec-2] Socket: [org.apache.tomcat.util.net.NioEndpoint$NioSocketWrapper@7261503d:org.apache.tomcat.util.net.NioChannel@73f9647b:java.nio.channels.SocketChannel[connected local=/[0:0:0:0:0:0:0:1]:8084 remote=/[0:0:0:0:0:0:0:1]:54719]], Read direct from socket: [0]
2024-06-25 17:04:20,055 DEBUG org.apache.juli.logging.DirectJDKLog [http-nio-8084-exec-2] Socket: [org.apache.tomcat.util.net.NioEndpoint$NioSocketWrapper@7261503d:org.apache.tomcat.util.net.NioChannel@73f9647b:java.nio.channels.SocketChannel[connected local=/[0:0:0:0:0:0:0:1]:8084 remote=/[0:0:0:0:0:0:0:1]:54719]], Status in: [OPEN_READ], State out: [OPEN]
2024-06-25 17:04:20,055 DEBUG org.apache.juli.logging.DirectJDKLog [http-nio-8084-exec-2] Pushed Processor [org.apache.coyote.http11.Http11Processor@55ab5834]
2024-06-25 17:04:20,055 DEBUG org.apache.juli.logging.DirectJDKLog [http-nio-8084-exec-2] Registered read interest for [org.apache.tomcat.util.net.NioEndpoint$NioSocketWrapper@7261503d:org.apache.tomcat.util.net.NioChannel@73f9647b:java.nio.channels.SocketChannel[connected local=/[0:0:0:0:0:0:0:1]:8084 remote=/[0:0:0:0:0:0:0:1]:54719]]
2024-06-25 17:04:20,058 DEBUG org.apache.juli.logging.DirectJDKLog [http-nio-8084-exec-8] Processing socket [org.apache.tomcat.util.net.NioChannel@73f9647b:java.nio.channels.SocketChannel[connected local=/[0:0:0:0:0:0:0:1]:8084 remote=/[0:0:0:0:0:0:0:1]:54719]] with status [OPEN_READ]
2024-06-25 17:04:20,058 DEBUG org.apache.juli.logging.DirectJDKLog [http-nio-8084-exec-8] Found processor [null] for socket [org.apache.tomcat.util.net.NioChannel@73f9647b:java.nio.channels.SocketChannel[connected local=/[0:0:0:0:0:0:0:1]:8084 remote=/[0:0:0:0:0:0:0:1]:54719]]
2024-06-25 17:04:20,058 DEBUG org.apache.juli.logging.DirectJDKLog [http-nio-8084-exec-8] Popped processor [org.apache.coyote.http11.Http11Processor@55ab5834] from cache
2024-06-25 17:04:20,058 DEBUG org.apache.juli.logging.DirectJDKLog [http-nio-8084-exec-8] Socket: [org.apache.tomcat.util.net.NioEndpoint$NioSocketWrapper@7261503d:org.apache.tomcat.util.net.NioChannel@73f9647b:java.nio.channels.SocketChannel[connected local=/[0:0:0:0:0:0:0:1]:8084 remote=/[0:0:0:0:0:0:0:1]:54719]], Read from buffer: [0]
2024-06-25 17:04:20,059 DEBUG org.apache.juli.logging.DirectJDKLog [http-nio-8084-exec-8] Socket: [org.apache.tomcat.util.net.NioEndpoint$NioSocketWrapper@7261503d:org.apache.tomcat.util.net.NioChannel@73f9647b:java.nio.channels.SocketChannel[connected local=/[0:0:0:0:0:0:0:1]:8084 remote=/[0:0:0:0:0:0:0:1]:54719]], Read direct from socket: [643]
2024-06-25 17:04:20,059 DEBUG org.apache.juli.logging.DirectJDKLog [http-nio-8084-exec-8] Received [POST /slot/listallslot HTTP/1.1
Host: localhost:8084
Connection: keep-alive
Content-Length: 2
sec-ch-ua: "Not/A)Brand";v="8", "Chromium";v="126", "Google Chrome";v="126"
Accept: application/json, text/plain, */*
Content-Type: application/json
sec-ch-ua-mobile: ?0
User-Agent: Mozilla/5.0 (Windows NT 10.0; Win64; x64) AppleWebKit/537.36 (KHTML, like Gecko) Chrome/126.0.0.0 Safari/537.36
sec-ch-ua-platform: "Windows"
Origin: http://localhost:3000
Sec-Fetch-Site: same-site
Sec-Fetch-Mode: cors
Sec-Fetch-Dest: empty
Referer: http://localhost:3000/
Accept-Encoding: gzip, deflate, br, zstd
Accept-Language: en-US,en;q=0.9

{}]
2024-06-25 17:04:20,059 DEBUG org.apache.juli.logging.DirectJDKLog [http-nio-8084-exec-8] Security checking request POST /slot/listallslot
2024-06-25 17:04:20,060 DEBUG org.apache.juli.logging.DirectJDKLog [http-nio-8084-exec-8]   No applicable constraints defined
2024-06-25 17:04:20,060 DEBUG org.apache.juli.logging.DirectJDKLog [http-nio-8084-exec-8] Not subject to any constraint
2024-06-25 17:04:20,060 DEBUG org.springframework.security.web.FilterChainProxy$VirtualFilterChain [http-nio-8084-exec-8] /slot/listallslot at position 1 of 11 in additional filter chain; firing Filter: 'WebAsyncManagerIntegrationFilter'
2024-06-25 17:04:20,060 DEBUG org.springframework.security.web.FilterChainProxy$VirtualFilterChain [http-nio-8084-exec-8] /slot/listallslot at position 2 of 11 in additional filter chain; firing Filter: 'SecurityContextPersistenceFilter'
2024-06-25 17:04:20,061 DEBUG org.springframework.security.web.FilterChainProxy$VirtualFilterChain [http-nio-8084-exec-8] /slot/listallslot at position 3 of 11 in additional filter chain; firing Filter: 'HeaderWriterFilter'
2024-06-25 17:04:20,061 DEBUG org.springframework.security.web.FilterChainProxy$VirtualFilterChain [http-nio-8084-exec-8] /slot/listallslot at position 4 of 11 in additional filter chain; firing Filter: 'CorsFilter'
2024-06-25 17:04:20,061 DEBUG org.springframework.web.servlet.handler.AbstractHandlerMapping [http-nio-8084-exec-8] Mapped to com.booking.controller.SlotController#ListAllSlot(ClubSlot)
2024-06-25 17:04:20,062 DEBUG org.springframework.security.web.FilterChainProxy$VirtualFilterChain [http-nio-8084-exec-8] /slot/listallslot at position 5 of 11 in additional filter chain; firing Filter: 'LogoutFilter'
2024-06-25 17:04:20,062 DEBUG org.springframework.security.web.util.matcher.OrRequestMatcher [http-nio-8084-exec-8] Trying to match using Ant [pattern='/logout', GET]
2024-06-25 17:04:20,062 DEBUG org.springframework.security.web.util.matcher.AntPathRequestMatcher [http-nio-8084-exec-8] Request 'POST /slot/listallslot' doesn't match 'GET /logout'
2024-06-25 17:04:20,062 DEBUG org.springframework.security.web.util.matcher.OrRequestMatcher [http-nio-8084-exec-8] Trying to match using Ant [pattern='/logout', POST]
2024-06-25 17:04:20,063 DEBUG org.springframework.security.web.util.matcher.AntPathRequestMatcher [http-nio-8084-exec-8] Checking match of request : '/slot/listallslot'; against '/logout'
2024-06-25 17:04:20,063 DEBUG org.springframework.security.web.util.matcher.OrRequestMatcher [http-nio-8084-exec-8] Trying to match using Ant [pattern='/logout', PUT]
2024-06-25 17:04:20,063 DEBUG org.springframework.security.web.util.matcher.AntPathRequestMatcher [http-nio-8084-exec-8] Request 'POST /slot/listallslot' doesn't match 'PUT /logout'
2024-06-25 17:04:20,064 DEBUG org.springframework.security.web.util.matcher.OrRequestMatcher [http-nio-8084-exec-8] Trying to match using Ant [pattern='/logout', DELETE]
2024-06-25 17:04:20,064 DEBUG org.springframework.security.web.util.matcher.AntPathRequestMatcher [http-nio-8084-exec-8] Request 'POST /slot/listallslot' doesn't match 'DELETE /logout'
2024-06-25 17:04:20,064 DEBUG org.springframework.security.web.util.matcher.OrRequestMatcher [http-nio-8084-exec-8] No matches found
2024-06-25 17:04:20,064 DEBUG org.springframework.security.web.FilterChainProxy$VirtualFilterChain [http-nio-8084-exec-8] /slot/listallslot at position 6 of 11 in additional filter chain; firing Filter: 'RequestCacheAwareFilter'
2024-06-25 17:04:20,064 DEBUG org.springframework.security.web.FilterChainProxy$VirtualFilterChain [http-nio-8084-exec-8] /slot/listallslot at position 7 of 11 in additional filter chain; firing Filter: 'SecurityContextHolderAwareRequestFilter'
2024-06-25 17:04:20,065 DEBUG org.springframework.security.web.FilterChainProxy$VirtualFilterChain [http-nio-8084-exec-8] /slot/listallslot at position 8 of 11 in additional filter chain; firing Filter: 'AnonymousAuthenticationFilter'
2024-06-25 17:04:20,065 DEBUG org.springframework.security.web.authentication.AnonymousAuthenticationFilter [http-nio-8084-exec-8] Populated SecurityContextHolder with anonymous token: 'org.springframework.security.authentication.AnonymousAuthenticationToken@31e194fe: Principal: anonymousUser; Credentials: [PROTECTED]; Authenticated: true; Details: org.springframework.security.web.authentication.WebAuthenticationDetails@b364: RemoteIpAddress: 0:0:0:0:0:0:0:1; SessionId: null; Granted Authorities: ROLE_ANONYMOUS'
2024-06-25 17:04:20,065 DEBUG org.springframework.security.web.FilterChainProxy$VirtualFilterChain [http-nio-8084-exec-8] /slot/listallslot at position 9 of 11 in additional filter chain; firing Filter: 'SessionManagementFilter'
2024-06-25 17:04:20,065 DEBUG org.springframework.security.web.FilterChainProxy$VirtualFilterChain [http-nio-8084-exec-8] /slot/listallslot at position 10 of 11 in additional filter chain; firing Filter: 'ExceptionTranslationFilter'
2024-06-25 17:04:20,066 DEBUG org.springframework.security.web.FilterChainProxy$VirtualFilterChain [http-nio-8084-exec-8] /slot/listallslot at position 11 of 11 in additional filter chain; firing Filter: 'FilterSecurityInterceptor'
2024-06-25 17:04:20,066 DEBUG org.springframework.security.web.util.matcher.AntPathRequestMatcher [http-nio-8084-exec-8] Request '/slot/listallslot' matched by universal pattern '/**'
2024-06-25 17:04:20,066 DEBUG org.springframework.security.access.intercept.AbstractSecurityInterceptor [http-nio-8084-exec-8] Secure object: FilterInvocation: URL: /slot/listallslot; Attributes: [permitAll]
2024-06-25 17:04:20,066 DEBUG org.springframework.security.access.intercept.AbstractSecurityInterceptor [http-nio-8084-exec-8] Previously Authenticated: org.springframework.security.authentication.AnonymousAuthenticationToken@31e194fe: Principal: anonymousUser; Credentials: [PROTECTED]; Authenticated: true; Details: org.springframework.security.web.authentication.WebAuthenticationDetails@b364: RemoteIpAddress: 0:0:0:0:0:0:0:1; SessionId: null; Granted Authorities: ROLE_ANONYMOUS
2024-06-25 17:04:20,067 DEBUG org.springframework.security.access.vote.AffirmativeBased [http-nio-8084-exec-8] Voter: org.springframework.security.web.access.expression.WebExpressionVoter@7e48fa64, returned: 1
2024-06-25 17:04:20,067 DEBUG org.springframework.security.access.intercept.AbstractSecurityInterceptor [http-nio-8084-exec-8] Authorization successful
2024-06-25 17:04:20,068 DEBUG org.springframework.security.access.intercept.AbstractSecurityInterceptor [http-nio-8084-exec-8] RunAsManager did not change Authentication object
2024-06-25 17:04:20,069 DEBUG org.springframework.security.web.FilterChainProxy$VirtualFilterChain [http-nio-8084-exec-8] /slot/listallslot reached end of additional filter chain; proceeding with original chain
2024-06-25 17:04:20,069 WARN com.booking.config.JwtAuthenticationFilter [http-nio-8084-exec-8] Couldn't find bearer string, header will be ignored
2024-06-25 17:04:20,070 DEBUG org.springframework.web.servlet.handler.AbstractHandlerMapping [http-nio-8084-exec-8] Mapped to com.booking.controller.SlotController#ListAllSlot(ClubSlot)
2024-06-25 17:04:20,070 INFO com.booking.logger.SpringLoggingFilter [http-nio-8084-exec-8] Request: method=POST, uri=/slot/listallslot, payload={}, audit=true
2024-06-25 17:04:20,071 DEBUG org.apache.juli.logging.DirectJDKLog [http-nio-8084-exec-8] Set encoding to UTF-8
2024-06-25 17:04:20,071 DEBUG org.springframework.core.log.LogFormatUtils [http-nio-8084-exec-8] POST "/slot/listallslot", parameters={}
2024-06-25 17:04:20,072 DEBUG org.springframework.web.servlet.handler.AbstractHandlerMapping [http-nio-8084-exec-8] Mapped to com.booking.controller.SlotController#ListAllSlot(ClubSlot)
2024-06-25 17:04:20,072 DEBUG org.springframework.orm.jpa.support.OpenEntityManagerInViewInterceptor [http-nio-8084-exec-8] Opening JPA EntityManager in OpenEntityManagerInViewInterceptor
2024-06-25 17:04:20,074 DEBUG org.springframework.core.log.LogFormatUtils [http-nio-8084-exec-8] Read "application/json;charset=UTF-8" to [com.booking.model.slot.ClubSlot@5e7823a8]
2024-06-25 17:04:20,076 DEBUG org.hibernate.engine.jdbc.spi.SqlStatementLogger [http-nio-8084-exec-8]  select cs.slot_id as slotId, cs.club_name as clubName, cs.created_by as createdBy, cs.created_date as createdDate, cs.player_count as playerCount, cs.primary_booking_id as primaryBookingId, cs.secondary_booking as secondaryBooking, cs.slot_available as slotAvailable, cs.slot_date as slotDate, cs.slot_end_timestmp as slotEndTimestmp, cs.slot_start_timestmp as slotStartTimeStamp, cs.slot_status as slotStatus, cs.tee_time as teeTime from club_slot cs where cs.slot_start_timestmp >? order by cs.slot_start_timestmp asc

2024-06-25 17:04:20,781 DEBUG org.jboss.logging.DelegatingBasicLogger [http-nio-8084-exec-8] Result set row: 0
2024-06-25 17:04:20,782 DEBUG org.hibernate.loader.Loader [http-nio-8084-exec-8] Result row: 
2024-06-25 17:04:20,783 DEBUG org.jboss.logging.DelegatingBasicLogger [http-nio-8084-exec-8] Result set row: 1
2024-06-25 17:04:20,783 DEBUG org.hibernate.loader.Loader [http-nio-8084-exec-8] Result row: 
2024-06-25 17:04:20,783 DEBUG org.jboss.logging.DelegatingBasicLogger [http-nio-8084-exec-8] Result set row: 2
2024-06-25 17:04:20,784 DEBUG org.hibernate.loader.Loader [http-nio-8084-exec-8] Result row: 
2024-06-25 17:04:20,784 DEBUG org.jboss.logging.DelegatingBasicLogger [http-nio-8084-exec-8] Result set row: 3
2024-06-25 17:04:20,785 DEBUG org.hibernate.loader.Loader [http-nio-8084-exec-8] Result row: 
2024-06-25 17:04:20,785 DEBUG org.jboss.logging.DelegatingBasicLogger [http-nio-8084-exec-8] Result set row: 4
2024-06-25 17:04:20,786 DEBUG org.hibernate.loader.Loader [http-nio-8084-exec-8] Result row: 
2024-06-25 17:04:20,786 DEBUG org.jboss.logging.DelegatingBasicLogger [http-nio-8084-exec-8] Result set row: 5
2024-06-25 17:04:20,787 DEBUG org.hibernate.loader.Loader [http-nio-8084-exec-8] Result row: 
2024-06-25 17:04:20,787 DEBUG org.jboss.logging.DelegatingBasicLogger [http-nio-8084-exec-8] Result set row: 6
2024-06-25 17:04:20,787 DEBUG org.hibernate.loader.Loader [http-nio-8084-exec-8] Result row: 
2024-06-25 17:04:20,788 DEBUG org.jboss.logging.DelegatingBasicLogger [http-nio-8084-exec-8] Result set row: 7
2024-06-25 17:04:20,788 DEBUG org.hibernate.loader.Loader [http-nio-8084-exec-8] Result row: 
2024-06-25 17:04:20,789 DEBUG org.jboss.logging.DelegatingBasicLogger [http-nio-8084-exec-8] Result set row: 8
2024-06-25 17:04:20,790 DEBUG org.hibernate.loader.Loader [http-nio-8084-exec-8] Result row: 
2024-06-25 17:04:20,791 DEBUG org.jboss.logging.DelegatingBasicLogger [http-nio-8084-exec-8] Result set row: 9
2024-06-25 17:04:20,791 DEBUG org.hibernate.loader.Loader [http-nio-8084-exec-8] Result row: 
2024-06-25 17:04:20,792 DEBUG org.jboss.logging.DelegatingBasicLogger [http-nio-8084-exec-8] Result set row: 10
2024-06-25 17:04:20,792 DEBUG org.hibernate.loader.Loader [http-nio-8084-exec-8] Result row: 
2024-06-25 17:04:20,792 DEBUG org.jboss.logging.DelegatingBasicLogger [http-nio-8084-exec-8] Result set row: 11
2024-06-25 17:04:20,793 DEBUG org.hibernate.loader.Loader [http-nio-8084-exec-8] Result row: 
2024-06-25 17:04:20,793 DEBUG org.jboss.logging.DelegatingBasicLogger [http-nio-8084-exec-8] Result set row: 12
2024-06-25 17:04:20,794 DEBUG org.hibernate.loader.Loader [http-nio-8084-exec-8] Result row: 
2024-06-25 17:04:20,794 DEBUG org.jboss.logging.DelegatingBasicLogger [http-nio-8084-exec-8] Result set row: 13
2024-06-25 17:04:20,795 DEBUG org.hibernate.loader.Loader [http-nio-8084-exec-8] Result row: 
2024-06-25 17:04:20,795 DEBUG org.jboss.logging.DelegatingBasicLogger [http-nio-8084-exec-8] Result set row: 14
2024-06-25 17:04:20,796 DEBUG org.hibernate.loader.Loader [http-nio-8084-exec-8] Result row: 
2024-06-25 17:04:20,797 DEBUG org.jboss.logging.DelegatingBasicLogger [http-nio-8084-exec-8] Result set row: 15
2024-06-25 17:04:20,797 DEBUG org.hibernate.loader.Loader [http-nio-8084-exec-8] Result row: 
2024-06-25 17:04:20,797 DEBUG org.jboss.logging.DelegatingBasicLogger [http-nio-8084-exec-8] Result set row: 16
2024-06-25 17:04:20,798 DEBUG org.hibernate.loader.Loader [http-nio-8084-exec-8] Result row: 
2024-06-25 17:04:20,798 DEBUG org.jboss.logging.DelegatingBasicLogger [http-nio-8084-exec-8] Result set row: 17
2024-06-25 17:04:20,799 DEBUG org.hibernate.loader.Loader [http-nio-8084-exec-8] Result row: 
2024-06-25 17:04:20,799 DEBUG org.jboss.logging.DelegatingBasicLogger [http-nio-8084-exec-8] Result set row: 18
2024-06-25 17:04:20,800 DEBUG org.hibernate.loader.Loader [http-nio-8084-exec-8] Result row: 
2024-06-25 17:04:20,800 DEBUG org.jboss.logging.DelegatingBasicLogger [http-nio-8084-exec-8] Result set row: 19
2024-06-25 17:04:20,801 DEBUG org.hibernate.loader.Loader [http-nio-8084-exec-8] Result row: 
2024-06-25 17:04:20,801 DEBUG org.jboss.logging.DelegatingBasicLogger [http-nio-8084-exec-8] Result set row: 20
2024-06-25 17:04:20,802 DEBUG org.hibernate.loader.Loader [http-nio-8084-exec-8] Result row: 
2024-06-25 17:04:20,802 DEBUG org.jboss.logging.DelegatingBasicLogger [http-nio-8084-exec-8] Result set row: 21
2024-06-25 17:04:20,803 DEBUG org.hibernate.loader.Loader [http-nio-8084-exec-8] Result row: 
2024-06-25 17:04:20,803 DEBUG org.jboss.logging.DelegatingBasicLogger [http-nio-8084-exec-8] Result set row: 22
2024-06-25 17:04:20,804 DEBUG org.hibernate.loader.Loader [http-nio-8084-exec-8] Result row: 
2024-06-25 17:04:20,804 DEBUG org.jboss.logging.DelegatingBasicLogger [http-nio-8084-exec-8] Result set row: 23
2024-06-25 17:04:20,805 DEBUG org.hibernate.loader.Loader [http-nio-8084-exec-8] Result row: 
2024-06-25 17:04:20,805 DEBUG org.jboss.logging.DelegatingBasicLogger [http-nio-8084-exec-8] Result set row: 24
2024-06-25 17:04:20,806 DEBUG org.hibernate.loader.Loader [http-nio-8084-exec-8] Result row: 
2024-06-25 17:04:20,807 DEBUG org.jboss.logging.DelegatingBasicLogger [http-nio-8084-exec-8] Result set row: 25
2024-06-25 17:04:20,807 DEBUG org.hibernate.loader.Loader [http-nio-8084-exec-8] Result row: 
2024-06-25 17:04:20,808 DEBUG org.jboss.logging.DelegatingBasicLogger [http-nio-8084-exec-8] Result set row: 26
2024-06-25 17:04:20,809 DEBUG org.hibernate.loader.Loader [http-nio-8084-exec-8] Result row: 
2024-06-25 17:04:20,813 DEBUG org.springframework.web.servlet.mvc.method.annotation.AbstractMessageConverterMethodProcessor [http-nio-8084-exec-8] Using 'application/json', given [application/json, text/plain, */*] and supported [application/json, application/*+json, application/json, application/*+json]
2024-06-25 17:04:20,815 DEBUG org.springframework.core.log.LogFormatUtils [http-nio-8084-exec-8] Writing [{slotList=[org.springframework.data.jpa.repository.query.AbstractJpaQuery$TupleConverter$TupleBacked (truncated)...]
2024-06-25 17:04:20,825 DEBUG org.springframework.security.web.header.writers.HstsHeaderWriter [http-nio-8084-exec-8] Not injecting HSTS header since it did not match the requestMatcher org.springframework.security.web.header.writers.HstsHeaderWriter$SecureRequestMatcher@66e3d68f
2024-06-25 17:04:20,829 DEBUG org.springframework.orm.jpa.support.OpenEntityManagerInViewInterceptor [http-nio-8084-exec-8] Closing JPA EntityManager in OpenEntityManagerInViewInterceptor
2024-06-25 17:04:20,830 DEBUG org.springframework.web.servlet.FrameworkServlet [http-nio-8084-exec-8] Completed 200 OK
2024-06-25 17:04:20,831 INFO com.booking.logger.SpringLoggingFilter [http-nio-8084-exec-8] Response(761 ms): status=200, payload={"slotList":[{"playerCount":3,"slotStatus":"Blocked for VIP","slotDate":"2024-06-25","slotId":454,"primaryBookingId":0,"slotStartTimeStamp":"2024-06-25T12:31:00.345+00:00","secondaryBooking":"Y","teeTime":"T1","slotDuration":null,"clubName":"Bhubaneswar Golf Club!","createdBy":"Admin","slotAvailable":"Y","createdDate":"2024-06-25T11:31:31.641+00:00","slotEndTimeStmp":"2024-06-25T12:51:00.345+00:00"},{"playerCount":3,"slotStatus":"Created","slotDate":"2024-06-25","slotId":455,"primaryBookingId":0,"slotStartTimeStamp":"2024-06-25T12:51:00.345+00:00","secondaryBooking":"Y","teeTime":"T1","slotDuration":null,"clubName":"Bhubaneswar Golf Club!","createdBy":"Admin","slotAvailable":"Y","createdDate":"2024-06-25T11:31:31.641+00:00","slotEndTimeStmp":"2024-06-25T13:11:00.345+00:00"},{"playerCount":3,"slotStatus":"Created","slotDate":"2024-06-25","slotId":456,"primaryBookingId":0,"slotStartTimeStamp":"2024-06-25T13:11:00.345+00:00","secondaryBooking":"Y","teeTime":"T1","slotDuration":null,"clubName":"Bhubaneswar Golf Club!","createdBy":"Admin","slotAvailable":"Y","createdDate":"2024-06-25T11:31:31.641+00:00","slotEndTimeStmp":"2024-06-25T13:31:00.345+00:00"},{"playerCount":3,"slotStatus":"Created","slotDate":"2024-06-25","slotId":457,"primaryBookingId":0,"slotStartTimeStamp":"2024-06-25T13:31:00.345+00:00","secondaryBooking":"Y","teeTime":"T1","slotDuration":null,"clubName":"Bhubaneswar Golf Club!","createdBy":"Admin","slotAvailable":"Y","createdDate":"2024-06-25T11:31:31.641+00:00","slotEndTimeStmp":"2024-06-25T13:51:00.345+00:00"},{"playerCount":3,"slotStatus":"Created","slotDate":"2024-06-25","slotId":458,"primaryBookingId":0,"slotStartTimeStamp":"2024-06-25T13:51:00.345+00:00","secondaryBooking":"Y","teeTime":"T1","slotDuration":null,"clubName":"Bhubaneswar Golf Club!","createdBy":"Admin","slotAvailable":"Y","createdDate":"2024-06-25T11:31:31.641+00:00","slotEndTimeStmp":"2024-06-25T14:11:00.345+00:00"},{"playerCount":3,"slotStatus":"Created","slotDate":"2024-06-25","slotId":459,"primaryBookingId":0,"slotStartTimeStamp":"2024-06-25T14:11:00.345+00:00","secondaryBooking":"Y","teeTime":"T1","slotDuration":null,"clubName":"Bhubaneswar Golf Club!","createdBy":"Admin","slotAvailable":"Y","createdDate":"2024-06-25T11:31:31.641+00:00","slotEndTimeStmp":"2024-06-25T14:31:00.345+00:00"},{"playerCount":3,"slotStatus":"Created","slotDate":"2024-06-25","slotId":460,"primaryBookingId":0,"slotStartTimeStamp":"2024-06-25T14:31:00.345+00:00","secondaryBooking":"Y","teeTime":"T1","slotDuration":null,"clubName":"Bhubaneswar Golf Club!","createdBy":"Admin","slotAvailable":"Y","createdDate":"2024-06-25T11:31:31.641+00:00","slotEndTimeStmp":"2024-06-25T14:51:00.345+00:00"},{"playerCount":3,"slotStatus":"Blocked for VIP","slotDate":"2024-06-26","slotId":474,"primaryBookingId":0,"slotStartTimeStamp":"2024-06-26T13:32:42.825+00:00","secondaryBooking":"Y","teeTime":"T1","slotDuration":null,"clubName":"Bhubaneswar Golf Club!","createdBy":"Admin","slotAvailable":"Y","createdDate":"2024-06-25T11:34:16.408+00:00","slotEndTimeStmp":"2024-06-26T13:52:42.825+00:00"},{"playerCount":3,"slotStatus":"Blocked for VIP","slotDate":"2024-06-26","slotId":475,"primaryBookingId":0,"slotStartTimeStamp":"2024-06-26T13:52:42.825+00:00","secondaryBooking":"Y","teeTime":"T1","slotDuration":null,"clubName":"Bhubaneswar Golf Club!","createdBy":"Admin","slotAvailable":"Y","createdDate":"2024-06-25T11:34:16.408+00:00","slotEndTimeStmp":"2024-06-26T14:12:42.825+00:00"},{"playerCount":3,"slotStatus":"Blocked for VIP","slotDate":"2024-06-26","slotId":476,"primaryBookingId":0,"slotStartTimeStamp":"2024-06-26T14:12:42.825+00:00","secondaryBooking":"Y","teeTime":"T1","slotDuration":null,"clubName":"Bhubaneswar Golf Club!","createdBy":"Admin","slotAvailable":"Y","createdDate":"2024-06-25T11:34:16.408+00:00","slotEndTimeStmp":"2024-06-26T14:32:42.825+00:00"},{"playerCount":3,"slotStatus":"Blocked for VIP","slotDate":"2024-06-26","slotId":477,"primaryBookingId":0,"slotStartTimeStamp":"2024-06-26T14:32:42.825+00:00","secondaryBooking":"Y","teeTime":"T1","slotDuration":null,"clubName":"Bhubaneswar Golf Club!","createdBy":"Admin","slotAvailable":"Y","createdDate":"2024-06-25T11:34:16.408+00:00","slotEndTimeStmp":"2024-06-26T14:52:42.825+00:00"},{"playerCount":3,"slotStatus":"Blocked for VIP","slotDate":"2024-06-26","slotId":478,"primaryBookingId":0,"slotStartTimeStamp":"2024-06-26T14:52:42.825+00:00","secondaryBooking":"Y","teeTime":"T1","slotDuration":null,"clubName":"Bhubaneswar Golf Club!","createdBy":"Admin","slotAvailable":"Y","createdDate":"2024-06-25T11:34:16.408+00:00","slotEndTimeStmp":"2024-06-26T15:12:42.825+00:00"},{"playerCount":3,"slotStatus":"Blocked for VIP","slotDate":"2024-06-26","slotId":479,"primaryBookingId":0,"slotStartTimeStamp":"2024-06-26T15:12:42.825+00:00","secondaryBooking":"Y","teeTime":"T1","slotDuration":null,"clubName":"Bhubaneswar Golf Club!","createdBy":"Admin","slotAvailable":"Y","createdDate":"2024-06-25T11:34:16.408+00:00","slotEndTimeStmp":"2024-06-26T15:32:42.825+00:00"},{"playerCount":3,"slotStatus":"Blocked for VIP","slotDate":"2024-06-26","slotId":480,"primaryBookingId":0,"slotStartTimeStamp":"2024-06-26T15:32:42.825+00:00","secondaryBooking":"Y","teeTime":"T1","slotDuration":null,"clubName":"Bhubaneswar Golf Club!","createdBy":"Admin","slotAvailable":"Y","createdDate":"2024-06-25T11:34:16.408+00:00","slotEndTimeStmp":"2024-06-26T15:52:42.825+00:00"},{"playerCount":3,"slotStatus":"Blocked for VIP","slotDate":"2024-06-27","slotId":481,"primaryBookingId":0,"slotStartTimeStamp":"2024-06-27T13:32:42.825+00:00","secondaryBooking":"Y","teeTime":"T1","slotDuration":null,"clubName":"Bhubaneswar Golf Club!","createdBy":"Admin","slotAvailable":"Y","createdDate":"2024-06-25T11:34:16.408+00:00","slotEndTimeStmp":"2024-06-27T13:52:42.825+00:00"},{"playerCount":3,"slotStatus":"Blocked for VIP","slotDate":"2024-06-27","slotId":482,"primaryBookingId":0,"slotStartTimeStamp":"2024-06-27T13:52:42.825+00:00","secondaryBooking":"Y","teeTime":"T1","slotDuration":null,"clubName":"Bhubaneswar Golf Club!","createdBy":"Admin","slotAvailable":"Y","createdDate":"2024-06-25T11:34:16.408+00:00","slotEndTimeStmp":"2024-06-27T14:12:42.825+00:00"},{"playerCount":3,"slotStatus":"Blocked for VIP","slotDate":"2024-06-27","slotId":483,"primaryBookingId":0,"slotStartTimeStamp":"2024-06-27T14:12:42.825+00:00","secondaryBooking":"Y","teeTime":"T1","slotDuration":null,"clubName":"Bhubaneswar Golf Club!","createdBy":"Admin","slotAvailable":"Y","createdDate":"2024-06-25T11:34:16.408+00:00","slotEndTimeStmp":"2024-06-27T14:32:42.825+00:00"},{"playerCount":3,"slotStatus":"Blocked for VIP","slotDate":"2024-06-27","slotId":484,"primaryBookingId":0,"slotStartTimeStamp":"2024-06-27T14:32:42.825+00:00","secondaryBooking":"Y","teeTime":"T1","slotDuration":null,"clubName":"Bhubaneswar Golf Club!","createdBy":"Admin","slotAvailable":"Y","createdDate":"2024-06-25T11:34:16.408+00:00","slotEndTimeStmp":"2024-06-27T14:52:42.825+00:00"},{"playerCount":3,"slotStatus":"Blocked for VIP","slotDate":"2024-06-27","slotId":485,"primaryBookingId":0,"slotStartTimeStamp":"2024-06-27T14:52:42.825+00:00","secondaryBooking":"Y","teeTime":"T1","slotDuration":null,"clubName":"Bhubaneswar Golf Club!","createdBy":"Admin","slotAvailable":"Y","createdDate":"2024-06-25T11:34:16.408+00:00","slotEndTimeStmp":"2024-06-27T15:12:42.825+00:00"},{"playerCount":3,"slotStatus":"Blocked for VIP","slotDate":"2024-06-27","slotId":486,"primaryBookingId":0,"slotStartTimeStamp":"2024-06-27T15:12:42.825+00:00","secondaryBooking":"Y","teeTime":"T1","slotDuration":null,"clubName":"Bhubaneswar Golf Club!","createdBy":"Admin","slotAvailable":"Y","createdDate":"2024-06-25T11:34:16.408+00:00","slotEndTimeStmp":"2024-06-27T15:32:42.825+00:00"},{"playerCount":3,"slotStatus":"Blocked for VIP","slotDate":"2024-06-27","slotId":487,"primaryBookingId":0,"slotStartTimeStamp":"2024-06-27T15:32:42.825+00:00","secondaryBooking":"Y","teeTime":"T1","slotDuration":null,"clubName":"Bhubaneswar Golf Club!","createdBy":"Admin","slotAvailable":"Y","createdDate":"2024-06-25T11:34:16.408+00:00","slotEndTimeStmp":"2024-06-27T15:52:42.825+00:00"},{"playerCount":3,"slotStatus":"Blocked for VIP","slotDate":"2024-06-28","slotId":488,"primaryBookingId":0,"slotStartTimeStamp":"2024-06-28T13:32:42.825+00:00","secondaryBooking":"Y","teeTime":"T1","slotDuration":null,"clubName":"Bhubaneswar Golf Club!","createdBy":"Admin","slotAvailable":"Y","createdDate":"2024-06-25T11:34:16.408+00:00","slotEndTimeStmp":"2024-06-28T13:52:42.825+00:00"},{"playerCount":3,"slotStatus":"Blocked for VIP","slotDate":"2024-06-28","slotId":489,"primaryBookingId":0,"slotStartTimeStamp":"2024-06-28T13:52:42.825+00:00","secondaryBooking":"Y","teeTime":"T1","slotDuration":null,"clubName":"Bhubaneswar Golf Club!","createdBy":"Admin","slotAvailable":"Y","createdDate":"2024-06-25T11:34:16.408+00:00","slotEndTimeStmp":"2024-06-28T14:12:42.825+00:00"},{"playerCount":3,"slotStatus":"Blocked for VIP","slotDate":"2024-06-28","slotId":490,"primaryBookingId":0,"slotStartTimeStamp":"2024-06-28T14:12:42.825+00:00","secondaryBooking":"Y","teeTime":"T1","slotDuration":null,"clubName":"Bhubaneswar Golf Club!","createdBy":"Admin","slotAvailable":"Y","createdDate":"2024-06-25T11:34:16.408+00:00","slotEndTimeStmp":"2024-06-28T14:32:42.825+00:00"},{"playerCount":3,"slotStatus":"Blocked for VIP","slotDate":"2024-06-28","slotId":491,"primaryBookingId":0,"slotStartTimeStamp":"2024-06-28T14:32:42.825+00:00","secondaryBooking":"Y","teeTime":"T1","slotDuration":null,"clubName":"Bhubaneswar Golf Club!","createdBy":"Admin","slotAvailable":"Y","createdDate":"2024-06-25T11:34:16.408+00:00","slotEndTimeStmp":"2024-06-28T14:52:42.825+00:00"},{"playerCount":3,"slotStatus":"Blocked for VIP","slotDate":"2024-06-28","slotId":492,"primaryBookingId":0,"slotStartTimeStamp":"2024-06-28T14:52:42.825+00:00","secondaryBooking":"Y","teeTime":"T1","slotDuration":null,"clubName":"Bhubaneswar Golf Club!","createdBy":"Admin","slotAvailable":"Y","createdDate":"2024-06-25T11:34:16.408+00:00","slotEndTimeStmp":"2024-06-28T15:12:42.825+00:00"},{"playerCount":3,"slotStatus":"Blocked for VIP","slotDate":"2024-06-28","slotId":493,"primaryBookingId":0,"slotStartTimeStamp":"2024-06-28T15:12:42.825+00:00","secondaryBooking":"Y","teeTime":"T1","slotDuration":null,"clubName":"Bhubaneswar Golf Club!","createdBy":"Admin","slotAvailable":"Y","createdDate":"2024-06-25T11:34:16.408+00:00","slotEndTimeStmp":"2024-06-28T15:32:42.825+00:00"}],"slotAvalaibity":{"25-06-2024":"Y","26-06-2024":"Y","27-06-2024":"Y","28-06-2024":"Y"}}, audit=true
2024-06-25 17:04:20,831 DEBUG org.springframework.security.web.access.ExceptionTranslationFilter [http-nio-8084-exec-8] Chain processed normally
2024-06-25 17:04:20,832 DEBUG org.springframework.security.web.context.SecurityContextPersistenceFilter [http-nio-8084-exec-8] SecurityContextHolder now cleared, as request processing completed
2024-06-25 17:04:20,833 DEBUG org.apache.juli.logging.DirectJDKLog [http-nio-8084-exec-8] Socket: [org.apache.tomcat.util.net.NioEndpoint$NioSocketWrapper@7261503d:org.apache.tomcat.util.net.NioChannel@73f9647b:java.nio.channels.SocketChannel[connected local=/[0:0:0:0:0:0:0:1]:8084 remote=/[0:0:0:0:0:0:0:1]:54719]], Read from buffer: [0]
2024-06-25 17:04:20,833 DEBUG org.apache.juli.logging.DirectJDKLog [http-nio-8084-exec-8] Socket: [org.apache.tomcat.util.net.NioEndpoint$NioSocketWrapper@7261503d:org.apache.tomcat.util.net.NioChannel@73f9647b:java.nio.channels.SocketChannel[connected local=/[0:0:0:0:0:0:0:1]:8084 remote=/[0:0:0:0:0:0:0:1]:54719]], Read direct from socket: [0]
2024-06-25 17:04:20,833 DEBUG org.apache.juli.logging.DirectJDKLog [http-nio-8084-exec-8] Socket: [org.apache.tomcat.util.net.NioEndpoint$NioSocketWrapper@7261503d:org.apache.tomcat.util.net.NioChannel@73f9647b:java.nio.channels.SocketChannel[connected local=/[0:0:0:0:0:0:0:1]:8084 remote=/[0:0:0:0:0:0:0:1]:54719]], Status in: [OPEN_READ], State out: [OPEN]
2024-06-25 17:04:20,834 DEBUG org.apache.juli.logging.DirectJDKLog [http-nio-8084-exec-8] Pushed Processor [org.apache.coyote.http11.Http11Processor@55ab5834]
2024-06-25 17:04:20,834 DEBUG org.apache.juli.logging.DirectJDKLog [http-nio-8084-exec-8] Registered read interest for [org.apache.tomcat.util.net.NioEndpoint$NioSocketWrapper@7261503d:org.apache.tomcat.util.net.NioChannel@73f9647b:java.nio.channels.SocketChannel[connected local=/[0:0:0:0:0:0:0:1]:8084 remote=/[0:0:0:0:0:0:0:1]:54719]]
2024-06-25 17:04:26,127 DEBUG sun.rmi.runtime.Log$LoggerLog [RMI TCP Connection(22)-127.0.0.1] RMI TCP Connection(22)-127.0.0.1: accepted socket from [127.0.0.1:58531]
2024-06-25 17:04:26,127 DEBUG sun.rmi.runtime.Log$LoggerLog [RMI TCP Connection(22)-127.0.0.1] RMI TCP Connection(22)-127.0.0.1: (port 61001) op = 80
2024-06-25 17:04:26,128 DEBUG sun.rmi.runtime.Log$LoggerLog [RMI TCP Connection(22)-127.0.0.1] RMI TCP Connection(22)-127.0.0.1: name = "[Ljava.rmi.server.ObjID;", codebase = "", defaultLoader = jdk.internal.loader.ClassLoaders$PlatformClassLoader@2b31c5cb
2024-06-25 17:04:26,129 DEBUG sun.rmi.runtime.Log$LoggerLog [RMI TCP Connection(22)-127.0.0.1] RMI TCP Connection(22)-127.0.0.1: name = "java.rmi.dgc.Lease", codebase = "", defaultLoader = jdk.internal.loader.ClassLoaders$PlatformClassLoader@2b31c5cb
2024-06-25 17:04:26,129 DEBUG sun.rmi.runtime.Log$LoggerLog [RMI TCP Connection(22)-127.0.0.1] RMI TCP Connection(22)-127.0.0.1: name = "java.rmi.dgc.VMID", codebase = "", defaultLoader = jdk.internal.loader.ClassLoaders$PlatformClassLoader@2b31c5cb
2024-06-25 17:04:26,130 DEBUG sun.rmi.runtime.Log$LoggerLog [RMI TCP Connection(22)-127.0.0.1] RMI TCP Connection(22)-127.0.0.1: name = "[B", codebase = "", defaultLoader = jdk.internal.loader.ClassLoaders$PlatformClassLoader@2b31c5cb
2024-06-25 17:04:26,130 DEBUG sun.rmi.runtime.Log$LoggerLog [RMI TCP Connection(22)-127.0.0.1] RMI TCP Connection(22)-127.0.0.1: name = "java.rmi.server.UID", codebase = "", defaultLoader = jdk.internal.loader.ClassLoaders$PlatformClassLoader@2b31c5cb
2024-06-25 17:04:26,354 DEBUG sun.rmi.runtime.Log$LoggerLog [RMI TCP Connection(22)-127.0.0.1] RMI TCP Connection(22)-127.0.0.1: (port 61001) op = 82
2024-06-25 17:04:26,355 DEBUG sun.rmi.runtime.Log$LoggerLog [RMI TCP Connection(22)-127.0.0.1] RMI TCP Connection(22)-127.0.0.1: (port 61001) op = 80
2024-06-25 17:04:26,355 DEBUG sun.util.logging.internal.LoggingProviderImpl$JULWrapper [RMI TCP Connection(22)-127.0.0.1] connectionId=rmi://127.0.0.1  1
2024-06-25 17:04:36,516 DEBUG com.zaxxer.hikari.pool.HikariPool [HikariPool-1 housekeeper] HikariPool-1 - Pool stats (total=10, active=0, idle=10, waiting=0)
2024-06-25 17:04:36,517 DEBUG com.zaxxer.hikari.pool.HikariPool [HikariPool-1 housekeeper] HikariPool-1 - Fill pool skipped, pool is at sufficient level.
2024-06-25 17:04:37,598 DEBUG org.apache.juli.logging.DirectJDKLog [http-nio-8084-exec-5] Processing socket [org.apache.tomcat.util.net.NioChannel@73f9647b:java.nio.channels.SocketChannel[connected local=/[0:0:0:0:0:0:0:1]:8084 remote=/[0:0:0:0:0:0:0:1]:54719]] with status [OPEN_READ]
2024-06-25 17:04:37,599 DEBUG org.apache.juli.logging.DirectJDKLog [http-nio-8084-exec-5] Found processor [null] for socket [org.apache.tomcat.util.net.NioChannel@73f9647b:java.nio.channels.SocketChannel[connected local=/[0:0:0:0:0:0:0:1]:8084 remote=/[0:0:0:0:0:0:0:1]:54719]]
2024-06-25 17:04:37,600 DEBUG org.apache.juli.logging.DirectJDKLog [http-nio-8084-exec-5] Popped processor [org.apache.coyote.http11.Http11Processor@55ab5834] from cache
2024-06-25 17:04:37,600 DEBUG org.apache.juli.logging.DirectJDKLog [http-nio-8084-exec-5] Socket: [org.apache.tomcat.util.net.NioEndpoint$NioSocketWrapper@7261503d:org.apache.tomcat.util.net.NioChannel@73f9647b:java.nio.channels.SocketChannel[connected local=/[0:0:0:0:0:0:0:1]:8084 remote=/[0:0:0:0:0:0:0:1]:54719]], Read from buffer: [0]
2024-06-25 17:04:37,600 DEBUG org.apache.juli.logging.DirectJDKLog [http-nio-8084-exec-5] Socket: [org.apache.tomcat.util.net.NioEndpoint$NioSocketWrapper@7261503d:org.apache.tomcat.util.net.NioChannel@73f9647b:java.nio.channels.SocketChannel[connected local=/[0:0:0:0:0:0:0:1]:8084 remote=/[0:0:0:0:0:0:0:1]:54719]], Read direct from socket: [698]
2024-06-25 17:04:37,600 DEBUG org.apache.juli.logging.DirectJDKLog [http-nio-8084-exec-5] Received [POST /users/authenticate HTTP/1.1
Host: localhost:8084
Connection: keep-alive
Content-Length: 54
sec-ch-ua: "Not/A)Brand";v="8", "Chromium";v="126", "Google Chrome";v="126"
Accept: application/json, text/plain, */*
Content-Type: application/json
sec-ch-ua-mobile: ?0
User-Agent: Mozilla/5.0 (Windows NT 10.0; Win64; x64) AppleWebKit/537.36 (KHTML, like Gecko) Chrome/126.0.0.0 Safari/537.36
sec-ch-ua-platform: "Windows"
Origin: http://localhost:3000
Sec-Fetch-Site: same-site
Sec-Fetch-Mode: cors
Sec-Fetch-Dest: empty
Referer: http://localhost:3000/
Accept-Encoding: gzip, deflate, br, zstd
Accept-Language: en-US,en;q=0.9

{"userMobile":"9025855012","password":"Venkadesh@123"}]
2024-06-25 17:04:37,605 DEBUG org.apache.juli.logging.DirectJDKLog [http-nio-8084-exec-5] Security checking request POST /users/authenticate
2024-06-25 17:04:37,605 DEBUG org.apache.juli.logging.DirectJDKLog [http-nio-8084-exec-5]   No applicable constraints defined
2024-06-25 17:04:37,606 DEBUG org.apache.juli.logging.DirectJDKLog [http-nio-8084-exec-5] Not subject to any constraint
2024-06-25 17:04:37,606 DEBUG org.springframework.security.web.FilterChainProxy$VirtualFilterChain [http-nio-8084-exec-5] /users/authenticate at position 1 of 11 in additional filter chain; firing Filter: 'WebAsyncManagerIntegrationFilter'
2024-06-25 17:04:37,607 DEBUG org.springframework.security.web.FilterChainProxy$VirtualFilterChain [http-nio-8084-exec-5] /users/authenticate at position 2 of 11 in additional filter chain; firing Filter: 'SecurityContextPersistenceFilter'
2024-06-25 17:04:37,607 DEBUG org.springframework.security.web.FilterChainProxy$VirtualFilterChain [http-nio-8084-exec-5] /users/authenticate at position 3 of 11 in additional filter chain; firing Filter: 'HeaderWriterFilter'
2024-06-25 17:04:37,607 DEBUG org.springframework.security.web.FilterChainProxy$VirtualFilterChain [http-nio-8084-exec-5] /users/authenticate at position 4 of 11 in additional filter chain; firing Filter: 'CorsFilter'
2024-06-25 17:04:37,608 DEBUG org.springframework.web.servlet.handler.AbstractHandlerMapping [http-nio-8084-exec-5] Mapped to com.booking.controller.UserController#generateToken(LoginUser)
2024-06-25 17:04:37,609 DEBUG org.springframework.security.web.FilterChainProxy$VirtualFilterChain [http-nio-8084-exec-5] /users/authenticate at position 5 of 11 in additional filter chain; firing Filter: 'LogoutFilter'
2024-06-25 17:04:37,613 DEBUG org.springframework.security.web.util.matcher.OrRequestMatcher [http-nio-8084-exec-5] Trying to match using Ant [pattern='/logout', GET]
2024-06-25 17:04:37,613 DEBUG org.springframework.security.web.util.matcher.AntPathRequestMatcher [http-nio-8084-exec-5] Request 'POST /users/authenticate' doesn't match 'GET /logout'
2024-06-25 17:04:37,613 DEBUG org.springframework.security.web.util.matcher.OrRequestMatcher [http-nio-8084-exec-5] Trying to match using Ant [pattern='/logout', POST]
2024-06-25 17:04:37,613 DEBUG org.springframework.security.web.util.matcher.AntPathRequestMatcher [http-nio-8084-exec-5] Checking match of request : '/users/authenticate'; against '/logout'
2024-06-25 17:04:37,614 DEBUG org.springframework.security.web.util.matcher.OrRequestMatcher [http-nio-8084-exec-5] Trying to match using Ant [pattern='/logout', PUT]
2024-06-25 17:04:37,614 DEBUG org.springframework.security.web.util.matcher.AntPathRequestMatcher [http-nio-8084-exec-5] Request 'POST /users/authenticate' doesn't match 'PUT /logout'
2024-06-25 17:04:37,615 DEBUG org.springframework.security.web.util.matcher.OrRequestMatcher [http-nio-8084-exec-5] Trying to match using Ant [pattern='/logout', DELETE]
2024-06-25 17:04:37,616 DEBUG org.springframework.security.web.util.matcher.AntPathRequestMatcher [http-nio-8084-exec-5] Request 'POST /users/authenticate' doesn't match 'DELETE /logout'
2024-06-25 17:04:37,617 DEBUG org.springframework.security.web.util.matcher.OrRequestMatcher [http-nio-8084-exec-5] No matches found
2024-06-25 17:04:37,617 DEBUG org.springframework.security.web.FilterChainProxy$VirtualFilterChain [http-nio-8084-exec-5] /users/authenticate at position 6 of 11 in additional filter chain; firing Filter: 'RequestCacheAwareFilter'
2024-06-25 17:04:37,617 DEBUG org.springframework.security.web.FilterChainProxy$VirtualFilterChain [http-nio-8084-exec-5] /users/authenticate at position 7 of 11 in additional filter chain; firing Filter: 'SecurityContextHolderAwareRequestFilter'
2024-06-25 17:04:37,618 DEBUG org.springframework.security.web.FilterChainProxy$VirtualFilterChain [http-nio-8084-exec-5] /users/authenticate at position 8 of 11 in additional filter chain; firing Filter: 'AnonymousAuthenticationFilter'
2024-06-25 17:04:37,618 DEBUG org.springframework.security.web.authentication.AnonymousAuthenticationFilter [http-nio-8084-exec-5] Populated SecurityContextHolder with anonymous token: 'org.springframework.security.authentication.AnonymousAuthenticationToken@31e194fe: Principal: anonymousUser; Credentials: [PROTECTED]; Authenticated: true; Details: org.springframework.security.web.authentication.WebAuthenticationDetails@b364: RemoteIpAddress: 0:0:0:0:0:0:0:1; SessionId: null; Granted Authorities: ROLE_ANONYMOUS'
2024-06-25 17:04:37,618 DEBUG org.springframework.security.web.FilterChainProxy$VirtualFilterChain [http-nio-8084-exec-5] /users/authenticate at position 9 of 11 in additional filter chain; firing Filter: 'SessionManagementFilter'
2024-06-25 17:04:37,619 DEBUG org.springframework.security.web.FilterChainProxy$VirtualFilterChain [http-nio-8084-exec-5] /users/authenticate at position 10 of 11 in additional filter chain; firing Filter: 'ExceptionTranslationFilter'
2024-06-25 17:04:37,619 DEBUG org.springframework.security.web.FilterChainProxy$VirtualFilterChain [http-nio-8084-exec-5] /users/authenticate at position 11 of 11 in additional filter chain; firing Filter: 'FilterSecurityInterceptor'
2024-06-25 17:04:37,637 DEBUG org.springframework.security.web.util.matcher.AntPathRequestMatcher [http-nio-8084-exec-5] Request '/users/authenticate' matched by universal pattern '/**'
2024-06-25 17:04:37,638 DEBUG org.springframework.security.access.intercept.AbstractSecurityInterceptor [http-nio-8084-exec-5] Secure object: FilterInvocation: URL: /users/authenticate; Attributes: [permitAll]
2024-06-25 17:04:37,638 DEBUG org.springframework.security.access.intercept.AbstractSecurityInterceptor [http-nio-8084-exec-5] Previously Authenticated: org.springframework.security.authentication.AnonymousAuthenticationToken@31e194fe: Principal: anonymousUser; Credentials: [PROTECTED]; Authenticated: true; Details: org.springframework.security.web.authentication.WebAuthenticationDetails@b364: RemoteIpAddress: 0:0:0:0:0:0:0:1; SessionId: null; Granted Authorities: ROLE_ANONYMOUS
2024-06-25 17:04:37,639 DEBUG org.springframework.security.access.vote.AffirmativeBased [http-nio-8084-exec-5] Voter: org.springframework.security.web.access.expression.WebExpressionVoter@7e48fa64, returned: 1
2024-06-25 17:04:37,639 DEBUG org.springframework.security.access.intercept.AbstractSecurityInterceptor [http-nio-8084-exec-5] Authorization successful
2024-06-25 17:04:37,639 DEBUG org.springframework.security.access.intercept.AbstractSecurityInterceptor [http-nio-8084-exec-5] RunAsManager did not change Authentication object
2024-06-25 17:04:37,639 DEBUG org.springframework.security.web.FilterChainProxy$VirtualFilterChain [http-nio-8084-exec-5] /users/authenticate reached end of additional filter chain; proceeding with original chain
2024-06-25 17:04:37,640 WARN com.booking.config.JwtAuthenticationFilter [http-nio-8084-exec-5] Couldn't find bearer string, header will be ignored
2024-06-25 17:04:37,640 DEBUG org.springframework.web.servlet.handler.AbstractHandlerMapping [http-nio-8084-exec-5] Mapped to com.booking.controller.UserController#generateToken(LoginUser)
2024-06-25 17:04:37,641 INFO com.booking.logger.SpringLoggingFilter [http-nio-8084-exec-5] Request: method=POST, uri=/users/authenticate, payload={"userMobile":"9025855012","password":"Venkadesh@123"}, audit=true
2024-06-25 17:04:37,641 DEBUG org.apache.juli.logging.DirectJDKLog [http-nio-8084-exec-5] Set encoding to UTF-8
2024-06-25 17:04:37,641 DEBUG org.springframework.core.log.LogFormatUtils [http-nio-8084-exec-5] POST "/users/authenticate", parameters={}
2024-06-25 17:04:37,642 DEBUG org.springframework.web.servlet.handler.AbstractHandlerMapping [http-nio-8084-exec-5] Mapped to com.booking.controller.UserController#generateToken(LoginUser)
2024-06-25 17:04:37,642 DEBUG org.springframework.orm.jpa.support.OpenEntityManagerInViewInterceptor [http-nio-8084-exec-5] Opening JPA EntityManager in OpenEntityManagerInViewInterceptor
2024-06-25 17:04:37,643 DEBUG org.springframework.core.log.LogFormatUtils [http-nio-8084-exec-5] Read "application/json;charset=UTF-8" to [com.booking.model.user.LoginUser@22a89353]
2024-06-25 17:04:37,644 DEBUG org.springframework.security.authentication.ProviderManager [http-nio-8084-exec-5] Authentication attempt using org.springframework.security.authentication.dao.DaoAuthenticationProvider
2024-06-25 17:04:37,645 DEBUG org.hibernate.query.criteria.internal.CriteriaQueryImpl [http-nio-8084-exec-5] Rendered criteria query -> select generatedAlias0 from ClubUser as generatedAlias0 where generatedAlias0.userMobile=:param0
2024-06-25 17:04:37,654 DEBUG org.hibernate.engine.jdbc.spi.SqlStatementLogger [http-nio-8084-exec-5] select clubuser0_.user_id as user_id1_3_, clubuser0_.created_by as created_2_3_, clubuser0_.created_date as created_3_3_, clubuser0_.dob as dob4_3_, clubuser0_.full_name as full_nam5_3_, clubuser0_.membership_number as membersh6_3_, clubuser0_.membership_type as membersh7_3_, clubuser0_.otp as otp8_3_, clubuser0_.status as status9_3_, clubuser0_.user_address as user_ad10_3_, clubuser0_.user_city as user_ci11_3_, clubuser0_.user_email as user_em12_3_, clubuser0_.user_fname as user_fn13_3_, clubuser0_.user_image_url as user_im14_3_, clubuser0_.user_lname as user_ln15_3_, clubuser0_.user_mobile as user_mo16_3_, clubuser0_.user_password as user_pa17_3_, clubuser0_.user_state as user_st18_3_, clubuser0_.validity as validit19_3_ from club_user clubuser0_ where clubuser0_.user_mobile=?
2024-06-25 17:04:38,124 DEBUG org.jboss.logging.DelegatingBasicLogger [http-nio-8084-exec-5] Result set row: 0
2024-06-25 17:04:38,125 DEBUG org.hibernate.loader.Loader [http-nio-8084-exec-5] Result row: EntityKey[com.booking.model.user.ClubUser#3]
2024-06-25 17:04:38,125 DEBUG org.hibernate.engine.internal.TwoPhaseLoad [http-nio-8084-exec-5] Resolving attributes for [com.booking.model.user.ClubUser#3]
2024-06-25 17:04:38,126 DEBUG org.hibernate.engine.internal.TwoPhaseLoad [http-nio-8084-exec-5] Processing attribute `createdBy` : value = Admin
2024-06-25 17:04:38,126 DEBUG org.hibernate.engine.internal.TwoPhaseLoad [http-nio-8084-exec-5] Attribute (`createdBy`)  - enhanced for lazy-loading? - false
2024-06-25 17:04:38,126 DEBUG org.hibernate.engine.internal.TwoPhaseLoad [http-nio-8084-exec-5] Processing attribute `createdDate` : value = 2024-06-25 08:35:34.523
2024-06-25 17:04:38,127 DEBUG org.hibernate.engine.internal.TwoPhaseLoad [http-nio-8084-exec-5] Attribute (`createdDate`)  - enhanced for lazy-loading? - false
2024-06-25 17:04:38,127 DEBUG org.hibernate.engine.internal.TwoPhaseLoad [http-nio-8084-exec-5] Processing attribute `dateofBirth` : value = null
2024-06-25 17:04:38,127 DEBUG org.hibernate.engine.internal.TwoPhaseLoad [http-nio-8084-exec-5] Attribute (`dateofBirth`)  - enhanced for lazy-loading? - false
2024-06-25 17:04:38,128 DEBUG org.hibernate.engine.internal.TwoPhaseLoad [http-nio-8084-exec-5] Processing attribute `fullName` : value = null
2024-06-25 17:04:38,128 DEBUG org.hibernate.engine.internal.TwoPhaseLoad [http-nio-8084-exec-5] Attribute (`fullName`)  - enhanced for lazy-loading? - false
2024-06-25 17:04:38,128 DEBUG org.hibernate.engine.internal.TwoPhaseLoad [http-nio-8084-exec-5] Processing attribute `membershipNumber` : value = null
2024-06-25 17:04:38,129 DEBUG org.hibernate.engine.internal.TwoPhaseLoad [http-nio-8084-exec-5] Attribute (`membershipNumber`)  - enhanced for lazy-loading? - false
2024-06-25 17:04:38,129 DEBUG org.hibernate.engine.internal.TwoPhaseLoad [http-nio-8084-exec-5] Processing attribute `membershipType` : value = null
2024-06-25 17:04:38,129 DEBUG org.hibernate.engine.internal.TwoPhaseLoad [http-nio-8084-exec-5] Attribute (`membershipType`)  - enhanced for lazy-loading? - false
2024-06-25 17:04:38,129 DEBUG org.hibernate.engine.internal.TwoPhaseLoad [http-nio-8084-exec-5] Processing attribute `otp` : value = null
2024-06-25 17:04:38,129 DEBUG org.hibernate.engine.internal.TwoPhaseLoad [http-nio-8084-exec-5] Attribute (`otp`)  - enhanced for lazy-loading? - false
2024-06-25 17:04:38,130 DEBUG org.hibernate.engine.internal.TwoPhaseLoad [http-nio-8084-exec-5] Processing attribute `roles` : value = NOT NULL COLLECTION
2024-06-25 17:04:38,130 DEBUG org.hibernate.engine.internal.TwoPhaseLoad [http-nio-8084-exec-5] Attribute (`roles`)  - enhanced for lazy-loading? - false
2024-06-25 17:04:38,130 DEBUG org.hibernate.engine.internal.TwoPhaseLoad [http-nio-8084-exec-5] Processing attribute `status` : value = null
2024-06-25 17:04:38,131 DEBUG org.hibernate.engine.internal.TwoPhaseLoad [http-nio-8084-exec-5] Attribute (`status`)  - enhanced for lazy-loading? - false
2024-06-25 17:04:38,131 DEBUG org.hibernate.engine.internal.TwoPhaseLoad [http-nio-8084-exec-5] Processing attribute `userAddress` : value = null
2024-06-25 17:04:38,131 DEBUG org.hibernate.engine.internal.TwoPhaseLoad [http-nio-8084-exec-5] Attribute (`userAddress`)  - enhanced for lazy-loading? - false
2024-06-25 17:04:38,132 DEBUG org.hibernate.engine.internal.TwoPhaseLoad [http-nio-8084-exec-5] Processing attribute `userCity` : value = null
2024-06-25 17:04:38,132 DEBUG org.hibernate.engine.internal.TwoPhaseLoad [http-nio-8084-exec-5] Attribute (`userCity`)  - enhanced for lazy-loading? - false
2024-06-25 17:04:38,132 DEBUG org.hibernate.engine.internal.TwoPhaseLoad [http-nio-8084-exec-5] Processing attribute `userEmail` : value = j.venki14@gmail.com
2024-06-25 17:04:38,133 DEBUG org.hibernate.engine.internal.TwoPhaseLoad [http-nio-8084-exec-5] Attribute (`userEmail`)  - enhanced for lazy-loading? - false
2024-06-25 17:04:38,133 DEBUG org.hibernate.engine.internal.TwoPhaseLoad [http-nio-8084-exec-5] Processing attribute `userFname` : value = Venkadesh
2024-06-25 17:04:38,133 DEBUG org.hibernate.engine.internal.TwoPhaseLoad [http-nio-8084-exec-5] Attribute (`userFname`)  - enhanced for lazy-loading? - false
2024-06-25 17:04:38,134 DEBUG org.hibernate.engine.internal.TwoPhaseLoad [http-nio-8084-exec-5] Processing attribute `userImageUrl` : value = UsreprofilePicUrl
2024-06-25 17:04:38,134 DEBUG org.hibernate.engine.internal.TwoPhaseLoad [http-nio-8084-exec-5] Attribute (`userImageUrl`)  - enhanced for lazy-loading? - false
2024-06-25 17:04:38,135 DEBUG org.hibernate.engine.internal.TwoPhaseLoad [http-nio-8084-exec-5] Processing attribute `userLname` : value = 
2024-06-25 17:04:38,135 DEBUG org.hibernate.engine.internal.TwoPhaseLoad [http-nio-8084-exec-5] Attribute (`userLname`)  - enhanced for lazy-loading? - false
2024-06-25 17:04:38,136 DEBUG org.hibernate.engine.internal.TwoPhaseLoad [http-nio-8084-exec-5] Processing attribute `userMobile` : value = 9025855012
2024-06-25 17:04:38,136 DEBUG org.hibernate.engine.internal.TwoPhaseLoad [http-nio-8084-exec-5] Attribute (`userMobile`)  - enhanced for lazy-loading? - false
2024-06-25 17:04:38,137 DEBUG org.hibernate.engine.internal.TwoPhaseLoad [http-nio-8084-exec-5] Processing attribute `userPassword` : value = $2a$10$pqCU47N8hhScvqkp42EFguOaKc.ZGzPPVVzeHWkL3GSYr5DhyBXGS
2024-06-25 17:04:38,137 DEBUG org.hibernate.engine.internal.TwoPhaseLoad [http-nio-8084-exec-5] Attribute (`userPassword`)  - enhanced for lazy-loading? - false
2024-06-25 17:04:38,138 DEBUG org.hibernate.engine.internal.TwoPhaseLoad [http-nio-8084-exec-5] Processing attribute `userState` : value = null
2024-06-25 17:04:38,138 DEBUG org.hibernate.engine.internal.TwoPhaseLoad [http-nio-8084-exec-5] Attribute (`userState`)  - enhanced for lazy-loading? - false
2024-06-25 17:04:38,139 DEBUG org.hibernate.engine.internal.TwoPhaseLoad [http-nio-8084-exec-5] Processing attribute `validity` : value = null
2024-06-25 17:04:38,139 DEBUG org.hibernate.engine.internal.TwoPhaseLoad [http-nio-8084-exec-5] Attribute (`validity`)  - enhanced for lazy-loading? - false
2024-06-25 17:04:38,139 DEBUG org.hibernate.engine.internal.TwoPhaseLoad [http-nio-8084-exec-5] Done materializing entity [com.booking.model.user.ClubUser#3]
2024-06-25 17:04:38,140 DEBUG org.hibernate.loader.collection.plan.AbstractLoadPlanBasedCollectionInitializer [http-nio-8084-exec-5] Loading collection: [com.booking.model.user.ClubUser.roles#3]
2024-06-25 17:04:38,140 DEBUG org.hibernate.engine.jdbc.spi.SqlStatementLogger [http-nio-8084-exec-5] select roles0_.user_id as user_id1_6_0_, roles0_.role_id as role_id2_6_0_, roles1_.role_id as role_id1_4_1_, roles1_.name as name2_4_1_, roles1_.role as role3_4_1_ from user_roles roles0_ inner join roles roles1_ on roles0_.role_id=roles1_.role_id where roles0_.user_id=?
2024-06-25 17:04:38,375 DEBUG org.hibernate.loader.plan.exec.process.internal.ResultSetProcessorImpl [http-nio-8084-exec-5] Preparing collection initializer : [com.booking.model.user.ClubUser.roles#3]
2024-06-25 17:04:38,376 DEBUG org.hibernate.loader.plan.exec.process.internal.CollectionReferenceInitializerImpl [http-nio-8084-exec-5] Found row of collection: [com.booking.model.user.ClubUser.roles#3]
2024-06-25 17:04:38,376 DEBUG org.hibernate.engine.internal.TwoPhaseLoad [http-nio-8084-exec-5] Resolving attributes for [com.booking.model.user.Roles#2]
2024-06-25 17:04:38,377 DEBUG org.hibernate.engine.internal.TwoPhaseLoad [http-nio-8084-exec-5] Processing attribute `name` : value = user
2024-06-25 17:04:38,377 DEBUG org.hibernate.engine.internal.TwoPhaseLoad [http-nio-8084-exec-5] Attribute (`name`)  - enhanced for lazy-loading? - false
2024-06-25 17:04:38,378 DEBUG org.hibernate.engine.internal.TwoPhaseLoad [http-nio-8084-exec-5] Processing attribute `role` : value = user
2024-06-25 17:04:38,378 DEBUG org.hibernate.engine.internal.TwoPhaseLoad [http-nio-8084-exec-5] Attribute (`role`)  - enhanced for lazy-loading? - false
2024-06-25 17:04:38,379 DEBUG org.hibernate.engine.internal.TwoPhaseLoad [http-nio-8084-exec-5] Done materializing entity [com.booking.model.user.Roles#2]
2024-06-25 17:04:38,379 DEBUG org.jboss.logging.DelegatingBasicLogger [http-nio-8084-exec-5] 1 collections were found in result set for role: com.booking.model.user.ClubUser.roles
2024-06-25 17:04:38,379 DEBUG org.hibernate.engine.loading.internal.CollectionLoadContext [http-nio-8084-exec-5] Collection fully initialized: [com.booking.model.user.ClubUser.roles#3]
2024-06-25 17:04:38,380 DEBUG org.jboss.logging.DelegatingBasicLogger [http-nio-8084-exec-5] 1 collections initialized for role: com.booking.model.user.ClubUser.roles
2024-06-25 17:04:38,380 DEBUG org.hibernate.loader.collection.plan.AbstractLoadPlanBasedCollectionInitializer [http-nio-8084-exec-5] Done loading collection
2024-06-25 17:04:38,576 DEBUG org.hibernate.query.criteria.internal.CriteriaQueryImpl [http-nio-8084-exec-5] Rendered criteria query -> select generatedAlias0 from ClubUser as generatedAlias0 where generatedAlias0.userMobile=:param0
2024-06-25 17:04:38,577 DEBUG org.hibernate.engine.jdbc.spi.SqlStatementLogger [http-nio-8084-exec-5] select clubuser0_.user_id as user_id1_3_, clubuser0_.created_by as created_2_3_, clubuser0_.created_date as created_3_3_, clubuser0_.dob as dob4_3_, clubuser0_.full_name as full_nam5_3_, clubuser0_.membership_number as membersh6_3_, clubuser0_.membership_type as membersh7_3_, clubuser0_.otp as otp8_3_, clubuser0_.status as status9_3_, clubuser0_.user_address as user_ad10_3_, clubuser0_.user_city as user_ci11_3_, clubuser0_.user_email as user_em12_3_, clubuser0_.user_fname as user_fn13_3_, clubuser0_.user_image_url as user_im14_3_, clubuser0_.user_lname as user_ln15_3_, clubuser0_.user_mobile as user_mo16_3_, clubuser0_.user_password as user_pa17_3_, clubuser0_.user_state as user_st18_3_, clubuser0_.validity as validit19_3_ from club_user clubuser0_ where clubuser0_.user_mobile=?
2024-06-25 17:04:38,813 DEBUG org.jboss.logging.DelegatingBasicLogger [http-nio-8084-exec-5] Result set row: 0
2024-06-25 17:04:38,814 DEBUG org.hibernate.loader.Loader [http-nio-8084-exec-5] Result row: EntityKey[com.booking.model.user.ClubUser#3]
2024-06-25 17:04:38,814 DEBUG org.springframework.web.servlet.mvc.method.annotation.AbstractMessageConverterMethodProcessor [http-nio-8084-exec-5] Using 'application/json', given [application/json, text/plain, */*] and supported [application/json, application/*+json, application/json, application/*+json]
2024-06-25 17:04:38,815 DEBUG org.springframework.core.log.LogFormatUtils [http-nio-8084-exec-5] Writing [com.booking.model.user.ClubUser@141f3059]
2024-06-25 17:04:38,816 DEBUG org.springframework.orm.jpa.support.OpenEntityManagerInViewInterceptor [http-nio-8084-exec-5] Closing JPA EntityManager in OpenEntityManagerInViewInterceptor
2024-06-25 17:04:38,816 DEBUG org.springframework.web.servlet.FrameworkServlet [http-nio-8084-exec-5] Completed 200 OK
2024-06-25 17:04:38,817 INFO com.booking.logger.SpringLoggingFilter [http-nio-8084-exec-5] Response(1176 ms): status=200, payload={"userId":3,"createdBy":"Admin","createdDate":"2024-06-25T03:05:34.523+00:00","dateofBirth":null,"otp":null,"validity":null,"membershipType":null,"membershipNumber":null,"fullName":null,"userAddress":null,"userCity":null,"userEmail":"j.venki14@gmail.com","userImageUrl":"UsreprofilePicUrl","userLname":"","userFname":"Venkadesh","userMobile":"9025855012","userPassword":"$2a$10$pqCU47N8hhScvqkp42EFguOaKc.ZGzPPVVzeHWkL3GSYr5DhyBXGS","userState":null,"status":null,"roles":[{"roleId":2,"role":"user","name":"user"}]}, audit=true
2024-06-25 17:04:38,817 DEBUG org.springframework.security.web.access.ExceptionTranslationFilter [http-nio-8084-exec-5] Chain processed normally
2024-06-25 17:04:38,817 DEBUG org.springframework.security.web.header.writers.HstsHeaderWriter [http-nio-8084-exec-5] Not injecting HSTS header since it did not match the requestMatcher org.springframework.security.web.header.writers.HstsHeaderWriter$SecureRequestMatcher@66e3d68f
2024-06-25 17:04:38,817 DEBUG org.springframework.security.web.context.SecurityContextPersistenceFilter [http-nio-8084-exec-5] SecurityContextHolder now cleared, as request processing completed
2024-06-25 17:04:38,819 DEBUG org.apache.juli.logging.DirectJDKLog [http-nio-8084-exec-5] Socket: [org.apache.tomcat.util.net.NioEndpoint$NioSocketWrapper@7261503d:org.apache.tomcat.util.net.NioChannel@73f9647b:java.nio.channels.SocketChannel[connected local=/[0:0:0:0:0:0:0:1]:8084 remote=/[0:0:0:0:0:0:0:1]:54719]], Read from buffer: [0]
2024-06-25 17:04:38,820 DEBUG org.apache.juli.logging.DirectJDKLog [http-nio-8084-exec-5] Socket: [org.apache.tomcat.util.net.NioEndpoint$NioSocketWrapper@7261503d:org.apache.tomcat.util.net.NioChannel@73f9647b:java.nio.channels.SocketChannel[connected local=/[0:0:0:0:0:0:0:1]:8084 remote=/[0:0:0:0:0:0:0:1]:54719]], Read direct from socket: [0]
2024-06-25 17:04:38,820 DEBUG org.apache.juli.logging.DirectJDKLog [http-nio-8084-exec-5] Socket: [org.apache.tomcat.util.net.NioEndpoint$NioSocketWrapper@7261503d:org.apache.tomcat.util.net.NioChannel@73f9647b:java.nio.channels.SocketChannel[connected local=/[0:0:0:0:0:0:0:1]:8084 remote=/[0:0:0:0:0:0:0:1]:54719]], Status in: [OPEN_READ], State out: [OPEN]
2024-06-25 17:04:38,820 DEBUG org.apache.juli.logging.DirectJDKLog [http-nio-8084-exec-5] Pushed Processor [org.apache.coyote.http11.Http11Processor@55ab5834]
2024-06-25 17:04:38,821 DEBUG org.apache.juli.logging.DirectJDKLog [http-nio-8084-exec-5] Registered read interest for [org.apache.tomcat.util.net.NioEndpoint$NioSocketWrapper@7261503d:org.apache.tomcat.util.net.NioChannel@73f9647b:java.nio.channels.SocketChannel[connected local=/[0:0:0:0:0:0:0:1]:8084 remote=/[0:0:0:0:0:0:0:1]:54719]]
2024-06-25 17:04:38,870 DEBUG org.apache.juli.logging.DirectJDKLog [http-nio-8084-Acceptor] Counting up[http-nio-8084-Acceptor] latch=2
2024-06-25 17:04:38,872 DEBUG org.apache.juli.logging.DirectJDKLog [http-nio-8084-Acceptor] Counting up[http-nio-8084-Acceptor] latch=3
2024-06-25 17:04:38,877 DEBUG org.apache.juli.logging.DirectJDKLog [http-nio-8084-Acceptor] Counting up[http-nio-8084-Acceptor] latch=4
2024-06-25 17:04:38,891 DEBUG org.apache.juli.logging.DirectJDKLog [http-nio-8084-exec-10] Processing socket [org.apache.tomcat.util.net.NioChannel@73f9647b:java.nio.channels.SocketChannel[connected local=/[0:0:0:0:0:0:0:1]:8084 remote=/[0:0:0:0:0:0:0:1]:54719]] with status [OPEN_READ]
2024-06-25 17:04:38,892 DEBUG org.apache.juli.logging.DirectJDKLog [http-nio-8084-exec-10] Found processor [null] for socket [org.apache.tomcat.util.net.NioChannel@73f9647b:java.nio.channels.SocketChannel[connected local=/[0:0:0:0:0:0:0:1]:8084 remote=/[0:0:0:0:0:0:0:1]:54719]]
2024-06-25 17:04:38,892 DEBUG org.apache.juli.logging.DirectJDKLog [http-nio-8084-exec-10] Popped processor [org.apache.coyote.http11.Http11Processor@55ab5834] from cache
2024-06-25 17:04:38,892 DEBUG org.apache.juli.logging.DirectJDKLog [http-nio-8084-exec-10] Socket: [org.apache.tomcat.util.net.NioEndpoint$NioSocketWrapper@7261503d:org.apache.tomcat.util.net.NioChannel@73f9647b:java.nio.channels.SocketChannel[connected local=/[0:0:0:0:0:0:0:1]:8084 remote=/[0:0:0:0:0:0:0:1]:54719]], Read from buffer: [0]
2024-06-25 17:04:38,893 DEBUG org.apache.juli.logging.DirectJDKLog [http-nio-8084-exec-10] Socket: [org.apache.tomcat.util.net.NioEndpoint$NioSocketWrapper@7261503d:org.apache.tomcat.util.net.NioChannel@73f9647b:java.nio.channels.SocketChannel[connected local=/[0:0:0:0:0:0:0:1]:8084 remote=/[0:0:0:0:0:0:0:1]:54719]], Read direct from socket: [662]
2024-06-25 17:04:38,893 DEBUG org.apache.juli.logging.DirectJDKLog [http-nio-8084-exec-10] Received [POST /booking/listapprovallist HTTP/1.1
Host: localhost:8084
Connection: keep-alive
Content-Length: 12
sec-ch-ua: "Not/A)Brand";v="8", "Chromium";v="126", "Google Chrome";v="126"
Accept: application/json, text/plain, */*
Content-Type: application/json
sec-ch-ua-mobile: ?0
User-Agent: Mozilla/5.0 (Windows NT 10.0; Win64; x64) AppleWebKit/537.36 (KHTML, like Gecko) Chrome/126.0.0.0 Safari/537.36
sec-ch-ua-platform: "Windows"
Origin: http://localhost:3000
Sec-Fetch-Site: same-site
Sec-Fetch-Mode: cors
Sec-Fetch-Dest: empty
Referer: http://localhost:3000/
Accept-Encoding: gzip, deflate, br, zstd
Accept-Language: en-US,en;q=0.9

{"userId":3}]
2024-06-25 17:04:38,895 DEBUG org.apache.juli.logging.DirectJDKLog [http-nio-8084-exec-10] Security checking request POST /booking/listapprovallist
2024-06-25 17:04:38,895 DEBUG org.apache.juli.logging.DirectJDKLog [http-nio-8084-exec-10]   No applicable constraints defined
2024-06-25 17:04:38,896 DEBUG org.apache.juli.logging.DirectJDKLog [http-nio-8084-exec-10] Not subject to any constraint
2024-06-25 17:04:38,898 DEBUG org.springframework.security.web.FilterChainProxy$VirtualFilterChain [http-nio-8084-exec-10] /booking/listapprovallist at position 1 of 11 in additional filter chain; firing Filter: 'WebAsyncManagerIntegrationFilter'
2024-06-25 17:04:38,899 DEBUG org.springframework.security.web.FilterChainProxy$VirtualFilterChain [http-nio-8084-exec-10] /booking/listapprovallist at position 2 of 11 in additional filter chain; firing Filter: 'SecurityContextPersistenceFilter'
2024-06-25 17:04:38,900 DEBUG org.springframework.security.web.FilterChainProxy$VirtualFilterChain [http-nio-8084-exec-10] /booking/listapprovallist at position 3 of 11 in additional filter chain; firing Filter: 'HeaderWriterFilter'
2024-06-25 17:04:38,901 DEBUG org.apache.juli.logging.DirectJDKLog [http-nio-8084-exec-4] Processing socket [org.apache.tomcat.util.net.NioChannel@298c086:java.nio.channels.SocketChannel[connected local=/[0:0:0:0:0:0:0:1]:8084 remote=/[0:0:0:0:0:0:0:1]:52738]] with status [OPEN_READ]
2024-06-25 17:04:38,902 DEBUG org.apache.juli.logging.DirectJDKLog [http-nio-8084-exec-6] Processing socket [org.apache.tomcat.util.net.NioChannel@73692857:java.nio.channels.SocketChannel[connected local=/[0:0:0:0:0:0:0:1]:8084 remote=/[0:0:0:0:0:0:0:1]:52739]] with status [OPEN_READ]
2024-06-25 17:04:38,903 DEBUG org.apache.juli.logging.DirectJDKLog [http-nio-8084-exec-7] Processing socket [org.apache.tomcat.util.net.NioChannel@7f449f40:java.nio.channels.SocketChannel[connected local=/[0:0:0:0:0:0:0:1]:8084 remote=/[0:0:0:0:0:0:0:1]:52740]] with status [OPEN_READ]
2024-06-25 17:04:38,915 DEBUG org.springframework.security.web.FilterChainProxy$VirtualFilterChain [http-nio-8084-exec-10] /booking/listapprovallist at position 4 of 11 in additional filter chain; firing Filter: 'CorsFilter'
2024-06-25 17:04:38,916 DEBUG org.springframework.web.servlet.handler.AbstractHandlerMapping [http-nio-8084-exec-10] Mapped to com.booking.controller.BookingController#listapprovallist(ClubSlotBooking)
2024-06-25 17:04:38,918 DEBUG org.springframework.security.web.FilterChainProxy$VirtualFilterChain [http-nio-8084-exec-10] /booking/listapprovallist at position 5 of 11 in additional filter chain; firing Filter: 'LogoutFilter'
2024-06-25 17:04:38,918 DEBUG org.apache.juli.logging.DirectJDKLog [http-nio-8084-exec-4] Found processor [null] for socket [org.apache.tomcat.util.net.NioChannel@298c086:java.nio.channels.SocketChannel[connected local=/[0:0:0:0:0:0:0:1]:8084 remote=/[0:0:0:0:0:0:0:1]:52738]]
2024-06-25 17:04:38,918 DEBUG org.springframework.security.web.util.matcher.OrRequestMatcher [http-nio-8084-exec-10] Trying to match using Ant [pattern='/logout', GET]
2024-06-25 17:04:38,919 DEBUG org.apache.juli.logging.DirectJDKLog [http-nio-8084-exec-4] Popped processor [org.apache.coyote.http11.Http11Processor@9ba4144] from cache
2024-06-25 17:04:38,919 DEBUG org.springframework.security.web.util.matcher.AntPathRequestMatcher [http-nio-8084-exec-10] Request 'POST /booking/listapprovallist' doesn't match 'GET /logout'
2024-06-25 17:04:38,919 DEBUG org.apache.juli.logging.DirectJDKLog [http-nio-8084-exec-7] Found processor [null] for socket [org.apache.tomcat.util.net.NioChannel@7f449f40:java.nio.channels.SocketChannel[connected local=/[0:0:0:0:0:0:0:1]:8084 remote=/[0:0:0:0:0:0:0:1]:52740]]
2024-06-25 17:04:38,919 DEBUG org.springframework.security.web.util.matcher.OrRequestMatcher [http-nio-8084-exec-10] Trying to match using Ant [pattern='/logout', POST]
2024-06-25 17:04:38,919 DEBUG org.apache.juli.logging.DirectJDKLog [http-nio-8084-exec-7] Popped processor [org.apache.coyote.http11.Http11Processor@12ddcb39] from cache
2024-06-25 17:04:38,920 DEBUG org.springframework.security.web.util.matcher.AntPathRequestMatcher [http-nio-8084-exec-10] Checking match of request : '/booking/listapprovallist'; against '/logout'
2024-06-25 17:04:38,920 DEBUG org.springframework.security.web.util.matcher.OrRequestMatcher [http-nio-8084-exec-10] Trying to match using Ant [pattern='/logout', PUT]
2024-06-25 17:04:38,920 DEBUG org.apache.juli.logging.DirectJDKLog [http-nio-8084-exec-7] Socket: [org.apache.tomcat.util.net.NioEndpoint$NioSocketWrapper@229c824a:org.apache.tomcat.util.net.NioChannel@7f449f40:java.nio.channels.SocketChannel[connected local=/[0:0:0:0:0:0:0:1]:8084 remote=/[0:0:0:0:0:0:0:1]:52740]], Read from buffer: [0]
2024-06-25 17:04:38,918 DEBUG org.apache.juli.logging.DirectJDKLog [http-nio-8084-exec-6] Found processor [null] for socket [org.apache.tomcat.util.net.NioChannel@73692857:java.nio.channels.SocketChannel[connected local=/[0:0:0:0:0:0:0:1]:8084 remote=/[0:0:0:0:0:0:0:1]:52739]]
2024-06-25 17:04:38,920 DEBUG org.springframework.security.web.util.matcher.AntPathRequestMatcher [http-nio-8084-exec-10] Request 'POST /booking/listapprovallist' doesn't match 'PUT /logout'
2024-06-25 17:04:38,920 DEBUG org.apache.juli.logging.DirectJDKLog [http-nio-8084-exec-7] Socket: [org.apache.tomcat.util.net.NioEndpoint$NioSocketWrapper@229c824a:org.apache.tomcat.util.net.NioChannel@7f449f40:java.nio.channels.SocketChannel[connected local=/[0:0:0:0:0:0:0:1]:8084 remote=/[0:0:0:0:0:0:0:1]:52740]], Read direct from socket: [647]
2024-06-25 17:04:38,920 DEBUG org.springframework.security.web.util.matcher.OrRequestMatcher [http-nio-8084-exec-10] Trying to match using Ant [pattern='/logout', DELETE]
2024-06-25 17:04:38,921 DEBUG org.apache.juli.logging.DirectJDKLog [http-nio-8084-exec-4] Socket: [org.apache.tomcat.util.net.NioEndpoint$NioSocketWrapper@1eb87d96:org.apache.tomcat.util.net.NioChannel@298c086:java.nio.channels.SocketChannel[connected local=/[0:0:0:0:0:0:0:1]:8084 remote=/[0:0:0:0:0:0:0:1]:52738]], Read from buffer: [0]
2024-06-25 17:04:38,921 DEBUG org.apache.juli.logging.DirectJDKLog [http-nio-8084-exec-7] Received [POST /slot/listbookingslot HTTP/1.1
Host: localhost:8084
Connection: keep-alive
Content-Length: 2
sec-ch-ua: "Not/A)Brand";v="8", "Chromium";v="126", "Google Chrome";v="126"
Accept: application/json, text/plain, */*
Content-Type: application/json
sec-ch-ua-mobile: ?0
User-Agent: Mozilla/5.0 (Windows NT 10.0; Win64; x64) AppleWebKit/537.36 (KHTML, like Gecko) Chrome/126.0.0.0 Safari/537.36
sec-ch-ua-platform: "Windows"
Origin: http://localhost:3000
Sec-Fetch-Site: same-site
Sec-Fetch-Mode: cors
Sec-Fetch-Dest: empty
Referer: http://localhost:3000/
Accept-Encoding: gzip, deflate, br, zstd
Accept-Language: en-US,en;q=0.9

{}]
2024-06-25 17:04:38,921 DEBUG org.springframework.security.web.util.matcher.AntPathRequestMatcher [http-nio-8084-exec-10] Request 'POST /booking/listapprovallist' doesn't match 'DELETE /logout'
2024-06-25 17:04:38,921 DEBUG org.springframework.security.web.util.matcher.OrRequestMatcher [http-nio-8084-exec-10] No matches found
2024-06-25 17:04:38,921 DEBUG org.springframework.security.web.FilterChainProxy$VirtualFilterChain [http-nio-8084-exec-10] /booking/listapprovallist at position 6 of 11 in additional filter chain; firing Filter: 'RequestCacheAwareFilter'
2024-06-25 17:04:38,921 DEBUG org.apache.juli.logging.DirectJDKLog [http-nio-8084-exec-7] Security checking request POST /slot/listbookingslot
2024-06-25 17:04:38,922 DEBUG org.apache.juli.logging.DirectJDKLog [http-nio-8084-exec-7]   No applicable constraints defined
2024-06-25 17:04:38,921 DEBUG org.springframework.security.web.FilterChainProxy$VirtualFilterChain [http-nio-8084-exec-10] /booking/listapprovallist at position 7 of 11 in additional filter chain; firing Filter: 'SecurityContextHolderAwareRequestFilter'
2024-06-25 17:04:38,922 DEBUG org.apache.juli.logging.DirectJDKLog [http-nio-8084-exec-7] Not subject to any constraint
2024-06-25 17:04:38,922 DEBUG org.springframework.security.web.FilterChainProxy$VirtualFilterChain [http-nio-8084-exec-10] /booking/listapprovallist at position 8 of 11 in additional filter chain; firing Filter: 'AnonymousAuthenticationFilter'
2024-06-25 17:04:38,922 DEBUG org.apache.juli.logging.DirectJDKLog [http-nio-8084-exec-6] Popped processor [org.apache.coyote.http11.Http11Processor@70b1006b] from cache
2024-06-25 17:04:38,922 DEBUG org.apache.juli.logging.DirectJDKLog [http-nio-8084-exec-4] Socket: [org.apache.tomcat.util.net.NioEndpoint$NioSocketWrapper@1eb87d96:org.apache.tomcat.util.net.NioChannel@298c086:java.nio.channels.SocketChannel[connected local=/[0:0:0:0:0:0:0:1]:8084 remote=/[0:0:0:0:0:0:0:1]:52738]], Read direct from socket: [647]
2024-06-25 17:04:38,925 DEBUG org.springframework.security.web.authentication.AnonymousAuthenticationFilter [http-nio-8084-exec-10] Populated SecurityContextHolder with anonymous token: 'org.springframework.security.authentication.AnonymousAuthenticationToken@31e194fe: Principal: anonymousUser; Credentials: [PROTECTED]; Authenticated: true; Details: org.springframework.security.web.authentication.WebAuthenticationDetails@b364: RemoteIpAddress: 0:0:0:0:0:0:0:1; SessionId: null; Granted Authorities: ROLE_ANONYMOUS'
2024-06-25 17:04:38,926 DEBUG org.springframework.security.web.FilterChainProxy$VirtualFilterChain [http-nio-8084-exec-7] /slot/listbookingslot at position 1 of 11 in additional filter chain; firing Filter: 'WebAsyncManagerIntegrationFilter'
2024-06-25 17:04:38,926 DEBUG org.springframework.security.web.FilterChainProxy$VirtualFilterChain [http-nio-8084-exec-10] /booking/listapprovallist at position 9 of 11 in additional filter chain; firing Filter: 'SessionManagementFilter'
2024-06-25 17:04:38,926 DEBUG org.apache.juli.logging.DirectJDKLog [http-nio-8084-exec-4] Received [POST /slot/listbookingslot HTTP/1.1
Host: localhost:8084
Connection: keep-alive
Content-Length: 2
sec-ch-ua: "Not/A)Brand";v="8", "Chromium";v="126", "Google Chrome";v="126"
Accept: application/json, text/plain, */*
Content-Type: application/json
sec-ch-ua-mobile: ?0
User-Agent: Mozilla/5.0 (Windows NT 10.0; Win64; x64) AppleWebKit/537.36 (KHTML, like Gecko) Chrome/126.0.0.0 Safari/537.36
sec-ch-ua-platform: "Windows"
Origin: http://localhost:3000
Sec-Fetch-Site: same-site
Sec-Fetch-Mode: cors
Sec-Fetch-Dest: empty
Referer: http://localhost:3000/
Accept-Encoding: gzip, deflate, br, zstd
Accept-Language: en-US,en;q=0.9

{}]
2024-06-25 17:04:38,926 DEBUG org.apache.juli.logging.DirectJDKLog [http-nio-8084-exec-6] Socket: [org.apache.tomcat.util.net.NioEndpoint$NioSocketWrapper@30ebd758:org.apache.tomcat.util.net.NioChannel@73692857:java.nio.channels.SocketChannel[connected local=/[0:0:0:0:0:0:0:1]:8084 remote=/[0:0:0:0:0:0:0:1]:52739]], Read from buffer: [0]
2024-06-25 17:04:38,926 DEBUG org.springframework.security.web.FilterChainProxy$VirtualFilterChain [http-nio-8084-exec-7] /slot/listbookingslot at position 2 of 11 in additional filter chain; firing Filter: 'SecurityContextPersistenceFilter'
2024-06-25 17:04:38,926 DEBUG org.springframework.security.web.FilterChainProxy$VirtualFilterChain [http-nio-8084-exec-10] /booking/listapprovallist at position 10 of 11 in additional filter chain; firing Filter: 'ExceptionTranslationFilter'
2024-06-25 17:04:38,926 DEBUG org.springframework.security.web.FilterChainProxy$VirtualFilterChain [http-nio-8084-exec-7] /slot/listbookingslot at position 3 of 11 in additional filter chain; firing Filter: 'HeaderWriterFilter'
2024-06-25 17:04:38,927 DEBUG org.springframework.security.web.FilterChainProxy$VirtualFilterChain [http-nio-8084-exec-10] /booking/listapprovallist at position 11 of 11 in additional filter chain; firing Filter: 'FilterSecurityInterceptor'
2024-06-25 17:04:38,927 DEBUG org.apache.juli.logging.DirectJDKLog [http-nio-8084-exec-6] Socket: [org.apache.tomcat.util.net.NioEndpoint$NioSocketWrapper@30ebd758:org.apache.tomcat.util.net.NioChannel@73692857:java.nio.channels.SocketChannel[connected local=/[0:0:0:0:0:0:0:1]:8084 remote=/[0:0:0:0:0:0:0:1]:52739]], Read direct from socket: [662]
2024-06-25 17:04:38,927 DEBUG org.springframework.security.web.FilterChainProxy$VirtualFilterChain [http-nio-8084-exec-7] /slot/listbookingslot at position 4 of 11 in additional filter chain; firing Filter: 'CorsFilter'
2024-06-25 17:04:38,927 DEBUG org.apache.juli.logging.DirectJDKLog [http-nio-8084-exec-4] Security checking request POST /slot/listbookingslot
2024-06-25 17:04:38,927 DEBUG org.springframework.security.web.util.matcher.AntPathRequestMatcher [http-nio-8084-exec-10] Request '/booking/listapprovallist' matched by universal pattern '/**'
2024-06-25 17:04:38,927 DEBUG org.apache.juli.logging.DirectJDKLog [http-nio-8084-exec-4]   No applicable constraints defined
2024-06-25 17:04:38,928 DEBUG org.springframework.security.access.intercept.AbstractSecurityInterceptor [http-nio-8084-exec-10] Secure object: FilterInvocation: URL: /booking/listapprovallist; Attributes: [permitAll]
2024-06-25 17:04:38,928 DEBUG org.apache.juli.logging.DirectJDKLog [http-nio-8084-exec-4] Not subject to any constraint
2024-06-25 17:04:38,928 DEBUG org.springframework.web.servlet.handler.AbstractHandlerMapping [http-nio-8084-exec-7] Mapped to com.booking.controller.SlotController#ListSlot(ClubSlot)
2024-06-25 17:04:38,928 DEBUG org.springframework.security.access.intercept.AbstractSecurityInterceptor [http-nio-8084-exec-10] Previously Authenticated: org.springframework.security.authentication.AnonymousAuthenticationToken@31e194fe: Principal: anonymousUser; Credentials: [PROTECTED]; Authenticated: true; Details: org.springframework.security.web.authentication.WebAuthenticationDetails@b364: RemoteIpAddress: 0:0:0:0:0:0:0:1; SessionId: null; Granted Authorities: ROLE_ANONYMOUS
2024-06-25 17:04:38,928 DEBUG org.springframework.security.web.FilterChainProxy$VirtualFilterChain [http-nio-8084-exec-4] /slot/listbookingslot at position 1 of 11 in additional filter chain; firing Filter: 'WebAsyncManagerIntegrationFilter'
2024-06-25 17:04:38,928 DEBUG org.springframework.security.access.vote.AffirmativeBased [http-nio-8084-exec-10] Voter: org.springframework.security.web.access.expression.WebExpressionVoter@7e48fa64, returned: 1
2024-06-25 17:04:38,928 DEBUG org.springframework.security.web.FilterChainProxy$VirtualFilterChain [http-nio-8084-exec-4] /slot/listbookingslot at position 2 of 11 in additional filter chain; firing Filter: 'SecurityContextPersistenceFilter'
2024-06-25 17:04:38,928 DEBUG org.apache.juli.logging.DirectJDKLog [http-nio-8084-exec-6] Received [POST /booking/listapprovallist HTTP/1.1
Host: localhost:8084
Connection: keep-alive
Content-Length: 12
sec-ch-ua: "Not/A)Brand";v="8", "Chromium";v="126", "Google Chrome";v="126"
Accept: application/json, text/plain, */*
Content-Type: application/json
sec-ch-ua-mobile: ?0
User-Agent: Mozilla/5.0 (Windows NT 10.0; Win64; x64) AppleWebKit/537.36 (KHTML, like Gecko) Chrome/126.0.0.0 Safari/537.36
sec-ch-ua-platform: "Windows"
Origin: http://localhost:3000
Sec-Fetch-Site: same-site
Sec-Fetch-Mode: cors
Sec-Fetch-Dest: empty
Referer: http://localhost:3000/
Accept-Encoding: gzip, deflate, br, zstd
Accept-Language: en-US,en;q=0.9

{"userId":3}]
2024-06-25 17:04:38,928 DEBUG org.springframework.security.web.FilterChainProxy$VirtualFilterChain [http-nio-8084-exec-7] /slot/listbookingslot at position 5 of 11 in additional filter chain; firing Filter: 'LogoutFilter'
2024-06-25 17:04:38,928 DEBUG org.springframework.security.access.intercept.AbstractSecurityInterceptor [http-nio-8084-exec-10] Authorization successful
2024-06-25 17:04:38,929 DEBUG org.springframework.security.web.FilterChainProxy$VirtualFilterChain [http-nio-8084-exec-4] /slot/listbookingslot at position 3 of 11 in additional filter chain; firing Filter: 'HeaderWriterFilter'
2024-06-25 17:04:38,929 DEBUG org.springframework.security.web.util.matcher.OrRequestMatcher [http-nio-8084-exec-7] Trying to match using Ant [pattern='/logout', GET]
2024-06-25 17:04:38,929 DEBUG org.springframework.security.access.intercept.AbstractSecurityInterceptor [http-nio-8084-exec-10] RunAsManager did not change Authentication object
2024-06-25 17:04:38,929 DEBUG org.springframework.security.web.FilterChainProxy$VirtualFilterChain [http-nio-8084-exec-10] /booking/listapprovallist reached end of additional filter chain; proceeding with original chain
2024-06-25 17:04:38,929 DEBUG org.springframework.security.web.util.matcher.AntPathRequestMatcher [http-nio-8084-exec-7] Request 'POST /slot/listbookingslot' doesn't match 'GET /logout'
2024-06-25 17:04:38,929 DEBUG org.apache.juli.logging.DirectJDKLog [http-nio-8084-exec-6] Security checking request POST /booking/listapprovallist
2024-06-25 17:04:38,929 WARN com.booking.config.JwtAuthenticationFilter [http-nio-8084-exec-10] Couldn't find bearer string, header will be ignored
2024-06-25 17:04:38,929 DEBUG org.springframework.security.web.util.matcher.OrRequestMatcher [http-nio-8084-exec-7] Trying to match using Ant [pattern='/logout', POST]
2024-06-25 17:04:38,929 DEBUG org.apache.juli.logging.DirectJDKLog [http-nio-8084-exec-6]   No applicable constraints defined
2024-06-25 17:04:38,930 DEBUG org.springframework.security.web.util.matcher.AntPathRequestMatcher [http-nio-8084-exec-7] Checking match of request : '/slot/listbookingslot'; against '/logout'
2024-06-25 17:04:38,930 DEBUG org.springframework.security.web.util.matcher.OrRequestMatcher [http-nio-8084-exec-7] Trying to match using Ant [pattern='/logout', PUT]
2024-06-25 17:04:38,930 DEBUG org.springframework.web.servlet.handler.AbstractHandlerMapping [http-nio-8084-exec-10] Mapped to com.booking.controller.BookingController#listapprovallist(ClubSlotBooking)
2024-06-25 17:04:38,930 DEBUG org.springframework.security.web.util.matcher.AntPathRequestMatcher [http-nio-8084-exec-7] Request 'POST /slot/listbookingslot' doesn't match 'PUT /logout'
2024-06-25 17:04:38,930 DEBUG org.apache.juli.logging.DirectJDKLog [http-nio-8084-exec-6] Not subject to any constraint
2024-06-25 17:04:38,930 DEBUG org.springframework.security.web.util.matcher.OrRequestMatcher [http-nio-8084-exec-7] Trying to match using Ant [pattern='/logout', DELETE]
2024-06-25 17:04:38,930 INFO com.booking.logger.SpringLoggingFilter [http-nio-8084-exec-10] Request: method=POST, uri=/booking/listapprovallist, payload={"userId":3}, audit=true
2024-06-25 17:04:38,930 DEBUG org.springframework.security.web.util.matcher.AntPathRequestMatcher [http-nio-8084-exec-7] Request 'POST /slot/listbookingslot' doesn't match 'DELETE /logout'
2024-06-25 17:04:38,931 DEBUG org.springframework.security.web.util.matcher.OrRequestMatcher [http-nio-8084-exec-7] No matches found
2024-06-25 17:04:38,931 DEBUG org.springframework.security.web.FilterChainProxy$VirtualFilterChain [http-nio-8084-exec-4] /slot/listbookingslot at position 4 of 11 in additional filter chain; firing Filter: 'CorsFilter'
2024-06-25 17:04:38,931 DEBUG org.springframework.security.web.FilterChainProxy$VirtualFilterChain [http-nio-8084-exec-6] /booking/listapprovallist at position 1 of 11 in additional filter chain; firing Filter: 'WebAsyncManagerIntegrationFilter'
2024-06-25 17:04:38,931 DEBUG org.apache.juli.logging.DirectJDKLog [http-nio-8084-exec-10] Set encoding to UTF-8
2024-06-25 17:04:38,931 DEBUG org.springframework.security.web.FilterChainProxy$VirtualFilterChain [http-nio-8084-exec-7] /slot/listbookingslot at position 6 of 11 in additional filter chain; firing Filter: 'RequestCacheAwareFilter'
2024-06-25 17:04:38,931 DEBUG org.springframework.security.web.FilterChainProxy$VirtualFilterChain [http-nio-8084-exec-6] /booking/listapprovallist at position 2 of 11 in additional filter chain; firing Filter: 'SecurityContextPersistenceFilter'
2024-06-25 17:04:38,931 DEBUG org.springframework.core.log.LogFormatUtils [http-nio-8084-exec-10] POST "/booking/listapprovallist", parameters={}
2024-06-25 17:04:38,931 DEBUG org.springframework.security.web.FilterChainProxy$VirtualFilterChain [http-nio-8084-exec-7] /slot/listbookingslot at position 7 of 11 in additional filter chain; firing Filter: 'SecurityContextHolderAwareRequestFilter'
2024-06-25 17:04:38,931 DEBUG org.springframework.security.web.FilterChainProxy$VirtualFilterChain [http-nio-8084-exec-6] /booking/listapprovallist at position 3 of 11 in additional filter chain; firing Filter: 'HeaderWriterFilter'
2024-06-25 17:04:38,931 DEBUG org.springframework.web.servlet.handler.AbstractHandlerMapping [http-nio-8084-exec-4] Mapped to com.booking.controller.SlotController#ListSlot(ClubSlot)
2024-06-25 17:04:38,932 DEBUG org.springframework.security.web.FilterChainProxy$VirtualFilterChain [http-nio-8084-exec-7] /slot/listbookingslot at position 8 of 11 in additional filter chain; firing Filter: 'AnonymousAuthenticationFilter'
2024-06-25 17:04:38,932 DEBUG org.springframework.security.web.FilterChainProxy$VirtualFilterChain [http-nio-8084-exec-6] /booking/listapprovallist at position 4 of 11 in additional filter chain; firing Filter: 'CorsFilter'
2024-06-25 17:04:38,932 DEBUG org.springframework.web.servlet.handler.AbstractHandlerMapping [http-nio-8084-exec-10] Mapped to com.booking.controller.BookingController#listapprovallist(ClubSlotBooking)
2024-06-25 17:04:38,932 DEBUG org.springframework.security.web.authentication.AnonymousAuthenticationFilter [http-nio-8084-exec-7] Populated SecurityContextHolder with anonymous token: 'org.springframework.security.authentication.AnonymousAuthenticationToken@31e194fe: Principal: anonymousUser; Credentials: [PROTECTED]; Authenticated: true; Details: org.springframework.security.web.authentication.WebAuthenticationDetails@b364: RemoteIpAddress: 0:0:0:0:0:0:0:1; SessionId: null; Granted Authorities: ROLE_ANONYMOUS'
2024-06-25 17:04:38,932 DEBUG org.springframework.web.servlet.handler.AbstractHandlerMapping [http-nio-8084-exec-6] Mapped to com.booking.controller.BookingController#listapprovallist(ClubSlotBooking)
2024-06-25 17:04:38,932 DEBUG org.springframework.security.web.FilterChainProxy$VirtualFilterChain [http-nio-8084-exec-7] /slot/listbookingslot at position 9 of 11 in additional filter chain; firing Filter: 'SessionManagementFilter'
2024-06-25 17:04:38,932 DEBUG org.springframework.orm.jpa.support.OpenEntityManagerInViewInterceptor [http-nio-8084-exec-10] Opening JPA EntityManager in OpenEntityManagerInViewInterceptor
2024-06-25 17:04:38,932 DEBUG org.springframework.security.web.FilterChainProxy$VirtualFilterChain [http-nio-8084-exec-4] /slot/listbookingslot at position 5 of 11 in additional filter chain; firing Filter: 'LogoutFilter'
2024-06-25 17:04:38,932 DEBUG org.springframework.security.web.FilterChainProxy$VirtualFilterChain [http-nio-8084-exec-6] /booking/listapprovallist at position 5 of 11 in additional filter chain; firing Filter: 'LogoutFilter'
2024-06-25 17:04:38,933 DEBUG org.springframework.security.web.FilterChainProxy$VirtualFilterChain [http-nio-8084-exec-7] /slot/listbookingslot at position 10 of 11 in additional filter chain; firing Filter: 'ExceptionTranslationFilter'
2024-06-25 17:04:38,933 DEBUG org.springframework.security.web.FilterChainProxy$VirtualFilterChain [http-nio-8084-exec-7] /slot/listbookingslot at position 11 of 11 in additional filter chain; firing Filter: 'FilterSecurityInterceptor'
2024-06-25 17:04:38,933 DEBUG org.springframework.security.web.util.matcher.AntPathRequestMatcher [http-nio-8084-exec-7] Request '/slot/listbookingslot' matched by universal pattern '/**'
2024-06-25 17:04:38,933 DEBUG org.springframework.core.log.LogFormatUtils [http-nio-8084-exec-10] Read "application/json;charset=UTF-8" to [com.booking.model.slot.ClubSlotBooking@18db9c9f]
2024-06-25 17:04:38,933 DEBUG org.springframework.security.access.intercept.AbstractSecurityInterceptor [http-nio-8084-exec-7] Secure object: FilterInvocation: URL: /slot/listbookingslot; Attributes: [permitAll]
2024-06-25 17:04:38,933 DEBUG org.springframework.security.access.intercept.AbstractSecurityInterceptor [http-nio-8084-exec-7] Previously Authenticated: org.springframework.security.authentication.AnonymousAuthenticationToken@31e194fe: Principal: anonymousUser; Credentials: [PROTECTED]; Authenticated: true; Details: org.springframework.security.web.authentication.WebAuthenticationDetails@b364: RemoteIpAddress: 0:0:0:0:0:0:0:1; SessionId: null; Granted Authorities: ROLE_ANONYMOUS
2024-06-25 17:04:38,934 DEBUG org.springframework.security.access.vote.AffirmativeBased [http-nio-8084-exec-7] Voter: org.springframework.security.web.access.expression.WebExpressionVoter@7e48fa64, returned: 1
2024-06-25 17:04:38,934 DEBUG org.springframework.security.access.intercept.AbstractSecurityInterceptor [http-nio-8084-exec-7] Authorization successful
2024-06-25 17:04:38,934 DEBUG org.springframework.security.web.util.matcher.OrRequestMatcher [http-nio-8084-exec-6] Trying to match using Ant [pattern='/logout', GET]
2024-06-25 17:04:38,934 DEBUG org.hibernate.query.criteria.internal.CriteriaQueryImpl [http-nio-8084-exec-10] Rendered criteria query -> select generatedAlias0 from ClubSlotBooking as generatedAlias0 where ( generatedAlias0.primaryBookingId=:param0 ) and ( generatedAlias0.bookingStatus=:param1 )
2024-06-25 17:04:38,934 DEBUG org.springframework.security.access.intercept.AbstractSecurityInterceptor [http-nio-8084-exec-7] RunAsManager did not change Authentication object
2024-06-25 17:04:38,934 DEBUG org.springframework.security.web.util.matcher.AntPathRequestMatcher [http-nio-8084-exec-6] Request 'POST /booking/listapprovallist' doesn't match 'GET /logout'
2024-06-25 17:04:38,935 DEBUG org.springframework.security.web.util.matcher.OrRequestMatcher [http-nio-8084-exec-4] Trying to match using Ant [pattern='/logout', GET]
2024-06-25 17:04:38,935 DEBUG org.springframework.security.web.FilterChainProxy$VirtualFilterChain [http-nio-8084-exec-7] /slot/listbookingslot reached end of additional filter chain; proceeding with original chain
2024-06-25 17:04:38,935 DEBUG org.springframework.security.web.util.matcher.OrRequestMatcher [http-nio-8084-exec-6] Trying to match using Ant [pattern='/logout', POST]
2024-06-25 17:04:38,935 DEBUG org.hibernate.engine.jdbc.spi.SqlStatementLogger [http-nio-8084-exec-10] select clubslotbo0_.booking_id as booking_1_2_, clubslotbo0_.booking_status as booking_2_2_, clubslotbo0_.booking_type as booking_3_2_, clubslotbo0_.created_by as created_4_2_, clubslotbo0_.created_date as created_5_2_, clubslotbo0_.player as player6_2_, clubslotbo0_.player_count as player_c7_2_, clubslotbo0_.primary_booking_id as primary_8_2_, clubslotbo0_.secondary_booking as secondar9_2_, clubslotbo0_.slot_date as slot_da10_2_, clubslotbo0_.slot_id as slot_id11_2_, clubslotbo0_.user_id as user_id12_2_ from club_slot_booking clubslotbo0_ where clubslotbo0_.primary_booking_id=? and clubslotbo0_.booking_status=?
2024-06-25 17:04:38,935 DEBUG org.springframework.security.web.util.matcher.AntPathRequestMatcher [http-nio-8084-exec-4] Request 'POST /slot/listbookingslot' doesn't match 'GET /logout'
2024-06-25 17:04:38,935 WARN com.booking.config.JwtAuthenticationFilter [http-nio-8084-exec-7] Couldn't find bearer string, header will be ignored
2024-06-25 17:04:38,935 DEBUG org.springframework.security.web.util.matcher.AntPathRequestMatcher [http-nio-8084-exec-6] Checking match of request : '/booking/listapprovallist'; against '/logout'
2024-06-25 17:04:38,935 DEBUG org.springframework.security.web.util.matcher.OrRequestMatcher [http-nio-8084-exec-4] Trying to match using Ant [pattern='/logout', POST]
2024-06-25 17:04:38,935 DEBUG org.springframework.security.web.util.matcher.OrRequestMatcher [http-nio-8084-exec-6] Trying to match using Ant [pattern='/logout', PUT]
2024-06-25 17:04:38,936 DEBUG org.springframework.security.web.util.matcher.AntPathRequestMatcher [http-nio-8084-exec-6] Request 'POST /booking/listapprovallist' doesn't match 'PUT /logout'
2024-06-25 17:04:38,936 DEBUG org.springframework.web.servlet.handler.AbstractHandlerMapping [http-nio-8084-exec-7] Mapped to com.booking.controller.SlotController#ListSlot(ClubSlot)
2024-06-25 17:04:38,935 DEBUG org.springframework.security.web.util.matcher.AntPathRequestMatcher [http-nio-8084-exec-4] Checking match of request : '/slot/listbookingslot'; against '/logout'
2024-06-25 17:04:38,936 DEBUG org.springframework.security.web.util.matcher.OrRequestMatcher [http-nio-8084-exec-6] Trying to match using Ant [pattern='/logout', DELETE]
2024-06-25 17:04:38,936 INFO com.booking.logger.SpringLoggingFilter [http-nio-8084-exec-7] Request: method=POST, uri=/slot/listbookingslot, payload={}, audit=true
2024-06-25 17:04:38,936 DEBUG org.springframework.security.web.util.matcher.OrRequestMatcher [http-nio-8084-exec-4] Trying to match using Ant [pattern='/logout', PUT]
2024-06-25 17:04:38,936 DEBUG org.springframework.security.web.util.matcher.AntPathRequestMatcher [http-nio-8084-exec-6] Request 'POST /booking/listapprovallist' doesn't match 'DELETE /logout'
2024-06-25 17:04:38,936 DEBUG org.springframework.security.web.util.matcher.AntPathRequestMatcher [http-nio-8084-exec-4] Request 'POST /slot/listbookingslot' doesn't match 'PUT /logout'
2024-06-25 17:04:38,936 DEBUG org.springframework.security.web.util.matcher.OrRequestMatcher [http-nio-8084-exec-6] No matches found
2024-06-25 17:04:38,936 DEBUG org.springframework.security.web.util.matcher.OrRequestMatcher [http-nio-8084-exec-4] Trying to match using Ant [pattern='/logout', DELETE]
2024-06-25 17:04:38,936 DEBUG org.springframework.security.web.FilterChainProxy$VirtualFilterChain [http-nio-8084-exec-6] /booking/listapprovallist at position 6 of 11 in additional filter chain; firing Filter: 'RequestCacheAwareFilter'
2024-06-25 17:04:38,936 DEBUG org.apache.juli.logging.DirectJDKLog [http-nio-8084-exec-7] Set encoding to UTF-8
2024-06-25 17:04:38,937 DEBUG org.springframework.security.web.FilterChainProxy$VirtualFilterChain [http-nio-8084-exec-6] /booking/listapprovallist at position 7 of 11 in additional filter chain; firing Filter: 'SecurityContextHolderAwareRequestFilter'
2024-06-25 17:04:38,937 DEBUG org.springframework.security.web.util.matcher.AntPathRequestMatcher [http-nio-8084-exec-4] Request 'POST /slot/listbookingslot' doesn't match 'DELETE /logout'
2024-06-25 17:04:38,937 DEBUG org.springframework.core.log.LogFormatUtils [http-nio-8084-exec-7] POST "/slot/listbookingslot", parameters={}
2024-06-25 17:04:38,937 DEBUG org.springframework.security.web.util.matcher.OrRequestMatcher [http-nio-8084-exec-4] No matches found
2024-06-25 17:04:38,937 DEBUG org.springframework.security.web.FilterChainProxy$VirtualFilterChain [http-nio-8084-exec-6] /booking/listapprovallist at position 8 of 11 in additional filter chain; firing Filter: 'AnonymousAuthenticationFilter'
2024-06-25 17:04:38,937 DEBUG org.springframework.web.servlet.handler.AbstractHandlerMapping [http-nio-8084-exec-7] Mapped to com.booking.controller.SlotController#ListSlot(ClubSlot)
2024-06-25 17:04:38,937 DEBUG org.springframework.security.web.authentication.AnonymousAuthenticationFilter [http-nio-8084-exec-6] Populated SecurityContextHolder with anonymous token: 'org.springframework.security.authentication.AnonymousAuthenticationToken@31e194fe: Principal: anonymousUser; Credentials: [PROTECTED]; Authenticated: true; Details: org.springframework.security.web.authentication.WebAuthenticationDetails@b364: RemoteIpAddress: 0:0:0:0:0:0:0:1; SessionId: null; Granted Authorities: ROLE_ANONYMOUS'
2024-06-25 17:04:38,937 DEBUG org.springframework.security.web.FilterChainProxy$VirtualFilterChain [http-nio-8084-exec-4] /slot/listbookingslot at position 6 of 11 in additional filter chain; firing Filter: 'RequestCacheAwareFilter'
2024-06-25 17:04:38,938 DEBUG org.springframework.orm.jpa.support.OpenEntityManagerInViewInterceptor [http-nio-8084-exec-7] Opening JPA EntityManager in OpenEntityManagerInViewInterceptor
2024-06-25 17:04:38,938 DEBUG org.springframework.security.web.FilterChainProxy$VirtualFilterChain [http-nio-8084-exec-6] /booking/listapprovallist at position 9 of 11 in additional filter chain; firing Filter: 'SessionManagementFilter'
2024-06-25 17:04:38,938 DEBUG org.springframework.security.web.FilterChainProxy$VirtualFilterChain [http-nio-8084-exec-4] /slot/listbookingslot at position 7 of 11 in additional filter chain; firing Filter: 'SecurityContextHolderAwareRequestFilter'
2024-06-25 17:04:38,939 DEBUG org.springframework.core.log.LogFormatUtils [http-nio-8084-exec-7] Read "application/json;charset=UTF-8" to [com.booking.model.slot.ClubSlot@adb3ced]
2024-06-25 17:04:38,950 DEBUG org.springframework.security.web.FilterChainProxy$VirtualFilterChain [http-nio-8084-exec-4] /slot/listbookingslot at position 8 of 11 in additional filter chain; firing Filter: 'AnonymousAuthenticationFilter'
2024-06-25 17:04:38,950 DEBUG org.springframework.security.web.FilterChainProxy$VirtualFilterChain [http-nio-8084-exec-6] /booking/listapprovallist at position 10 of 11 in additional filter chain; firing Filter: 'ExceptionTranslationFilter'
2024-06-25 17:04:38,951 DEBUG org.springframework.security.web.FilterChainProxy$VirtualFilterChain [http-nio-8084-exec-6] /booking/listapprovallist at position 11 of 11 in additional filter chain; firing Filter: 'FilterSecurityInterceptor'
2024-06-25 17:04:38,951 DEBUG org.springframework.security.web.authentication.AnonymousAuthenticationFilter [http-nio-8084-exec-4] Populated SecurityContextHolder with anonymous token: 'org.springframework.security.authentication.AnonymousAuthenticationToken@31e194fe: Principal: anonymousUser; Credentials: [PROTECTED]; Authenticated: true; Details: org.springframework.security.web.authentication.WebAuthenticationDetails@b364: RemoteIpAddress: 0:0:0:0:0:0:0:1; SessionId: null; Granted Authorities: ROLE_ANONYMOUS'
2024-06-25 17:04:38,951 DEBUG org.springframework.security.web.FilterChainProxy$VirtualFilterChain [http-nio-8084-exec-4] /slot/listbookingslot at position 9 of 11 in additional filter chain; firing Filter: 'SessionManagementFilter'
2024-06-25 17:04:38,951 DEBUG org.springframework.security.web.util.matcher.AntPathRequestMatcher [http-nio-8084-exec-6] Request '/booking/listapprovallist' matched by universal pattern '/**'
2024-06-25 17:04:38,951 DEBUG org.hibernate.query.criteria.internal.CriteriaQueryImpl [http-nio-8084-exec-7] Rendered criteria query -> select generatedAlias0 from ClubConfig as generatedAlias0 where generatedAlias0.key=:param0
2024-06-25 17:04:38,952 DEBUG org.springframework.security.web.FilterChainProxy$VirtualFilterChain [http-nio-8084-exec-4] /slot/listbookingslot at position 10 of 11 in additional filter chain; firing Filter: 'ExceptionTranslationFilter'
2024-06-25 17:04:38,952 DEBUG org.springframework.security.web.FilterChainProxy$VirtualFilterChain [http-nio-8084-exec-4] /slot/listbookingslot at position 11 of 11 in additional filter chain; firing Filter: 'FilterSecurityInterceptor'
2024-06-25 17:04:38,952 DEBUG org.springframework.security.web.util.matcher.AntPathRequestMatcher [http-nio-8084-exec-4] Request '/slot/listbookingslot' matched by universal pattern '/**'
2024-06-25 17:04:38,952 DEBUG org.springframework.security.access.intercept.AbstractSecurityInterceptor [http-nio-8084-exec-6] Secure object: FilterInvocation: URL: /booking/listapprovallist; Attributes: [permitAll]
2024-06-25 17:04:38,952 DEBUG org.hibernate.engine.jdbc.spi.SqlStatementLogger [http-nio-8084-exec-7] select clubconfig0_.config_id as config_i1_0_, clubconfig0_.category as category2_0_, clubconfig0_.date_modified as date_mod3_0_, clubconfig0_.key as key4_0_, clubconfig0_.modified_by as modified5_0_, clubconfig0_.value as value6_0_ from club_config clubconfig0_ where clubconfig0_.key=?
2024-06-25 17:04:38,952 DEBUG org.springframework.security.access.intercept.AbstractSecurityInterceptor [http-nio-8084-exec-4] Secure object: FilterInvocation: URL: /slot/listbookingslot; Attributes: [permitAll]
2024-06-25 17:04:38,952 DEBUG org.springframework.security.access.intercept.AbstractSecurityInterceptor [http-nio-8084-exec-6] Previously Authenticated: org.springframework.security.authentication.AnonymousAuthenticationToken@31e194fe: Principal: anonymousUser; Credentials: [PROTECTED]; Authenticated: true; Details: org.springframework.security.web.authentication.WebAuthenticationDetails@b364: RemoteIpAddress: 0:0:0:0:0:0:0:1; SessionId: null; Granted Authorities: ROLE_ANONYMOUS
2024-06-25 17:04:38,953 DEBUG org.springframework.security.access.vote.AffirmativeBased [http-nio-8084-exec-6] Voter: org.springframework.security.web.access.expression.WebExpressionVoter@7e48fa64, returned: 1
2024-06-25 17:04:38,953 DEBUG org.springframework.security.access.intercept.AbstractSecurityInterceptor [http-nio-8084-exec-4] Previously Authenticated: org.springframework.security.authentication.AnonymousAuthenticationToken@31e194fe: Principal: anonymousUser; Credentials: [PROTECTED]; Authenticated: true; Details: org.springframework.security.web.authentication.WebAuthenticationDetails@b364: RemoteIpAddress: 0:0:0:0:0:0:0:1; SessionId: null; Granted Authorities: ROLE_ANONYMOUS
2024-06-25 17:04:38,954 DEBUG org.springframework.security.access.intercept.AbstractSecurityInterceptor [http-nio-8084-exec-6] Authorization successful
2024-06-25 17:04:38,954 DEBUG org.springframework.security.access.intercept.AbstractSecurityInterceptor [http-nio-8084-exec-6] RunAsManager did not change Authentication object
2024-06-25 17:04:38,954 DEBUG org.springframework.security.access.vote.AffirmativeBased [http-nio-8084-exec-4] Voter: org.springframework.security.web.access.expression.WebExpressionVoter@7e48fa64, returned: 1
2024-06-25 17:04:38,955 DEBUG org.springframework.security.web.FilterChainProxy$VirtualFilterChain [http-nio-8084-exec-6] /booking/listapprovallist reached end of additional filter chain; proceeding with original chain
2024-06-25 17:04:38,955 WARN com.booking.config.JwtAuthenticationFilter [http-nio-8084-exec-6] Couldn't find bearer string, header will be ignored
2024-06-25 17:04:38,955 DEBUG org.springframework.security.access.intercept.AbstractSecurityInterceptor [http-nio-8084-exec-4] Authorization successful
2024-06-25 17:04:38,956 DEBUG org.springframework.web.servlet.handler.AbstractHandlerMapping [http-nio-8084-exec-6] Mapped to com.booking.controller.BookingController#listapprovallist(ClubSlotBooking)
2024-06-25 17:04:38,956 DEBUG org.springframework.security.access.intercept.AbstractSecurityInterceptor [http-nio-8084-exec-4] RunAsManager did not change Authentication object
2024-06-25 17:04:38,956 DEBUG org.springframework.security.web.FilterChainProxy$VirtualFilterChain [http-nio-8084-exec-4] /slot/listbookingslot reached end of additional filter chain; proceeding with original chain
2024-06-25 17:04:38,957 INFO com.booking.logger.SpringLoggingFilter [http-nio-8084-exec-6] Request: method=POST, uri=/booking/listapprovallist, payload={"userId":3}, audit=true
2024-06-25 17:04:38,957 WARN com.booking.config.JwtAuthenticationFilter [http-nio-8084-exec-4] Couldn't find bearer string, header will be ignored
2024-06-25 17:04:38,957 DEBUG org.springframework.web.servlet.handler.AbstractHandlerMapping [http-nio-8084-exec-4] Mapped to com.booking.controller.SlotController#ListSlot(ClubSlot)
2024-06-25 17:04:38,957 DEBUG org.apache.juli.logging.DirectJDKLog [http-nio-8084-exec-6] Set encoding to UTF-8
2024-06-25 17:04:38,958 INFO com.booking.logger.SpringLoggingFilter [http-nio-8084-exec-4] Request: method=POST, uri=/slot/listbookingslot, payload={}, audit=true
2024-06-25 17:04:38,958 DEBUG org.springframework.core.log.LogFormatUtils [http-nio-8084-exec-6] POST "/booking/listapprovallist", parameters={}
2024-06-25 17:04:38,958 DEBUG org.springframework.web.servlet.handler.AbstractHandlerMapping [http-nio-8084-exec-6] Mapped to com.booking.controller.BookingController#listapprovallist(ClubSlotBooking)
2024-06-25 17:04:38,958 DEBUG org.apache.juli.logging.DirectJDKLog [http-nio-8084-exec-4] Set encoding to UTF-8
2024-06-25 17:04:38,958 DEBUG org.springframework.core.log.LogFormatUtils [http-nio-8084-exec-4] POST "/slot/listbookingslot", parameters={}
2024-06-25 17:04:38,958 DEBUG org.springframework.orm.jpa.support.OpenEntityManagerInViewInterceptor [http-nio-8084-exec-6] Opening JPA EntityManager in OpenEntityManagerInViewInterceptor
2024-06-25 17:04:38,959 DEBUG org.springframework.web.servlet.handler.AbstractHandlerMapping [http-nio-8084-exec-4] Mapped to com.booking.controller.SlotController#ListSlot(ClubSlot)
2024-06-25 17:04:38,959 DEBUG org.springframework.orm.jpa.support.OpenEntityManagerInViewInterceptor [http-nio-8084-exec-4] Opening JPA EntityManager in OpenEntityManagerInViewInterceptor
2024-06-25 17:04:38,959 DEBUG org.springframework.core.log.LogFormatUtils [http-nio-8084-exec-6] Read "application/json;charset=UTF-8" to [com.booking.model.slot.ClubSlotBooking@783d4fc4]
2024-06-25 17:04:38,960 DEBUG org.springframework.core.log.LogFormatUtils [http-nio-8084-exec-4] Read "application/json;charset=UTF-8" to [com.booking.model.slot.ClubSlot@3fcae81c]
2024-06-25 17:04:38,960 DEBUG org.hibernate.query.criteria.internal.CriteriaQueryImpl [http-nio-8084-exec-6] Rendered criteria query -> select generatedAlias0 from ClubSlotBooking as generatedAlias0 where ( generatedAlias0.primaryBookingId=:param0 ) and ( generatedAlias0.bookingStatus=:param1 )
2024-06-25 17:04:38,961 DEBUG org.hibernate.query.criteria.internal.CriteriaQueryImpl [http-nio-8084-exec-4] Rendered criteria query -> select generatedAlias0 from ClubConfig as generatedAlias0 where generatedAlias0.key=:param0
2024-06-25 17:04:38,961 DEBUG org.hibernate.engine.jdbc.spi.SqlStatementLogger [http-nio-8084-exec-6] select clubslotbo0_.booking_id as booking_1_2_, clubslotbo0_.booking_status as booking_2_2_, clubslotbo0_.booking_type as booking_3_2_, clubslotbo0_.created_by as created_4_2_, clubslotbo0_.created_date as created_5_2_, clubslotbo0_.player as player6_2_, clubslotbo0_.player_count as player_c7_2_, clubslotbo0_.primary_booking_id as primary_8_2_, clubslotbo0_.secondary_booking as secondar9_2_, clubslotbo0_.slot_date as slot_da10_2_, clubslotbo0_.slot_id as slot_id11_2_, clubslotbo0_.user_id as user_id12_2_ from club_slot_booking clubslotbo0_ where clubslotbo0_.primary_booking_id=? and clubslotbo0_.booking_status=?
2024-06-25 17:04:38,963 DEBUG org.hibernate.engine.jdbc.spi.SqlStatementLogger [http-nio-8084-exec-4] select clubconfig0_.config_id as config_i1_0_, clubconfig0_.category as category2_0_, clubconfig0_.date_modified as date_mod3_0_, clubconfig0_.key as key4_0_, clubconfig0_.modified_by as modified5_0_, clubconfig0_.value as value6_0_ from club_config clubconfig0_ where clubconfig0_.key=?
2024-06-25 17:04:39,171 DEBUG org.springframework.web.servlet.mvc.method.annotation.AbstractMessageConverterMethodProcessor [http-nio-8084-exec-10] Using 'application/json', given [application/json, text/plain, */*] and supported [application/json, application/*+json, application/json, application/*+json]
2024-06-25 17:04:39,172 DEBUG org.springframework.core.log.LogFormatUtils [http-nio-8084-exec-10] Writing [[]]
2024-06-25 17:04:39,172 DEBUG org.springframework.orm.jpa.support.OpenEntityManagerInViewInterceptor [http-nio-8084-exec-10] Closing JPA EntityManager in OpenEntityManagerInViewInterceptor
2024-06-25 17:04:39,173 DEBUG org.springframework.web.servlet.FrameworkServlet [http-nio-8084-exec-10] Completed 200 OK
2024-06-25 17:04:39,174 INFO com.booking.logger.SpringLoggingFilter [http-nio-8084-exec-10] Response(244 ms): status=200, payload=[], audit=true
2024-06-25 17:04:39,176 DEBUG org.springframework.security.web.access.ExceptionTranslationFilter [http-nio-8084-exec-10] Chain processed normally
2024-06-25 17:04:39,178 DEBUG org.springframework.security.web.header.writers.HstsHeaderWriter [http-nio-8084-exec-10] Not injecting HSTS header since it did not match the requestMatcher org.springframework.security.web.header.writers.HstsHeaderWriter$SecureRequestMatcher@66e3d68f
2024-06-25 17:04:39,178 DEBUG org.springframework.security.web.context.SecurityContextPersistenceFilter [http-nio-8084-exec-10] SecurityContextHolder now cleared, as request processing completed
2024-06-25 17:04:39,179 DEBUG org.apache.juli.logging.DirectJDKLog [http-nio-8084-exec-10] Socket: [org.apache.tomcat.util.net.NioEndpoint$NioSocketWrapper@7261503d:org.apache.tomcat.util.net.NioChannel@73f9647b:java.nio.channels.SocketChannel[connected local=/[0:0:0:0:0:0:0:1]:8084 remote=/[0:0:0:0:0:0:0:1]:54719]], Read from buffer: [0]
2024-06-25 17:04:39,179 DEBUG org.apache.juli.logging.DirectJDKLog [http-nio-8084-exec-10] Socket: [org.apache.tomcat.util.net.NioEndpoint$NioSocketWrapper@7261503d:org.apache.tomcat.util.net.NioChannel@73f9647b:java.nio.channels.SocketChannel[connected local=/[0:0:0:0:0:0:0:1]:8084 remote=/[0:0:0:0:0:0:0:1]:54719]], Read direct from socket: [0]
2024-06-25 17:04:39,180 DEBUG org.apache.juli.logging.DirectJDKLog [http-nio-8084-exec-10] Socket: [org.apache.tomcat.util.net.NioEndpoint$NioSocketWrapper@7261503d:org.apache.tomcat.util.net.NioChannel@73f9647b:java.nio.channels.SocketChannel[connected local=/[0:0:0:0:0:0:0:1]:8084 remote=/[0:0:0:0:0:0:0:1]:54719]], Status in: [OPEN_READ], State out: [OPEN]
2024-06-25 17:04:39,180 DEBUG org.apache.juli.logging.DirectJDKLog [http-nio-8084-exec-10] Pushed Processor [org.apache.coyote.http11.Http11Processor@55ab5834]
2024-06-25 17:04:39,180 DEBUG org.apache.juli.logging.DirectJDKLog [http-nio-8084-exec-10] Registered read interest for [org.apache.tomcat.util.net.NioEndpoint$NioSocketWrapper@7261503d:org.apache.tomcat.util.net.NioChannel@73f9647b:java.nio.channels.SocketChannel[connected local=/[0:0:0:0:0:0:0:1]:8084 remote=/[0:0:0:0:0:0:0:1]:54719]]
2024-06-25 17:04:39,403 DEBUG org.jboss.logging.DelegatingBasicLogger [http-nio-8084-exec-7] Result set row: 0
2024-06-25 17:04:39,404 DEBUG org.hibernate.loader.Loader [http-nio-8084-exec-7] Result row: EntityKey[com.booking.model.user.ClubConfig#2]
2024-06-25 17:04:39,405 DEBUG org.hibernate.engine.internal.TwoPhaseLoad [http-nio-8084-exec-7] Resolving attributes for [com.booking.model.user.ClubConfig#2]
2024-06-25 17:04:39,405 DEBUG org.hibernate.engine.internal.TwoPhaseLoad [http-nio-8084-exec-7] Processing attribute `category` : value = null
2024-06-25 17:04:39,406 DEBUG org.hibernate.engine.internal.TwoPhaseLoad [http-nio-8084-exec-7] Attribute (`category`)  - enhanced for lazy-loading? - false
2024-06-25 17:04:39,406 DEBUG org.hibernate.engine.internal.TwoPhaseLoad [http-nio-8084-exec-7] Processing attribute `dateModified` : value = null
2024-06-25 17:04:39,406 DEBUG org.hibernate.engine.internal.TwoPhaseLoad [http-nio-8084-exec-7] Attribute (`dateModified`)  - enhanced for lazy-loading? - false
2024-06-25 17:04:39,406 DEBUG org.hibernate.engine.internal.TwoPhaseLoad [http-nio-8084-exec-7] Processing attribute `key` : value = starttime
2024-06-25 17:04:39,407 DEBUG org.hibernate.engine.internal.TwoPhaseLoad [http-nio-8084-exec-7] Attribute (`key`)  - enhanced for lazy-loading? - false
2024-06-25 17:04:39,407 DEBUG org.hibernate.engine.internal.TwoPhaseLoad [http-nio-8084-exec-7] Processing attribute `modifiedBy` : value = Admin
2024-06-25 17:04:39,408 DEBUG org.hibernate.engine.internal.TwoPhaseLoad [http-nio-8084-exec-7] Attribute (`modifiedBy`)  - enhanced for lazy-loading? - false
2024-06-25 17:04:39,409 DEBUG org.hibernate.engine.internal.TwoPhaseLoad [http-nio-8084-exec-7] Processing attribute `value` : value = 14:38:00
2024-06-25 17:04:39,410 DEBUG org.hibernate.engine.internal.TwoPhaseLoad [http-nio-8084-exec-7] Attribute (`value`)  - enhanced for lazy-loading? - false
2024-06-25 17:04:39,411 DEBUG org.hibernate.engine.internal.TwoPhaseLoad [http-nio-8084-exec-7] Done materializing entity [com.booking.model.user.ClubConfig#2]
2024-06-25 17:04:39,412 DEBUG org.hibernate.query.criteria.internal.CriteriaQueryImpl [http-nio-8084-exec-7] Rendered criteria query -> select generatedAlias0 from ClubConfig as generatedAlias0 where generatedAlias0.key=:param0
2024-06-25 17:04:39,413 DEBUG org.hibernate.engine.jdbc.spi.SqlStatementLogger [http-nio-8084-exec-7] select clubconfig0_.config_id as config_i1_0_, clubconfig0_.category as category2_0_, clubconfig0_.date_modified as date_mod3_0_, clubconfig0_.key as key4_0_, clubconfig0_.modified_by as modified5_0_, clubconfig0_.value as value6_0_ from club_config clubconfig0_ where clubconfig0_.key=?
2024-06-25 17:04:39,459 DEBUG org.jboss.logging.DelegatingBasicLogger [http-nio-8084-exec-4] Result set row: 0
2024-06-25 17:04:39,461 DEBUG org.hibernate.loader.Loader [http-nio-8084-exec-4] Result row: EntityKey[com.booking.model.user.ClubConfig#2]
2024-06-25 17:04:39,461 DEBUG org.hibernate.engine.internal.TwoPhaseLoad [http-nio-8084-exec-4] Resolving attributes for [com.booking.model.user.ClubConfig#2]
2024-06-25 17:04:39,462 DEBUG org.hibernate.engine.internal.TwoPhaseLoad [http-nio-8084-exec-4] Processing attribute `category` : value = null
2024-06-25 17:04:39,462 DEBUG org.hibernate.engine.internal.TwoPhaseLoad [http-nio-8084-exec-4] Attribute (`category`)  - enhanced for lazy-loading? - false
2024-06-25 17:04:39,462 DEBUG org.hibernate.engine.internal.TwoPhaseLoad [http-nio-8084-exec-4] Processing attribute `dateModified` : value = null
2024-06-25 17:04:39,463 DEBUG org.hibernate.engine.internal.TwoPhaseLoad [http-nio-8084-exec-4] Attribute (`dateModified`)  - enhanced for lazy-loading? - false
2024-06-25 17:04:39,463 DEBUG org.hibernate.engine.internal.TwoPhaseLoad [http-nio-8084-exec-4] Processing attribute `key` : value = starttime
2024-06-25 17:04:39,463 DEBUG org.hibernate.engine.internal.TwoPhaseLoad [http-nio-8084-exec-4] Attribute (`key`)  - enhanced for lazy-loading? - false
2024-06-25 17:04:39,464 DEBUG org.hibernate.engine.internal.TwoPhaseLoad [http-nio-8084-exec-4] Processing attribute `modifiedBy` : value = Admin
2024-06-25 17:04:39,464 DEBUG org.hibernate.engine.internal.TwoPhaseLoad [http-nio-8084-exec-4] Attribute (`modifiedBy`)  - enhanced for lazy-loading? - false
2024-06-25 17:04:39,464 DEBUG org.hibernate.engine.internal.TwoPhaseLoad [http-nio-8084-exec-4] Processing attribute `value` : value = 14:38:00
2024-06-25 17:04:39,465 DEBUG org.hibernate.engine.internal.TwoPhaseLoad [http-nio-8084-exec-4] Attribute (`value`)  - enhanced for lazy-loading? - false
2024-06-25 17:04:39,465 DEBUG org.hibernate.engine.internal.TwoPhaseLoad [http-nio-8084-exec-4] Done materializing entity [com.booking.model.user.ClubConfig#2]
2024-06-25 17:04:39,466 DEBUG org.hibernate.query.criteria.internal.CriteriaQueryImpl [http-nio-8084-exec-4] Rendered criteria query -> select generatedAlias0 from ClubConfig as generatedAlias0 where generatedAlias0.key=:param0
2024-06-25 17:04:39,467 DEBUG org.springframework.web.servlet.mvc.method.annotation.AbstractMessageConverterMethodProcessor [http-nio-8084-exec-6] Using 'application/json', given [application/json, text/plain, */*] and supported [application/json, application/*+json, application/json, application/*+json]
2024-06-25 17:04:39,467 DEBUG org.hibernate.engine.jdbc.spi.SqlStatementLogger [http-nio-8084-exec-4] select clubconfig0_.config_id as config_i1_0_, clubconfig0_.category as category2_0_, clubconfig0_.date_modified as date_mod3_0_, clubconfig0_.key as key4_0_, clubconfig0_.modified_by as modified5_0_, clubconfig0_.value as value6_0_ from club_config clubconfig0_ where clubconfig0_.key=?
2024-06-25 17:04:39,467 DEBUG org.springframework.core.log.LogFormatUtils [http-nio-8084-exec-6] Writing [[]]
2024-06-25 17:04:39,468 DEBUG org.springframework.orm.jpa.support.OpenEntityManagerInViewInterceptor [http-nio-8084-exec-6] Closing JPA EntityManager in OpenEntityManagerInViewInterceptor
2024-06-25 17:04:39,469 DEBUG org.springframework.web.servlet.FrameworkServlet [http-nio-8084-exec-6] Completed 200 OK
2024-06-25 17:04:39,469 INFO com.booking.logger.SpringLoggingFilter [http-nio-8084-exec-6] Response(513 ms): status=200, payload=[], audit=true
2024-06-25 17:04:39,469 DEBUG org.springframework.security.web.access.ExceptionTranslationFilter [http-nio-8084-exec-6] Chain processed normally
2024-06-25 17:04:39,470 DEBUG org.springframework.security.web.header.writers.HstsHeaderWriter [http-nio-8084-exec-6] Not injecting HSTS header since it did not match the requestMatcher org.springframework.security.web.header.writers.HstsHeaderWriter$SecureRequestMatcher@66e3d68f
2024-06-25 17:04:39,470 DEBUG org.springframework.security.web.context.SecurityContextPersistenceFilter [http-nio-8084-exec-6] SecurityContextHolder now cleared, as request processing completed
2024-06-25 17:04:39,471 DEBUG org.apache.juli.logging.DirectJDKLog [http-nio-8084-exec-6] Socket: [org.apache.tomcat.util.net.NioEndpoint$NioSocketWrapper@30ebd758:org.apache.tomcat.util.net.NioChannel@73692857:java.nio.channels.SocketChannel[connected local=/[0:0:0:0:0:0:0:1]:8084 remote=/[0:0:0:0:0:0:0:1]:52739]], Read from buffer: [0]
2024-06-25 17:04:39,472 DEBUG org.apache.juli.logging.DirectJDKLog [http-nio-8084-exec-6] Socket: [org.apache.tomcat.util.net.NioEndpoint$NioSocketWrapper@30ebd758:org.apache.tomcat.util.net.NioChannel@73692857:java.nio.channels.SocketChannel[connected local=/[0:0:0:0:0:0:0:1]:8084 remote=/[0:0:0:0:0:0:0:1]:52739]], Read direct from socket: [0]
2024-06-25 17:04:39,472 DEBUG org.apache.juli.logging.DirectJDKLog [http-nio-8084-exec-6] Socket: [org.apache.tomcat.util.net.NioEndpoint$NioSocketWrapper@30ebd758:org.apache.tomcat.util.net.NioChannel@73692857:java.nio.channels.SocketChannel[connected local=/[0:0:0:0:0:0:0:1]:8084 remote=/[0:0:0:0:0:0:0:1]:52739]], Status in: [OPEN_READ], State out: [OPEN]
2024-06-25 17:04:39,472 DEBUG org.apache.juli.logging.DirectJDKLog [http-nio-8084-exec-6] Pushed Processor [org.apache.coyote.http11.Http11Processor@70b1006b]
2024-06-25 17:04:39,473 DEBUG org.apache.juli.logging.DirectJDKLog [http-nio-8084-exec-6] Registered read interest for [org.apache.tomcat.util.net.NioEndpoint$NioSocketWrapper@30ebd758:org.apache.tomcat.util.net.NioChannel@73692857:java.nio.channels.SocketChannel[connected local=/[0:0:0:0:0:0:0:1]:8084 remote=/[0:0:0:0:0:0:0:1]:52739]]
2024-06-25 17:04:39,638 DEBUG org.jboss.logging.DelegatingBasicLogger [http-nio-8084-exec-7] Result set row: 0
2024-06-25 17:04:39,639 DEBUG org.hibernate.loader.Loader [http-nio-8084-exec-7] Result row: EntityKey[com.booking.model.user.ClubConfig#1]
2024-06-25 17:04:39,639 DEBUG org.hibernate.engine.internal.TwoPhaseLoad [http-nio-8084-exec-7] Resolving attributes for [com.booking.model.user.ClubConfig#1]
2024-06-25 17:04:39,640 DEBUG org.hibernate.engine.internal.TwoPhaseLoad [http-nio-8084-exec-7] Processing attribute `category` : value = null
2024-06-25 17:04:39,640 DEBUG org.hibernate.engine.internal.TwoPhaseLoad [http-nio-8084-exec-7] Attribute (`category`)  - enhanced for lazy-loading? - false
2024-06-25 17:04:39,640 DEBUG org.hibernate.engine.internal.TwoPhaseLoad [http-nio-8084-exec-7] Processing attribute `dateModified` : value = null
2024-06-25 17:04:39,641 DEBUG org.hibernate.engine.internal.TwoPhaseLoad [http-nio-8084-exec-7] Attribute (`dateModified`)  - enhanced for lazy-loading? - false
2024-06-25 17:04:39,641 DEBUG org.hibernate.engine.internal.TwoPhaseLoad [http-nio-8084-exec-7] Processing attribute `key` : value = duration
2024-06-25 17:04:39,641 DEBUG org.hibernate.engine.internal.TwoPhaseLoad [http-nio-8084-exec-7] Attribute (`key`)  - enhanced for lazy-loading? - false
2024-06-25 17:04:39,641 DEBUG org.hibernate.engine.internal.TwoPhaseLoad [http-nio-8084-exec-7] Processing attribute `modifiedBy` : value = Admin
2024-06-25 17:04:39,642 DEBUG org.hibernate.engine.internal.TwoPhaseLoad [http-nio-8084-exec-7] Attribute (`modifiedBy`)  - enhanced for lazy-loading? - false
2024-06-25 17:04:39,643 DEBUG org.hibernate.engine.internal.TwoPhaseLoad [http-nio-8084-exec-7] Processing attribute `value` : value = 4
2024-06-25 17:04:39,644 DEBUG org.hibernate.engine.internal.TwoPhaseLoad [http-nio-8084-exec-7] Attribute (`value`)  - enhanced for lazy-loading? - false
2024-06-25 17:04:39,645 DEBUG org.hibernate.engine.internal.TwoPhaseLoad [http-nio-8084-exec-7] Done materializing entity [com.booking.model.user.ClubConfig#1]
2024-06-25 17:04:39,647 DEBUG org.hibernate.query.criteria.internal.CriteriaQueryImpl [http-nio-8084-exec-7] Rendered criteria query -> select generatedAlias0 from ClubSlot as generatedAlias0 where ( ( generatedAlias0.slotStartTimeStamp>:param0 ) and ( generatedAlias0.slotAvailable=:param1 ) ) and ( generatedAlias0.slotStatus<>:param2 ) order by generatedAlias0.slotStartTimeStamp asc
2024-06-25 17:04:39,648 DEBUG org.hibernate.engine.jdbc.spi.SqlStatementLogger [http-nio-8084-exec-7] select clubslot0_.slot_id as slot_id1_1_, clubslot0_.club_name as club_nam2_1_, clubslot0_.created_by as created_3_1_, clubslot0_.created_date as created_4_1_, clubslot0_.player_count as player_c5_1_, clubslot0_.primary_booking_id as primary_6_1_, clubslot0_.secondary_booking as secondar7_1_, clubslot0_.slot_available as slot_ava8_1_, clubslot0_.slot_date as slot_dat9_1_, clubslot0_.slot_end_timestmp as slot_en10_1_, clubslot0_.slot_start_timestmp as slot_st11_1_, clubslot0_.slot_status as slot_st12_1_, clubslot0_.tee_time as tee_tim13_1_ from club_slot clubslot0_ where clubslot0_.slot_start_timestmp>? and clubslot0_.slot_available=? and clubslot0_.slot_status<>? order by clubslot0_.slot_start_timestmp asc
2024-06-25 17:04:39,700 DEBUG org.jboss.logging.DelegatingBasicLogger [http-nio-8084-exec-4] Result set row: 0
2024-06-25 17:04:39,701 DEBUG org.hibernate.loader.Loader [http-nio-8084-exec-4] Result row: EntityKey[com.booking.model.user.ClubConfig#1]
2024-06-25 17:04:39,702 DEBUG org.hibernate.engine.internal.TwoPhaseLoad [http-nio-8084-exec-4] Resolving attributes for [com.booking.model.user.ClubConfig#1]
2024-06-25 17:04:39,702 DEBUG org.hibernate.engine.internal.TwoPhaseLoad [http-nio-8084-exec-4] Processing attribute `category` : value = null
2024-06-25 17:04:39,702 DEBUG org.hibernate.engine.internal.TwoPhaseLoad [http-nio-8084-exec-4] Attribute (`category`)  - enhanced for lazy-loading? - false
2024-06-25 17:04:39,703 DEBUG org.hibernate.engine.internal.TwoPhaseLoad [http-nio-8084-exec-4] Processing attribute `dateModified` : value = null
2024-06-25 17:04:39,703 DEBUG org.hibernate.engine.internal.TwoPhaseLoad [http-nio-8084-exec-4] Attribute (`dateModified`)  - enhanced for lazy-loading? - false
2024-06-25 17:04:39,704 DEBUG org.hibernate.engine.internal.TwoPhaseLoad [http-nio-8084-exec-4] Processing attribute `key` : value = duration
2024-06-25 17:04:39,704 DEBUG org.hibernate.engine.internal.TwoPhaseLoad [http-nio-8084-exec-4] Attribute (`key`)  - enhanced for lazy-loading? - false
2024-06-25 17:04:39,704 DEBUG org.hibernate.engine.internal.TwoPhaseLoad [http-nio-8084-exec-4] Processing attribute `modifiedBy` : value = Admin
2024-06-25 17:04:39,705 DEBUG org.hibernate.engine.internal.TwoPhaseLoad [http-nio-8084-exec-4] Attribute (`modifiedBy`)  - enhanced for lazy-loading? - false
2024-06-25 17:04:39,705 DEBUG org.hibernate.engine.internal.TwoPhaseLoad [http-nio-8084-exec-4] Processing attribute `value` : value = 4
2024-06-25 17:04:39,705 DEBUG org.hibernate.engine.internal.TwoPhaseLoad [http-nio-8084-exec-4] Attribute (`value`)  - enhanced for lazy-loading? - false
2024-06-25 17:04:39,706 DEBUG org.hibernate.engine.internal.TwoPhaseLoad [http-nio-8084-exec-4] Done materializing entity [com.booking.model.user.ClubConfig#1]
2024-06-25 17:04:39,707 DEBUG org.hibernate.query.criteria.internal.CriteriaQueryImpl [http-nio-8084-exec-4] Rendered criteria query -> select generatedAlias0 from ClubSlot as generatedAlias0 where ( ( generatedAlias0.slotStartTimeStamp>:param0 ) and ( generatedAlias0.slotAvailable=:param1 ) ) and ( generatedAlias0.slotStatus<>:param2 ) order by generatedAlias0.slotStartTimeStamp asc
2024-06-25 17:04:39,708 DEBUG org.hibernate.engine.jdbc.spi.SqlStatementLogger [http-nio-8084-exec-4] select clubslot0_.slot_id as slot_id1_1_, clubslot0_.club_name as club_nam2_1_, clubslot0_.created_by as created_3_1_, clubslot0_.created_date as created_4_1_, clubslot0_.player_count as player_c5_1_, clubslot0_.primary_booking_id as primary_6_1_, clubslot0_.secondary_booking as secondar7_1_, clubslot0_.slot_available as slot_ava8_1_, clubslot0_.slot_date as slot_dat9_1_, clubslot0_.slot_end_timestmp as slot_en10_1_, clubslot0_.slot_start_timestmp as slot_st11_1_, clubslot0_.slot_status as slot_st12_1_, clubslot0_.tee_time as tee_tim13_1_ from club_slot clubslot0_ where clubslot0_.slot_start_timestmp>? and clubslot0_.slot_available=? and clubslot0_.slot_status<>? order by clubslot0_.slot_start_timestmp asc
2024-06-25 17:04:39,873 DEBUG org.jboss.logging.DelegatingBasicLogger [http-nio-8084-exec-7] Result set row: 0
2024-06-25 17:04:39,873 DEBUG org.hibernate.loader.Loader [http-nio-8084-exec-7] Result row: EntityKey[com.booking.model.slot.ClubSlot#455]
2024-06-25 17:04:39,874 DEBUG org.jboss.logging.DelegatingBasicLogger [http-nio-8084-exec-7] Result set row: 1
2024-06-25 17:04:39,875 DEBUG org.hibernate.loader.Loader [http-nio-8084-exec-7] Result row: EntityKey[com.booking.model.slot.ClubSlot#456]
2024-06-25 17:04:39,875 DEBUG org.jboss.logging.DelegatingBasicLogger [http-nio-8084-exec-7] Result set row: 2
2024-06-25 17:04:39,875 DEBUG org.hibernate.loader.Loader [http-nio-8084-exec-7] Result row: EntityKey[com.booking.model.slot.ClubSlot#457]
2024-06-25 17:04:39,876 DEBUG org.jboss.logging.DelegatingBasicLogger [http-nio-8084-exec-7] Result set row: 3
2024-06-25 17:04:39,877 DEBUG org.hibernate.loader.Loader [http-nio-8084-exec-7] Result row: EntityKey[com.booking.model.slot.ClubSlot#458]
2024-06-25 17:04:39,878 DEBUG org.jboss.logging.DelegatingBasicLogger [http-nio-8084-exec-7] Result set row: 4
2024-06-25 17:04:39,879 DEBUG org.hibernate.loader.Loader [http-nio-8084-exec-7] Result row: EntityKey[com.booking.model.slot.ClubSlot#459]
2024-06-25 17:04:39,880 DEBUG org.jboss.logging.DelegatingBasicLogger [http-nio-8084-exec-7] Result set row: 5
2024-06-25 17:04:39,881 DEBUG org.hibernate.loader.Loader [http-nio-8084-exec-7] Result row: EntityKey[com.booking.model.slot.ClubSlot#460]
2024-06-25 17:04:39,882 DEBUG org.hibernate.engine.internal.TwoPhaseLoad [http-nio-8084-exec-7] Resolving attributes for [com.booking.model.slot.ClubSlot#455]
2024-06-25 17:04:39,882 DEBUG org.hibernate.engine.internal.TwoPhaseLoad [http-nio-8084-exec-7] Processing attribute `clubName` : value = Bhubaneswar Golf Club!
2024-06-25 17:04:39,883 DEBUG org.hibernate.engine.internal.TwoPhaseLoad [http-nio-8084-exec-7] Attribute (`clubName`)  - enhanced for lazy-loading? - false
2024-06-25 17:04:39,883 DEBUG org.hibernate.engine.internal.TwoPhaseLoad [http-nio-8084-exec-7] Processing attribute `createdBy` : value = Admin
2024-06-25 17:04:39,884 DEBUG org.hibernate.engine.internal.TwoPhaseLoad [http-nio-8084-exec-7] Attribute (`createdBy`)  - enhanced for lazy-loading? - false
2024-06-25 17:04:39,884 DEBUG org.hibernate.engine.internal.TwoPhaseLoad [http-nio-8084-exec-7] Processing attribute `createdDate` : value = 2024-06-25 17:01:31.641
2024-06-25 17:04:39,885 DEBUG org.hibernate.engine.internal.TwoPhaseLoad [http-nio-8084-exec-7] Attribute (`createdDate`)  - enhanced for lazy-loading? - false
2024-06-25 17:04:39,885 DEBUG org.hibernate.engine.internal.TwoPhaseLoad [http-nio-8084-exec-7] Processing attribute `playerCount` : value = 3
2024-06-25 17:04:39,885 DEBUG org.hibernate.engine.internal.TwoPhaseLoad [http-nio-8084-exec-7] Attribute (`playerCount`)  - enhanced for lazy-loading? - false
2024-06-25 17:04:39,886 DEBUG org.hibernate.engine.internal.TwoPhaseLoad [http-nio-8084-exec-7] Processing attribute `primaryBookingId` : value = 0
2024-06-25 17:04:39,886 DEBUG org.hibernate.engine.internal.TwoPhaseLoad [http-nio-8084-exec-7] Attribute (`primaryBookingId`)  - enhanced for lazy-loading? - false
2024-06-25 17:04:39,886 DEBUG org.hibernate.engine.internal.TwoPhaseLoad [http-nio-8084-exec-7] Processing attribute `secondaryBooking` : value = Y
2024-06-25 17:04:39,887 DEBUG org.hibernate.engine.internal.TwoPhaseLoad [http-nio-8084-exec-7] Attribute (`secondaryBooking`)  - enhanced for lazy-loading? - false
2024-06-25 17:04:39,887 DEBUG org.hibernate.engine.internal.TwoPhaseLoad [http-nio-8084-exec-7] Processing attribute `slotAvailable` : value = Y
2024-06-25 17:04:39,888 DEBUG org.hibernate.engine.internal.TwoPhaseLoad [http-nio-8084-exec-7] Attribute (`slotAvailable`)  - enhanced for lazy-loading? - false
2024-06-25 17:04:39,888 DEBUG org.hibernate.engine.internal.TwoPhaseLoad [http-nio-8084-exec-7] Processing attribute `slotDate` : value = 2024-06-25
2024-06-25 17:04:39,888 DEBUG org.hibernate.engine.internal.TwoPhaseLoad [http-nio-8084-exec-7] Attribute (`slotDate`)  - enhanced for lazy-loading? - false
2024-06-25 17:04:39,889 DEBUG org.hibernate.engine.internal.TwoPhaseLoad [http-nio-8084-exec-7] Processing attribute `slotEndTimeStamp` : value = 2024-06-25 18:41:00.345
2024-06-25 17:04:39,889 DEBUG org.hibernate.engine.internal.TwoPhaseLoad [http-nio-8084-exec-7] Attribute (`slotEndTimeStamp`)  - enhanced for lazy-loading? - false
2024-06-25 17:04:39,889 DEBUG org.hibernate.engine.internal.TwoPhaseLoad [http-nio-8084-exec-7] Processing attribute `slotStartTimeStamp` : value = 2024-06-25 18:21:00.345
2024-06-25 17:04:39,890 DEBUG org.hibernate.engine.internal.TwoPhaseLoad [http-nio-8084-exec-7] Attribute (`slotStartTimeStamp`)  - enhanced for lazy-loading? - false
2024-06-25 17:04:39,890 DEBUG org.hibernate.engine.internal.TwoPhaseLoad [http-nio-8084-exec-7] Processing attribute `slotStatus` : value = Created
2024-06-25 17:04:39,890 DEBUG org.hibernate.engine.internal.TwoPhaseLoad [http-nio-8084-exec-7] Attribute (`slotStatus`)  - enhanced for lazy-loading? - false
2024-06-25 17:04:39,891 DEBUG org.hibernate.engine.internal.TwoPhaseLoad [http-nio-8084-exec-7] Processing attribute `teeTime` : value = T1
2024-06-25 17:04:39,891 DEBUG org.hibernate.engine.internal.TwoPhaseLoad [http-nio-8084-exec-7] Attribute (`teeTime`)  - enhanced for lazy-loading? - false
2024-06-25 17:04:39,892 DEBUG org.hibernate.engine.internal.TwoPhaseLoad [http-nio-8084-exec-7] Done materializing entity [com.booking.model.slot.ClubSlot#455]
2024-06-25 17:04:39,892 DEBUG org.hibernate.engine.internal.TwoPhaseLoad [http-nio-8084-exec-7] Resolving attributes for [com.booking.model.slot.ClubSlot#456]
2024-06-25 17:04:39,892 DEBUG org.hibernate.engine.internal.TwoPhaseLoad [http-nio-8084-exec-7] Processing attribute `clubName` : value = Bhubaneswar Golf Club!
2024-06-25 17:04:39,893 DEBUG org.hibernate.engine.internal.TwoPhaseLoad [http-nio-8084-exec-7] Attribute (`clubName`)  - enhanced for lazy-loading? - false
2024-06-25 17:04:39,893 DEBUG org.hibernate.engine.internal.TwoPhaseLoad [http-nio-8084-exec-7] Processing attribute `createdBy` : value = Admin
2024-06-25 17:04:39,893 DEBUG org.hibernate.engine.internal.TwoPhaseLoad [http-nio-8084-exec-7] Attribute (`createdBy`)  - enhanced for lazy-loading? - false
2024-06-25 17:04:39,894 DEBUG org.hibernate.engine.internal.TwoPhaseLoad [http-nio-8084-exec-7] Processing attribute `createdDate` : value = 2024-06-25 17:01:31.641
2024-06-25 17:04:39,895 DEBUG org.hibernate.engine.internal.TwoPhaseLoad [http-nio-8084-exec-7] Attribute (`createdDate`)  - enhanced for lazy-loading? - false
2024-06-25 17:04:39,896 DEBUG org.hibernate.engine.internal.TwoPhaseLoad [http-nio-8084-exec-7] Processing attribute `playerCount` : value = 3
2024-06-25 17:04:39,898 DEBUG org.hibernate.engine.internal.TwoPhaseLoad [http-nio-8084-exec-7] Attribute (`playerCount`)  - enhanced for lazy-loading? - false
2024-06-25 17:04:39,899 DEBUG org.hibernate.engine.internal.TwoPhaseLoad [http-nio-8084-exec-7] Processing attribute `primaryBookingId` : value = 0
2024-06-25 17:04:39,899 DEBUG org.hibernate.engine.internal.TwoPhaseLoad [http-nio-8084-exec-7] Attribute (`primaryBookingId`)  - enhanced for lazy-loading? - false
2024-06-25 17:04:39,900 DEBUG org.hibernate.engine.internal.TwoPhaseLoad [http-nio-8084-exec-7] Processing attribute `secondaryBooking` : value = Y
2024-06-25 17:04:39,900 DEBUG org.hibernate.engine.internal.TwoPhaseLoad [http-nio-8084-exec-7] Attribute (`secondaryBooking`)  - enhanced for lazy-loading? - false
2024-06-25 17:04:39,900 DEBUG org.hibernate.engine.internal.TwoPhaseLoad [http-nio-8084-exec-7] Processing attribute `slotAvailable` : value = Y
2024-06-25 17:04:39,901 DEBUG org.hibernate.engine.internal.TwoPhaseLoad [http-nio-8084-exec-7] Attribute (`slotAvailable`)  - enhanced for lazy-loading? - false
2024-06-25 17:04:39,901 DEBUG org.hibernate.engine.internal.TwoPhaseLoad [http-nio-8084-exec-7] Processing attribute `slotDate` : value = 2024-06-25
2024-06-25 17:04:39,901 DEBUG org.hibernate.engine.internal.TwoPhaseLoad [http-nio-8084-exec-7] Attribute (`slotDate`)  - enhanced for lazy-loading? - false
2024-06-25 17:04:39,902 DEBUG org.hibernate.engine.internal.TwoPhaseLoad [http-nio-8084-exec-7] Processing attribute `slotEndTimeStamp` : value = 2024-06-25 19:01:00.345
2024-06-25 17:04:39,902 DEBUG org.hibernate.engine.internal.TwoPhaseLoad [http-nio-8084-exec-7] Attribute (`slotEndTimeStamp`)  - enhanced for lazy-loading? - false
2024-06-25 17:04:39,903 DEBUG org.hibernate.engine.internal.TwoPhaseLoad [http-nio-8084-exec-7] Processing attribute `slotStartTimeStamp` : value = 2024-06-25 18:41:00.345
2024-06-25 17:04:39,903 DEBUG org.hibernate.engine.internal.TwoPhaseLoad [http-nio-8084-exec-7] Attribute (`slotStartTimeStamp`)  - enhanced for lazy-loading? - false
2024-06-25 17:04:39,904 DEBUG org.hibernate.engine.internal.TwoPhaseLoad [http-nio-8084-exec-7] Processing attribute `slotStatus` : value = Created
2024-06-25 17:04:39,904 DEBUG org.hibernate.engine.internal.TwoPhaseLoad [http-nio-8084-exec-7] Attribute (`slotStatus`)  - enhanced for lazy-loading? - false
2024-06-25 17:04:39,904 DEBUG org.hibernate.engine.internal.TwoPhaseLoad [http-nio-8084-exec-7] Processing attribute `teeTime` : value = T1
2024-06-25 17:04:39,905 DEBUG org.hibernate.engine.internal.TwoPhaseLoad [http-nio-8084-exec-7] Attribute (`teeTime`)  - enhanced for lazy-loading? - false
2024-06-25 17:04:39,905 DEBUG org.hibernate.engine.internal.TwoPhaseLoad [http-nio-8084-exec-7] Done materializing entity [com.booking.model.slot.ClubSlot#456]
2024-06-25 17:04:39,906 DEBUG org.hibernate.engine.internal.TwoPhaseLoad [http-nio-8084-exec-7] Resolving attributes for [com.booking.model.slot.ClubSlot#457]
2024-06-25 17:04:39,906 DEBUG org.hibernate.engine.internal.TwoPhaseLoad [http-nio-8084-exec-7] Processing attribute `clubName` : value = Bhubaneswar Golf Club!
2024-06-25 17:04:39,907 DEBUG org.hibernate.engine.internal.TwoPhaseLoad [http-nio-8084-exec-7] Attribute (`clubName`)  - enhanced for lazy-loading? - false
2024-06-25 17:04:39,907 DEBUG org.hibernate.engine.internal.TwoPhaseLoad [http-nio-8084-exec-7] Processing attribute `createdBy` : value = Admin
2024-06-25 17:04:39,907 DEBUG org.hibernate.engine.internal.TwoPhaseLoad [http-nio-8084-exec-7] Attribute (`createdBy`)  - enhanced for lazy-loading? - false
2024-06-25 17:04:39,908 DEBUG org.hibernate.engine.internal.TwoPhaseLoad [http-nio-8084-exec-7] Processing attribute `createdDate` : value = 2024-06-25 17:01:31.641
2024-06-25 17:04:39,908 DEBUG org.hibernate.engine.internal.TwoPhaseLoad [http-nio-8084-exec-7] Attribute (`createdDate`)  - enhanced for lazy-loading? - false
2024-06-25 17:04:39,908 DEBUG org.hibernate.engine.internal.TwoPhaseLoad [http-nio-8084-exec-7] Processing attribute `playerCount` : value = 3
2024-06-25 17:04:39,909 DEBUG org.hibernate.engine.internal.TwoPhaseLoad [http-nio-8084-exec-7] Attribute (`playerCount`)  - enhanced for lazy-loading? - false
2024-06-25 17:04:39,909 DEBUG org.hibernate.engine.internal.TwoPhaseLoad [http-nio-8084-exec-7] Processing attribute `primaryBookingId` : value = 0
2024-06-25 17:04:39,909 DEBUG org.hibernate.engine.internal.TwoPhaseLoad [http-nio-8084-exec-7] Attribute (`primaryBookingId`)  - enhanced for lazy-loading? - false
2024-06-25 17:04:39,910 DEBUG org.hibernate.engine.internal.TwoPhaseLoad [http-nio-8084-exec-7] Processing attribute `secondaryBooking` : value = Y
2024-06-25 17:04:39,910 DEBUG org.hibernate.engine.internal.TwoPhaseLoad [http-nio-8084-exec-7] Attribute (`secondaryBooking`)  - enhanced for lazy-loading? - false
2024-06-25 17:04:39,911 DEBUG org.hibernate.engine.internal.TwoPhaseLoad [http-nio-8084-exec-7] Processing attribute `slotAvailable` : value = Y
2024-06-25 17:04:39,913 DEBUG org.hibernate.engine.internal.TwoPhaseLoad [http-nio-8084-exec-7] Attribute (`slotAvailable`)  - enhanced for lazy-loading? - false
2024-06-25 17:04:39,914 DEBUG org.hibernate.engine.internal.TwoPhaseLoad [http-nio-8084-exec-7] Processing attribute `slotDate` : value = 2024-06-25
2024-06-25 17:04:39,915 DEBUG org.hibernate.engine.internal.TwoPhaseLoad [http-nio-8084-exec-7] Attribute (`slotDate`)  - enhanced for lazy-loading? - false
2024-06-25 17:04:39,915 DEBUG org.hibernate.engine.internal.TwoPhaseLoad [http-nio-8084-exec-7] Processing attribute `slotEndTimeStamp` : value = 2024-06-25 19:21:00.345
2024-06-25 17:04:39,916 DEBUG org.hibernate.engine.internal.TwoPhaseLoad [http-nio-8084-exec-7] Attribute (`slotEndTimeStamp`)  - enhanced for lazy-loading? - false
2024-06-25 17:04:39,916 DEBUG org.hibernate.engine.internal.TwoPhaseLoad [http-nio-8084-exec-7] Processing attribute `slotStartTimeStamp` : value = 2024-06-25 19:01:00.345
2024-06-25 17:04:39,916 DEBUG org.hibernate.engine.internal.TwoPhaseLoad [http-nio-8084-exec-7] Attribute (`slotStartTimeStamp`)  - enhanced for lazy-loading? - false
2024-06-25 17:04:39,917 DEBUG org.hibernate.engine.internal.TwoPhaseLoad [http-nio-8084-exec-7] Processing attribute `slotStatus` : value = Created
2024-06-25 17:04:39,917 DEBUG org.hibernate.engine.internal.TwoPhaseLoad [http-nio-8084-exec-7] Attribute (`slotStatus`)  - enhanced for lazy-loading? - false
2024-06-25 17:04:39,918 DEBUG org.hibernate.engine.internal.TwoPhaseLoad [http-nio-8084-exec-7] Processing attribute `teeTime` : value = T1
2024-06-25 17:04:39,918 DEBUG org.hibernate.engine.internal.TwoPhaseLoad [http-nio-8084-exec-7] Attribute (`teeTime`)  - enhanced for lazy-loading? - false
2024-06-25 17:04:39,919 DEBUG org.hibernate.engine.internal.TwoPhaseLoad [http-nio-8084-exec-7] Done materializing entity [com.booking.model.slot.ClubSlot#457]
2024-06-25 17:04:39,919 DEBUG org.hibernate.engine.internal.TwoPhaseLoad [http-nio-8084-exec-7] Resolving attributes for [com.booking.model.slot.ClubSlot#458]
2024-06-25 17:04:39,920 DEBUG org.hibernate.engine.internal.TwoPhaseLoad [http-nio-8084-exec-7] Processing attribute `clubName` : value = Bhubaneswar Golf Club!
2024-06-25 17:04:39,920 DEBUG org.hibernate.engine.internal.TwoPhaseLoad [http-nio-8084-exec-7] Attribute (`clubName`)  - enhanced for lazy-loading? - false
2024-06-25 17:04:39,921 DEBUG org.hibernate.engine.internal.TwoPhaseLoad [http-nio-8084-exec-7] Processing attribute `createdBy` : value = Admin
2024-06-25 17:04:39,921 DEBUG org.hibernate.engine.internal.TwoPhaseLoad [http-nio-8084-exec-7] Attribute (`createdBy`)  - enhanced for lazy-loading? - false
2024-06-25 17:04:39,922 DEBUG org.hibernate.engine.internal.TwoPhaseLoad [http-nio-8084-exec-7] Processing attribute `createdDate` : value = 2024-06-25 17:01:31.641
2024-06-25 17:04:39,923 DEBUG org.hibernate.engine.internal.TwoPhaseLoad [http-nio-8084-exec-7] Attribute (`createdDate`)  - enhanced for lazy-loading? - false
2024-06-25 17:04:39,923 DEBUG org.hibernate.engine.internal.TwoPhaseLoad [http-nio-8084-exec-7] Processing attribute `playerCount` : value = 3
2024-06-25 17:04:39,923 DEBUG org.hibernate.engine.internal.TwoPhaseLoad [http-nio-8084-exec-7] Attribute (`playerCount`)  - enhanced for lazy-loading? - false
2024-06-25 17:04:39,924 DEBUG org.hibernate.engine.internal.TwoPhaseLoad [http-nio-8084-exec-7] Processing attribute `primaryBookingId` : value = 0
2024-06-25 17:04:39,924 DEBUG org.hibernate.engine.internal.TwoPhaseLoad [http-nio-8084-exec-7] Attribute (`primaryBookingId`)  - enhanced for lazy-loading? - false
2024-06-25 17:04:39,924 DEBUG org.hibernate.engine.internal.TwoPhaseLoad [http-nio-8084-exec-7] Processing attribute `secondaryBooking` : value = Y
2024-06-25 17:04:39,925 DEBUG org.hibernate.engine.internal.TwoPhaseLoad [http-nio-8084-exec-7] Attribute (`secondaryBooking`)  - enhanced for lazy-loading? - false
2024-06-25 17:04:39,925 DEBUG org.hibernate.engine.internal.TwoPhaseLoad [http-nio-8084-exec-7] Processing attribute `slotAvailable` : value = Y
2024-06-25 17:04:39,926 DEBUG org.hibernate.engine.internal.TwoPhaseLoad [http-nio-8084-exec-7] Attribute (`slotAvailable`)  - enhanced for lazy-loading? - false
2024-06-25 17:04:39,926 DEBUG org.hibernate.engine.internal.TwoPhaseLoad [http-nio-8084-exec-7] Processing attribute `slotDate` : value = 2024-06-25
2024-06-25 17:04:39,926 DEBUG org.hibernate.engine.internal.TwoPhaseLoad [http-nio-8084-exec-7] Attribute (`slotDate`)  - enhanced for lazy-loading? - false
2024-06-25 17:04:39,927 DEBUG org.hibernate.engine.internal.TwoPhaseLoad [http-nio-8084-exec-7] Processing attribute `slotEndTimeStamp` : value = 2024-06-25 19:41:00.345
2024-06-25 17:04:39,927 DEBUG org.hibernate.engine.internal.TwoPhaseLoad [http-nio-8084-exec-7] Attribute (`slotEndTimeStamp`)  - enhanced for lazy-loading? - false
2024-06-25 17:04:39,931 DEBUG org.hibernate.engine.internal.TwoPhaseLoad [http-nio-8084-exec-7] Processing attribute `slotStartTimeStamp` : value = 2024-06-25 19:21:00.345
2024-06-25 17:04:39,932 DEBUG org.hibernate.engine.internal.TwoPhaseLoad [http-nio-8084-exec-7] Attribute (`slotStartTimeStamp`)  - enhanced for lazy-loading? - false
2024-06-25 17:04:39,933 DEBUG org.hibernate.engine.internal.TwoPhaseLoad [http-nio-8084-exec-7] Processing attribute `slotStatus` : value = Created
2024-06-25 17:04:39,933 DEBUG org.hibernate.engine.internal.TwoPhaseLoad [http-nio-8084-exec-7] Attribute (`slotStatus`)  - enhanced for lazy-loading? - false
2024-06-25 17:04:39,934 DEBUG org.hibernate.engine.internal.TwoPhaseLoad [http-nio-8084-exec-7] Processing attribute `teeTime` : value = T1
2024-06-25 17:04:39,934 DEBUG org.hibernate.engine.internal.TwoPhaseLoad [http-nio-8084-exec-7] Attribute (`teeTime`)  - enhanced for lazy-loading? - false
2024-06-25 17:04:39,934 DEBUG org.hibernate.engine.internal.TwoPhaseLoad [http-nio-8084-exec-7] Done materializing entity [com.booking.model.slot.ClubSlot#458]
2024-06-25 17:04:39,935 DEBUG org.hibernate.engine.internal.TwoPhaseLoad [http-nio-8084-exec-7] Resolving attributes for [com.booking.model.slot.ClubSlot#459]
2024-06-25 17:04:39,935 DEBUG org.hibernate.engine.internal.TwoPhaseLoad [http-nio-8084-exec-7] Processing attribute `clubName` : value = Bhubaneswar Golf Club!
2024-06-25 17:04:39,936 DEBUG org.hibernate.engine.internal.TwoPhaseLoad [http-nio-8084-exec-7] Attribute (`clubName`)  - enhanced for lazy-loading? - false
2024-06-25 17:04:39,936 DEBUG org.hibernate.engine.internal.TwoPhaseLoad [http-nio-8084-exec-7] Processing attribute `createdBy` : value = Admin
2024-06-25 17:04:39,937 DEBUG org.hibernate.engine.internal.TwoPhaseLoad [http-nio-8084-exec-7] Attribute (`createdBy`)  - enhanced for lazy-loading? - false
2024-06-25 17:04:39,937 DEBUG org.hibernate.engine.internal.TwoPhaseLoad [http-nio-8084-exec-7] Processing attribute `createdDate` : value = 2024-06-25 17:01:31.641
2024-06-25 17:04:39,938 DEBUG org.hibernate.engine.internal.TwoPhaseLoad [http-nio-8084-exec-7] Attribute (`createdDate`)  - enhanced for lazy-loading? - false
2024-06-25 17:04:39,939 DEBUG org.hibernate.engine.internal.TwoPhaseLoad [http-nio-8084-exec-7] Processing attribute `playerCount` : value = 3
2024-06-25 17:04:39,939 DEBUG org.hibernate.engine.internal.TwoPhaseLoad [http-nio-8084-exec-7] Attribute (`playerCount`)  - enhanced for lazy-loading? - false
2024-06-25 17:04:39,940 DEBUG org.hibernate.engine.internal.TwoPhaseLoad [http-nio-8084-exec-7] Processing attribute `primaryBookingId` : value = 0
2024-06-25 17:04:39,940 DEBUG org.hibernate.engine.internal.TwoPhaseLoad [http-nio-8084-exec-7] Attribute (`primaryBookingId`)  - enhanced for lazy-loading? - false
2024-06-25 17:04:39,940 DEBUG org.hibernate.engine.internal.TwoPhaseLoad [http-nio-8084-exec-7] Processing attribute `secondaryBooking` : value = Y
2024-06-25 17:04:39,940 DEBUG org.hibernate.engine.internal.TwoPhaseLoad [http-nio-8084-exec-7] Attribute (`secondaryBooking`)  - enhanced for lazy-loading? - false
2024-06-25 17:04:39,941 DEBUG org.hibernate.engine.internal.TwoPhaseLoad [http-nio-8084-exec-7] Processing attribute `slotAvailable` : value = Y
2024-06-25 17:04:39,941 DEBUG org.jboss.logging.DelegatingBasicLogger [http-nio-8084-exec-4] Result set row: 0
2024-06-25 17:04:39,942 DEBUG org.hibernate.engine.internal.TwoPhaseLoad [http-nio-8084-exec-7] Attribute (`slotAvailable`)  - enhanced for lazy-loading? - false
2024-06-25 17:04:39,942 DEBUG org.hibernate.loader.Loader [http-nio-8084-exec-4] Result row: EntityKey[com.booking.model.slot.ClubSlot#455]
2024-06-25 17:04:39,942 DEBUG org.hibernate.engine.internal.TwoPhaseLoad [http-nio-8084-exec-7] Processing attribute `slotDate` : value = 2024-06-25
2024-06-25 17:04:39,942 DEBUG org.jboss.logging.DelegatingBasicLogger [http-nio-8084-exec-4] Result set row: 1
2024-06-25 17:04:39,942 DEBUG org.hibernate.engine.internal.TwoPhaseLoad [http-nio-8084-exec-7] Attribute (`slotDate`)  - enhanced for lazy-loading? - false
2024-06-25 17:04:39,943 DEBUG org.hibernate.loader.Loader [http-nio-8084-exec-4] Result row: EntityKey[com.booking.model.slot.ClubSlot#456]
2024-06-25 17:04:39,943 DEBUG org.hibernate.engine.internal.TwoPhaseLoad [http-nio-8084-exec-7] Processing attribute `slotEndTimeStamp` : value = 2024-06-25 20:01:00.345
2024-06-25 17:04:39,943 DEBUG org.jboss.logging.DelegatingBasicLogger [http-nio-8084-exec-4] Result set row: 2
2024-06-25 17:04:39,943 DEBUG org.hibernate.engine.internal.TwoPhaseLoad [http-nio-8084-exec-7] Attribute (`slotEndTimeStamp`)  - enhanced for lazy-loading? - false
2024-06-25 17:04:39,944 DEBUG org.hibernate.loader.Loader [http-nio-8084-exec-4] Result row: EntityKey[com.booking.model.slot.ClubSlot#457]
2024-06-25 17:04:39,945 DEBUG org.jboss.logging.DelegatingBasicLogger [http-nio-8084-exec-4] Result set row: 3
2024-06-25 17:04:39,946 DEBUG org.hibernate.loader.Loader [http-nio-8084-exec-4] Result row: EntityKey[com.booking.model.slot.ClubSlot#458]
2024-06-25 17:04:39,947 DEBUG org.jboss.logging.DelegatingBasicLogger [http-nio-8084-exec-4] Result set row: 4
2024-06-25 17:04:39,948 DEBUG org.hibernate.loader.Loader [http-nio-8084-exec-4] Result row: EntityKey[com.booking.model.slot.ClubSlot#459]
2024-06-25 17:04:39,949 DEBUG org.jboss.logging.DelegatingBasicLogger [http-nio-8084-exec-4] Result set row: 5
2024-06-25 17:04:39,948 DEBUG org.hibernate.engine.internal.TwoPhaseLoad [http-nio-8084-exec-7] Processing attribute `slotStartTimeStamp` : value = 2024-06-25 19:41:00.345
2024-06-25 17:04:39,949 DEBUG org.hibernate.engine.internal.TwoPhaseLoad [http-nio-8084-exec-7] Attribute (`slotStartTimeStamp`)  - enhanced for lazy-loading? - false
2024-06-25 17:04:39,949 DEBUG org.hibernate.loader.Loader [http-nio-8084-exec-4] Result row: EntityKey[com.booking.model.slot.ClubSlot#460]
2024-06-25 17:04:39,953 DEBUG org.hibernate.engine.internal.TwoPhaseLoad [http-nio-8084-exec-4] Resolving attributes for [com.booking.model.slot.ClubSlot#455]
2024-06-25 17:04:39,953 DEBUG org.hibernate.engine.internal.TwoPhaseLoad [http-nio-8084-exec-7] Processing attribute `slotStatus` : value = Created
2024-06-25 17:04:39,954 DEBUG org.hibernate.engine.internal.TwoPhaseLoad [http-nio-8084-exec-4] Processing attribute `clubName` : value = Bhubaneswar Golf Club!
2024-06-25 17:04:39,954 DEBUG org.hibernate.engine.internal.TwoPhaseLoad [http-nio-8084-exec-7] Attribute (`slotStatus`)  - enhanced for lazy-loading? - false
2024-06-25 17:04:39,955 DEBUG org.hibernate.engine.internal.TwoPhaseLoad [http-nio-8084-exec-7] Processing attribute `teeTime` : value = T1
2024-06-25 17:04:39,955 DEBUG org.hibernate.engine.internal.TwoPhaseLoad [http-nio-8084-exec-4] Attribute (`clubName`)  - enhanced for lazy-loading? - false
2024-06-25 17:04:39,955 DEBUG org.hibernate.engine.internal.TwoPhaseLoad [http-nio-8084-exec-7] Attribute (`teeTime`)  - enhanced for lazy-loading? - false
2024-06-25 17:04:39,955 DEBUG org.hibernate.engine.internal.TwoPhaseLoad [http-nio-8084-exec-4] Processing attribute `createdBy` : value = Admin
2024-06-25 17:04:39,955 DEBUG org.hibernate.engine.internal.TwoPhaseLoad [http-nio-8084-exec-7] Done materializing entity [com.booking.model.slot.ClubSlot#459]
2024-06-25 17:04:39,956 DEBUG org.hibernate.engine.internal.TwoPhaseLoad [http-nio-8084-exec-4] Attribute (`createdBy`)  - enhanced for lazy-loading? - false
2024-06-25 17:04:39,956 DEBUG org.hibernate.engine.internal.TwoPhaseLoad [http-nio-8084-exec-7] Resolving attributes for [com.booking.model.slot.ClubSlot#460]
2024-06-25 17:04:39,956 DEBUG org.hibernate.engine.internal.TwoPhaseLoad [http-nio-8084-exec-7] Processing attribute `clubName` : value = Bhubaneswar Golf Club!
2024-06-25 17:04:39,956 DEBUG org.hibernate.engine.internal.TwoPhaseLoad [http-nio-8084-exec-4] Processing attribute `createdDate` : value = 2024-06-25 17:01:31.641
2024-06-25 17:04:39,956 DEBUG org.hibernate.engine.internal.TwoPhaseLoad [http-nio-8084-exec-7] Attribute (`clubName`)  - enhanced for lazy-loading? - false
2024-06-25 17:04:39,957 DEBUG org.hibernate.engine.internal.TwoPhaseLoad [http-nio-8084-exec-4] Attribute (`createdDate`)  - enhanced for lazy-loading? - false
2024-06-25 17:04:39,957 DEBUG org.hibernate.engine.internal.TwoPhaseLoad [http-nio-8084-exec-7] Processing attribute `createdBy` : value = Admin
2024-06-25 17:04:39,957 DEBUG org.hibernate.engine.internal.TwoPhaseLoad [http-nio-8084-exec-4] Processing attribute `playerCount` : value = 3
2024-06-25 17:04:39,957 DEBUG org.hibernate.engine.internal.TwoPhaseLoad [http-nio-8084-exec-7] Attribute (`createdBy`)  - enhanced for lazy-loading? - false
2024-06-25 17:04:39,957 DEBUG org.hibernate.engine.internal.TwoPhaseLoad [http-nio-8084-exec-4] Attribute (`playerCount`)  - enhanced for lazy-loading? - false
2024-06-25 17:04:39,957 DEBUG org.hibernate.engine.internal.TwoPhaseLoad [http-nio-8084-exec-7] Processing attribute `createdDate` : value = 2024-06-25 17:01:31.641
2024-06-25 17:04:39,958 DEBUG org.hibernate.engine.internal.TwoPhaseLoad [http-nio-8084-exec-4] Processing attribute `primaryBookingId` : value = 0
2024-06-25 17:04:39,958 DEBUG org.hibernate.engine.internal.TwoPhaseLoad [http-nio-8084-exec-4] Attribute (`primaryBookingId`)  - enhanced for lazy-loading? - false
2024-06-25 17:04:39,958 DEBUG org.hibernate.engine.internal.TwoPhaseLoad [http-nio-8084-exec-7] Attribute (`createdDate`)  - enhanced for lazy-loading? - false
2024-06-25 17:04:39,959 DEBUG org.hibernate.engine.internal.TwoPhaseLoad [http-nio-8084-exec-4] Processing attribute `secondaryBooking` : value = Y
2024-06-25 17:04:39,959 DEBUG org.hibernate.engine.internal.TwoPhaseLoad [http-nio-8084-exec-7] Processing attribute `playerCount` : value = 3
2024-06-25 17:04:39,959 DEBUG org.hibernate.engine.internal.TwoPhaseLoad [http-nio-8084-exec-4] Attribute (`secondaryBooking`)  - enhanced for lazy-loading? - false
2024-06-25 17:04:39,959 DEBUG org.hibernate.engine.internal.TwoPhaseLoad [http-nio-8084-exec-7] Attribute (`playerCount`)  - enhanced for lazy-loading? - false
2024-06-25 17:04:39,959 DEBUG org.hibernate.engine.internal.TwoPhaseLoad [http-nio-8084-exec-4] Processing attribute `slotAvailable` : value = Y
2024-06-25 17:04:39,960 DEBUG org.hibernate.engine.internal.TwoPhaseLoad [http-nio-8084-exec-4] Attribute (`slotAvailable`)  - enhanced for lazy-loading? - false
2024-06-25 17:04:39,960 DEBUG org.hibernate.engine.internal.TwoPhaseLoad [http-nio-8084-exec-7] Processing attribute `primaryBookingId` : value = 0
2024-06-25 17:04:39,960 DEBUG org.hibernate.engine.internal.TwoPhaseLoad [http-nio-8084-exec-4] Processing attribute `slotDate` : value = 2024-06-25
2024-06-25 17:04:39,960 DEBUG org.hibernate.engine.internal.TwoPhaseLoad [http-nio-8084-exec-7] Attribute (`primaryBookingId`)  - enhanced for lazy-loading? - false
2024-06-25 17:04:39,960 DEBUG org.hibernate.engine.internal.TwoPhaseLoad [http-nio-8084-exec-4] Attribute (`slotDate`)  - enhanced for lazy-loading? - false
2024-06-25 17:04:39,960 DEBUG org.hibernate.engine.internal.TwoPhaseLoad [http-nio-8084-exec-7] Processing attribute `secondaryBooking` : value = Y
2024-06-25 17:04:39,961 DEBUG org.hibernate.engine.internal.TwoPhaseLoad [http-nio-8084-exec-4] Processing attribute `slotEndTimeStamp` : value = 2024-06-25 18:41:00.345
2024-06-25 17:04:39,963 DEBUG org.hibernate.engine.internal.TwoPhaseLoad [http-nio-8084-exec-7] Attribute (`secondaryBooking`)  - enhanced for lazy-loading? - false
2024-06-25 17:04:39,963 DEBUG org.hibernate.engine.internal.TwoPhaseLoad [http-nio-8084-exec-4] Attribute (`slotEndTimeStamp`)  - enhanced for lazy-loading? - false
2024-06-25 17:04:39,965 DEBUG org.hibernate.engine.internal.TwoPhaseLoad [http-nio-8084-exec-4] Processing attribute `slotStartTimeStamp` : value = 2024-06-25 18:21:00.345
2024-06-25 17:04:39,965 DEBUG org.hibernate.engine.internal.TwoPhaseLoad [http-nio-8084-exec-7] Processing attribute `slotAvailable` : value = Y
2024-06-25 17:04:39,966 DEBUG org.hibernate.engine.internal.TwoPhaseLoad [http-nio-8084-exec-7] Attribute (`slotAvailable`)  - enhanced for lazy-loading? - false
2024-06-25 17:04:39,966 DEBUG org.hibernate.engine.internal.TwoPhaseLoad [http-nio-8084-exec-4] Attribute (`slotStartTimeStamp`)  - enhanced for lazy-loading? - false
2024-06-25 17:04:39,967 DEBUG org.hibernate.engine.internal.TwoPhaseLoad [http-nio-8084-exec-4] Processing attribute `slotStatus` : value = Created
2024-06-25 17:04:39,968 DEBUG org.hibernate.engine.internal.TwoPhaseLoad [http-nio-8084-exec-7] Processing attribute `slotDate` : value = 2024-06-25
2024-06-25 17:04:39,968 DEBUG org.hibernate.engine.internal.TwoPhaseLoad [http-nio-8084-exec-4] Attribute (`slotStatus`)  - enhanced for lazy-loading? - false
2024-06-25 17:04:39,968 DEBUG org.hibernate.engine.internal.TwoPhaseLoad [http-nio-8084-exec-7] Attribute (`slotDate`)  - enhanced for lazy-loading? - false
2024-06-25 17:04:39,969 DEBUG org.hibernate.engine.internal.TwoPhaseLoad [http-nio-8084-exec-4] Processing attribute `teeTime` : value = T1
2024-06-25 17:04:39,969 DEBUG org.hibernate.engine.internal.TwoPhaseLoad [http-nio-8084-exec-7] Processing attribute `slotEndTimeStamp` : value = 2024-06-25 20:21:00.345
2024-06-25 17:04:39,969 DEBUG org.hibernate.engine.internal.TwoPhaseLoad [http-nio-8084-exec-4] Attribute (`teeTime`)  - enhanced for lazy-loading? - false
2024-06-25 17:04:39,969 DEBUG org.hibernate.engine.internal.TwoPhaseLoad [http-nio-8084-exec-7] Attribute (`slotEndTimeStamp`)  - enhanced for lazy-loading? - false
2024-06-25 17:04:39,969 DEBUG org.hibernate.engine.internal.TwoPhaseLoad [http-nio-8084-exec-7] Processing attribute `slotStartTimeStamp` : value = 2024-06-25 20:01:00.345
2024-06-25 17:04:39,970 DEBUG org.hibernate.engine.internal.TwoPhaseLoad [http-nio-8084-exec-4] Done materializing entity [com.booking.model.slot.ClubSlot#455]
2024-06-25 17:04:39,970 DEBUG org.hibernate.engine.internal.TwoPhaseLoad [http-nio-8084-exec-7] Attribute (`slotStartTimeStamp`)  - enhanced for lazy-loading? - false
2024-06-25 17:04:39,970 DEBUG org.hibernate.engine.internal.TwoPhaseLoad [http-nio-8084-exec-4] Resolving attributes for [com.booking.model.slot.ClubSlot#456]
2024-06-25 17:04:39,970 DEBUG org.hibernate.engine.internal.TwoPhaseLoad [http-nio-8084-exec-7] Processing attribute `slotStatus` : value = Created
2024-06-25 17:04:39,970 DEBUG org.hibernate.engine.internal.TwoPhaseLoad [http-nio-8084-exec-4] Processing attribute `clubName` : value = Bhubaneswar Golf Club!
2024-06-25 17:04:39,970 DEBUG org.hibernate.engine.internal.TwoPhaseLoad [http-nio-8084-exec-7] Attribute (`slotStatus`)  - enhanced for lazy-loading? - false
2024-06-25 17:04:39,971 DEBUG org.hibernate.engine.internal.TwoPhaseLoad [http-nio-8084-exec-4] Attribute (`clubName`)  - enhanced for lazy-loading? - false
2024-06-25 17:04:39,971 DEBUG org.hibernate.engine.internal.TwoPhaseLoad [http-nio-8084-exec-7] Processing attribute `teeTime` : value = T1
2024-06-25 17:04:39,971 DEBUG org.hibernate.engine.internal.TwoPhaseLoad [http-nio-8084-exec-4] Processing attribute `createdBy` : value = Admin
2024-06-25 17:04:39,971 DEBUG org.hibernate.engine.internal.TwoPhaseLoad [http-nio-8084-exec-7] Attribute (`teeTime`)  - enhanced for lazy-loading? - false
2024-06-25 17:04:39,971 DEBUG org.hibernate.engine.internal.TwoPhaseLoad [http-nio-8084-exec-4] Attribute (`createdBy`)  - enhanced for lazy-loading? - false
2024-06-25 17:04:39,972 DEBUG org.hibernate.engine.internal.TwoPhaseLoad [http-nio-8084-exec-4] Processing attribute `createdDate` : value = 2024-06-25 17:01:31.641
2024-06-25 17:04:39,972 DEBUG org.hibernate.engine.internal.TwoPhaseLoad [http-nio-8084-exec-7] Done materializing entity [com.booking.model.slot.ClubSlot#460]
2024-06-25 17:04:39,973 DEBUG org.hibernate.engine.internal.TwoPhaseLoad [http-nio-8084-exec-4] Attribute (`createdDate`)  - enhanced for lazy-loading? - false
2024-06-25 17:04:39,973 DEBUG org.hibernate.engine.internal.TwoPhaseLoad [http-nio-8084-exec-4] Processing attribute `playerCount` : value = 3
2024-06-25 17:04:39,974 DEBUG org.springframework.web.servlet.mvc.method.annotation.AbstractMessageConverterMethodProcessor [http-nio-8084-exec-7] Using 'application/json', given [application/json, text/plain, */*] and supported [application/json, application/*+json, application/json, application/*+json]
2024-06-25 17:04:39,974 DEBUG org.hibernate.engine.internal.TwoPhaseLoad [http-nio-8084-exec-4] Attribute (`playerCount`)  - enhanced for lazy-loading? - false
2024-06-25 17:04:39,974 DEBUG org.springframework.core.log.LogFormatUtils [http-nio-8084-exec-7] Writing [[com.booking.model.slot.ClubSlot@48a9fd79, com.booking.model.slot.ClubSlot@24ee247e, com.booking.mod (truncated)...]
2024-06-25 17:04:39,974 DEBUG org.hibernate.engine.internal.TwoPhaseLoad [http-nio-8084-exec-4] Processing attribute `primaryBookingId` : value = 0
2024-06-25 17:04:39,975 DEBUG org.hibernate.engine.internal.TwoPhaseLoad [http-nio-8084-exec-4] Attribute (`primaryBookingId`)  - enhanced for lazy-loading? - false
2024-06-25 17:04:39,975 DEBUG org.hibernate.engine.internal.TwoPhaseLoad [http-nio-8084-exec-4] Processing attribute `secondaryBooking` : value = Y
2024-06-25 17:04:39,976 DEBUG org.springframework.orm.jpa.support.OpenEntityManagerInViewInterceptor [http-nio-8084-exec-7] Closing JPA EntityManager in OpenEntityManagerInViewInterceptor
2024-06-25 17:04:39,976 DEBUG org.hibernate.engine.internal.TwoPhaseLoad [http-nio-8084-exec-4] Attribute (`secondaryBooking`)  - enhanced for lazy-loading? - false
2024-06-25 17:04:39,976 DEBUG org.springframework.web.servlet.FrameworkServlet [http-nio-8084-exec-7] Completed 200 OK
2024-06-25 17:04:39,976 DEBUG org.hibernate.engine.internal.TwoPhaseLoad [http-nio-8084-exec-4] Processing attribute `slotAvailable` : value = Y
2024-06-25 17:04:39,977 INFO com.booking.logger.SpringLoggingFilter [http-nio-8084-exec-7] Response(1041 ms): status=200, payload=[{"slotId":455,"slotDays":null,"primaryBookingId":0,"playerCount":3,"slotStarted":null,"start":null,"end":null,"slotDuration":null,"createdBy":"Admin","clubName":"Bhubaneswar Golf Club!","secondaryBooking":"Y","createdDate":"2024-06-25T11:31:31.641+00:00","slotDate":"2024-06-25","slotStartTimeStamp":"2024-06-25T12:51:00.345+00:00","slotEndTimeStamp":"2024-06-25T13:11:00.345+00:00","slotStatus":"Created","teeTime":"T1","bookingMessage":null,"slotAvailable":"Y"},{"slotId":456,"slotDays":null,"primaryBookingId":0,"playerCount":3,"slotStarted":null,"start":null,"end":null,"slotDuration":null,"createdBy":"Admin","clubName":"Bhubaneswar Golf Club!","secondaryBooking":"Y","createdDate":"2024-06-25T11:31:31.641+00:00","slotDate":"2024-06-25","slotStartTimeStamp":"2024-06-25T13:11:00.345+00:00","slotEndTimeStamp":"2024-06-25T13:31:00.345+00:00","slotStatus":"Created","teeTime":"T1","bookingMessage":null,"slotAvailable":"Y"},{"slotId":457,"slotDays":null,"primaryBookingId":0,"playerCount":3,"slotStarted":null,"start":null,"end":null,"slotDuration":null,"createdBy":"Admin","clubName":"Bhubaneswar Golf Club!","secondaryBooking":"Y","createdDate":"2024-06-25T11:31:31.641+00:00","slotDate":"2024-06-25","slotStartTimeStamp":"2024-06-25T13:31:00.345+00:00","slotEndTimeStamp":"2024-06-25T13:51:00.345+00:00","slotStatus":"Created","teeTime":"T1","bookingMessage":null,"slotAvailable":"Y"},{"slotId":458,"slotDays":null,"primaryBookingId":0,"playerCount":3,"slotStarted":null,"start":null,"end":null,"slotDuration":null,"createdBy":"Admin","clubName":"Bhubaneswar Golf Club!","secondaryBooking":"Y","createdDate":"2024-06-25T11:31:31.641+00:00","slotDate":"2024-06-25","slotStartTimeStamp":"2024-06-25T13:51:00.345+00:00","slotEndTimeStamp":"2024-06-25T14:11:00.345+00:00","slotStatus":"Created","teeTime":"T1","bookingMessage":null,"slotAvailable":"Y"},{"slotId":459,"slotDays":null,"primaryBookingId":0,"playerCount":3,"slotStarted":null,"start":null,"end":null,"slotDuration":null,"createdBy":"Admin","clubName":"Bhubaneswar Golf Club!","secondaryBooking":"Y","createdDate":"2024-06-25T11:31:31.641+00:00","slotDate":"2024-06-25","slotStartTimeStamp":"2024-06-25T14:11:00.345+00:00","slotEndTimeStamp":"2024-06-25T14:31:00.345+00:00","slotStatus":"Created","teeTime":"T1","bookingMessage":null,"slotAvailable":"Y"},{"slotId":460,"slotDays":null,"primaryBookingId":0,"playerCount":3,"slotStarted":null,"start":null,"end":null,"slotDuration":null,"createdBy":"Admin","clubName":"Bhubaneswar Golf Club!","secondaryBooking":"Y","createdDate":"2024-06-25T11:31:31.641+00:00","slotDate":"2024-06-25","slotStartTimeStamp":"2024-06-25T14:31:00.345+00:00","slotEndTimeStamp":"2024-06-25T14:51:00.345+00:00","slotStatus":"Created","teeTime":"T1","bookingMessage":null,"slotAvailable":"Y"}], audit=true
2024-06-25 17:04:39,977 DEBUG org.hibernate.engine.internal.TwoPhaseLoad [http-nio-8084-exec-4] Attribute (`slotAvailable`)  - enhanced for lazy-loading? - false
2024-06-25 17:04:39,981 DEBUG org.springframework.security.web.access.ExceptionTranslationFilter [http-nio-8084-exec-7] Chain processed normally
2024-06-25 17:04:39,981 DEBUG org.hibernate.engine.internal.TwoPhaseLoad [http-nio-8084-exec-4] Processing attribute `slotDate` : value = 2024-06-25
2024-06-25 17:04:39,982 DEBUG org.springframework.security.web.header.writers.HstsHeaderWriter [http-nio-8084-exec-7] Not injecting HSTS header since it did not match the requestMatcher org.springframework.security.web.header.writers.HstsHeaderWriter$SecureRequestMatcher@66e3d68f
2024-06-25 17:04:39,982 DEBUG org.hibernate.engine.internal.TwoPhaseLoad [http-nio-8084-exec-4] Attribute (`slotDate`)  - enhanced for lazy-loading? - false
2024-06-25 17:04:39,982 DEBUG org.springframework.security.web.context.SecurityContextPersistenceFilter [http-nio-8084-exec-7] SecurityContextHolder now cleared, as request processing completed
2024-06-25 17:04:39,982 DEBUG org.hibernate.engine.internal.TwoPhaseLoad [http-nio-8084-exec-4] Processing attribute `slotEndTimeStamp` : value = 2024-06-25 19:01:00.345
2024-06-25 17:04:39,983 DEBUG org.hibernate.engine.internal.TwoPhaseLoad [http-nio-8084-exec-4] Attribute (`slotEndTimeStamp`)  - enhanced for lazy-loading? - false
2024-06-25 17:04:39,983 DEBUG org.apache.juli.logging.DirectJDKLog [http-nio-8084-exec-7] Socket: [org.apache.tomcat.util.net.NioEndpoint$NioSocketWrapper@229c824a:org.apache.tomcat.util.net.NioChannel@7f449f40:java.nio.channels.SocketChannel[connected local=/[0:0:0:0:0:0:0:1]:8084 remote=/[0:0:0:0:0:0:0:1]:52740]], Read from buffer: [0]
2024-06-25 17:04:39,983 DEBUG org.hibernate.engine.internal.TwoPhaseLoad [http-nio-8084-exec-4] Processing attribute `slotStartTimeStamp` : value = 2024-06-25 18:41:00.345
2024-06-25 17:04:39,984 DEBUG org.apache.juli.logging.DirectJDKLog [http-nio-8084-exec-7] Socket: [org.apache.tomcat.util.net.NioEndpoint$NioSocketWrapper@229c824a:org.apache.tomcat.util.net.NioChannel@7f449f40:java.nio.channels.SocketChannel[connected local=/[0:0:0:0:0:0:0:1]:8084 remote=/[0:0:0:0:0:0:0:1]:52740]], Read direct from socket: [0]
2024-06-25 17:04:39,984 DEBUG org.hibernate.engine.internal.TwoPhaseLoad [http-nio-8084-exec-4] Attribute (`slotStartTimeStamp`)  - enhanced for lazy-loading? - false
2024-06-25 17:04:39,984 DEBUG org.apache.juli.logging.DirectJDKLog [http-nio-8084-exec-7] Socket: [org.apache.tomcat.util.net.NioEndpoint$NioSocketWrapper@229c824a:org.apache.tomcat.util.net.NioChannel@7f449f40:java.nio.channels.SocketChannel[connected local=/[0:0:0:0:0:0:0:1]:8084 remote=/[0:0:0:0:0:0:0:1]:52740]], Status in: [OPEN_READ], State out: [OPEN]
2024-06-25 17:04:39,984 DEBUG org.hibernate.engine.internal.TwoPhaseLoad [http-nio-8084-exec-4] Processing attribute `slotStatus` : value = Created
2024-06-25 17:04:39,984 DEBUG org.apache.juli.logging.DirectJDKLog [http-nio-8084-exec-7] Pushed Processor [org.apache.coyote.http11.Http11Processor@12ddcb39]
2024-06-25 17:04:39,985 DEBUG org.hibernate.engine.internal.TwoPhaseLoad [http-nio-8084-exec-4] Attribute (`slotStatus`)  - enhanced for lazy-loading? - false
2024-06-25 17:04:39,985 DEBUG org.apache.juli.logging.DirectJDKLog [http-nio-8084-exec-7] Registered read interest for [org.apache.tomcat.util.net.NioEndpoint$NioSocketWrapper@229c824a:org.apache.tomcat.util.net.NioChannel@7f449f40:java.nio.channels.SocketChannel[connected local=/[0:0:0:0:0:0:0:1]:8084 remote=/[0:0:0:0:0:0:0:1]:52740]]
2024-06-25 17:04:39,985 DEBUG org.hibernate.engine.internal.TwoPhaseLoad [http-nio-8084-exec-4] Processing attribute `teeTime` : value = T1
2024-06-25 17:04:39,988 DEBUG org.hibernate.engine.internal.TwoPhaseLoad [http-nio-8084-exec-4] Attribute (`teeTime`)  - enhanced for lazy-loading? - false
2024-06-25 17:04:39,989 DEBUG org.hibernate.engine.internal.TwoPhaseLoad [http-nio-8084-exec-4] Done materializing entity [com.booking.model.slot.ClubSlot#456]
2024-06-25 17:04:39,989 DEBUG org.hibernate.engine.internal.TwoPhaseLoad [http-nio-8084-exec-4] Resolving attributes for [com.booking.model.slot.ClubSlot#457]
2024-06-25 17:04:39,990 DEBUG org.hibernate.engine.internal.TwoPhaseLoad [http-nio-8084-exec-4] Processing attribute `clubName` : value = Bhubaneswar Golf Club!
2024-06-25 17:04:39,990 DEBUG org.hibernate.engine.internal.TwoPhaseLoad [http-nio-8084-exec-4] Attribute (`clubName`)  - enhanced for lazy-loading? - false
2024-06-25 17:04:39,991 DEBUG org.hibernate.engine.internal.TwoPhaseLoad [http-nio-8084-exec-4] Processing attribute `createdBy` : value = Admin
2024-06-25 17:04:39,991 DEBUG org.hibernate.engine.internal.TwoPhaseLoad [http-nio-8084-exec-4] Attribute (`createdBy`)  - enhanced for lazy-loading? - false
2024-06-25 17:04:39,991 DEBUG org.hibernate.engine.internal.TwoPhaseLoad [http-nio-8084-exec-4] Processing attribute `createdDate` : value = 2024-06-25 17:01:31.641
2024-06-25 17:04:39,992 DEBUG org.hibernate.engine.internal.TwoPhaseLoad [http-nio-8084-exec-4] Attribute (`createdDate`)  - enhanced for lazy-loading? - false
2024-06-25 17:04:39,992 DEBUG org.hibernate.engine.internal.TwoPhaseLoad [http-nio-8084-exec-4] Processing attribute `playerCount` : value = 3
2024-06-25 17:04:39,993 DEBUG org.hibernate.engine.internal.TwoPhaseLoad [http-nio-8084-exec-4] Attribute (`playerCount`)  - enhanced for lazy-loading? - false
2024-06-25 17:04:39,993 DEBUG org.hibernate.engine.internal.TwoPhaseLoad [http-nio-8084-exec-4] Processing attribute `primaryBookingId` : value = 0
2024-06-25 17:04:39,993 DEBUG org.hibernate.engine.internal.TwoPhaseLoad [http-nio-8084-exec-4] Attribute (`primaryBookingId`)  - enhanced for lazy-loading? - false
2024-06-25 17:04:39,995 DEBUG org.hibernate.engine.internal.TwoPhaseLoad [http-nio-8084-exec-4] Processing attribute `secondaryBooking` : value = Y
2024-06-25 17:04:39,998 DEBUG org.hibernate.engine.internal.TwoPhaseLoad [http-nio-8084-exec-4] Attribute (`secondaryBooking`)  - enhanced for lazy-loading? - false
2024-06-25 17:04:39,999 DEBUG org.hibernate.engine.internal.TwoPhaseLoad [http-nio-8084-exec-4] Processing attribute `slotAvailable` : value = Y
2024-06-25 17:04:40,000 DEBUG org.hibernate.engine.internal.TwoPhaseLoad [http-nio-8084-exec-4] Attribute (`slotAvailable`)  - enhanced for lazy-loading? - false
2024-06-25 17:04:40,000 DEBUG org.hibernate.engine.internal.TwoPhaseLoad [http-nio-8084-exec-4] Processing attribute `slotDate` : value = 2024-06-25
2024-06-25 17:04:40,001 DEBUG org.hibernate.engine.internal.TwoPhaseLoad [http-nio-8084-exec-4] Attribute (`slotDate`)  - enhanced for lazy-loading? - false
2024-06-25 17:04:40,001 DEBUG org.hibernate.engine.internal.TwoPhaseLoad [http-nio-8084-exec-4] Processing attribute `slotEndTimeStamp` : value = 2024-06-25 19:21:00.345
2024-06-25 17:04:40,005 DEBUG org.hibernate.engine.internal.TwoPhaseLoad [http-nio-8084-exec-4] Attribute (`slotEndTimeStamp`)  - enhanced for lazy-loading? - false
2024-06-25 17:04:40,005 DEBUG org.hibernate.engine.internal.TwoPhaseLoad [http-nio-8084-exec-4] Processing attribute `slotStartTimeStamp` : value = 2024-06-25 19:01:00.345
2024-06-25 17:04:40,006 DEBUG org.hibernate.engine.internal.TwoPhaseLoad [http-nio-8084-exec-4] Attribute (`slotStartTimeStamp`)  - enhanced for lazy-loading? - false
2024-06-25 17:04:40,006 DEBUG org.hibernate.engine.internal.TwoPhaseLoad [http-nio-8084-exec-4] Processing attribute `slotStatus` : value = Created
2024-06-25 17:04:40,007 DEBUG org.hibernate.engine.internal.TwoPhaseLoad [http-nio-8084-exec-4] Attribute (`slotStatus`)  - enhanced for lazy-loading? - false
2024-06-25 17:04:40,007 DEBUG org.hibernate.engine.internal.TwoPhaseLoad [http-nio-8084-exec-4] Processing attribute `teeTime` : value = T1
2024-06-25 17:04:40,007 DEBUG org.hibernate.engine.internal.TwoPhaseLoad [http-nio-8084-exec-4] Attribute (`teeTime`)  - enhanced for lazy-loading? - false
2024-06-25 17:04:40,008 DEBUG org.hibernate.engine.internal.TwoPhaseLoad [http-nio-8084-exec-4] Done materializing entity [com.booking.model.slot.ClubSlot#457]
2024-06-25 17:04:40,008 DEBUG org.hibernate.engine.internal.TwoPhaseLoad [http-nio-8084-exec-4] Resolving attributes for [com.booking.model.slot.ClubSlot#458]
2024-06-25 17:04:40,009 DEBUG org.hibernate.engine.internal.TwoPhaseLoad [http-nio-8084-exec-4] Processing attribute `clubName` : value = Bhubaneswar Golf Club!
2024-06-25 17:04:40,009 DEBUG org.hibernate.engine.internal.TwoPhaseLoad [http-nio-8084-exec-4] Attribute (`clubName`)  - enhanced for lazy-loading? - false
2024-06-25 17:04:40,010 DEBUG org.hibernate.engine.internal.TwoPhaseLoad [http-nio-8084-exec-4] Processing attribute `createdBy` : value = Admin
2024-06-25 17:04:40,010 DEBUG org.hibernate.engine.internal.TwoPhaseLoad [http-nio-8084-exec-4] Attribute (`createdBy`)  - enhanced for lazy-loading? - false
2024-06-25 17:04:40,011 DEBUG org.hibernate.engine.internal.TwoPhaseLoad [http-nio-8084-exec-4] Processing attribute `createdDate` : value = 2024-06-25 17:01:31.641
2024-06-25 17:04:40,011 DEBUG org.hibernate.engine.internal.TwoPhaseLoad [http-nio-8084-exec-4] Attribute (`createdDate`)  - enhanced for lazy-loading? - false
2024-06-25 17:04:40,012 DEBUG org.hibernate.engine.internal.TwoPhaseLoad [http-nio-8084-exec-4] Processing attribute `playerCount` : value = 3
2024-06-25 17:04:40,013 DEBUG org.hibernate.engine.internal.TwoPhaseLoad [http-nio-8084-exec-4] Attribute (`playerCount`)  - enhanced for lazy-loading? - false
2024-06-25 17:04:40,014 DEBUG org.hibernate.engine.internal.TwoPhaseLoad [http-nio-8084-exec-4] Processing attribute `primaryBookingId` : value = 0
2024-06-25 17:04:40,014 DEBUG org.hibernate.engine.internal.TwoPhaseLoad [http-nio-8084-exec-4] Attribute (`primaryBookingId`)  - enhanced for lazy-loading? - false
2024-06-25 17:04:40,015 DEBUG org.hibernate.engine.internal.TwoPhaseLoad [http-nio-8084-exec-4] Processing attribute `secondaryBooking` : value = Y
2024-06-25 17:04:40,015 DEBUG org.hibernate.engine.internal.TwoPhaseLoad [http-nio-8084-exec-4] Attribute (`secondaryBooking`)  - enhanced for lazy-loading? - false
2024-06-25 17:04:40,027 DEBUG org.hibernate.engine.internal.TwoPhaseLoad [http-nio-8084-exec-4] Processing attribute `slotAvailable` : value = Y
2024-06-25 17:04:40,029 DEBUG org.hibernate.engine.internal.TwoPhaseLoad [http-nio-8084-exec-4] Attribute (`slotAvailable`)  - enhanced for lazy-loading? - false
2024-06-25 17:04:40,031 DEBUG org.hibernate.engine.internal.TwoPhaseLoad [http-nio-8084-exec-4] Processing attribute `slotDate` : value = 2024-06-25
2024-06-25 17:04:40,031 DEBUG org.hibernate.engine.internal.TwoPhaseLoad [http-nio-8084-exec-4] Attribute (`slotDate`)  - enhanced for lazy-loading? - false
2024-06-25 17:04:40,032 DEBUG org.hibernate.engine.internal.TwoPhaseLoad [http-nio-8084-exec-4] Processing attribute `slotEndTimeStamp` : value = 2024-06-25 19:41:00.345
2024-06-25 17:04:40,033 DEBUG org.hibernate.engine.internal.TwoPhaseLoad [http-nio-8084-exec-4] Attribute (`slotEndTimeStamp`)  - enhanced for lazy-loading? - false
2024-06-25 17:04:40,033 DEBUG org.hibernate.engine.internal.TwoPhaseLoad [http-nio-8084-exec-4] Processing attribute `slotStartTimeStamp` : value = 2024-06-25 19:21:00.345
2024-06-25 17:04:40,034 DEBUG org.hibernate.engine.internal.TwoPhaseLoad [http-nio-8084-exec-4] Attribute (`slotStartTimeStamp`)  - enhanced for lazy-loading? - false
2024-06-25 17:04:40,034 DEBUG org.hibernate.engine.internal.TwoPhaseLoad [http-nio-8084-exec-4] Processing attribute `slotStatus` : value = Created
2024-06-25 17:04:40,035 DEBUG org.hibernate.engine.internal.TwoPhaseLoad [http-nio-8084-exec-4] Attribute (`slotStatus`)  - enhanced for lazy-loading? - false
2024-06-25 17:04:40,036 DEBUG org.hibernate.engine.internal.TwoPhaseLoad [http-nio-8084-exec-4] Processing attribute `teeTime` : value = T1
2024-06-25 17:04:40,036 DEBUG org.hibernate.engine.internal.TwoPhaseLoad [http-nio-8084-exec-4] Attribute (`teeTime`)  - enhanced for lazy-loading? - false
2024-06-25 17:04:40,037 DEBUG org.hibernate.engine.internal.TwoPhaseLoad [http-nio-8084-exec-4] Done materializing entity [com.booking.model.slot.ClubSlot#458]
2024-06-25 17:04:40,038 DEBUG org.hibernate.engine.internal.TwoPhaseLoad [http-nio-8084-exec-4] Resolving attributes for [com.booking.model.slot.ClubSlot#459]
2024-06-25 17:04:40,038 DEBUG org.hibernate.engine.internal.TwoPhaseLoad [http-nio-8084-exec-4] Processing attribute `clubName` : value = Bhubaneswar Golf Club!
2024-06-25 17:04:40,038 DEBUG org.hibernate.engine.internal.TwoPhaseLoad [http-nio-8084-exec-4] Attribute (`clubName`)  - enhanced for lazy-loading? - false
2024-06-25 17:04:40,039 DEBUG org.hibernate.engine.internal.TwoPhaseLoad [http-nio-8084-exec-4] Processing attribute `createdBy` : value = Admin
2024-06-25 17:04:40,039 DEBUG org.hibernate.engine.internal.TwoPhaseLoad [http-nio-8084-exec-4] Attribute (`createdBy`)  - enhanced for lazy-loading? - false
2024-06-25 17:04:40,040 DEBUG org.hibernate.engine.internal.TwoPhaseLoad [http-nio-8084-exec-4] Processing attribute `createdDate` : value = 2024-06-25 17:01:31.641
2024-06-25 17:04:40,040 DEBUG org.hibernate.engine.internal.TwoPhaseLoad [http-nio-8084-exec-4] Attribute (`createdDate`)  - enhanced for lazy-loading? - false
2024-06-25 17:04:40,040 DEBUG org.hibernate.engine.internal.TwoPhaseLoad [http-nio-8084-exec-4] Processing attribute `playerCount` : value = 3
2024-06-25 17:04:40,041 DEBUG org.hibernate.engine.internal.TwoPhaseLoad [http-nio-8084-exec-4] Attribute (`playerCount`)  - enhanced for lazy-loading? - false
2024-06-25 17:04:40,041 DEBUG org.hibernate.engine.internal.TwoPhaseLoad [http-nio-8084-exec-4] Processing attribute `primaryBookingId` : value = 0
2024-06-25 17:04:40,041 DEBUG org.hibernate.engine.internal.TwoPhaseLoad [http-nio-8084-exec-4] Attribute (`primaryBookingId`)  - enhanced for lazy-loading? - false
2024-06-25 17:04:40,042 DEBUG org.hibernate.engine.internal.TwoPhaseLoad [http-nio-8084-exec-4] Processing attribute `secondaryBooking` : value = Y
2024-06-25 17:04:40,043 DEBUG org.hibernate.engine.internal.TwoPhaseLoad [http-nio-8084-exec-4] Attribute (`secondaryBooking`)  - enhanced for lazy-loading? - false
2024-06-25 17:04:40,043 DEBUG org.hibernate.engine.internal.TwoPhaseLoad [http-nio-8084-exec-4] Processing attribute `slotAvailable` : value = Y
2024-06-25 17:04:40,043 DEBUG org.hibernate.engine.internal.TwoPhaseLoad [http-nio-8084-exec-4] Attribute (`slotAvailable`)  - enhanced for lazy-loading? - false
2024-06-25 17:04:40,044 DEBUG org.hibernate.engine.internal.TwoPhaseLoad [http-nio-8084-exec-4] Processing attribute `slotDate` : value = 2024-06-25
2024-06-25 17:04:40,044 DEBUG org.hibernate.engine.internal.TwoPhaseLoad [http-nio-8084-exec-4] Attribute (`slotDate`)  - enhanced for lazy-loading? - false
2024-06-25 17:04:40,045 DEBUG org.hibernate.engine.internal.TwoPhaseLoad [http-nio-8084-exec-4] Processing attribute `slotEndTimeStamp` : value = 2024-06-25 20:01:00.345
2024-06-25 17:04:40,047 DEBUG org.hibernate.engine.internal.TwoPhaseLoad [http-nio-8084-exec-4] Attribute (`slotEndTimeStamp`)  - enhanced for lazy-loading? - false
2024-06-25 17:04:40,048 DEBUG org.hibernate.engine.internal.TwoPhaseLoad [http-nio-8084-exec-4] Processing attribute `slotStartTimeStamp` : value = 2024-06-25 19:41:00.345
2024-06-25 17:04:40,048 DEBUG org.hibernate.engine.internal.TwoPhaseLoad [http-nio-8084-exec-4] Attribute (`slotStartTimeStamp`)  - enhanced for lazy-loading? - false
2024-06-25 17:04:40,049 DEBUG org.hibernate.engine.internal.TwoPhaseLoad [http-nio-8084-exec-4] Processing attribute `slotStatus` : value = Created
2024-06-25 17:04:40,050 DEBUG org.hibernate.engine.internal.TwoPhaseLoad [http-nio-8084-exec-4] Attribute (`slotStatus`)  - enhanced for lazy-loading? - false
2024-06-25 17:04:40,051 DEBUG org.hibernate.engine.internal.TwoPhaseLoad [http-nio-8084-exec-4] Processing attribute `teeTime` : value = T1
2024-06-25 17:04:40,051 DEBUG org.hibernate.engine.internal.TwoPhaseLoad [http-nio-8084-exec-4] Attribute (`teeTime`)  - enhanced for lazy-loading? - false
2024-06-25 17:04:40,052 DEBUG org.hibernate.engine.internal.TwoPhaseLoad [http-nio-8084-exec-4] Done materializing entity [com.booking.model.slot.ClubSlot#459]
2024-06-25 17:04:40,052 DEBUG org.hibernate.engine.internal.TwoPhaseLoad [http-nio-8084-exec-4] Resolving attributes for [com.booking.model.slot.ClubSlot#460]
2024-06-25 17:04:40,052 DEBUG org.hibernate.engine.internal.TwoPhaseLoad [http-nio-8084-exec-4] Processing attribute `clubName` : value = Bhubaneswar Golf Club!
2024-06-25 17:04:40,053 DEBUG org.hibernate.engine.internal.TwoPhaseLoad [http-nio-8084-exec-4] Attribute (`clubName`)  - enhanced for lazy-loading? - false
2024-06-25 17:04:40,053 DEBUG org.hibernate.engine.internal.TwoPhaseLoad [http-nio-8084-exec-4] Processing attribute `createdBy` : value = Admin
2024-06-25 17:04:40,054 DEBUG org.hibernate.engine.internal.TwoPhaseLoad [http-nio-8084-exec-4] Attribute (`createdBy`)  - enhanced for lazy-loading? - false
2024-06-25 17:04:40,054 DEBUG org.hibernate.engine.internal.TwoPhaseLoad [http-nio-8084-exec-4] Processing attribute `createdDate` : value = 2024-06-25 17:01:31.641
2024-06-25 17:04:40,055 DEBUG org.hibernate.engine.internal.TwoPhaseLoad [http-nio-8084-exec-4] Attribute (`createdDate`)  - enhanced for lazy-loading? - false
2024-06-25 17:04:40,055 DEBUG org.hibernate.engine.internal.TwoPhaseLoad [http-nio-8084-exec-4] Processing attribute `playerCount` : value = 3
2024-06-25 17:04:40,056 DEBUG org.hibernate.engine.internal.TwoPhaseLoad [http-nio-8084-exec-4] Attribute (`playerCount`)  - enhanced for lazy-loading? - false
2024-06-25 17:04:40,056 DEBUG org.hibernate.engine.internal.TwoPhaseLoad [http-nio-8084-exec-4] Processing attribute `primaryBookingId` : value = 0
2024-06-25 17:04:40,057 DEBUG org.hibernate.engine.internal.TwoPhaseLoad [http-nio-8084-exec-4] Attribute (`primaryBookingId`)  - enhanced for lazy-loading? - false
2024-06-25 17:04:40,057 DEBUG org.hibernate.engine.internal.TwoPhaseLoad [http-nio-8084-exec-4] Processing attribute `secondaryBooking` : value = Y
2024-06-25 17:04:40,057 DEBUG org.hibernate.engine.internal.TwoPhaseLoad [http-nio-8084-exec-4] Attribute (`secondaryBooking`)  - enhanced for lazy-loading? - false
2024-06-25 17:04:40,058 DEBUG org.hibernate.engine.internal.TwoPhaseLoad [http-nio-8084-exec-4] Processing attribute `slotAvailable` : value = Y
2024-06-25 17:04:40,058 DEBUG org.hibernate.engine.internal.TwoPhaseLoad [http-nio-8084-exec-4] Attribute (`slotAvailable`)  - enhanced for lazy-loading? - false
2024-06-25 17:04:40,059 DEBUG org.hibernate.engine.internal.TwoPhaseLoad [http-nio-8084-exec-4] Processing attribute `slotDate` : value = 2024-06-25
2024-06-25 17:04:40,059 DEBUG org.hibernate.engine.internal.TwoPhaseLoad [http-nio-8084-exec-4] Attribute (`slotDate`)  - enhanced for lazy-loading? - false
2024-06-25 17:04:40,060 DEBUG org.hibernate.engine.internal.TwoPhaseLoad [http-nio-8084-exec-4] Processing attribute `slotEndTimeStamp` : value = 2024-06-25 20:21:00.345
2024-06-25 17:04:40,060 DEBUG org.hibernate.engine.internal.TwoPhaseLoad [http-nio-8084-exec-4] Attribute (`slotEndTimeStamp`)  - enhanced for lazy-loading? - false
2024-06-25 17:04:40,061 DEBUG org.hibernate.engine.internal.TwoPhaseLoad [http-nio-8084-exec-4] Processing attribute `slotStartTimeStamp` : value = 2024-06-25 20:01:00.345
2024-06-25 17:04:40,061 DEBUG org.hibernate.engine.internal.TwoPhaseLoad [http-nio-8084-exec-4] Attribute (`slotStartTimeStamp`)  - enhanced for lazy-loading? - false
2024-06-25 17:04:40,062 DEBUG org.hibernate.engine.internal.TwoPhaseLoad [http-nio-8084-exec-4] Processing attribute `slotStatus` : value = Created
2024-06-25 17:04:40,063 DEBUG org.hibernate.engine.internal.TwoPhaseLoad [http-nio-8084-exec-4] Attribute (`slotStatus`)  - enhanced for lazy-loading? - false
2024-06-25 17:04:40,064 DEBUG org.hibernate.engine.internal.TwoPhaseLoad [http-nio-8084-exec-4] Processing attribute `teeTime` : value = T1
2024-06-25 17:04:40,065 DEBUG org.hibernate.engine.internal.TwoPhaseLoad [http-nio-8084-exec-4] Attribute (`teeTime`)  - enhanced for lazy-loading? - false
2024-06-25 17:04:40,065 DEBUG org.hibernate.engine.internal.TwoPhaseLoad [http-nio-8084-exec-4] Done materializing entity [com.booking.model.slot.ClubSlot#460]
2024-06-25 17:04:40,067 DEBUG org.springframework.web.servlet.mvc.method.annotation.AbstractMessageConverterMethodProcessor [http-nio-8084-exec-4] Using 'application/json', given [application/json, text/plain, */*] and supported [application/json, application/*+json, application/json, application/*+json]
2024-06-25 17:04:40,068 DEBUG org.springframework.core.log.LogFormatUtils [http-nio-8084-exec-4] Writing [[com.booking.model.slot.ClubSlot@4bb07fbf, com.booking.model.slot.ClubSlot@4ebc6384, com.booking.mod (truncated)...]
2024-06-25 17:04:40,070 DEBUG org.springframework.orm.jpa.support.OpenEntityManagerInViewInterceptor [http-nio-8084-exec-4] Closing JPA EntityManager in OpenEntityManagerInViewInterceptor
2024-06-25 17:04:40,070 DEBUG org.springframework.web.servlet.FrameworkServlet [http-nio-8084-exec-4] Completed 200 OK
2024-06-25 17:04:40,071 INFO com.booking.logger.SpringLoggingFilter [http-nio-8084-exec-4] Response(1113 ms): status=200, payload=[{"slotId":455,"slotDays":null,"primaryBookingId":0,"playerCount":3,"slotStarted":null,"start":null,"end":null,"slotDuration":null,"createdBy":"Admin","clubName":"Bhubaneswar Golf Club!","secondaryBooking":"Y","createdDate":"2024-06-25T11:31:31.641+00:00","slotDate":"2024-06-25","slotStartTimeStamp":"2024-06-25T12:51:00.345+00:00","slotEndTimeStamp":"2024-06-25T13:11:00.345+00:00","slotStatus":"Created","teeTime":"T1","bookingMessage":null,"slotAvailable":"Y"},{"slotId":456,"slotDays":null,"primaryBookingId":0,"playerCount":3,"slotStarted":null,"start":null,"end":null,"slotDuration":null,"createdBy":"Admin","clubName":"Bhubaneswar Golf Club!","secondaryBooking":"Y","createdDate":"2024-06-25T11:31:31.641+00:00","slotDate":"2024-06-25","slotStartTimeStamp":"2024-06-25T13:11:00.345+00:00","slotEndTimeStamp":"2024-06-25T13:31:00.345+00:00","slotStatus":"Created","teeTime":"T1","bookingMessage":null,"slotAvailable":"Y"},{"slotId":457,"slotDays":null,"primaryBookingId":0,"playerCount":3,"slotStarted":null,"start":null,"end":null,"slotDuration":null,"createdBy":"Admin","clubName":"Bhubaneswar Golf Club!","secondaryBooking":"Y","createdDate":"2024-06-25T11:31:31.641+00:00","slotDate":"2024-06-25","slotStartTimeStamp":"2024-06-25T13:31:00.345+00:00","slotEndTimeStamp":"2024-06-25T13:51:00.345+00:00","slotStatus":"Created","teeTime":"T1","bookingMessage":null,"slotAvailable":"Y"},{"slotId":458,"slotDays":null,"primaryBookingId":0,"playerCount":3,"slotStarted":null,"start":null,"end":null,"slotDuration":null,"createdBy":"Admin","clubName":"Bhubaneswar Golf Club!","secondaryBooking":"Y","createdDate":"2024-06-25T11:31:31.641+00:00","slotDate":"2024-06-25","slotStartTimeStamp":"2024-06-25T13:51:00.345+00:00","slotEndTimeStamp":"2024-06-25T14:11:00.345+00:00","slotStatus":"Created","teeTime":"T1","bookingMessage":null,"slotAvailable":"Y"},{"slotId":459,"slotDays":null,"primaryBookingId":0,"playerCount":3,"slotStarted":null,"start":null,"end":null,"slotDuration":null,"createdBy":"Admin","clubName":"Bhubaneswar Golf Club!","secondaryBooking":"Y","createdDate":"2024-06-25T11:31:31.641+00:00","slotDate":"2024-06-25","slotStartTimeStamp":"2024-06-25T14:11:00.345+00:00","slotEndTimeStamp":"2024-06-25T14:31:00.345+00:00","slotStatus":"Created","teeTime":"T1","bookingMessage":null,"slotAvailable":"Y"},{"slotId":460,"slotDays":null,"primaryBookingId":0,"playerCount":3,"slotStarted":null,"start":null,"end":null,"slotDuration":null,"createdBy":"Admin","clubName":"Bhubaneswar Golf Club!","secondaryBooking":"Y","createdDate":"2024-06-25T11:31:31.641+00:00","slotDate":"2024-06-25","slotStartTimeStamp":"2024-06-25T14:31:00.345+00:00","slotEndTimeStamp":"2024-06-25T14:51:00.345+00:00","slotStatus":"Created","teeTime":"T1","bookingMessage":null,"slotAvailable":"Y"}], audit=true
2024-06-25 17:04:40,071 DEBUG org.springframework.security.web.access.ExceptionTranslationFilter [http-nio-8084-exec-4] Chain processed normally
2024-06-25 17:04:40,071 DEBUG org.springframework.security.web.header.writers.HstsHeaderWriter [http-nio-8084-exec-4] Not injecting HSTS header since it did not match the requestMatcher org.springframework.security.web.header.writers.HstsHeaderWriter$SecureRequestMatcher@66e3d68f
2024-06-25 17:04:40,072 DEBUG org.springframework.security.web.context.SecurityContextPersistenceFilter [http-nio-8084-exec-4] SecurityContextHolder now cleared, as request processing completed
2024-06-25 17:04:40,073 DEBUG org.apache.juli.logging.DirectJDKLog [http-nio-8084-exec-4] Socket: [org.apache.tomcat.util.net.NioEndpoint$NioSocketWrapper@1eb87d96:org.apache.tomcat.util.net.NioChannel@298c086:java.nio.channels.SocketChannel[connected local=/[0:0:0:0:0:0:0:1]:8084 remote=/[0:0:0:0:0:0:0:1]:52738]], Read from buffer: [0]
2024-06-25 17:04:40,073 DEBUG org.apache.juli.logging.DirectJDKLog [http-nio-8084-exec-4] Socket: [org.apache.tomcat.util.net.NioEndpoint$NioSocketWrapper@1eb87d96:org.apache.tomcat.util.net.NioChannel@298c086:java.nio.channels.SocketChannel[connected local=/[0:0:0:0:0:0:0:1]:8084 remote=/[0:0:0:0:0:0:0:1]:52738]], Read direct from socket: [0]
2024-06-25 17:04:40,074 DEBUG org.apache.juli.logging.DirectJDKLog [http-nio-8084-exec-4] Socket: [org.apache.tomcat.util.net.NioEndpoint$NioSocketWrapper@1eb87d96:org.apache.tomcat.util.net.NioChannel@298c086:java.nio.channels.SocketChannel[connected local=/[0:0:0:0:0:0:0:1]:8084 remote=/[0:0:0:0:0:0:0:1]:52738]], Status in: [OPEN_READ], State out: [OPEN]
2024-06-25 17:04:40,074 DEBUG org.apache.juli.logging.DirectJDKLog [http-nio-8084-exec-4] Pushed Processor [org.apache.coyote.http11.Http11Processor@9ba4144]
2024-06-25 17:04:40,075 DEBUG org.apache.juli.logging.DirectJDKLog [http-nio-8084-exec-4] Registered read interest for [org.apache.tomcat.util.net.NioEndpoint$NioSocketWrapper@1eb87d96:org.apache.tomcat.util.net.NioChannel@298c086:java.nio.channels.SocketChannel[connected local=/[0:0:0:0:0:0:0:1]:8084 remote=/[0:0:0:0:0:0:0:1]:52738]]
2024-06-25 17:04:42,247 DEBUG org.apache.juli.logging.DirectJDKLog [Catalina-utility-2] Start expire sessions StandardManager at 1719315282247 sessioncount 0
2024-06-25 17:04:42,248 DEBUG org.apache.juli.logging.DirectJDKLog [Catalina-utility-2] End expire sessions StandardManager processingTime 1 expired sessions: 0
2024-06-25 17:04:56,134 DEBUG sun.rmi.runtime.Log$LoggerLog [RMI TCP Connection(22)-127.0.0.1] RMI TCP Connection(22)-127.0.0.1: (port 61001) connection closed
2024-06-25 17:04:56,134 DEBUG sun.rmi.runtime.Log$LoggerLog [RMI TCP Connection(22)-127.0.0.1] RMI TCP Connection(22)-127.0.0.1: close connection, socket: Socket[addr=/127.0.0.1,port=58531,localport=61001]
2024-06-25 17:04:56,135 DEBUG sun.rmi.runtime.Log$LoggerLog [RMI TCP Connection(22)-127.0.0.1] RMI TCP Connection(22)-127.0.0.1: socket close: Socket[addr=/127.0.0.1,port=58531,localport=61001]
2024-06-25 17:05:06,526 DEBUG com.zaxxer.hikari.pool.HikariPool [HikariPool-1 housekeeper] HikariPool-1 - Pool stats (total=10, active=0, idle=10, waiting=0)
2024-06-25 17:05:06,526 DEBUG com.zaxxer.hikari.pool.HikariPool [HikariPool-1 housekeeper] HikariPool-1 - Fill pool skipped, pool is at sufficient level.
2024-06-25 17:05:26,424 DEBUG sun.rmi.runtime.Log$LoggerLog [RMI TCP Connection(23)-127.0.0.1] RMI TCP Connection(23)-127.0.0.1: accepted socket from [127.0.0.1:50572]
2024-06-25 17:05:26,427 DEBUG sun.rmi.runtime.Log$LoggerLog [RMI TCP Connection(23)-127.0.0.1] RMI TCP Connection(23)-127.0.0.1: (port 61001) op = 80
2024-06-25 17:05:26,428 DEBUG sun.util.logging.internal.LoggingProviderImpl$JULWrapper [RMI TCP Connection(23)-127.0.0.1] connectionId=rmi://127.0.0.1  1
2024-06-25 17:05:36,535 DEBUG com.zaxxer.hikari.pool.HikariPool [HikariPool-1 housekeeper] HikariPool-1 - Pool stats (total=10, active=0, idle=10, waiting=0)
2024-06-25 17:05:36,536 DEBUG com.zaxxer.hikari.pool.HikariPool [HikariPool-1 housekeeper] HikariPool-1 - Fill pool skipped, pool is at sufficient level.
2024-06-25 17:05:39,815 DEBUG org.apache.juli.logging.DirectJDKLog [http-nio-8084-exec-3] Processing socket [org.apache.tomcat.util.net.NioChannel@73692857:java.nio.channels.SocketChannel[connected local=/[0:0:0:0:0:0:0:1]:8084 remote=/[0:0:0:0:0:0:0:1]:52739]] with status [ERROR]
2024-06-25 17:05:39,816 DEBUG org.apache.juli.logging.DirectJDKLog [http-nio-8084-exec-3] Found processor [null] for socket [org.apache.tomcat.util.net.NioChannel@73692857:java.nio.channels.SocketChannel[connected local=/[0:0:0:0:0:0:0:1]:8084 remote=/[0:0:0:0:0:0:0:1]:52739]]
2024-06-25 17:05:39,816 DEBUG org.apache.juli.logging.DirectJDKLog [http-nio-8084-exec-9] Processing socket [org.apache.tomcat.util.net.NioChannel@73f9647b:java.nio.channels.SocketChannel[connected local=/[0:0:0:0:0:0:0:1]:8084 remote=/[0:0:0:0:0:0:0:1]:54719]] with status [ERROR]
2024-06-25 17:05:39,817 DEBUG org.apache.juli.logging.DirectJDKLog [http-nio-8084-exec-3] Counting down[http-nio-8084-exec-3] latch=4
2024-06-25 17:05:39,817 DEBUG org.apache.juli.logging.DirectJDKLog [http-nio-8084-exec-9] Found processor [null] for socket [org.apache.tomcat.util.net.NioChannel@73f9647b:java.nio.channels.SocketChannel[connected local=/[0:0:0:0:0:0:0:1]:8084 remote=/[0:0:0:0:0:0:0:1]:54719]]
2024-06-25 17:05:39,818 DEBUG org.apache.juli.logging.DirectJDKLog [http-nio-8084-exec-3] Calling [org.apache.tomcat.util.net.NioEndpoint@798fc552].closeSocket([org.apache.tomcat.util.net.NioEndpoint$NioSocketWrapper@30ebd758:org.apache.tomcat.util.net.NioChannel@73692857:java.nio.channels.SocketChannel[connected local=/[0:0:0:0:0:0:0:1]:8084 remote=/[0:0:0:0:0:0:0:1]:52739]])
2024-06-25 17:05:39,818 DEBUG org.apache.juli.logging.DirectJDKLog [http-nio-8084-exec-9] Counting down[http-nio-8084-exec-9] latch=3
2024-06-25 17:05:39,819 DEBUG org.apache.juli.logging.DirectJDKLog [http-nio-8084-exec-9] Calling [org.apache.tomcat.util.net.NioEndpoint@798fc552].closeSocket([org.apache.tomcat.util.net.NioEndpoint$NioSocketWrapper@7261503d:org.apache.tomcat.util.net.NioChannel@73f9647b:java.nio.channels.SocketChannel[connected local=/[0:0:0:0:0:0:0:1]:8084 remote=/[0:0:0:0:0:0:0:1]:54719]])
2024-06-25 17:05:40,828 DEBUG org.apache.juli.logging.DirectJDKLog [http-nio-8084-exec-2] Processing socket [org.apache.tomcat.util.net.NioChannel@7f449f40:java.nio.channels.SocketChannel[connected local=/[0:0:0:0:0:0:0:1]:8084 remote=/[0:0:0:0:0:0:0:1]:52740]] with status [ERROR]
2024-06-25 17:05:40,828 DEBUG org.apache.juli.logging.DirectJDKLog [http-nio-8084-exec-1] Processing socket [org.apache.tomcat.util.net.NioChannel@298c086:java.nio.channels.SocketChannel[connected local=/[0:0:0:0:0:0:0:1]:8084 remote=/[0:0:0:0:0:0:0:1]:52738]] with status [ERROR]
2024-06-25 17:05:40,829 DEBUG org.apache.juli.logging.DirectJDKLog [http-nio-8084-exec-2] Found processor [null] for socket [org.apache.tomcat.util.net.NioChannel@7f449f40:java.nio.channels.SocketChannel[connected local=/[0:0:0:0:0:0:0:1]:8084 remote=/[0:0:0:0:0:0:0:1]:52740]]
2024-06-25 17:05:40,829 DEBUG org.apache.juli.logging.DirectJDKLog [http-nio-8084-exec-1] Found processor [null] for socket [org.apache.tomcat.util.net.NioChannel@298c086:java.nio.channels.SocketChannel[connected local=/[0:0:0:0:0:0:0:1]:8084 remote=/[0:0:0:0:0:0:0:1]:52738]]
2024-06-25 17:05:40,830 DEBUG org.apache.juli.logging.DirectJDKLog [http-nio-8084-exec-2] Counting down[http-nio-8084-exec-2] latch=2
2024-06-25 17:05:40,830 DEBUG org.apache.juli.logging.DirectJDKLog [http-nio-8084-exec-1] Counting down[http-nio-8084-exec-1] latch=1
2024-06-25 17:05:40,831 DEBUG org.apache.juli.logging.DirectJDKLog [http-nio-8084-exec-2] Calling [org.apache.tomcat.util.net.NioEndpoint@798fc552].closeSocket([org.apache.tomcat.util.net.NioEndpoint$NioSocketWrapper@229c824a:org.apache.tomcat.util.net.NioChannel@7f449f40:java.nio.channels.SocketChannel[connected local=/[0:0:0:0:0:0:0:1]:8084 remote=/[0:0:0:0:0:0:0:1]:52740]])
2024-06-25 17:05:40,831 DEBUG org.apache.juli.logging.DirectJDKLog [http-nio-8084-exec-1] Calling [org.apache.tomcat.util.net.NioEndpoint@798fc552].closeSocket([org.apache.tomcat.util.net.NioEndpoint$NioSocketWrapper@1eb87d96:org.apache.tomcat.util.net.NioChannel@298c086:java.nio.channels.SocketChannel[connected local=/[0:0:0:0:0:0:0:1]:8084 remote=/[0:0:0:0:0:0:0:1]:52738]])
2024-06-25 17:05:41,429 DEBUG sun.rmi.runtime.Log$LoggerLog [RMI TCP Connection(23)-127.0.0.1] RMI TCP Connection(23)-127.0.0.1: (port 61001) connection closed
2024-06-25 17:05:41,431 DEBUG sun.rmi.runtime.Log$LoggerLog [RMI TCP Connection(23)-127.0.0.1] RMI TCP Connection(23)-127.0.0.1: close connection, socket: Socket[addr=/127.0.0.1,port=50572,localport=61001]
2024-06-25 17:05:41,432 DEBUG sun.rmi.runtime.Log$LoggerLog [RMI TCP Connection(23)-127.0.0.1] RMI TCP Connection(23)-127.0.0.1: socket close: Socket[addr=/127.0.0.1,port=50572,localport=61001]
2024-06-25 17:05:42,299 DEBUG org.apache.juli.logging.DirectJDKLog [Catalina-utility-2] Start expire sessions StandardManager at 1719315342298 sessioncount 0
2024-06-25 17:05:42,316 DEBUG org.apache.juli.logging.DirectJDKLog [Catalina-utility-2] End expire sessions StandardManager processingTime 14 expired sessions: 0
2024-06-25 17:06:06,550 DEBUG com.zaxxer.hikari.pool.HikariPool [HikariPool-1 housekeeper] HikariPool-1 - Pool stats (total=10, active=0, idle=10, waiting=0)
2024-06-25 17:06:06,552 DEBUG com.zaxxer.hikari.pool.HikariPool [HikariPool-1 housekeeper] HikariPool-1 - Fill pool skipped, pool is at sufficient level.
2024-06-25 17:06:26,447 DEBUG sun.rmi.runtime.Log$LoggerLog [RMI TCP Connection(24)-127.0.0.1] RMI TCP Connection(24)-127.0.0.1: accepted socket from [127.0.0.1:51393]
2024-06-25 17:06:26,448 DEBUG sun.rmi.runtime.Log$LoggerLog [RMI TCP Connection(24)-127.0.0.1] RMI TCP Connection(24)-127.0.0.1: (port 61001) op = 80
2024-06-25 17:06:26,449 DEBUG sun.util.logging.internal.LoggingProviderImpl$JULWrapper [RMI TCP Connection(24)-127.0.0.1] connectionId=rmi://127.0.0.1  1
2024-06-25 17:06:36,560 DEBUG com.zaxxer.hikari.pool.HikariPool [HikariPool-1 housekeeper] HikariPool-1 - Pool stats (total=10, active=0, idle=10, waiting=0)
2024-06-25 17:06:36,561 DEBUG com.zaxxer.hikari.pool.HikariPool [HikariPool-1 housekeeper] HikariPool-1 - Fill pool skipped, pool is at sufficient level.
2024-06-25 17:06:41,453 DEBUG sun.rmi.runtime.Log$LoggerLog [RMI TCP Connection(24)-127.0.0.1] RMI TCP Connection(24)-127.0.0.1: (port 61001) connection closed
2024-06-25 17:06:41,454 DEBUG sun.rmi.runtime.Log$LoggerLog [RMI TCP Connection(24)-127.0.0.1] RMI TCP Connection(24)-127.0.0.1: close connection, socket: Socket[addr=/127.0.0.1,port=51393,localport=61001]
2024-06-25 17:06:41,454 DEBUG sun.rmi.runtime.Log$LoggerLog [RMI TCP Connection(24)-127.0.0.1] RMI TCP Connection(24)-127.0.0.1: socket close: Socket[addr=/127.0.0.1,port=51393,localport=61001]
2024-06-25 17:06:43,269 DEBUG org.apache.juli.logging.DirectJDKLog [Catalina-utility-2] Start expire sessions StandardManager at 1719315403269 sessioncount 0
2024-06-25 17:06:43,270 DEBUG org.apache.juli.logging.DirectJDKLog [Catalina-utility-2] End expire sessions StandardManager processingTime 0 expired sessions: 0
2024-06-25 17:07:06,564 DEBUG com.zaxxer.hikari.pool.HikariPool [HikariPool-1 housekeeper] HikariPool-1 - Pool stats (total=10, active=0, idle=10, waiting=0)
2024-06-25 17:07:06,568 DEBUG com.zaxxer.hikari.pool.HikariPool [HikariPool-1 housekeeper] HikariPool-1 - Fill pool skipped, pool is at sufficient level.
2024-06-25 17:07:26,458 DEBUG sun.rmi.runtime.Log$LoggerLog [RMI TCP Connection(25)-127.0.0.1] RMI TCP Connection(25)-127.0.0.1: accepted socket from [127.0.0.1:53620]
2024-06-25 17:07:26,459 DEBUG sun.rmi.runtime.Log$LoggerLog [RMI TCP Connection(25)-127.0.0.1] RMI TCP Connection(25)-127.0.0.1: (port 61001) op = 80
2024-06-25 17:07:26,459 DEBUG sun.util.logging.internal.LoggingProviderImpl$JULWrapper [RMI TCP Connection(25)-127.0.0.1] connectionId=rmi://127.0.0.1  1
2024-06-25 17:07:36,583 DEBUG com.zaxxer.hikari.pool.HikariPool [HikariPool-1 housekeeper] HikariPool-1 - Pool stats (total=10, active=0, idle=10, waiting=0)
2024-06-25 17:07:36,584 DEBUG com.zaxxer.hikari.pool.HikariPool [HikariPool-1 housekeeper] HikariPool-1 - Fill pool skipped, pool is at sufficient level.
2024-06-25 17:07:41,464 DEBUG sun.rmi.runtime.Log$LoggerLog [RMI TCP Connection(25)-127.0.0.1] RMI TCP Connection(25)-127.0.0.1: (port 61001) connection closed
2024-06-25 17:07:41,465 DEBUG sun.rmi.runtime.Log$LoggerLog [RMI TCP Connection(25)-127.0.0.1] RMI TCP Connection(25)-127.0.0.1: close connection, socket: Socket[addr=/127.0.0.1,port=53620,localport=61001]
2024-06-25 17:07:41,467 DEBUG sun.rmi.runtime.Log$LoggerLog [RMI TCP Connection(25)-127.0.0.1] RMI TCP Connection(25)-127.0.0.1: socket close: Socket[addr=/127.0.0.1,port=53620,localport=61001]
2024-06-25 17:07:46,319 DEBUG org.apache.juli.logging.DirectJDKLog [Catalina-utility-2] Start expire sessions StandardManager at 1719315466318 sessioncount 0
2024-06-25 17:07:46,917 DEBUG org.apache.juli.logging.DirectJDKLog [Catalina-utility-2] End expire sessions StandardManager processingTime 599 expired sessions: 0
2024-06-25 17:08:06,608 DEBUG com.zaxxer.hikari.pool.HikariPool [HikariPool-1 housekeeper] HikariPool-1 - Pool stats (total=10, active=0, idle=10, waiting=0)
2024-06-25 17:08:06,608 DEBUG com.zaxxer.hikari.pool.HikariPool [HikariPool-1 housekeeper] HikariPool-1 - Fill pool skipped, pool is at sufficient level.
2024-06-25 17:08:26,470 DEBUG sun.rmi.runtime.Log$LoggerLog [RMI TCP Connection(26)-127.0.0.1] RMI TCP Connection(26)-127.0.0.1: accepted socket from [127.0.0.1:62833]
2024-06-25 17:08:26,472 DEBUG sun.rmi.runtime.Log$LoggerLog [RMI TCP Connection(26)-127.0.0.1] RMI TCP Connection(26)-127.0.0.1: (port 61001) op = 80
2024-06-25 17:08:26,472 DEBUG sun.util.logging.internal.LoggingProviderImpl$JULWrapper [RMI TCP Connection(26)-127.0.0.1] connectionId=rmi://127.0.0.1  1
2024-06-25 17:08:36,623 DEBUG com.zaxxer.hikari.pool.HikariPool [HikariPool-1 housekeeper] HikariPool-1 - Pool stats (total=10, active=0, idle=10, waiting=0)
2024-06-25 17:08:36,627 DEBUG com.zaxxer.hikari.pool.HikariPool [HikariPool-1 housekeeper] HikariPool-1 - Fill pool skipped, pool is at sufficient level.
2024-06-25 17:08:41,475 DEBUG sun.rmi.runtime.Log$LoggerLog [RMI TCP Connection(26)-127.0.0.1] RMI TCP Connection(26)-127.0.0.1: (port 61001) connection closed
2024-06-25 17:08:41,477 DEBUG sun.rmi.runtime.Log$LoggerLog [RMI TCP Connection(26)-127.0.0.1] RMI TCP Connection(26)-127.0.0.1: close connection, socket: Socket[addr=/127.0.0.1,port=62833,localport=61001]
2024-06-25 17:08:41,478 DEBUG sun.rmi.runtime.Log$LoggerLog [RMI TCP Connection(26)-127.0.0.1] RMI TCP Connection(26)-127.0.0.1: socket close: Socket[addr=/127.0.0.1,port=62833,localport=61001]
2024-06-25 17:08:47,079 DEBUG org.apache.juli.logging.DirectJDKLog [Catalina-utility-1] Start expire sessions StandardManager at 1719315527079 sessioncount 0
2024-06-25 17:08:47,082 DEBUG org.apache.juli.logging.DirectJDKLog [Catalina-utility-1] End expire sessions StandardManager processingTime 1 expired sessions: 0
2024-06-25 17:09:06,629 DEBUG com.zaxxer.hikari.pool.HikariPool [HikariPool-1 housekeeper] HikariPool-1 - Pool stats (total=10, active=0, idle=10, waiting=0)
2024-06-25 17:09:06,629 DEBUG com.zaxxer.hikari.pool.HikariPool [HikariPool-1 housekeeper] HikariPool-1 - Fill pool skipped, pool is at sufficient level.
2024-06-25 17:09:26,128 DEBUG sun.rmi.runtime.Log$LoggerLog [RMI TCP Connection(27)-127.0.0.1] RMI TCP Connection(27)-127.0.0.1: accepted socket from [127.0.0.1:60168]
2024-06-25 17:09:26,129 DEBUG sun.rmi.runtime.Log$LoggerLog [RMI TCP Connection(27)-127.0.0.1] RMI TCP Connection(27)-127.0.0.1: (port 61001) op = 80
2024-06-25 17:09:26,130 DEBUG sun.rmi.runtime.Log$LoggerLog [RMI TCP Connection(27)-127.0.0.1] RMI TCP Connection(27)-127.0.0.1: name = "[Ljava.rmi.server.ObjID;", codebase = "", defaultLoader = jdk.internal.loader.ClassLoaders$PlatformClassLoader@2b31c5cb
2024-06-25 17:09:26,131 DEBUG sun.rmi.runtime.Log$LoggerLog [RMI TCP Connection(27)-127.0.0.1] RMI TCP Connection(27)-127.0.0.1: name = "java.rmi.dgc.Lease", codebase = "", defaultLoader = jdk.internal.loader.ClassLoaders$PlatformClassLoader@2b31c5cb
2024-06-25 17:09:26,131 DEBUG sun.rmi.runtime.Log$LoggerLog [RMI TCP Connection(27)-127.0.0.1] RMI TCP Connection(27)-127.0.0.1: name = "java.rmi.dgc.VMID", codebase = "", defaultLoader = jdk.internal.loader.ClassLoaders$PlatformClassLoader@2b31c5cb
2024-06-25 17:09:26,132 DEBUG sun.rmi.runtime.Log$LoggerLog [RMI TCP Connection(27)-127.0.0.1] RMI TCP Connection(27)-127.0.0.1: name = "[B", codebase = "", defaultLoader = jdk.internal.loader.ClassLoaders$PlatformClassLoader@2b31c5cb
2024-06-25 17:09:26,132 DEBUG sun.rmi.runtime.Log$LoggerLog [RMI TCP Connection(27)-127.0.0.1] RMI TCP Connection(27)-127.0.0.1: name = "java.rmi.server.UID", codebase = "", defaultLoader = jdk.internal.loader.ClassLoaders$PlatformClassLoader@2b31c5cb
2024-06-25 17:09:26,475 DEBUG sun.rmi.runtime.Log$LoggerLog [RMI TCP Connection(27)-127.0.0.1] RMI TCP Connection(27)-127.0.0.1: (port 61001) op = 82
2024-06-25 17:09:26,476 DEBUG sun.rmi.runtime.Log$LoggerLog [RMI TCP Connection(27)-127.0.0.1] RMI TCP Connection(27)-127.0.0.1: (port 61001) op = 80
2024-06-25 17:09:26,476 DEBUG sun.util.logging.internal.LoggingProviderImpl$JULWrapper [RMI TCP Connection(27)-127.0.0.1] connectionId=rmi://127.0.0.1  1
2024-06-25 17:09:36,633 DEBUG com.zaxxer.hikari.pool.HikariPool [HikariPool-1 housekeeper] HikariPool-1 - Pool stats (total=10, active=0, idle=10, waiting=0)
2024-06-25 17:09:36,634 DEBUG com.zaxxer.hikari.pool.HikariPool [HikariPool-1 housekeeper] HikariPool-1 - Fill pool skipped, pool is at sufficient level.
2024-06-25 17:09:47,377 DEBUG org.apache.juli.logging.DirectJDKLog [Catalina-utility-1] Start expire sessions StandardManager at 1719315587377 sessioncount 0
2024-06-25 17:09:47,378 DEBUG org.apache.juli.logging.DirectJDKLog [Catalina-utility-1] End expire sessions StandardManager processingTime 1 expired sessions: 0
2024-06-25 17:09:56,136 DEBUG sun.rmi.runtime.Log$LoggerLog [RMI TCP Connection(27)-127.0.0.1] RMI TCP Connection(27)-127.0.0.1: (port 61001) connection closed
2024-06-25 17:09:56,137 DEBUG sun.rmi.runtime.Log$LoggerLog [RMI TCP Connection(27)-127.0.0.1] RMI TCP Connection(27)-127.0.0.1: close connection, socket: Socket[addr=/127.0.0.1,port=60168,localport=61001]
2024-06-25 17:09:56,138 DEBUG sun.rmi.runtime.Log$LoggerLog [RMI TCP Connection(27)-127.0.0.1] RMI TCP Connection(27)-127.0.0.1: socket close: Socket[addr=/127.0.0.1,port=60168,localport=61001]
2024-06-25 17:10:06,653 DEBUG com.zaxxer.hikari.pool.HikariPool [HikariPool-1 housekeeper] HikariPool-1 - Pool stats (total=10, active=0, idle=10, waiting=0)
2024-06-25 17:10:06,653 DEBUG com.zaxxer.hikari.pool.HikariPool [HikariPool-1 housekeeper] HikariPool-1 - Fill pool skipped, pool is at sufficient level.
2024-06-25 17:10:26,485 DEBUG sun.rmi.runtime.Log$LoggerLog [RMI TCP Connection(28)-127.0.0.1] RMI TCP Connection(28)-127.0.0.1: accepted socket from [127.0.0.1:51508]
2024-06-25 17:10:26,486 DEBUG sun.rmi.runtime.Log$LoggerLog [RMI TCP Connection(28)-127.0.0.1] RMI TCP Connection(28)-127.0.0.1: (port 61001) op = 80
2024-06-25 17:10:26,487 DEBUG sun.util.logging.internal.LoggingProviderImpl$JULWrapper [RMI TCP Connection(28)-127.0.0.1] connectionId=rmi://127.0.0.1  1
2024-06-25 17:10:36,668 DEBUG com.zaxxer.hikari.pool.HikariPool [HikariPool-1 housekeeper] HikariPool-1 - Pool stats (total=10, active=0, idle=10, waiting=0)
2024-06-25 17:10:36,669 DEBUG com.zaxxer.hikari.pool.HikariPool [HikariPool-1 housekeeper] HikariPool-1 - Fill pool skipped, pool is at sufficient level.
2024-06-25 17:10:41,489 DEBUG sun.rmi.runtime.Log$LoggerLog [RMI TCP Connection(28)-127.0.0.1] RMI TCP Connection(28)-127.0.0.1: (port 61001) connection closed
2024-06-25 17:10:41,490 DEBUG sun.rmi.runtime.Log$LoggerLog [RMI TCP Connection(28)-127.0.0.1] RMI TCP Connection(28)-127.0.0.1: close connection, socket: Socket[addr=/127.0.0.1,port=51508,localport=61001]
2024-06-25 17:10:41,491 DEBUG sun.rmi.runtime.Log$LoggerLog [RMI TCP Connection(28)-127.0.0.1] RMI TCP Connection(28)-127.0.0.1: socket close: Socket[addr=/127.0.0.1,port=51508,localport=61001]
2024-06-25 17:10:47,593 DEBUG org.apache.juli.logging.DirectJDKLog [Catalina-utility-1] Start expire sessions StandardManager at 1719315647593 sessioncount 0
2024-06-25 17:10:47,595 DEBUG org.apache.juli.logging.DirectJDKLog [Catalina-utility-1] End expire sessions StandardManager processingTime 2 expired sessions: 0
2024-06-25 17:11:06,690 DEBUG com.zaxxer.hikari.pool.HikariPool [HikariPool-1 housekeeper] HikariPool-1 - Pool stats (total=10, active=0, idle=10, waiting=0)
2024-06-25 17:11:06,691 DEBUG com.zaxxer.hikari.pool.HikariPool [HikariPool-1 housekeeper] HikariPool-1 - Fill pool skipped, pool is at sufficient level.
2024-06-25 17:11:26,514 DEBUG sun.rmi.runtime.Log$LoggerLog [RMI TCP Connection(29)-127.0.0.1] RMI TCP Connection(29)-127.0.0.1: accepted socket from [127.0.0.1:64042]
2024-06-25 17:11:26,516 DEBUG sun.rmi.runtime.Log$LoggerLog [RMI TCP Connection(29)-127.0.0.1] RMI TCP Connection(29)-127.0.0.1: (port 61001) op = 80
2024-06-25 17:11:26,518 DEBUG sun.util.logging.internal.LoggingProviderImpl$JULWrapper [RMI TCP Connection(29)-127.0.0.1] connectionId=rmi://127.0.0.1  1
2024-06-25 17:11:36,705 DEBUG com.zaxxer.hikari.pool.HikariPool [HikariPool-1 housekeeper] HikariPool-1 - Pool stats (total=10, active=0, idle=10, waiting=0)
2024-06-25 17:11:36,705 DEBUG com.zaxxer.hikari.pool.HikariPool [HikariPool-1 housekeeper] HikariPool-1 - Fill pool skipped, pool is at sufficient level.
2024-06-25 17:11:41,522 DEBUG sun.rmi.runtime.Log$LoggerLog [RMI TCP Connection(29)-127.0.0.1] RMI TCP Connection(29)-127.0.0.1: (port 61001) connection closed
2024-06-25 17:11:41,523 DEBUG sun.rmi.runtime.Log$LoggerLog [RMI TCP Connection(29)-127.0.0.1] RMI TCP Connection(29)-127.0.0.1: close connection, socket: Socket[addr=/127.0.0.1,port=64042,localport=61001]
2024-06-25 17:11:41,525 DEBUG sun.rmi.runtime.Log$LoggerLog [RMI TCP Connection(29)-127.0.0.1] RMI TCP Connection(29)-127.0.0.1: socket close: Socket[addr=/127.0.0.1,port=64042,localport=61001]
2024-06-25 17:11:49,183 DEBUG org.apache.juli.logging.DirectJDKLog [Catalina-utility-2] Start expire sessions StandardManager at 1719315709183 sessioncount 0
2024-06-25 17:11:49,185 DEBUG org.apache.juli.logging.DirectJDKLog [Catalina-utility-2] End expire sessions StandardManager processingTime 1 expired sessions: 0
2024-06-25 17:12:06,711 DEBUG com.zaxxer.hikari.pool.HikariPool [HikariPool-1 housekeeper] HikariPool-1 - Pool stats (total=10, active=0, idle=10, waiting=0)
2024-06-25 17:12:06,713 DEBUG com.zaxxer.hikari.pool.HikariPool [HikariPool-1 housekeeper] HikariPool-1 - Fill pool skipped, pool is at sufficient level.
2024-06-25 17:12:26,531 DEBUG sun.rmi.runtime.Log$LoggerLog [RMI TCP Connection(30)-127.0.0.1] RMI TCP Connection(30)-127.0.0.1: accepted socket from [127.0.0.1:51146]
2024-06-25 17:12:26,532 DEBUG sun.rmi.runtime.Log$LoggerLog [RMI TCP Connection(30)-127.0.0.1] RMI TCP Connection(30)-127.0.0.1: (port 61001) op = 80
2024-06-25 17:12:26,533 DEBUG sun.util.logging.internal.LoggingProviderImpl$JULWrapper [RMI TCP Connection(30)-127.0.0.1] connectionId=rmi://127.0.0.1  1
2024-06-25 17:12:36,715 DEBUG com.zaxxer.hikari.pool.HikariPool [HikariPool-1 housekeeper] HikariPool-1 - Pool stats (total=10, active=0, idle=10, waiting=0)
2024-06-25 17:12:36,715 DEBUG com.zaxxer.hikari.pool.HikariPool [HikariPool-1 housekeeper] HikariPool-1 - Fill pool skipped, pool is at sufficient level.
2024-06-25 17:12:41,536 DEBUG sun.rmi.runtime.Log$LoggerLog [RMI TCP Connection(30)-127.0.0.1] RMI TCP Connection(30)-127.0.0.1: (port 61001) connection closed
2024-06-25 17:12:41,537 DEBUG sun.rmi.runtime.Log$LoggerLog [RMI TCP Connection(30)-127.0.0.1] RMI TCP Connection(30)-127.0.0.1: close connection, socket: Socket[addr=/127.0.0.1,port=51146,localport=61001]
2024-06-25 17:12:41,539 DEBUG sun.rmi.runtime.Log$LoggerLog [RMI TCP Connection(30)-127.0.0.1] RMI TCP Connection(30)-127.0.0.1: socket close: Socket[addr=/127.0.0.1,port=51146,localport=61001]
2024-06-25 17:12:49,207 DEBUG org.apache.juli.logging.DirectJDKLog [Catalina-utility-2] Start expire sessions StandardManager at 1719315769207 sessioncount 0
2024-06-25 17:12:49,221 DEBUG org.apache.juli.logging.DirectJDKLog [Catalina-utility-2] End expire sessions StandardManager processingTime 12 expired sessions: 0
2024-06-25 17:13:06,718 DEBUG com.zaxxer.hikari.pool.HikariPool [HikariPool-1 housekeeper] HikariPool-1 - Pool stats (total=10, active=0, idle=10, waiting=0)
2024-06-25 17:13:06,718 DEBUG com.zaxxer.hikari.pool.HikariPool [HikariPool-1 housekeeper] HikariPool-1 - Fill pool skipped, pool is at sufficient level.
2024-06-25 17:13:26,554 DEBUG sun.rmi.runtime.Log$LoggerLog [RMI TCP Connection(31)-127.0.0.1] RMI TCP Connection(31)-127.0.0.1: accepted socket from [127.0.0.1:62346]
2024-06-25 17:13:26,557 DEBUG sun.rmi.runtime.Log$LoggerLog [RMI TCP Connection(31)-127.0.0.1] RMI TCP Connection(31)-127.0.0.1: (port 61001) op = 80
2024-06-25 17:13:26,558 DEBUG sun.util.logging.internal.LoggingProviderImpl$JULWrapper [RMI TCP Connection(31)-127.0.0.1] connectionId=rmi://127.0.0.1  1
2024-06-25 17:13:36,723 DEBUG com.zaxxer.hikari.pool.HikariPool [HikariPool-1 housekeeper] HikariPool-1 - Pool stats (total=10, active=0, idle=10, waiting=0)
2024-06-25 17:13:36,723 DEBUG com.zaxxer.hikari.pool.HikariPool [HikariPool-1 housekeeper] HikariPool-1 - Fill pool skipped, pool is at sufficient level.
2024-06-25 17:13:41,562 DEBUG sun.rmi.runtime.Log$LoggerLog [RMI TCP Connection(31)-127.0.0.1] RMI TCP Connection(31)-127.0.0.1: (port 61001) connection closed
2024-06-25 17:13:41,564 DEBUG sun.rmi.runtime.Log$LoggerLog [RMI TCP Connection(31)-127.0.0.1] RMI TCP Connection(31)-127.0.0.1: close connection, socket: Socket[addr=/127.0.0.1,port=62346,localport=61001]
2024-06-25 17:13:41,566 DEBUG sun.rmi.runtime.Log$LoggerLog [RMI TCP Connection(31)-127.0.0.1] RMI TCP Connection(31)-127.0.0.1: socket close: Socket[addr=/127.0.0.1,port=62346,localport=61001]
2024-06-25 17:13:49,269 DEBUG org.apache.juli.logging.DirectJDKLog [Catalina-utility-2] Start expire sessions StandardManager at 1719315829269 sessioncount 0
2024-06-25 17:13:49,270 DEBUG org.apache.juli.logging.DirectJDKLog [Catalina-utility-2] End expire sessions StandardManager processingTime 1 expired sessions: 0
2024-06-25 17:13:56,881 DEBUG com.zaxxer.hikari.pool.PoolBase [HikariPool-1 connection closer] HikariPool-1 - Closing connection org.postgresql.jdbc.PgConnection@1cbfa66c: (connection has passed maxLifetime)
2024-06-25 17:13:56,897 DEBUG org.postgresql.Driver [HikariPool-1 connection adder] Connecting with URL: jdbc:postgresql://database-1.cnaee60qc6yl.us-east-2.rds.amazonaws.com/clubdb
2024-06-25 17:13:56,898 DEBUG org.postgresql.jdbc.PgConnection [HikariPool-1 connection adder] PostgreSQL JDBC Driver 42.2.14
2024-06-25 17:13:56,911 DEBUG org.postgresql.jdbc.PgConnection [HikariPool-1 connection adder]   setDefaultFetchSize = 0
2024-06-25 17:13:56,911 DEBUG org.postgresql.jdbc.PgConnection [HikariPool-1 connection adder]   setPrepareThreshold = 5
2024-06-25 17:13:56,913 DEBUG org.postgresql.core.v3.ConnectionFactoryImpl [HikariPool-1 connection adder] Trying to establish a protocol version 3 connection to database-1.cnaee60qc6yl.us-east-2.rds.amazonaws.com:5432
2024-06-25 17:14:06,731 DEBUG com.zaxxer.hikari.pool.HikariPool [HikariPool-1 housekeeper] HikariPool-1 - Pool stats (total=9, active=0, idle=9, waiting=0)
2024-06-25 17:14:06,732 DEBUG com.zaxxer.hikari.pool.HikariPool [HikariPool-1 housekeeper] HikariPool-1 - Fill pool skipped, pool is at sufficient level.
2024-06-25 17:14:08,837 DEBUG com.zaxxer.hikari.pool.HikariPool [HikariPool-1 housekeeper] HikariPool-1 - Add connection elided, waiting 0, queue 1
2024-06-25 17:14:08,839 DEBUG com.zaxxer.hikari.pool.PoolBase [HikariPool-1 connection closer] HikariPool-1 - Closing connection org.postgresql.jdbc.PgConnection@46a8c2b4: (connection has passed maxLifetime)
2024-06-25 17:14:08,981 DEBUG org.postgresql.Driver [HikariPool-1 connection adder] Connection error: 
org.postgresql.util.PSQLException: The connection attempt failed.
	at org.postgresql.core.v3.ConnectionFactoryImpl.openConnectionImpl(ConnectionFactoryImpl.java:297)
	at org.postgresql.core.ConnectionFactory.openConnection(ConnectionFactory.java:49)
	at org.postgresql.jdbc.PgConnection.<init>(PgConnection.java:217)
	at org.postgresql.Driver.makeConnection(Driver.java:458)
	at org.postgresql.Driver.connect(Driver.java:260)
	at com.zaxxer.hikari.util.DriverDataSource.getConnection(DriverDataSource.java:138)
	at com.zaxxer.hikari.pool.PoolBase.newConnection(PoolBase.java:358)
	at com.zaxxer.hikari.pool.PoolBase.newPoolEntry(PoolBase.java:206)
	at com.zaxxer.hikari.pool.HikariPool.createPoolEntry(HikariPool.java:477)
	at com.zaxxer.hikari.pool.HikariPool.access$100(HikariPool.java:71)
	at com.zaxxer.hikari.pool.HikariPool$PoolEntryCreator.call(HikariPool.java:725)
	at com.zaxxer.hikari.pool.HikariPool$PoolEntryCreator.call(HikariPool.java:711)
	at java.base/java.util.concurrent.FutureTask.run(FutureTask.java:264)
	at java.base/java.util.concurrent.ThreadPoolExecutor.runWorker(ThreadPoolExecutor.java:1136)
	at java.base/java.util.concurrent.ThreadPoolExecutor$Worker.run(ThreadPoolExecutor.java:635)
	at java.base/java.lang.Thread.run(Thread.java:833)
Caused by: java.net.UnknownHostException: database-1.cnaee60qc6yl.us-east-2.rds.amazonaws.com
	at java.base/sun.nio.ch.NioSocketImpl.connect(NioSocketImpl.java:567)
	at java.base/java.net.SocksSocketImpl.connect(SocksSocketImpl.java:327)
	at java.base/java.net.Socket.connect(Socket.java:633)
	at org.postgresql.core.PGStream.<init>(PGStream.java:81)
	at org.postgresql.core.v3.ConnectionFactoryImpl.tryConnect(ConnectionFactoryImpl.java:93)
	at org.postgresql.core.v3.ConnectionFactoryImpl.openConnectionImpl(ConnectionFactoryImpl.java:197)
	... 15 common frames omitted
2024-06-25 17:14:08,983 DEBUG com.zaxxer.hikari.pool.PoolBase [HikariPool-1 connection adder] HikariPool-1 - Failed to create/setup connection: The connection attempt failed.
2024-06-25 17:14:08,984 DEBUG com.zaxxer.hikari.pool.HikariPool [HikariPool-1 connection adder] HikariPool-1 - Cannot acquire connection from data source
org.postgresql.util.PSQLException: The connection attempt failed.
	at org.postgresql.core.v3.ConnectionFactoryImpl.openConnectionImpl(ConnectionFactoryImpl.java:297)
	at org.postgresql.core.ConnectionFactory.openConnection(ConnectionFactory.java:49)
	at org.postgresql.jdbc.PgConnection.<init>(PgConnection.java:217)
	at org.postgresql.Driver.makeConnection(Driver.java:458)
	at org.postgresql.Driver.connect(Driver.java:260)
	at com.zaxxer.hikari.util.DriverDataSource.getConnection(DriverDataSource.java:138)
	at com.zaxxer.hikari.pool.PoolBase.newConnection(PoolBase.java:358)
	at com.zaxxer.hikari.pool.PoolBase.newPoolEntry(PoolBase.java:206)
	at com.zaxxer.hikari.pool.HikariPool.createPoolEntry(HikariPool.java:477)
	at com.zaxxer.hikari.pool.HikariPool.access$100(HikariPool.java:71)
	at com.zaxxer.hikari.pool.HikariPool$PoolEntryCreator.call(HikariPool.java:725)
	at com.zaxxer.hikari.pool.HikariPool$PoolEntryCreator.call(HikariPool.java:711)
	at java.base/java.util.concurrent.FutureTask.run(FutureTask.java:264)
	at java.base/java.util.concurrent.ThreadPoolExecutor.runWorker(ThreadPoolExecutor.java:1136)
	at java.base/java.util.concurrent.ThreadPoolExecutor$Worker.run(ThreadPoolExecutor.java:635)
	at java.base/java.lang.Thread.run(Thread.java:833)
Caused by: java.net.UnknownHostException: database-1.cnaee60qc6yl.us-east-2.rds.amazonaws.com
	at java.base/sun.nio.ch.NioSocketImpl.connect(NioSocketImpl.java:567)
	at java.base/java.net.SocksSocketImpl.connect(SocksSocketImpl.java:327)
	at java.base/java.net.Socket.connect(Socket.java:633)
	at org.postgresql.core.PGStream.<init>(PGStream.java:81)
	at org.postgresql.core.v3.ConnectionFactoryImpl.tryConnect(ConnectionFactoryImpl.java:93)
	at org.postgresql.core.v3.ConnectionFactoryImpl.openConnectionImpl(ConnectionFactoryImpl.java:197)
	... 15 common frames omitted
2024-06-25 17:14:09,341 DEBUG org.postgresql.Driver [HikariPool-1 connection adder] Connecting with URL: jdbc:postgresql://database-1.cnaee60qc6yl.us-east-2.rds.amazonaws.com/clubdb
2024-06-25 17:14:09,342 DEBUG org.postgresql.jdbc.PgConnection [HikariPool-1 connection adder] PostgreSQL JDBC Driver 42.2.14
2024-06-25 17:14:09,342 DEBUG org.postgresql.jdbc.PgConnection [HikariPool-1 connection adder]   setDefaultFetchSize = 0
2024-06-25 17:14:09,343 DEBUG org.postgresql.jdbc.PgConnection [HikariPool-1 connection adder]   setPrepareThreshold = 5
2024-06-25 17:14:09,343 DEBUG org.postgresql.core.v3.ConnectionFactoryImpl [HikariPool-1 connection adder] Trying to establish a protocol version 3 connection to database-1.cnaee60qc6yl.us-east-2.rds.amazonaws.com:5432
2024-06-25 17:14:09,345 DEBUG org.postgresql.Driver [HikariPool-1 connection adder] Connection error: 
org.postgresql.util.PSQLException: The connection attempt failed.
	at org.postgresql.core.v3.ConnectionFactoryImpl.openConnectionImpl(ConnectionFactoryImpl.java:297)
	at org.postgresql.core.ConnectionFactory.openConnection(ConnectionFactory.java:49)
	at org.postgresql.jdbc.PgConnection.<init>(PgConnection.java:217)
	at org.postgresql.Driver.makeConnection(Driver.java:458)
	at org.postgresql.Driver.connect(Driver.java:260)
	at com.zaxxer.hikari.util.DriverDataSource.getConnection(DriverDataSource.java:138)
	at com.zaxxer.hikari.pool.PoolBase.newConnection(PoolBase.java:358)
	at com.zaxxer.hikari.pool.PoolBase.newPoolEntry(PoolBase.java:206)
	at com.zaxxer.hikari.pool.HikariPool.createPoolEntry(HikariPool.java:477)
	at com.zaxxer.hikari.pool.HikariPool.access$100(HikariPool.java:71)
	at com.zaxxer.hikari.pool.HikariPool$PoolEntryCreator.call(HikariPool.java:725)
	at com.zaxxer.hikari.pool.HikariPool$PoolEntryCreator.call(HikariPool.java:711)
	at java.base/java.util.concurrent.FutureTask.run(FutureTask.java:264)
	at java.base/java.util.concurrent.ThreadPoolExecutor.runWorker(ThreadPoolExecutor.java:1136)
	at java.base/java.util.concurrent.ThreadPoolExecutor$Worker.run(ThreadPoolExecutor.java:635)
	at java.base/java.lang.Thread.run(Thread.java:833)
Caused by: java.net.UnknownHostException: database-1.cnaee60qc6yl.us-east-2.rds.amazonaws.com
	at java.base/sun.nio.ch.NioSocketImpl.connect(NioSocketImpl.java:567)
	at java.base/java.net.SocksSocketImpl.connect(SocksSocketImpl.java:327)
	at java.base/java.net.Socket.connect(Socket.java:633)
	at org.postgresql.core.PGStream.<init>(PGStream.java:81)
	at org.postgresql.core.v3.ConnectionFactoryImpl.tryConnect(ConnectionFactoryImpl.java:93)
	at org.postgresql.core.v3.ConnectionFactoryImpl.openConnectionImpl(ConnectionFactoryImpl.java:197)
	... 15 common frames omitted
2024-06-25 17:14:09,346 DEBUG com.zaxxer.hikari.pool.HikariPool [HikariPool-1 connection adder] HikariPool-1 - Cannot acquire connection from data source
org.postgresql.util.PSQLException: The connection attempt failed.
	at org.postgresql.core.v3.ConnectionFactoryImpl.openConnectionImpl(ConnectionFactoryImpl.java:297)
	at org.postgresql.core.ConnectionFactory.openConnection(ConnectionFactory.java:49)
	at org.postgresql.jdbc.PgConnection.<init>(PgConnection.java:217)
	at org.postgresql.Driver.makeConnection(Driver.java:458)
	at org.postgresql.Driver.connect(Driver.java:260)
	at com.zaxxer.hikari.util.DriverDataSource.getConnection(DriverDataSource.java:138)
	at com.zaxxer.hikari.pool.PoolBase.newConnection(PoolBase.java:358)
	at com.zaxxer.hikari.pool.PoolBase.newPoolEntry(PoolBase.java:206)
	at com.zaxxer.hikari.pool.HikariPool.createPoolEntry(HikariPool.java:477)
	at com.zaxxer.hikari.pool.HikariPool.access$100(HikariPool.java:71)
	at com.zaxxer.hikari.pool.HikariPool$PoolEntryCreator.call(HikariPool.java:725)
	at com.zaxxer.hikari.pool.HikariPool$PoolEntryCreator.call(HikariPool.java:711)
	at java.base/java.util.concurrent.FutureTask.run(FutureTask.java:264)
	at java.base/java.util.concurrent.ThreadPoolExecutor.runWorker(ThreadPoolExecutor.java:1136)
	at java.base/java.util.concurrent.ThreadPoolExecutor$Worker.run(ThreadPoolExecutor.java:635)
	at java.base/java.lang.Thread.run(Thread.java:833)
Caused by: java.net.UnknownHostException: database-1.cnaee60qc6yl.us-east-2.rds.amazonaws.com
	at java.base/sun.nio.ch.NioSocketImpl.connect(NioSocketImpl.java:567)
	at java.base/java.net.SocksSocketImpl.connect(SocksSocketImpl.java:327)
	at java.base/java.net.Socket.connect(Socket.java:633)
	at org.postgresql.core.PGStream.<init>(PGStream.java:81)
	at org.postgresql.core.v3.ConnectionFactoryImpl.tryConnect(ConnectionFactoryImpl.java:93)
	at org.postgresql.core.v3.ConnectionFactoryImpl.openConnectionImpl(ConnectionFactoryImpl.java:197)
	... 15 common frames omitted
2024-06-25 17:14:09,829 DEBUG org.postgresql.Driver [HikariPool-1 connection adder] Connecting with URL: jdbc:postgresql://database-1.cnaee60qc6yl.us-east-2.rds.amazonaws.com/clubdb
2024-06-25 17:14:09,830 DEBUG org.postgresql.jdbc.PgConnection [HikariPool-1 connection adder] PostgreSQL JDBC Driver 42.2.14
2024-06-25 17:14:09,830 DEBUG org.postgresql.jdbc.PgConnection [HikariPool-1 connection adder]   setDefaultFetchSize = 0
2024-06-25 17:14:09,831 DEBUG org.postgresql.jdbc.PgConnection [HikariPool-1 connection adder]   setPrepareThreshold = 5
2024-06-25 17:14:09,831 DEBUG org.postgresql.core.v3.ConnectionFactoryImpl [HikariPool-1 connection adder] Trying to establish a protocol version 3 connection to database-1.cnaee60qc6yl.us-east-2.rds.amazonaws.com:5432
2024-06-25 17:14:09,833 DEBUG org.postgresql.Driver [HikariPool-1 connection adder] Connection error: 
org.postgresql.util.PSQLException: The connection attempt failed.
	at org.postgresql.core.v3.ConnectionFactoryImpl.openConnectionImpl(ConnectionFactoryImpl.java:297)
	at org.postgresql.core.ConnectionFactory.openConnection(ConnectionFactory.java:49)
	at org.postgresql.jdbc.PgConnection.<init>(PgConnection.java:217)
	at org.postgresql.Driver.makeConnection(Driver.java:458)
	at org.postgresql.Driver.connect(Driver.java:260)
	at com.zaxxer.hikari.util.DriverDataSource.getConnection(DriverDataSource.java:138)
	at com.zaxxer.hikari.pool.PoolBase.newConnection(PoolBase.java:358)
	at com.zaxxer.hikari.pool.PoolBase.newPoolEntry(PoolBase.java:206)
	at com.zaxxer.hikari.pool.HikariPool.createPoolEntry(HikariPool.java:477)
	at com.zaxxer.hikari.pool.HikariPool.access$100(HikariPool.java:71)
	at com.zaxxer.hikari.pool.HikariPool$PoolEntryCreator.call(HikariPool.java:725)
	at com.zaxxer.hikari.pool.HikariPool$PoolEntryCreator.call(HikariPool.java:711)
	at java.base/java.util.concurrent.FutureTask.run(FutureTask.java:264)
	at java.base/java.util.concurrent.ThreadPoolExecutor.runWorker(ThreadPoolExecutor.java:1136)
	at java.base/java.util.concurrent.ThreadPoolExecutor$Worker.run(ThreadPoolExecutor.java:635)
	at java.base/java.lang.Thread.run(Thread.java:833)
Caused by: java.net.UnknownHostException: database-1.cnaee60qc6yl.us-east-2.rds.amazonaws.com
	at java.base/sun.nio.ch.NioSocketImpl.connect(NioSocketImpl.java:567)
	at java.base/java.net.SocksSocketImpl.connect(SocksSocketImpl.java:327)
	at java.base/java.net.Socket.connect(Socket.java:633)
	at org.postgresql.core.PGStream.<init>(PGStream.java:81)
	at org.postgresql.core.v3.ConnectionFactoryImpl.tryConnect(ConnectionFactoryImpl.java:93)
	at org.postgresql.core.v3.ConnectionFactoryImpl.openConnectionImpl(ConnectionFactoryImpl.java:197)
	... 15 common frames omitted
2024-06-25 17:14:09,833 DEBUG com.zaxxer.hikari.pool.HikariPool [HikariPool-1 connection adder] HikariPool-1 - Cannot acquire connection from data source
org.postgresql.util.PSQLException: The connection attempt failed.
	at org.postgresql.core.v3.ConnectionFactoryImpl.openConnectionImpl(ConnectionFactoryImpl.java:297)
	at org.postgresql.core.ConnectionFactory.openConnection(ConnectionFactory.java:49)
	at org.postgresql.jdbc.PgConnection.<init>(PgConnection.java:217)
	at org.postgresql.Driver.makeConnection(Driver.java:458)
	at org.postgresql.Driver.connect(Driver.java:260)
	at com.zaxxer.hikari.util.DriverDataSource.getConnection(DriverDataSource.java:138)
	at com.zaxxer.hikari.pool.PoolBase.newConnection(PoolBase.java:358)
	at com.zaxxer.hikari.pool.PoolBase.newPoolEntry(PoolBase.java:206)
	at com.zaxxer.hikari.pool.HikariPool.createPoolEntry(HikariPool.java:477)
	at com.zaxxer.hikari.pool.HikariPool.access$100(HikariPool.java:71)
	at com.zaxxer.hikari.pool.HikariPool$PoolEntryCreator.call(HikariPool.java:725)
	at com.zaxxer.hikari.pool.HikariPool$PoolEntryCreator.call(HikariPool.java:711)
	at java.base/java.util.concurrent.FutureTask.run(FutureTask.java:264)
	at java.base/java.util.concurrent.ThreadPoolExecutor.runWorker(ThreadPoolExecutor.java:1136)
	at java.base/java.util.concurrent.ThreadPoolExecutor$Worker.run(ThreadPoolExecutor.java:635)
	at java.base/java.lang.Thread.run(Thread.java:833)
Caused by: java.net.UnknownHostException: database-1.cnaee60qc6yl.us-east-2.rds.amazonaws.com
	at java.base/sun.nio.ch.NioSocketImpl.connect(NioSocketImpl.java:567)
	at java.base/java.net.SocksSocketImpl.connect(SocksSocketImpl.java:327)
	at java.base/java.net.Socket.connect(Socket.java:633)
	at org.postgresql.core.PGStream.<init>(PGStream.java:81)
	at org.postgresql.core.v3.ConnectionFactoryImpl.tryConnect(ConnectionFactoryImpl.java:93)
	at org.postgresql.core.v3.ConnectionFactoryImpl.openConnectionImpl(ConnectionFactoryImpl.java:197)
	... 15 common frames omitted
2024-06-25 17:14:10,417 DEBUG org.postgresql.Driver [HikariPool-1 connection adder] Connecting with URL: jdbc:postgresql://database-1.cnaee60qc6yl.us-east-2.rds.amazonaws.com/clubdb
2024-06-25 17:14:10,417 DEBUG org.postgresql.jdbc.PgConnection [HikariPool-1 connection adder] PostgreSQL JDBC Driver 42.2.14
2024-06-25 17:14:10,418 DEBUG org.postgresql.jdbc.PgConnection [HikariPool-1 connection adder]   setDefaultFetchSize = 0
2024-06-25 17:14:10,418 DEBUG org.postgresql.jdbc.PgConnection [HikariPool-1 connection adder]   setPrepareThreshold = 5
2024-06-25 17:14:10,419 DEBUG org.postgresql.core.v3.ConnectionFactoryImpl [HikariPool-1 connection adder] Trying to establish a protocol version 3 connection to database-1.cnaee60qc6yl.us-east-2.rds.amazonaws.com:5432
2024-06-25 17:14:10,420 DEBUG org.postgresql.Driver [HikariPool-1 connection adder] Connection error: 
org.postgresql.util.PSQLException: The connection attempt failed.
	at org.postgresql.core.v3.ConnectionFactoryImpl.openConnectionImpl(ConnectionFactoryImpl.java:297)
	at org.postgresql.core.ConnectionFactory.openConnection(ConnectionFactory.java:49)
	at org.postgresql.jdbc.PgConnection.<init>(PgConnection.java:217)
	at org.postgresql.Driver.makeConnection(Driver.java:458)
	at org.postgresql.Driver.connect(Driver.java:260)
	at com.zaxxer.hikari.util.DriverDataSource.getConnection(DriverDataSource.java:138)
	at com.zaxxer.hikari.pool.PoolBase.newConnection(PoolBase.java:358)
	at com.zaxxer.hikari.pool.PoolBase.newPoolEntry(PoolBase.java:206)
	at com.zaxxer.hikari.pool.HikariPool.createPoolEntry(HikariPool.java:477)
	at com.zaxxer.hikari.pool.HikariPool.access$100(HikariPool.java:71)
	at com.zaxxer.hikari.pool.HikariPool$PoolEntryCreator.call(HikariPool.java:725)
	at com.zaxxer.hikari.pool.HikariPool$PoolEntryCreator.call(HikariPool.java:711)
	at java.base/java.util.concurrent.FutureTask.run(FutureTask.java:264)
	at java.base/java.util.concurrent.ThreadPoolExecutor.runWorker(ThreadPoolExecutor.java:1136)
	at java.base/java.util.concurrent.ThreadPoolExecutor$Worker.run(ThreadPoolExecutor.java:635)
	at java.base/java.lang.Thread.run(Thread.java:833)
Caused by: java.net.UnknownHostException: database-1.cnaee60qc6yl.us-east-2.rds.amazonaws.com
	at java.base/sun.nio.ch.NioSocketImpl.connect(NioSocketImpl.java:567)
	at java.base/java.net.SocksSocketImpl.connect(SocksSocketImpl.java:327)
	at java.base/java.net.Socket.connect(Socket.java:633)
	at org.postgresql.core.PGStream.<init>(PGStream.java:81)
	at org.postgresql.core.v3.ConnectionFactoryImpl.tryConnect(ConnectionFactoryImpl.java:93)
	at org.postgresql.core.v3.ConnectionFactoryImpl.openConnectionImpl(ConnectionFactoryImpl.java:197)
	... 15 common frames omitted
2024-06-25 17:14:10,420 DEBUG com.zaxxer.hikari.pool.HikariPool [HikariPool-1 connection adder] HikariPool-1 - Cannot acquire connection from data source
org.postgresql.util.PSQLException: The connection attempt failed.
	at org.postgresql.core.v3.ConnectionFactoryImpl.openConnectionImpl(ConnectionFactoryImpl.java:297)
	at org.postgresql.core.ConnectionFactory.openConnection(ConnectionFactory.java:49)
	at org.postgresql.jdbc.PgConnection.<init>(PgConnection.java:217)
	at org.postgresql.Driver.makeConnection(Driver.java:458)
	at org.postgresql.Driver.connect(Driver.java:260)
	at com.zaxxer.hikari.util.DriverDataSource.getConnection(DriverDataSource.java:138)
	at com.zaxxer.hikari.pool.PoolBase.newConnection(PoolBase.java:358)
	at com.zaxxer.hikari.pool.PoolBase.newPoolEntry(PoolBase.java:206)
	at com.zaxxer.hikari.pool.HikariPool.createPoolEntry(HikariPool.java:477)
	at com.zaxxer.hikari.pool.HikariPool.access$100(HikariPool.java:71)
	at com.zaxxer.hikari.pool.HikariPool$PoolEntryCreator.call(HikariPool.java:725)
	at com.zaxxer.hikari.pool.HikariPool$PoolEntryCreator.call(HikariPool.java:711)
	at java.base/java.util.concurrent.FutureTask.run(FutureTask.java:264)
	at java.base/java.util.concurrent.ThreadPoolExecutor.runWorker(ThreadPoolExecutor.java:1136)
	at java.base/java.util.concurrent.ThreadPoolExecutor$Worker.run(ThreadPoolExecutor.java:635)
	at java.base/java.lang.Thread.run(Thread.java:833)
Caused by: java.net.UnknownHostException: database-1.cnaee60qc6yl.us-east-2.rds.amazonaws.com
	at java.base/sun.nio.ch.NioSocketImpl.connect(NioSocketImpl.java:567)
	at java.base/java.net.SocksSocketImpl.connect(SocksSocketImpl.java:327)
	at java.base/java.net.Socket.connect(Socket.java:633)
	at org.postgresql.core.PGStream.<init>(PGStream.java:81)
	at org.postgresql.core.v3.ConnectionFactoryImpl.tryConnect(ConnectionFactoryImpl.java:93)
	at org.postgresql.core.v3.ConnectionFactoryImpl.openConnectionImpl(ConnectionFactoryImpl.java:197)
	... 15 common frames omitted
2024-06-25 17:14:11,831 DEBUG org.postgresql.Driver [HikariPool-1 connection adder] Connecting with URL: jdbc:postgresql://database-1.cnaee60qc6yl.us-east-2.rds.amazonaws.com/clubdb
2024-06-25 17:14:11,831 DEBUG org.postgresql.jdbc.PgConnection [HikariPool-1 connection adder] PostgreSQL JDBC Driver 42.2.14
2024-06-25 17:14:11,832 DEBUG org.postgresql.jdbc.PgConnection [HikariPool-1 connection adder]   setDefaultFetchSize = 0
2024-06-25 17:14:11,832 DEBUG org.postgresql.jdbc.PgConnection [HikariPool-1 connection adder]   setPrepareThreshold = 5
2024-06-25 17:14:11,833 DEBUG org.postgresql.core.v3.ConnectionFactoryImpl [HikariPool-1 connection adder] Trying to establish a protocol version 3 connection to database-1.cnaee60qc6yl.us-east-2.rds.amazonaws.com:5432
2024-06-25 17:14:11,834 DEBUG org.postgresql.Driver [HikariPool-1 connection adder] Connection error: 
org.postgresql.util.PSQLException: The connection attempt failed.
	at org.postgresql.core.v3.ConnectionFactoryImpl.openConnectionImpl(ConnectionFactoryImpl.java:297)
	at org.postgresql.core.ConnectionFactory.openConnection(ConnectionFactory.java:49)
	at org.postgresql.jdbc.PgConnection.<init>(PgConnection.java:217)
	at org.postgresql.Driver.makeConnection(Driver.java:458)
	at org.postgresql.Driver.connect(Driver.java:260)
	at com.zaxxer.hikari.util.DriverDataSource.getConnection(DriverDataSource.java:138)
	at com.zaxxer.hikari.pool.PoolBase.newConnection(PoolBase.java:358)
	at com.zaxxer.hikari.pool.PoolBase.newPoolEntry(PoolBase.java:206)
	at com.zaxxer.hikari.pool.HikariPool.createPoolEntry(HikariPool.java:477)
	at com.zaxxer.hikari.pool.HikariPool.access$100(HikariPool.java:71)
	at com.zaxxer.hikari.pool.HikariPool$PoolEntryCreator.call(HikariPool.java:725)
	at com.zaxxer.hikari.pool.HikariPool$PoolEntryCreator.call(HikariPool.java:711)
	at java.base/java.util.concurrent.FutureTask.run(FutureTask.java:264)
	at java.base/java.util.concurrent.ThreadPoolExecutor.runWorker(ThreadPoolExecutor.java:1136)
	at java.base/java.util.concurrent.ThreadPoolExecutor$Worker.run(ThreadPoolExecutor.java:635)
	at java.base/java.lang.Thread.run(Thread.java:833)
Caused by: java.net.UnknownHostException: database-1.cnaee60qc6yl.us-east-2.rds.amazonaws.com
	at java.base/sun.nio.ch.NioSocketImpl.connect(NioSocketImpl.java:567)
	at java.base/java.net.SocksSocketImpl.connect(SocksSocketImpl.java:327)
	at java.base/java.net.Socket.connect(Socket.java:633)
	at org.postgresql.core.PGStream.<init>(PGStream.java:81)
	at org.postgresql.core.v3.ConnectionFactoryImpl.tryConnect(ConnectionFactoryImpl.java:93)
	at org.postgresql.core.v3.ConnectionFactoryImpl.openConnectionImpl(ConnectionFactoryImpl.java:197)
	... 15 common frames omitted
2024-06-25 17:14:11,834 DEBUG com.zaxxer.hikari.pool.HikariPool [HikariPool-1 connection adder] HikariPool-1 - Cannot acquire connection from data source
org.postgresql.util.PSQLException: The connection attempt failed.
	at org.postgresql.core.v3.ConnectionFactoryImpl.openConnectionImpl(ConnectionFactoryImpl.java:297)
	at org.postgresql.core.ConnectionFactory.openConnection(ConnectionFactory.java:49)
	at org.postgresql.jdbc.PgConnection.<init>(PgConnection.java:217)
	at org.postgresql.Driver.makeConnection(Driver.java:458)
	at org.postgresql.Driver.connect(Driver.java:260)
	at com.zaxxer.hikari.util.DriverDataSource.getConnection(DriverDataSource.java:138)
	at com.zaxxer.hikari.pool.PoolBase.newConnection(PoolBase.java:358)
	at com.zaxxer.hikari.pool.PoolBase.newPoolEntry(PoolBase.java:206)
	at com.zaxxer.hikari.pool.HikariPool.createPoolEntry(HikariPool.java:477)
	at com.zaxxer.hikari.pool.HikariPool.access$100(HikariPool.java:71)
	at com.zaxxer.hikari.pool.HikariPool$PoolEntryCreator.call(HikariPool.java:725)
	at com.zaxxer.hikari.pool.HikariPool$PoolEntryCreator.call(HikariPool.java:711)
	at java.base/java.util.concurrent.FutureTask.run(FutureTask.java:264)
	at java.base/java.util.concurrent.ThreadPoolExecutor.runWorker(ThreadPoolExecutor.java:1136)
	at java.base/java.util.concurrent.ThreadPoolExecutor$Worker.run(ThreadPoolExecutor.java:635)
	at java.base/java.lang.Thread.run(Thread.java:833)
Caused by: java.net.UnknownHostException: database-1.cnaee60qc6yl.us-east-2.rds.amazonaws.com
	at java.base/sun.nio.ch.NioSocketImpl.connect(NioSocketImpl.java:567)
	at java.base/java.net.SocksSocketImpl.connect(SocksSocketImpl.java:327)
	at java.base/java.net.Socket.connect(Socket.java:633)
	at org.postgresql.core.PGStream.<init>(PGStream.java:81)
	at org.postgresql.core.v3.ConnectionFactoryImpl.tryConnect(ConnectionFactoryImpl.java:93)
	at org.postgresql.core.v3.ConnectionFactoryImpl.openConnectionImpl(ConnectionFactoryImpl.java:197)
	... 15 common frames omitted
2024-06-25 17:14:12,669 DEBUG com.zaxxer.hikari.pool.PoolBase [HikariPool-1 connection closer] HikariPool-1 - Closing connection org.postgresql.jdbc.PgConnection@424b497f: (connection has passed maxLifetime)
2024-06-25 17:14:12,669 DEBUG com.zaxxer.hikari.pool.HikariPool [HikariPool-1 housekeeper] HikariPool-1 - Add connection elided, waiting 0, queue 2
2024-06-25 17:14:13,128 DEBUG org.postgresql.Driver [HikariPool-1 connection adder] Connecting with URL: jdbc:postgresql://database-1.cnaee60qc6yl.us-east-2.rds.amazonaws.com/clubdb
2024-06-25 17:14:13,129 DEBUG org.postgresql.jdbc.PgConnection [HikariPool-1 connection adder] PostgreSQL JDBC Driver 42.2.14
2024-06-25 17:14:13,130 DEBUG org.postgresql.jdbc.PgConnection [HikariPool-1 connection adder]   setDefaultFetchSize = 0
2024-06-25 17:14:13,131 DEBUG org.postgresql.jdbc.PgConnection [HikariPool-1 connection adder]   setPrepareThreshold = 5
2024-06-25 17:14:13,131 DEBUG org.postgresql.core.v3.ConnectionFactoryImpl [HikariPool-1 connection adder] Trying to establish a protocol version 3 connection to database-1.cnaee60qc6yl.us-east-2.rds.amazonaws.com:5432
2024-06-25 17:14:13,133 DEBUG org.postgresql.Driver [HikariPool-1 connection adder] Connection error: 
org.postgresql.util.PSQLException: The connection attempt failed.
	at org.postgresql.core.v3.ConnectionFactoryImpl.openConnectionImpl(ConnectionFactoryImpl.java:297)
	at org.postgresql.core.ConnectionFactory.openConnection(ConnectionFactory.java:49)
	at org.postgresql.jdbc.PgConnection.<init>(PgConnection.java:217)
	at org.postgresql.Driver.makeConnection(Driver.java:458)
	at org.postgresql.Driver.connect(Driver.java:260)
	at com.zaxxer.hikari.util.DriverDataSource.getConnection(DriverDataSource.java:138)
	at com.zaxxer.hikari.pool.PoolBase.newConnection(PoolBase.java:358)
	at com.zaxxer.hikari.pool.PoolBase.newPoolEntry(PoolBase.java:206)
	at com.zaxxer.hikari.pool.HikariPool.createPoolEntry(HikariPool.java:477)
	at com.zaxxer.hikari.pool.HikariPool.access$100(HikariPool.java:71)
	at com.zaxxer.hikari.pool.HikariPool$PoolEntryCreator.call(HikariPool.java:725)
	at com.zaxxer.hikari.pool.HikariPool$PoolEntryCreator.call(HikariPool.java:711)
	at java.base/java.util.concurrent.FutureTask.run(FutureTask.java:264)
	at java.base/java.util.concurrent.ThreadPoolExecutor.runWorker(ThreadPoolExecutor.java:1136)
	at java.base/java.util.concurrent.ThreadPoolExecutor$Worker.run(ThreadPoolExecutor.java:635)
	at java.base/java.lang.Thread.run(Thread.java:833)
Caused by: java.net.UnknownHostException: database-1.cnaee60qc6yl.us-east-2.rds.amazonaws.com
	at java.base/sun.nio.ch.NioSocketImpl.connect(NioSocketImpl.java:567)
	at java.base/java.net.SocksSocketImpl.connect(SocksSocketImpl.java:327)
	at java.base/java.net.Socket.connect(Socket.java:633)
	at org.postgresql.core.PGStream.<init>(PGStream.java:81)
	at org.postgresql.core.v3.ConnectionFactoryImpl.tryConnect(ConnectionFactoryImpl.java:93)
	at org.postgresql.core.v3.ConnectionFactoryImpl.openConnectionImpl(ConnectionFactoryImpl.java:197)
	... 15 common frames omitted
2024-06-25 17:14:13,134 DEBUG com.zaxxer.hikari.pool.HikariPool [HikariPool-1 connection adder] HikariPool-1 - Cannot acquire connection from data source
org.postgresql.util.PSQLException: The connection attempt failed.
	at org.postgresql.core.v3.ConnectionFactoryImpl.openConnectionImpl(ConnectionFactoryImpl.java:297)
	at org.postgresql.core.ConnectionFactory.openConnection(ConnectionFactory.java:49)
	at org.postgresql.jdbc.PgConnection.<init>(PgConnection.java:217)
	at org.postgresql.Driver.makeConnection(Driver.java:458)
	at org.postgresql.Driver.connect(Driver.java:260)
	at com.zaxxer.hikari.util.DriverDataSource.getConnection(DriverDataSource.java:138)
	at com.zaxxer.hikari.pool.PoolBase.newConnection(PoolBase.java:358)
	at com.zaxxer.hikari.pool.PoolBase.newPoolEntry(PoolBase.java:206)
	at com.zaxxer.hikari.pool.HikariPool.createPoolEntry(HikariPool.java:477)
	at com.zaxxer.hikari.pool.HikariPool.access$100(HikariPool.java:71)
	at com.zaxxer.hikari.pool.HikariPool$PoolEntryCreator.call(HikariPool.java:725)
	at com.zaxxer.hikari.pool.HikariPool$PoolEntryCreator.call(HikariPool.java:711)
	at java.base/java.util.concurrent.FutureTask.run(FutureTask.java:264)
	at java.base/java.util.concurrent.ThreadPoolExecutor.runWorker(ThreadPoolExecutor.java:1136)
	at java.base/java.util.concurrent.ThreadPoolExecutor$Worker.run(ThreadPoolExecutor.java:635)
	at java.base/java.lang.Thread.run(Thread.java:833)
Caused by: java.net.UnknownHostException: database-1.cnaee60qc6yl.us-east-2.rds.amazonaws.com
	at java.base/sun.nio.ch.NioSocketImpl.connect(NioSocketImpl.java:567)
	at java.base/java.net.SocksSocketImpl.connect(SocksSocketImpl.java:327)
	at java.base/java.net.Socket.connect(Socket.java:633)
	at org.postgresql.core.PGStream.<init>(PGStream.java:81)
	at org.postgresql.core.v3.ConnectionFactoryImpl.tryConnect(ConnectionFactoryImpl.java:93)
	at org.postgresql.core.v3.ConnectionFactoryImpl.openConnectionImpl(ConnectionFactoryImpl.java:197)
	... 15 common frames omitted
2024-06-25 17:14:15,921 DEBUG org.postgresql.Driver [HikariPool-1 connection adder] Connecting with URL: jdbc:postgresql://database-1.cnaee60qc6yl.us-east-2.rds.amazonaws.com/clubdb
2024-06-25 17:14:15,923 DEBUG org.postgresql.jdbc.PgConnection [HikariPool-1 connection adder] PostgreSQL JDBC Driver 42.2.14
2024-06-25 17:14:15,923 DEBUG org.postgresql.jdbc.PgConnection [HikariPool-1 connection adder]   setDefaultFetchSize = 0
2024-06-25 17:14:15,924 DEBUG org.postgresql.jdbc.PgConnection [HikariPool-1 connection adder]   setPrepareThreshold = 5
2024-06-25 17:14:15,924 DEBUG org.postgresql.core.v3.ConnectionFactoryImpl [HikariPool-1 connection adder] Trying to establish a protocol version 3 connection to database-1.cnaee60qc6yl.us-east-2.rds.amazonaws.com:5432
2024-06-25 17:14:15,925 DEBUG org.postgresql.Driver [HikariPool-1 connection adder] Connection error: 
org.postgresql.util.PSQLException: The connection attempt failed.
	at org.postgresql.core.v3.ConnectionFactoryImpl.openConnectionImpl(ConnectionFactoryImpl.java:297)
	at org.postgresql.core.ConnectionFactory.openConnection(ConnectionFactory.java:49)
	at org.postgresql.jdbc.PgConnection.<init>(PgConnection.java:217)
	at org.postgresql.Driver.makeConnection(Driver.java:458)
	at org.postgresql.Driver.connect(Driver.java:260)
	at com.zaxxer.hikari.util.DriverDataSource.getConnection(DriverDataSource.java:138)
	at com.zaxxer.hikari.pool.PoolBase.newConnection(PoolBase.java:358)
	at com.zaxxer.hikari.pool.PoolBase.newPoolEntry(PoolBase.java:206)
	at com.zaxxer.hikari.pool.HikariPool.createPoolEntry(HikariPool.java:477)
	at com.zaxxer.hikari.pool.HikariPool.access$100(HikariPool.java:71)
	at com.zaxxer.hikari.pool.HikariPool$PoolEntryCreator.call(HikariPool.java:725)
	at com.zaxxer.hikari.pool.HikariPool$PoolEntryCreator.call(HikariPool.java:711)
	at java.base/java.util.concurrent.FutureTask.run(FutureTask.java:264)
	at java.base/java.util.concurrent.ThreadPoolExecutor.runWorker(ThreadPoolExecutor.java:1136)
	at java.base/java.util.concurrent.ThreadPoolExecutor$Worker.run(ThreadPoolExecutor.java:635)
	at java.base/java.lang.Thread.run(Thread.java:833)
Caused by: java.net.UnknownHostException: database-1.cnaee60qc6yl.us-east-2.rds.amazonaws.com
	at java.base/sun.nio.ch.NioSocketImpl.connect(NioSocketImpl.java:567)
	at java.base/java.net.SocksSocketImpl.connect(SocksSocketImpl.java:327)
	at java.base/java.net.Socket.connect(Socket.java:633)
	at org.postgresql.core.PGStream.<init>(PGStream.java:81)
	at org.postgresql.core.v3.ConnectionFactoryImpl.tryConnect(ConnectionFactoryImpl.java:93)
	at org.postgresql.core.v3.ConnectionFactoryImpl.openConnectionImpl(ConnectionFactoryImpl.java:197)
	... 15 common frames omitted
2024-06-25 17:14:15,926 DEBUG com.zaxxer.hikari.pool.HikariPool [HikariPool-1 connection adder] HikariPool-1 - Cannot acquire connection from data source
org.postgresql.util.PSQLException: The connection attempt failed.
	at org.postgresql.core.v3.ConnectionFactoryImpl.openConnectionImpl(ConnectionFactoryImpl.java:297)
	at org.postgresql.core.ConnectionFactory.openConnection(ConnectionFactory.java:49)
	at org.postgresql.jdbc.PgConnection.<init>(PgConnection.java:217)
	at org.postgresql.Driver.makeConnection(Driver.java:458)
	at org.postgresql.Driver.connect(Driver.java:260)
	at com.zaxxer.hikari.util.DriverDataSource.getConnection(DriverDataSource.java:138)
	at com.zaxxer.hikari.pool.PoolBase.newConnection(PoolBase.java:358)
	at com.zaxxer.hikari.pool.PoolBase.newPoolEntry(PoolBase.java:206)
	at com.zaxxer.hikari.pool.HikariPool.createPoolEntry(HikariPool.java:477)
	at com.zaxxer.hikari.pool.HikariPool.access$100(HikariPool.java:71)
	at com.zaxxer.hikari.pool.HikariPool$PoolEntryCreator.call(HikariPool.java:725)
	at com.zaxxer.hikari.pool.HikariPool$PoolEntryCreator.call(HikariPool.java:711)
	at java.base/java.util.concurrent.FutureTask.run(FutureTask.java:264)
	at java.base/java.util.concurrent.ThreadPoolExecutor.runWorker(ThreadPoolExecutor.java:1136)
	at java.base/java.util.concurrent.ThreadPoolExecutor$Worker.run(ThreadPoolExecutor.java:635)
	at java.base/java.lang.Thread.run(Thread.java:833)
Caused by: java.net.UnknownHostException: database-1.cnaee60qc6yl.us-east-2.rds.amazonaws.com
	at java.base/sun.nio.ch.NioSocketImpl.connect(NioSocketImpl.java:567)
	at java.base/java.net.SocksSocketImpl.connect(SocksSocketImpl.java:327)
	at java.base/java.net.Socket.connect(Socket.java:633)
	at org.postgresql.core.PGStream.<init>(PGStream.java:81)
	at org.postgresql.core.v3.ConnectionFactoryImpl.tryConnect(ConnectionFactoryImpl.java:93)
	at org.postgresql.core.v3.ConnectionFactoryImpl.openConnectionImpl(ConnectionFactoryImpl.java:197)
	... 15 common frames omitted
2024-06-25 17:14:16,605 DEBUG com.zaxxer.hikari.pool.PoolBase [HikariPool-1 connection closer] HikariPool-1 - Closing connection org.postgresql.jdbc.PgConnection@4c2104e6: (connection has passed maxLifetime)
2024-06-25 17:14:16,605 DEBUG com.zaxxer.hikari.pool.HikariPool [HikariPool-1 housekeeper] HikariPool-1 - Add connection elided, waiting 0, queue 3
2024-06-25 17:14:18,851 DEBUG org.postgresql.Driver [HikariPool-1 connection adder] Connecting with URL: jdbc:postgresql://database-1.cnaee60qc6yl.us-east-2.rds.amazonaws.com/clubdb
2024-06-25 17:14:18,852 DEBUG org.postgresql.jdbc.PgConnection [HikariPool-1 connection adder] PostgreSQL JDBC Driver 42.2.14
2024-06-25 17:14:18,852 DEBUG org.postgresql.jdbc.PgConnection [HikariPool-1 connection adder]   setDefaultFetchSize = 0
2024-06-25 17:14:18,854 DEBUG org.postgresql.jdbc.PgConnection [HikariPool-1 connection adder]   setPrepareThreshold = 5
2024-06-25 17:14:18,855 DEBUG org.postgresql.core.v3.ConnectionFactoryImpl [HikariPool-1 connection adder] Trying to establish a protocol version 3 connection to database-1.cnaee60qc6yl.us-east-2.rds.amazonaws.com:5432
2024-06-25 17:14:18,858 DEBUG org.postgresql.Driver [HikariPool-1 connection adder] Connection error: 
org.postgresql.util.PSQLException: The connection attempt failed.
	at org.postgresql.core.v3.ConnectionFactoryImpl.openConnectionImpl(ConnectionFactoryImpl.java:297)
	at org.postgresql.core.ConnectionFactory.openConnection(ConnectionFactory.java:49)
	at org.postgresql.jdbc.PgConnection.<init>(PgConnection.java:217)
	at org.postgresql.Driver.makeConnection(Driver.java:458)
	at org.postgresql.Driver.connect(Driver.java:260)
	at com.zaxxer.hikari.util.DriverDataSource.getConnection(DriverDataSource.java:138)
	at com.zaxxer.hikari.pool.PoolBase.newConnection(PoolBase.java:358)
	at com.zaxxer.hikari.pool.PoolBase.newPoolEntry(PoolBase.java:206)
	at com.zaxxer.hikari.pool.HikariPool.createPoolEntry(HikariPool.java:477)
	at com.zaxxer.hikari.pool.HikariPool.access$100(HikariPool.java:71)
	at com.zaxxer.hikari.pool.HikariPool$PoolEntryCreator.call(HikariPool.java:725)
	at com.zaxxer.hikari.pool.HikariPool$PoolEntryCreator.call(HikariPool.java:711)
	at java.base/java.util.concurrent.FutureTask.run(FutureTask.java:264)
	at java.base/java.util.concurrent.ThreadPoolExecutor.runWorker(ThreadPoolExecutor.java:1136)
	at java.base/java.util.concurrent.ThreadPoolExecutor$Worker.run(ThreadPoolExecutor.java:635)
	at java.base/java.lang.Thread.run(Thread.java:833)
Caused by: java.net.UnknownHostException: database-1.cnaee60qc6yl.us-east-2.rds.amazonaws.com
	at java.base/sun.nio.ch.NioSocketImpl.connect(NioSocketImpl.java:567)
	at java.base/java.net.SocksSocketImpl.connect(SocksSocketImpl.java:327)
	at java.base/java.net.Socket.connect(Socket.java:633)
	at org.postgresql.core.PGStream.<init>(PGStream.java:81)
	at org.postgresql.core.v3.ConnectionFactoryImpl.tryConnect(ConnectionFactoryImpl.java:93)
	at org.postgresql.core.v3.ConnectionFactoryImpl.openConnectionImpl(ConnectionFactoryImpl.java:197)
	... 15 common frames omitted
2024-06-25 17:14:18,859 DEBUG com.zaxxer.hikari.pool.HikariPool [HikariPool-1 connection adder] HikariPool-1 - Cannot acquire connection from data source
org.postgresql.util.PSQLException: The connection attempt failed.
	at org.postgresql.core.v3.ConnectionFactoryImpl.openConnectionImpl(ConnectionFactoryImpl.java:297)
	at org.postgresql.core.ConnectionFactory.openConnection(ConnectionFactory.java:49)
	at org.postgresql.jdbc.PgConnection.<init>(PgConnection.java:217)
	at org.postgresql.Driver.makeConnection(Driver.java:458)
	at org.postgresql.Driver.connect(Driver.java:260)
	at com.zaxxer.hikari.util.DriverDataSource.getConnection(DriverDataSource.java:138)
	at com.zaxxer.hikari.pool.PoolBase.newConnection(PoolBase.java:358)
	at com.zaxxer.hikari.pool.PoolBase.newPoolEntry(PoolBase.java:206)
	at com.zaxxer.hikari.pool.HikariPool.createPoolEntry(HikariPool.java:477)
	at com.zaxxer.hikari.pool.HikariPool.access$100(HikariPool.java:71)
	at com.zaxxer.hikari.pool.HikariPool$PoolEntryCreator.call(HikariPool.java:725)
	at com.zaxxer.hikari.pool.HikariPool$PoolEntryCreator.call(HikariPool.java:711)
	at java.base/java.util.concurrent.FutureTask.run(FutureTask.java:264)
	at java.base/java.util.concurrent.ThreadPoolExecutor.runWorker(ThreadPoolExecutor.java:1136)
	at java.base/java.util.concurrent.ThreadPoolExecutor$Worker.run(ThreadPoolExecutor.java:635)
	at java.base/java.lang.Thread.run(Thread.java:833)
Caused by: java.net.UnknownHostException: database-1.cnaee60qc6yl.us-east-2.rds.amazonaws.com
	at java.base/sun.nio.ch.NioSocketImpl.connect(NioSocketImpl.java:567)
	at java.base/java.net.SocksSocketImpl.connect(SocksSocketImpl.java:327)
	at java.base/java.net.Socket.connect(Socket.java:633)
	at org.postgresql.core.PGStream.<init>(PGStream.java:81)
	at org.postgresql.core.v3.ConnectionFactoryImpl.tryConnect(ConnectionFactoryImpl.java:93)
	at org.postgresql.core.v3.ConnectionFactoryImpl.openConnectionImpl(ConnectionFactoryImpl.java:197)
	... 15 common frames omitted
2024-06-25 17:14:23,043 DEBUG com.zaxxer.hikari.pool.HikariPool [HikariPool-1 housekeeper] HikariPool-1 - Add connection elided, waiting 0, queue 4
2024-06-25 17:14:23,044 DEBUG com.zaxxer.hikari.pool.PoolBase [HikariPool-1 connection closer] HikariPool-1 - Closing connection org.postgresql.jdbc.PgConnection@64b299a0: (connection has passed maxLifetime)
2024-06-25 17:14:23,129 DEBUG org.postgresql.Driver [HikariPool-1 connection adder] Connecting with URL: jdbc:postgresql://database-1.cnaee60qc6yl.us-east-2.rds.amazonaws.com/clubdb
2024-06-25 17:14:23,129 DEBUG org.postgresql.jdbc.PgConnection [HikariPool-1 connection adder] PostgreSQL JDBC Driver 42.2.14
2024-06-25 17:14:23,130 DEBUG org.postgresql.jdbc.PgConnection [HikariPool-1 connection adder]   setDefaultFetchSize = 0
2024-06-25 17:14:23,130 DEBUG org.postgresql.jdbc.PgConnection [HikariPool-1 connection adder]   setPrepareThreshold = 5
2024-06-25 17:14:23,131 DEBUG org.postgresql.core.v3.ConnectionFactoryImpl [HikariPool-1 connection adder] Trying to establish a protocol version 3 connection to database-1.cnaee60qc6yl.us-east-2.rds.amazonaws.com:5432
2024-06-25 17:14:23,393 DEBUG org.postgresql.core.v3.ConnectionFactoryImpl [HikariPool-1 connection adder] Receive Buffer Size is 65,536
2024-06-25 17:14:23,394 DEBUG org.postgresql.core.v3.ConnectionFactoryImpl [HikariPool-1 connection adder] Send Buffer Size is 65,536
2024-06-25 17:14:23,636 DEBUG org.postgresql.ssl.MakeSSL [HikariPool-1 connection adder] converting regular socket connection to ssl
2024-06-25 17:14:23,909 DEBUG sun.util.logging.internal.LoggingProviderImpl$JULWrapper [HikariPool-1 connection adder]  TLSHandshake: database-1.cnaee60qc6yl.us-east-2.rds.amazonaws.com:5432, TLSv1.3, TLS_AES_256_GCM_SHA384, -791690251
2024-06-25 17:14:25,154 DEBUG com.zaxxer.hikari.pool.HikariPool$PoolEntryCreator [HikariPool-1 connection adder] HikariPool-1 - Added connection org.postgresql.jdbc.PgConnection@16aa37ca
2024-06-25 17:14:25,154 DEBUG org.postgresql.Driver [HikariPool-1 connection adder] Connecting with URL: jdbc:postgresql://database-1.cnaee60qc6yl.us-east-2.rds.amazonaws.com/clubdb
2024-06-25 17:14:25,155 DEBUG org.postgresql.jdbc.PgConnection [HikariPool-1 connection adder] PostgreSQL JDBC Driver 42.2.14
2024-06-25 17:14:25,156 DEBUG org.postgresql.jdbc.PgConnection [HikariPool-1 connection adder]   setDefaultFetchSize = 0
2024-06-25 17:14:25,157 DEBUG org.postgresql.jdbc.PgConnection [HikariPool-1 connection adder]   setPrepareThreshold = 5
2024-06-25 17:14:25,157 DEBUG org.postgresql.core.v3.ConnectionFactoryImpl [HikariPool-1 connection adder] Trying to establish a protocol version 3 connection to database-1.cnaee60qc6yl.us-east-2.rds.amazonaws.com:5432
2024-06-25 17:14:25,382 DEBUG org.postgresql.core.v3.ConnectionFactoryImpl [HikariPool-1 connection adder] Receive Buffer Size is 65,536
2024-06-25 17:14:25,383 DEBUG org.postgresql.core.v3.ConnectionFactoryImpl [HikariPool-1 connection adder] Send Buffer Size is 65,536
2024-06-25 17:14:25,606 DEBUG org.postgresql.ssl.MakeSSL [HikariPool-1 connection adder] converting regular socket connection to ssl
2024-06-25 17:14:26,002 DEBUG sun.util.logging.internal.LoggingProviderImpl$JULWrapper [HikariPool-1 connection adder]  TLSHandshake: database-1.cnaee60qc6yl.us-east-2.rds.amazonaws.com:5432, TLSv1.3, TLS_AES_256_GCM_SHA384, -791690251
2024-06-25 17:14:26,117 DEBUG com.zaxxer.hikari.pool.PoolBase [HikariPool-1 connection closer] HikariPool-1 - Closing connection org.postgresql.jdbc.PgConnection@3aa38f91: (connection has passed maxLifetime)
2024-06-25 17:14:26,117 DEBUG com.zaxxer.hikari.pool.HikariPool [HikariPool-1 housekeeper] HikariPool-1 - Add connection elided, waiting 0, queue 4
2024-06-25 17:14:26,156 DEBUG sun.rmi.runtime.Log$LoggerLog [RMI TCP Connection(32)-127.0.0.1] RMI TCP Connection(32)-127.0.0.1: accepted socket from [127.0.0.1:53052]
2024-06-25 17:14:26,157 DEBUG sun.rmi.runtime.Log$LoggerLog [RMI TCP Connection(32)-127.0.0.1] RMI TCP Connection(32)-127.0.0.1: (port 61001) op = 80
2024-06-25 17:14:26,158 DEBUG sun.rmi.runtime.Log$LoggerLog [RMI TCP Connection(32)-127.0.0.1] RMI TCP Connection(32)-127.0.0.1: name = "[Ljava.rmi.server.ObjID;", codebase = "", defaultLoader = jdk.internal.loader.ClassLoaders$PlatformClassLoader@2b31c5cb
2024-06-25 17:14:26,158 DEBUG sun.rmi.runtime.Log$LoggerLog [RMI TCP Connection(32)-127.0.0.1] RMI TCP Connection(32)-127.0.0.1: name = "java.rmi.dgc.Lease", codebase = "", defaultLoader = jdk.internal.loader.ClassLoaders$PlatformClassLoader@2b31c5cb
2024-06-25 17:14:26,159 DEBUG sun.rmi.runtime.Log$LoggerLog [RMI TCP Connection(32)-127.0.0.1] RMI TCP Connection(32)-127.0.0.1: name = "java.rmi.dgc.VMID", codebase = "", defaultLoader = jdk.internal.loader.ClassLoaders$PlatformClassLoader@2b31c5cb
2024-06-25 17:14:26,159 DEBUG sun.rmi.runtime.Log$LoggerLog [RMI TCP Connection(32)-127.0.0.1] RMI TCP Connection(32)-127.0.0.1: name = "[B", codebase = "", defaultLoader = jdk.internal.loader.ClassLoaders$PlatformClassLoader@2b31c5cb
2024-06-25 17:14:26,160 DEBUG sun.rmi.runtime.Log$LoggerLog [RMI TCP Connection(32)-127.0.0.1] RMI TCP Connection(32)-127.0.0.1: name = "java.rmi.server.UID", codebase = "", defaultLoader = jdk.internal.loader.ClassLoaders$PlatformClassLoader@2b31c5cb
2024-06-25 17:14:26,608 DEBUG sun.rmi.runtime.Log$LoggerLog [RMI TCP Connection(32)-127.0.0.1] RMI TCP Connection(32)-127.0.0.1: (port 61001) op = 82
2024-06-25 17:14:26,609 DEBUG sun.rmi.runtime.Log$LoggerLog [RMI TCP Connection(32)-127.0.0.1] RMI TCP Connection(32)-127.0.0.1: (port 61001) op = 80
2024-06-25 17:14:26,609 DEBUG sun.util.logging.internal.LoggingProviderImpl$JULWrapper [RMI TCP Connection(32)-127.0.0.1] connectionId=rmi://127.0.0.1  1
2024-06-25 17:14:27,194 DEBUG com.zaxxer.hikari.pool.HikariPool$PoolEntryCreator [HikariPool-1 connection adder] HikariPool-1 - Added connection org.postgresql.jdbc.PgConnection@592e04df
2024-06-25 17:14:27,194 DEBUG com.zaxxer.hikari.pool.HikariPool [HikariPool-1 connection adder] HikariPool-1 - After adding stats (total=6, active=0, idle=6, waiting=0)
2024-06-25 17:14:27,195 DEBUG org.postgresql.Driver [HikariPool-1 connection adder] Connecting with URL: jdbc:postgresql://database-1.cnaee60qc6yl.us-east-2.rds.amazonaws.com/clubdb
2024-06-25 17:14:27,195 DEBUG org.postgresql.jdbc.PgConnection [HikariPool-1 connection adder] PostgreSQL JDBC Driver 42.2.14
2024-06-25 17:14:27,195 DEBUG org.postgresql.jdbc.PgConnection [HikariPool-1 connection adder]   setDefaultFetchSize = 0
2024-06-25 17:14:27,196 DEBUG org.postgresql.jdbc.PgConnection [HikariPool-1 connection adder]   setPrepareThreshold = 5
2024-06-25 17:14:27,196 DEBUG org.postgresql.core.v3.ConnectionFactoryImpl [HikariPool-1 connection adder] Trying to establish a protocol version 3 connection to database-1.cnaee60qc6yl.us-east-2.rds.amazonaws.com:5432
2024-06-25 17:14:27,434 DEBUG org.postgresql.core.v3.ConnectionFactoryImpl [HikariPool-1 connection adder] Receive Buffer Size is 65,536
2024-06-25 17:14:27,435 DEBUG org.postgresql.core.v3.ConnectionFactoryImpl [HikariPool-1 connection adder] Send Buffer Size is 65,536
2024-06-25 17:14:27,664 DEBUG org.postgresql.ssl.MakeSSL [HikariPool-1 connection adder] converting regular socket connection to ssl
2024-06-25 17:14:27,913 DEBUG sun.util.logging.internal.LoggingProviderImpl$JULWrapper [HikariPool-1 connection adder]  TLSHandshake: database-1.cnaee60qc6yl.us-east-2.rds.amazonaws.com:5432, TLSv1.3, TLS_AES_256_GCM_SHA384, -791690251
2024-06-25 17:14:29,091 DEBUG com.zaxxer.hikari.pool.HikariPool$PoolEntryCreator [HikariPool-1 connection adder] HikariPool-1 - Added connection org.postgresql.jdbc.PgConnection@6b0b7724
2024-06-25 17:14:29,091 DEBUG com.zaxxer.hikari.pool.HikariPool [HikariPool-1 connection adder] HikariPool-1 - After adding stats (total=7, active=0, idle=7, waiting=0)
2024-06-25 17:14:29,092 DEBUG org.postgresql.Driver [HikariPool-1 connection adder] Connecting with URL: jdbc:postgresql://database-1.cnaee60qc6yl.us-east-2.rds.amazonaws.com/clubdb
2024-06-25 17:14:29,093 DEBUG org.postgresql.jdbc.PgConnection [HikariPool-1 connection adder] PostgreSQL JDBC Driver 42.2.14
2024-06-25 17:14:29,094 DEBUG org.postgresql.jdbc.PgConnection [HikariPool-1 connection adder]   setDefaultFetchSize = 0
2024-06-25 17:14:29,094 DEBUG org.postgresql.jdbc.PgConnection [HikariPool-1 connection adder]   setPrepareThreshold = 5
2024-06-25 17:14:29,095 DEBUG org.postgresql.core.v3.ConnectionFactoryImpl [HikariPool-1 connection adder] Trying to establish a protocol version 3 connection to database-1.cnaee60qc6yl.us-east-2.rds.amazonaws.com:5432
2024-06-25 17:14:29,321 DEBUG org.postgresql.core.v3.ConnectionFactoryImpl [HikariPool-1 connection adder] Receive Buffer Size is 65,536
2024-06-25 17:14:29,321 DEBUG org.postgresql.core.v3.ConnectionFactoryImpl [HikariPool-1 connection adder] Send Buffer Size is 65,536
2024-06-25 17:14:29,331 DEBUG com.zaxxer.hikari.pool.PoolBase [HikariPool-1 connection closer] HikariPool-1 - Closing connection org.postgresql.jdbc.PgConnection@2025c83d: (connection has passed maxLifetime)
2024-06-25 17:14:29,333 DEBUG com.zaxxer.hikari.pool.HikariPool [HikariPool-1 housekeeper] HikariPool-1 - Add connection elided, waiting 0, queue 4
2024-06-25 17:14:29,547 DEBUG org.postgresql.ssl.MakeSSL [HikariPool-1 connection adder] converting regular socket connection to ssl
2024-06-25 17:14:29,793 DEBUG sun.util.logging.internal.LoggingProviderImpl$JULWrapper [HikariPool-1 connection adder]  TLSHandshake: database-1.cnaee60qc6yl.us-east-2.rds.amazonaws.com:5432, TLSv1.3, TLS_AES_256_GCM_SHA384, -791690251
2024-06-25 17:14:30,943 DEBUG com.zaxxer.hikari.pool.HikariPool$PoolEntryCreator [HikariPool-1 connection adder] HikariPool-1 - Added connection org.postgresql.jdbc.PgConnection@422a8e66
2024-06-25 17:14:30,943 DEBUG com.zaxxer.hikari.pool.HikariPool [HikariPool-1 connection adder] HikariPool-1 - After adding stats (total=7, active=0, idle=7, waiting=0)
2024-06-25 17:14:30,944 DEBUG org.postgresql.Driver [HikariPool-1 connection adder] Connecting with URL: jdbc:postgresql://database-1.cnaee60qc6yl.us-east-2.rds.amazonaws.com/clubdb
2024-06-25 17:14:30,944 DEBUG org.postgresql.jdbc.PgConnection [HikariPool-1 connection adder] PostgreSQL JDBC Driver 42.2.14
2024-06-25 17:14:30,944 DEBUG org.postgresql.jdbc.PgConnection [HikariPool-1 connection adder]   setDefaultFetchSize = 0
2024-06-25 17:14:30,945 DEBUG org.postgresql.jdbc.PgConnection [HikariPool-1 connection adder]   setPrepareThreshold = 5
2024-06-25 17:14:30,945 DEBUG org.postgresql.core.v3.ConnectionFactoryImpl [HikariPool-1 connection adder] Trying to establish a protocol version 3 connection to database-1.cnaee60qc6yl.us-east-2.rds.amazonaws.com:5432
2024-06-25 17:14:31,184 DEBUG org.postgresql.core.v3.ConnectionFactoryImpl [HikariPool-1 connection adder] Receive Buffer Size is 65,536
2024-06-25 17:14:31,184 DEBUG org.postgresql.core.v3.ConnectionFactoryImpl [HikariPool-1 connection adder] Send Buffer Size is 65,536
2024-06-25 17:14:31,424 DEBUG org.postgresql.ssl.MakeSSL [HikariPool-1 connection adder] converting regular socket connection to ssl
2024-06-25 17:14:31,685 DEBUG sun.util.logging.internal.LoggingProviderImpl$JULWrapper [HikariPool-1 connection adder]  TLSHandshake: database-1.cnaee60qc6yl.us-east-2.rds.amazonaws.com:5432, TLSv1.3, TLS_AES_256_GCM_SHA384, -791690251
2024-06-25 17:14:31,759 DEBUG com.zaxxer.hikari.pool.PoolBase [HikariPool-1 connection closer] HikariPool-1 - Closing connection org.postgresql.jdbc.PgConnection@49b96a85: (connection has passed maxLifetime)
2024-06-25 17:14:31,759 DEBUG com.zaxxer.hikari.pool.HikariPool [HikariPool-1 housekeeper] HikariPool-1 - Add connection elided, waiting 0, queue 3
2024-06-25 17:14:32,925 DEBUG com.zaxxer.hikari.pool.HikariPool$PoolEntryCreator [HikariPool-1 connection adder] HikariPool-1 - Added connection org.postgresql.jdbc.PgConnection@33f619af
2024-06-25 17:14:32,926 DEBUG com.zaxxer.hikari.pool.HikariPool [HikariPool-1 connection adder] HikariPool-1 - After adding stats (total=7, active=0, idle=7, waiting=0)
2024-06-25 17:14:32,926 DEBUG org.postgresql.Driver [HikariPool-1 connection adder] Connecting with URL: jdbc:postgresql://database-1.cnaee60qc6yl.us-east-2.rds.amazonaws.com/clubdb
2024-06-25 17:14:32,927 DEBUG org.postgresql.jdbc.PgConnection [HikariPool-1 connection adder] PostgreSQL JDBC Driver 42.2.14
2024-06-25 17:14:32,927 DEBUG org.postgresql.jdbc.PgConnection [HikariPool-1 connection adder]   setDefaultFetchSize = 0
2024-06-25 17:14:32,927 DEBUG org.postgresql.jdbc.PgConnection [HikariPool-1 connection adder]   setPrepareThreshold = 5
2024-06-25 17:14:32,928 DEBUG org.postgresql.core.v3.ConnectionFactoryImpl [HikariPool-1 connection adder] Trying to establish a protocol version 3 connection to database-1.cnaee60qc6yl.us-east-2.rds.amazonaws.com:5432
2024-06-25 17:14:33,176 DEBUG org.postgresql.core.v3.ConnectionFactoryImpl [HikariPool-1 connection adder] Receive Buffer Size is 65,536
2024-06-25 17:14:33,176 DEBUG org.postgresql.core.v3.ConnectionFactoryImpl [HikariPool-1 connection adder] Send Buffer Size is 65,536
2024-06-25 17:14:33,416 DEBUG org.postgresql.ssl.MakeSSL [HikariPool-1 connection adder] converting regular socket connection to ssl
2024-06-25 17:14:33,679 DEBUG sun.util.logging.internal.LoggingProviderImpl$JULWrapper [HikariPool-1 connection adder]  TLSHandshake: database-1.cnaee60qc6yl.us-east-2.rds.amazonaws.com:5432, TLSv1.3, TLS_AES_256_GCM_SHA384, -791690251
2024-06-25 17:14:34,913 DEBUG com.zaxxer.hikari.pool.HikariPool$PoolEntryCreator [HikariPool-1 connection adder] HikariPool-1 - Added connection org.postgresql.jdbc.PgConnection@63b1a63d
2024-06-25 17:14:34,914 DEBUG com.zaxxer.hikari.pool.HikariPool [HikariPool-1 connection adder] HikariPool-1 - After adding stats (total=8, active=0, idle=8, waiting=0)
2024-06-25 17:14:34,915 DEBUG org.postgresql.Driver [HikariPool-1 connection adder] Connecting with URL: jdbc:postgresql://database-1.cnaee60qc6yl.us-east-2.rds.amazonaws.com/clubdb
2024-06-25 17:14:34,915 DEBUG org.postgresql.jdbc.PgConnection [HikariPool-1 connection adder] PostgreSQL JDBC Driver 42.2.14
2024-06-25 17:14:34,916 DEBUG org.postgresql.jdbc.PgConnection [HikariPool-1 connection adder]   setDefaultFetchSize = 0
2024-06-25 17:14:34,916 DEBUG org.postgresql.jdbc.PgConnection [HikariPool-1 connection adder]   setPrepareThreshold = 5
2024-06-25 17:14:34,916 DEBUG org.postgresql.core.v3.ConnectionFactoryImpl [HikariPool-1 connection adder] Trying to establish a protocol version 3 connection to database-1.cnaee60qc6yl.us-east-2.rds.amazonaws.com:5432
2024-06-25 17:14:35,163 DEBUG org.postgresql.core.v3.ConnectionFactoryImpl [HikariPool-1 connection adder] Receive Buffer Size is 65,536
2024-06-25 17:14:35,163 DEBUG org.postgresql.core.v3.ConnectionFactoryImpl [HikariPool-1 connection adder] Send Buffer Size is 65,536
2024-06-25 17:14:35,587 DEBUG org.postgresql.ssl.MakeSSL [HikariPool-1 connection adder] converting regular socket connection to ssl
2024-06-25 17:14:35,855 DEBUG sun.util.logging.internal.LoggingProviderImpl$JULWrapper [HikariPool-1 connection adder]  TLSHandshake: database-1.cnaee60qc6yl.us-east-2.rds.amazonaws.com:5432, TLSv1.3, TLS_AES_256_GCM_SHA384, -791690251
2024-06-25 17:14:36,741 DEBUG com.zaxxer.hikari.pool.HikariPool [HikariPool-1 housekeeper] HikariPool-1 - Pool stats (total=8, active=0, idle=8, waiting=0)
2024-06-25 17:14:36,741 DEBUG com.zaxxer.hikari.pool.HikariPool [HikariPool-1 housekeeper] HikariPool-1 - Fill pool skipped, pool is at sufficient level.
2024-06-25 17:14:37,116 DEBUG com.zaxxer.hikari.pool.HikariPool$PoolEntryCreator [HikariPool-1 connection adder] HikariPool-1 - Added connection org.postgresql.jdbc.PgConnection@53335f38
2024-06-25 17:14:37,116 DEBUG com.zaxxer.hikari.pool.HikariPool [HikariPool-1 connection adder] HikariPool-1 - After adding stats (total=9, active=0, idle=9, waiting=0)
2024-06-25 17:14:37,117 DEBUG org.postgresql.Driver [HikariPool-1 connection adder] Connecting with URL: jdbc:postgresql://database-1.cnaee60qc6yl.us-east-2.rds.amazonaws.com/clubdb
2024-06-25 17:14:37,117 DEBUG org.postgresql.jdbc.PgConnection [HikariPool-1 connection adder] PostgreSQL JDBC Driver 42.2.14
2024-06-25 17:14:37,117 DEBUG org.postgresql.jdbc.PgConnection [HikariPool-1 connection adder]   setDefaultFetchSize = 0
2024-06-25 17:14:37,118 DEBUG org.postgresql.jdbc.PgConnection [HikariPool-1 connection adder]   setPrepareThreshold = 5
2024-06-25 17:14:37,118 DEBUG org.postgresql.core.v3.ConnectionFactoryImpl [HikariPool-1 connection adder] Trying to establish a protocol version 3 connection to database-1.cnaee60qc6yl.us-east-2.rds.amazonaws.com:5432
2024-06-25 17:14:37,367 DEBUG org.postgresql.core.v3.ConnectionFactoryImpl [HikariPool-1 connection adder] Receive Buffer Size is 65,536
2024-06-25 17:14:37,368 DEBUG org.postgresql.core.v3.ConnectionFactoryImpl [HikariPool-1 connection adder] Send Buffer Size is 65,536
2024-06-25 17:14:37,623 DEBUG org.postgresql.ssl.MakeSSL [HikariPool-1 connection adder] converting regular socket connection to ssl
2024-06-25 17:14:37,895 DEBUG sun.util.logging.internal.LoggingProviderImpl$JULWrapper [HikariPool-1 connection adder]  TLSHandshake: database-1.cnaee60qc6yl.us-east-2.rds.amazonaws.com:5432, TLSv1.3, TLS_AES_256_GCM_SHA384, -791690251
2024-06-25 17:14:39,170 DEBUG com.zaxxer.hikari.pool.HikariPool$PoolEntryCreator [HikariPool-1 connection adder] HikariPool-1 - Added connection org.postgresql.jdbc.PgConnection@457ca286
2024-06-25 17:14:39,171 DEBUG com.zaxxer.hikari.pool.HikariPool [HikariPool-1 connection adder] HikariPool-1 - After adding stats (total=10, active=0, idle=10, waiting=0)
2024-06-25 17:14:51,210 DEBUG org.apache.juli.logging.DirectJDKLog [Catalina-utility-2] Start expire sessions StandardManager at 1719315891210 sessioncount 0
2024-06-25 17:14:51,211 DEBUG org.apache.juli.logging.DirectJDKLog [Catalina-utility-2] End expire sessions StandardManager processingTime 1 expired sessions: 0
2024-06-25 17:14:56,163 DEBUG sun.rmi.runtime.Log$LoggerLog [RMI TCP Connection(32)-127.0.0.1] RMI TCP Connection(32)-127.0.0.1: (port 61001) connection closed
2024-06-25 17:14:56,164 DEBUG sun.rmi.runtime.Log$LoggerLog [RMI TCP Connection(32)-127.0.0.1] RMI TCP Connection(32)-127.0.0.1: close connection, socket: Socket[addr=/127.0.0.1,port=53052,localport=61001]
2024-06-25 17:14:56,166 DEBUG sun.rmi.runtime.Log$LoggerLog [RMI TCP Connection(32)-127.0.0.1] RMI TCP Connection(32)-127.0.0.1: socket close: Socket[addr=/127.0.0.1,port=53052,localport=61001]
2024-06-25 17:15:06,747 DEBUG com.zaxxer.hikari.pool.HikariPool [HikariPool-1 housekeeper] HikariPool-1 - Pool stats (total=10, active=0, idle=10, waiting=0)
2024-06-25 17:15:06,748 DEBUG com.zaxxer.hikari.pool.HikariPool [HikariPool-1 housekeeper] HikariPool-1 - Fill pool skipped, pool is at sufficient level.
2024-06-25 17:15:26,618 DEBUG sun.rmi.runtime.Log$LoggerLog [RMI TCP Connection(33)-127.0.0.1] RMI TCP Connection(33)-127.0.0.1: accepted socket from [127.0.0.1:50978]
2024-06-25 17:15:26,620 DEBUG sun.rmi.runtime.Log$LoggerLog [RMI TCP Connection(33)-127.0.0.1] RMI TCP Connection(33)-127.0.0.1: (port 61001) op = 80
2024-06-25 17:15:26,621 DEBUG sun.util.logging.internal.LoggingProviderImpl$JULWrapper [RMI TCP Connection(33)-127.0.0.1] connectionId=rmi://127.0.0.1  1
2024-06-25 17:15:36,756 DEBUG com.zaxxer.hikari.pool.HikariPool [HikariPool-1 housekeeper] HikariPool-1 - Pool stats (total=10, active=0, idle=10, waiting=0)
2024-06-25 17:15:36,756 DEBUG com.zaxxer.hikari.pool.HikariPool [HikariPool-1 housekeeper] HikariPool-1 - Fill pool skipped, pool is at sufficient level.
2024-06-25 17:15:41,623 DEBUG sun.rmi.runtime.Log$LoggerLog [RMI TCP Connection(33)-127.0.0.1] RMI TCP Connection(33)-127.0.0.1: (port 61001) connection closed
2024-06-25 17:15:41,624 DEBUG sun.rmi.runtime.Log$LoggerLog [RMI TCP Connection(33)-127.0.0.1] RMI TCP Connection(33)-127.0.0.1: close connection, socket: Socket[addr=/127.0.0.1,port=50978,localport=61001]
2024-06-25 17:15:41,626 DEBUG sun.rmi.runtime.Log$LoggerLog [RMI TCP Connection(33)-127.0.0.1] RMI TCP Connection(33)-127.0.0.1: socket close: Socket[addr=/127.0.0.1,port=50978,localport=61001]
2024-06-25 17:15:52,093 DEBUG org.apache.juli.logging.DirectJDKLog [Catalina-utility-1] Start expire sessions StandardManager at 1719315952093 sessioncount 0
2024-06-25 17:15:52,094 DEBUG org.apache.juli.logging.DirectJDKLog [Catalina-utility-1] End expire sessions StandardManager processingTime 1 expired sessions: 0
2024-06-25 17:16:06,762 DEBUG com.zaxxer.hikari.pool.HikariPool [HikariPool-1 housekeeper] HikariPool-1 - Pool stats (total=10, active=0, idle=10, waiting=0)
2024-06-25 17:16:06,765 DEBUG com.zaxxer.hikari.pool.HikariPool [HikariPool-1 housekeeper] HikariPool-1 - Fill pool skipped, pool is at sufficient level.
2024-06-25 17:16:26,635 DEBUG sun.rmi.runtime.Log$LoggerLog [RMI TCP Connection(34)-127.0.0.1] RMI TCP Connection(34)-127.0.0.1: accepted socket from [127.0.0.1:59157]
2024-06-25 17:16:26,636 DEBUG sun.rmi.runtime.Log$LoggerLog [RMI TCP Connection(34)-127.0.0.1] RMI TCP Connection(34)-127.0.0.1: (port 61001) op = 80
2024-06-25 17:16:26,637 DEBUG sun.util.logging.internal.LoggingProviderImpl$JULWrapper [RMI TCP Connection(34)-127.0.0.1] connectionId=rmi://127.0.0.1  1
2024-06-25 17:16:36,767 DEBUG com.zaxxer.hikari.pool.HikariPool [HikariPool-1 housekeeper] HikariPool-1 - Pool stats (total=10, active=0, idle=10, waiting=0)
2024-06-25 17:16:36,767 DEBUG com.zaxxer.hikari.pool.HikariPool [HikariPool-1 housekeeper] HikariPool-1 - Fill pool skipped, pool is at sufficient level.
2024-06-25 17:16:41,639 DEBUG sun.rmi.runtime.Log$LoggerLog [RMI TCP Connection(34)-127.0.0.1] RMI TCP Connection(34)-127.0.0.1: (port 61001) connection closed
2024-06-25 17:16:41,640 DEBUG sun.rmi.runtime.Log$LoggerLog [RMI TCP Connection(34)-127.0.0.1] RMI TCP Connection(34)-127.0.0.1: close connection, socket: Socket[addr=/127.0.0.1,port=59157,localport=61001]
2024-06-25 17:16:41,640 DEBUG sun.rmi.runtime.Log$LoggerLog [RMI TCP Connection(34)-127.0.0.1] RMI TCP Connection(34)-127.0.0.1: socket close: Socket[addr=/127.0.0.1,port=59157,localport=61001]
2024-06-25 17:16:52,156 DEBUG org.apache.juli.logging.DirectJDKLog [Catalina-utility-1] Start expire sessions StandardManager at 1719316012156 sessioncount 0
2024-06-25 17:16:52,157 DEBUG org.apache.juli.logging.DirectJDKLog [Catalina-utility-1] End expire sessions StandardManager processingTime 1 expired sessions: 0
2024-06-25 17:17:06,776 DEBUG com.zaxxer.hikari.pool.HikariPool [HikariPool-1 housekeeper] HikariPool-1 - Pool stats (total=10, active=0, idle=10, waiting=0)
2024-06-25 17:17:06,777 DEBUG com.zaxxer.hikari.pool.HikariPool [HikariPool-1 housekeeper] HikariPool-1 - Fill pool skipped, pool is at sufficient level.
2024-06-25 17:17:26,648 DEBUG sun.rmi.runtime.Log$LoggerLog [RMI TCP Connection(35)-127.0.0.1] RMI TCP Connection(35)-127.0.0.1: accepted socket from [127.0.0.1:53464]
2024-06-25 17:17:26,650 DEBUG sun.rmi.runtime.Log$LoggerLog [RMI TCP Connection(35)-127.0.0.1] RMI TCP Connection(35)-127.0.0.1: (port 61001) op = 80
2024-06-25 17:17:26,650 DEBUG sun.util.logging.internal.LoggingProviderImpl$JULWrapper [RMI TCP Connection(35)-127.0.0.1] connectionId=rmi://127.0.0.1  1
2024-06-25 17:17:36,788 DEBUG com.zaxxer.hikari.pool.HikariPool [HikariPool-1 housekeeper] HikariPool-1 - Pool stats (total=10, active=0, idle=10, waiting=0)
2024-06-25 17:17:36,789 DEBUG com.zaxxer.hikari.pool.HikariPool [HikariPool-1 housekeeper] HikariPool-1 - Fill pool skipped, pool is at sufficient level.
2024-06-25 17:17:41,653 DEBUG sun.rmi.runtime.Log$LoggerLog [RMI TCP Connection(35)-127.0.0.1] RMI TCP Connection(35)-127.0.0.1: (port 61001) connection closed
2024-06-25 17:17:41,653 DEBUG sun.rmi.runtime.Log$LoggerLog [RMI TCP Connection(35)-127.0.0.1] RMI TCP Connection(35)-127.0.0.1: close connection, socket: Socket[addr=/127.0.0.1,port=53464,localport=61001]
2024-06-25 17:17:41,654 DEBUG sun.rmi.runtime.Log$LoggerLog [RMI TCP Connection(35)-127.0.0.1] RMI TCP Connection(35)-127.0.0.1: socket close: Socket[addr=/127.0.0.1,port=53464,localport=61001]
2024-06-25 17:17:52,217 DEBUG org.apache.juli.logging.DirectJDKLog [Catalina-utility-1] Start expire sessions StandardManager at 1719316072217 sessioncount 0
2024-06-25 17:17:52,227 DEBUG org.apache.juli.logging.DirectJDKLog [Catalina-utility-1] End expire sessions StandardManager processingTime 10 expired sessions: 0
2024-06-25 17:18:06,793 DEBUG com.zaxxer.hikari.pool.HikariPool [HikariPool-1 housekeeper] HikariPool-1 - Pool stats (total=10, active=0, idle=10, waiting=0)
2024-06-25 17:18:06,794 DEBUG com.zaxxer.hikari.pool.HikariPool [HikariPool-1 housekeeper] HikariPool-1 - Fill pool skipped, pool is at sufficient level.
2024-06-25 17:18:26,662 DEBUG sun.rmi.runtime.Log$LoggerLog [RMI TCP Connection(36)-127.0.0.1] RMI TCP Connection(36)-127.0.0.1: accepted socket from [127.0.0.1:51833]
2024-06-25 17:18:26,664 DEBUG sun.rmi.runtime.Log$LoggerLog [RMI TCP Connection(36)-127.0.0.1] RMI TCP Connection(36)-127.0.0.1: (port 61001) op = 80
2024-06-25 17:18:26,665 DEBUG sun.util.logging.internal.LoggingProviderImpl$JULWrapper [RMI TCP Connection(36)-127.0.0.1] connectionId=rmi://127.0.0.1  1
2024-06-25 17:18:36,810 DEBUG com.zaxxer.hikari.pool.HikariPool [HikariPool-1 housekeeper] HikariPool-1 - Pool stats (total=10, active=0, idle=10, waiting=0)
2024-06-25 17:18:36,811 DEBUG com.zaxxer.hikari.pool.HikariPool [HikariPool-1 housekeeper] HikariPool-1 - Fill pool skipped, pool is at sufficient level.
2024-06-25 17:18:41,668 DEBUG sun.rmi.runtime.Log$LoggerLog [RMI TCP Connection(36)-127.0.0.1] RMI TCP Connection(36)-127.0.0.1: (port 61001) connection closed
2024-06-25 17:18:41,669 DEBUG sun.rmi.runtime.Log$LoggerLog [RMI TCP Connection(36)-127.0.0.1] RMI TCP Connection(36)-127.0.0.1: close connection, socket: Socket[addr=/127.0.0.1,port=51833,localport=61001]
2024-06-25 17:18:41,670 DEBUG sun.rmi.runtime.Log$LoggerLog [RMI TCP Connection(36)-127.0.0.1] RMI TCP Connection(36)-127.0.0.1: socket close: Socket[addr=/127.0.0.1,port=51833,localport=61001]
2024-06-25 17:18:52,297 DEBUG org.apache.juli.logging.DirectJDKLog [Catalina-utility-2] Start expire sessions StandardManager at 1719316132297 sessioncount 0
2024-06-25 17:18:52,298 DEBUG org.apache.juli.logging.DirectJDKLog [Catalina-utility-2] End expire sessions StandardManager processingTime 1 expired sessions: 0
2024-06-25 17:19:06,822 DEBUG com.zaxxer.hikari.pool.HikariPool [HikariPool-1 housekeeper] HikariPool-1 - Pool stats (total=10, active=0, idle=10, waiting=0)
2024-06-25 17:19:06,823 DEBUG com.zaxxer.hikari.pool.HikariPool [HikariPool-1 housekeeper] HikariPool-1 - Fill pool skipped, pool is at sufficient level.
2024-06-25 17:19:26,132 DEBUG sun.rmi.runtime.Log$LoggerLog [RMI TCP Connection(37)-127.0.0.1] RMI TCP Connection(37)-127.0.0.1: accepted socket from [127.0.0.1:58747]
2024-06-25 17:19:26,134 DEBUG sun.rmi.runtime.Log$LoggerLog [RMI TCP Connection(37)-127.0.0.1] RMI TCP Connection(37)-127.0.0.1: (port 61001) op = 80
2024-06-25 17:19:26,135 DEBUG sun.rmi.runtime.Log$LoggerLog [RMI TCP Connection(37)-127.0.0.1] RMI TCP Connection(37)-127.0.0.1: name = "[Ljava.rmi.server.ObjID;", codebase = "", defaultLoader = jdk.internal.loader.ClassLoaders$PlatformClassLoader@2b31c5cb
2024-06-25 17:19:26,136 DEBUG sun.rmi.runtime.Log$LoggerLog [RMI TCP Connection(37)-127.0.0.1] RMI TCP Connection(37)-127.0.0.1: name = "java.rmi.dgc.Lease", codebase = "", defaultLoader = jdk.internal.loader.ClassLoaders$PlatformClassLoader@2b31c5cb
2024-06-25 17:19:26,136 DEBUG sun.rmi.runtime.Log$LoggerLog [RMI TCP Connection(37)-127.0.0.1] RMI TCP Connection(37)-127.0.0.1: name = "java.rmi.dgc.VMID", codebase = "", defaultLoader = jdk.internal.loader.ClassLoaders$PlatformClassLoader@2b31c5cb
2024-06-25 17:19:26,137 DEBUG sun.rmi.runtime.Log$LoggerLog [RMI TCP Connection(37)-127.0.0.1] RMI TCP Connection(37)-127.0.0.1: name = "[B", codebase = "", defaultLoader = jdk.internal.loader.ClassLoaders$PlatformClassLoader@2b31c5cb
2024-06-25 17:19:26,138 DEBUG sun.rmi.runtime.Log$LoggerLog [RMI TCP Connection(37)-127.0.0.1] RMI TCP Connection(37)-127.0.0.1: name = "java.rmi.server.UID", codebase = "", defaultLoader = jdk.internal.loader.ClassLoaders$PlatformClassLoader@2b31c5cb
2024-06-25 17:19:26,668 DEBUG sun.rmi.runtime.Log$LoggerLog [RMI TCP Connection(37)-127.0.0.1] RMI TCP Connection(37)-127.0.0.1: (port 61001) op = 82
2024-06-25 17:19:26,669 DEBUG sun.rmi.runtime.Log$LoggerLog [RMI TCP Connection(37)-127.0.0.1] RMI TCP Connection(37)-127.0.0.1: (port 61001) op = 80
2024-06-25 17:19:26,671 DEBUG sun.util.logging.internal.LoggingProviderImpl$JULWrapper [RMI TCP Connection(37)-127.0.0.1] connectionId=rmi://127.0.0.1  1
2024-06-25 17:19:36,837 DEBUG com.zaxxer.hikari.pool.HikariPool [HikariPool-1 housekeeper] HikariPool-1 - Pool stats (total=10, active=0, idle=10, waiting=0)
2024-06-25 17:19:36,837 DEBUG com.zaxxer.hikari.pool.HikariPool [HikariPool-1 housekeeper] HikariPool-1 - Fill pool skipped, pool is at sufficient level.
2024-06-25 17:19:52,368 DEBUG org.apache.juli.logging.DirectJDKLog [Catalina-utility-2] Start expire sessions StandardManager at 1719316192368 sessioncount 0
2024-06-25 17:19:52,369 DEBUG org.apache.juli.logging.DirectJDKLog [Catalina-utility-2] End expire sessions StandardManager processingTime 1 expired sessions: 0
2024-06-25 17:19:56,140 DEBUG sun.rmi.runtime.Log$LoggerLog [RMI TCP Connection(37)-127.0.0.1] RMI TCP Connection(37)-127.0.0.1: (port 61001) connection closed
2024-06-25 17:19:56,141 DEBUG sun.rmi.runtime.Log$LoggerLog [RMI TCP Connection(37)-127.0.0.1] RMI TCP Connection(37)-127.0.0.1: close connection, socket: Socket[addr=/127.0.0.1,port=58747,localport=61001]
2024-06-25 17:19:56,142 DEBUG sun.rmi.runtime.Log$LoggerLog [RMI TCP Connection(37)-127.0.0.1] RMI TCP Connection(37)-127.0.0.1: socket close: Socket[addr=/127.0.0.1,port=58747,localport=61001]
2024-06-25 17:20:06,841 DEBUG com.zaxxer.hikari.pool.HikariPool [HikariPool-1 housekeeper] HikariPool-1 - Pool stats (total=10, active=0, idle=10, waiting=0)
2024-06-25 17:20:06,842 DEBUG com.zaxxer.hikari.pool.HikariPool [HikariPool-1 housekeeper] HikariPool-1 - Fill pool skipped, pool is at sufficient level.
2024-06-25 17:20:26,682 DEBUG sun.rmi.runtime.Log$LoggerLog [RMI TCP Connection(38)-127.0.0.1] RMI TCP Connection(38)-127.0.0.1: accepted socket from [127.0.0.1:50529]
2024-06-25 17:20:26,683 DEBUG sun.rmi.runtime.Log$LoggerLog [RMI TCP Connection(38)-127.0.0.1] RMI TCP Connection(38)-127.0.0.1: (port 61001) op = 80
2024-06-25 17:20:26,684 DEBUG sun.util.logging.internal.LoggingProviderImpl$JULWrapper [RMI TCP Connection(38)-127.0.0.1] connectionId=rmi://127.0.0.1  1
2024-06-25 17:20:36,854 DEBUG com.zaxxer.hikari.pool.HikariPool [HikariPool-1 housekeeper] HikariPool-1 - Pool stats (total=10, active=0, idle=10, waiting=0)
2024-06-25 17:20:36,855 DEBUG com.zaxxer.hikari.pool.HikariPool [HikariPool-1 housekeeper] HikariPool-1 - Fill pool skipped, pool is at sufficient level.
2024-06-25 17:20:41,703 DEBUG sun.rmi.runtime.Log$LoggerLog [RMI TCP Connection(38)-127.0.0.1] RMI TCP Connection(38)-127.0.0.1: (port 61001) connection closed
2024-06-25 17:20:41,703 DEBUG sun.rmi.runtime.Log$LoggerLog [RMI TCP Connection(38)-127.0.0.1] RMI TCP Connection(38)-127.0.0.1: close connection, socket: Socket[addr=/127.0.0.1,port=50529,localport=61001]
2024-06-25 17:20:41,704 DEBUG sun.rmi.runtime.Log$LoggerLog [RMI TCP Connection(38)-127.0.0.1] RMI TCP Connection(38)-127.0.0.1: socket close: Socket[addr=/127.0.0.1,port=50529,localport=61001]
2024-06-25 17:20:52,459 DEBUG org.apache.juli.logging.DirectJDKLog [Catalina-utility-1] Start expire sessions StandardManager at 1719316252459 sessioncount 0
2024-06-25 17:20:52,460 DEBUG org.apache.juli.logging.DirectJDKLog [Catalina-utility-1] End expire sessions StandardManager processingTime 1 expired sessions: 0
2024-06-25 17:21:06,856 DEBUG com.zaxxer.hikari.pool.HikariPool [HikariPool-1 housekeeper] HikariPool-1 - Pool stats (total=10, active=0, idle=10, waiting=0)
2024-06-25 17:21:06,857 DEBUG com.zaxxer.hikari.pool.HikariPool [HikariPool-1 housekeeper] HikariPool-1 - Fill pool skipped, pool is at sufficient level.
2024-06-25 17:21:26,695 DEBUG sun.rmi.runtime.Log$LoggerLog [RMI TCP Connection(39)-127.0.0.1] RMI TCP Connection(39)-127.0.0.1: accepted socket from [127.0.0.1:56769]
2024-06-25 17:21:26,696 DEBUG sun.rmi.runtime.Log$LoggerLog [RMI TCP Connection(39)-127.0.0.1] RMI TCP Connection(39)-127.0.0.1: (port 61001) op = 80
2024-06-25 17:21:26,697 DEBUG sun.util.logging.internal.LoggingProviderImpl$JULWrapper [RMI TCP Connection(39)-127.0.0.1] connectionId=rmi://127.0.0.1  1
2024-06-25 17:21:36,863 DEBUG com.zaxxer.hikari.pool.HikariPool [HikariPool-1 housekeeper] HikariPool-1 - Pool stats (total=10, active=0, idle=10, waiting=0)
2024-06-25 17:21:36,864 DEBUG com.zaxxer.hikari.pool.HikariPool [HikariPool-1 housekeeper] HikariPool-1 - Fill pool skipped, pool is at sufficient level.
2024-06-25 17:21:41,699 DEBUG sun.rmi.runtime.Log$LoggerLog [RMI TCP Connection(39)-127.0.0.1] RMI TCP Connection(39)-127.0.0.1: (port 61001) connection closed
2024-06-25 17:21:41,700 DEBUG sun.rmi.runtime.Log$LoggerLog [RMI TCP Connection(39)-127.0.0.1] RMI TCP Connection(39)-127.0.0.1: close connection, socket: Socket[addr=/127.0.0.1,port=56769,localport=61001]
2024-06-25 17:21:41,701 DEBUG sun.rmi.runtime.Log$LoggerLog [RMI TCP Connection(39)-127.0.0.1] RMI TCP Connection(39)-127.0.0.1: socket close: Socket[addr=/127.0.0.1,port=56769,localport=61001]
2024-06-25 17:21:52,496 DEBUG org.apache.juli.logging.DirectJDKLog [Catalina-utility-1] Start expire sessions StandardManager at 1719316312496 sessioncount 0
2024-06-25 17:21:52,497 DEBUG org.apache.juli.logging.DirectJDKLog [Catalina-utility-1] End expire sessions StandardManager processingTime 1 expired sessions: 0
2024-06-25 17:22:06,865 DEBUG com.zaxxer.hikari.pool.HikariPool [HikariPool-1 housekeeper] HikariPool-1 - Pool stats (total=10, active=0, idle=10, waiting=0)
2024-06-25 17:22:06,865 DEBUG com.zaxxer.hikari.pool.HikariPool [HikariPool-1 housekeeper] HikariPool-1 - Fill pool skipped, pool is at sufficient level.
2024-06-25 17:22:26,708 DEBUG sun.rmi.runtime.Log$LoggerLog [RMI TCP Connection(40)-127.0.0.1] RMI TCP Connection(40)-127.0.0.1: accepted socket from [127.0.0.1:61999]
2024-06-25 17:22:26,710 DEBUG sun.rmi.runtime.Log$LoggerLog [RMI TCP Connection(40)-127.0.0.1] RMI TCP Connection(40)-127.0.0.1: (port 61001) op = 80
2024-06-25 17:22:26,711 DEBUG sun.util.logging.internal.LoggingProviderImpl$JULWrapper [RMI TCP Connection(40)-127.0.0.1] connectionId=rmi://127.0.0.1  1
2024-06-25 17:22:36,879 DEBUG com.zaxxer.hikari.pool.HikariPool [HikariPool-1 housekeeper] HikariPool-1 - Pool stats (total=10, active=0, idle=10, waiting=0)
2024-06-25 17:22:36,880 DEBUG com.zaxxer.hikari.pool.HikariPool [HikariPool-1 housekeeper] HikariPool-1 - Fill pool skipped, pool is at sufficient level.
2024-06-25 17:22:41,712 DEBUG sun.rmi.runtime.Log$LoggerLog [RMI TCP Connection(40)-127.0.0.1] RMI TCP Connection(40)-127.0.0.1: (port 61001) connection closed
2024-06-25 17:22:41,713 DEBUG sun.rmi.runtime.Log$LoggerLog [RMI TCP Connection(40)-127.0.0.1] RMI TCP Connection(40)-127.0.0.1: close connection, socket: Socket[addr=/127.0.0.1,port=61999,localport=61001]
2024-06-25 17:22:41,714 DEBUG sun.rmi.runtime.Log$LoggerLog [RMI TCP Connection(40)-127.0.0.1] RMI TCP Connection(40)-127.0.0.1: socket close: Socket[addr=/127.0.0.1,port=61999,localport=61001]
2024-06-25 17:22:52,533 DEBUG org.apache.juli.logging.DirectJDKLog [Catalina-utility-1] Start expire sessions StandardManager at 1719316372533 sessioncount 0
2024-06-25 17:22:52,534 DEBUG org.apache.juli.logging.DirectJDKLog [Catalina-utility-1] End expire sessions StandardManager processingTime 0 expired sessions: 0
2024-06-25 17:23:06,893 DEBUG com.zaxxer.hikari.pool.HikariPool [HikariPool-1 housekeeper] HikariPool-1 - Pool stats (total=10, active=0, idle=10, waiting=0)
2024-06-25 17:23:06,894 DEBUG com.zaxxer.hikari.pool.HikariPool [HikariPool-1 housekeeper] HikariPool-1 - Fill pool skipped, pool is at sufficient level.
2024-06-25 17:23:26,723 DEBUG sun.rmi.runtime.Log$LoggerLog [RMI TCP Connection(41)-127.0.0.1] RMI TCP Connection(41)-127.0.0.1: accepted socket from [127.0.0.1:62864]
2024-06-25 17:23:26,725 DEBUG sun.rmi.runtime.Log$LoggerLog [RMI TCP Connection(41)-127.0.0.1] RMI TCP Connection(41)-127.0.0.1: (port 61001) op = 80
2024-06-25 17:23:26,726 DEBUG sun.util.logging.internal.LoggingProviderImpl$JULWrapper [RMI TCP Connection(41)-127.0.0.1] connectionId=rmi://127.0.0.1  1
2024-06-25 17:23:36,898 DEBUG com.zaxxer.hikari.pool.HikariPool [HikariPool-1 housekeeper] HikariPool-1 - Pool stats (total=10, active=0, idle=10, waiting=0)
2024-06-25 17:23:36,899 DEBUG com.zaxxer.hikari.pool.HikariPool [HikariPool-1 housekeeper] HikariPool-1 - Fill pool skipped, pool is at sufficient level.
2024-06-25 17:23:41,729 DEBUG sun.rmi.runtime.Log$LoggerLog [RMI TCP Connection(41)-127.0.0.1] RMI TCP Connection(41)-127.0.0.1: (port 61001) connection closed
2024-06-25 17:23:42,894 DEBUG sun.rmi.runtime.Log$LoggerLog [RMI TCP Connection(41)-127.0.0.1] RMI TCP Connection(41)-127.0.0.1: close connection, socket: Socket[addr=/127.0.0.1,port=62864,localport=61001]
2024-06-25 17:23:42,909 DEBUG sun.rmi.runtime.Log$LoggerLog [RMI TCP Connection(41)-127.0.0.1] RMI TCP Connection(41)-127.0.0.1: socket close: Socket[addr=/127.0.0.1,port=62864,localport=61001]
2024-06-25 17:23:52,565 DEBUG org.apache.juli.logging.DirectJDKLog [Catalina-utility-1] Start expire sessions StandardManager at 1719316432565 sessioncount 0
2024-06-25 17:23:52,565 DEBUG org.apache.juli.logging.DirectJDKLog [Catalina-utility-1] End expire sessions StandardManager processingTime 0 expired sessions: 0
2024-06-25 17:24:06,901 DEBUG com.zaxxer.hikari.pool.HikariPool [HikariPool-1 housekeeper] HikariPool-1 - Pool stats (total=10, active=0, idle=10, waiting=0)
2024-06-25 17:24:06,901 DEBUG com.zaxxer.hikari.pool.HikariPool [HikariPool-1 housekeeper] HikariPool-1 - Fill pool skipped, pool is at sufficient level.
2024-06-25 17:24:26,135 DEBUG sun.rmi.runtime.Log$LoggerLog [RMI TCP Connection(42)-127.0.0.1] RMI TCP Connection(42)-127.0.0.1: accepted socket from [127.0.0.1:58071]
2024-06-25 17:24:26,136 DEBUG sun.rmi.runtime.Log$LoggerLog [RMI TCP Connection(42)-127.0.0.1] RMI TCP Connection(42)-127.0.0.1: (port 61001) op = 80
2024-06-25 17:24:26,138 DEBUG sun.rmi.runtime.Log$LoggerLog [RMI TCP Connection(42)-127.0.0.1] RMI TCP Connection(42)-127.0.0.1: name = "[Ljava.rmi.server.ObjID;", codebase = "", defaultLoader = jdk.internal.loader.ClassLoaders$PlatformClassLoader@2b31c5cb
2024-06-25 17:24:26,139 DEBUG sun.rmi.runtime.Log$LoggerLog [RMI TCP Connection(42)-127.0.0.1] RMI TCP Connection(42)-127.0.0.1: name = "java.rmi.dgc.Lease", codebase = "", defaultLoader = jdk.internal.loader.ClassLoaders$PlatformClassLoader@2b31c5cb
2024-06-25 17:24:26,140 DEBUG sun.rmi.runtime.Log$LoggerLog [RMI TCP Connection(42)-127.0.0.1] RMI TCP Connection(42)-127.0.0.1: name = "java.rmi.dgc.VMID", codebase = "", defaultLoader = jdk.internal.loader.ClassLoaders$PlatformClassLoader@2b31c5cb
2024-06-25 17:24:26,141 DEBUG sun.rmi.runtime.Log$LoggerLog [RMI TCP Connection(42)-127.0.0.1] RMI TCP Connection(42)-127.0.0.1: name = "[B", codebase = "", defaultLoader = jdk.internal.loader.ClassLoaders$PlatformClassLoader@2b31c5cb
2024-06-25 17:24:26,142 DEBUG sun.rmi.runtime.Log$LoggerLog [RMI TCP Connection(42)-127.0.0.1] RMI TCP Connection(42)-127.0.0.1: name = "java.rmi.server.UID", codebase = "", defaultLoader = jdk.internal.loader.ClassLoaders$PlatformClassLoader@2b31c5cb
2024-06-25 17:24:26,728 DEBUG sun.rmi.runtime.Log$LoggerLog [RMI TCP Connection(42)-127.0.0.1] RMI TCP Connection(42)-127.0.0.1: (port 61001) op = 82
2024-06-25 17:24:26,746 DEBUG sun.rmi.runtime.Log$LoggerLog [RMI TCP Connection(42)-127.0.0.1] RMI TCP Connection(42)-127.0.0.1: (port 61001) op = 80
2024-06-25 17:24:26,747 DEBUG sun.util.logging.internal.LoggingProviderImpl$JULWrapper [RMI TCP Connection(42)-127.0.0.1] connectionId=rmi://127.0.0.1  1
2024-06-25 17:24:36,902 DEBUG com.zaxxer.hikari.pool.HikariPool [HikariPool-1 housekeeper] HikariPool-1 - Pool stats (total=10, active=0, idle=10, waiting=0)
2024-06-25 17:24:36,903 DEBUG com.zaxxer.hikari.pool.HikariPool [HikariPool-1 housekeeper] HikariPool-1 - Fill pool skipped, pool is at sufficient level.
2024-06-25 17:24:52,621 DEBUG org.apache.juli.logging.DirectJDKLog [Catalina-utility-2] Start expire sessions StandardManager at 1719316492621 sessioncount 0
2024-06-25 17:24:52,622 DEBUG org.apache.juli.logging.DirectJDKLog [Catalina-utility-2] End expire sessions StandardManager processingTime 1 expired sessions: 0
2024-06-25 17:24:56,146 DEBUG sun.rmi.runtime.Log$LoggerLog [RMI TCP Connection(42)-127.0.0.1] RMI TCP Connection(42)-127.0.0.1: (port 61001) connection closed
2024-06-25 17:24:56,147 DEBUG sun.rmi.runtime.Log$LoggerLog [RMI TCP Connection(42)-127.0.0.1] RMI TCP Connection(42)-127.0.0.1: close connection, socket: Socket[addr=/127.0.0.1,port=58071,localport=61001]
2024-06-25 17:24:56,148 DEBUG sun.rmi.runtime.Log$LoggerLog [RMI TCP Connection(42)-127.0.0.1] RMI TCP Connection(42)-127.0.0.1: socket close: Socket[addr=/127.0.0.1,port=58071,localport=61001]
2024-06-25 17:25:06,905 DEBUG com.zaxxer.hikari.pool.HikariPool [HikariPool-1 housekeeper] HikariPool-1 - Pool stats (total=10, active=0, idle=10, waiting=0)
2024-06-25 17:25:06,905 DEBUG com.zaxxer.hikari.pool.HikariPool [HikariPool-1 housekeeper] HikariPool-1 - Fill pool skipped, pool is at sufficient level.
2024-06-25 17:25:26,758 DEBUG sun.rmi.runtime.Log$LoggerLog [RMI TCP Connection(43)-127.0.0.1] RMI TCP Connection(43)-127.0.0.1: accepted socket from [127.0.0.1:60858]
2024-06-25 17:25:26,760 DEBUG sun.rmi.runtime.Log$LoggerLog [RMI TCP Connection(43)-127.0.0.1] RMI TCP Connection(43)-127.0.0.1: (port 61001) op = 80
2024-06-25 17:25:26,761 DEBUG sun.util.logging.internal.LoggingProviderImpl$JULWrapper [RMI TCP Connection(43)-127.0.0.1] connectionId=rmi://127.0.0.1  1
2024-06-25 17:25:36,909 DEBUG com.zaxxer.hikari.pool.HikariPool [HikariPool-1 housekeeper] HikariPool-1 - Pool stats (total=10, active=0, idle=10, waiting=0)
2024-06-25 17:25:36,909 DEBUG com.zaxxer.hikari.pool.HikariPool [HikariPool-1 housekeeper] HikariPool-1 - Fill pool skipped, pool is at sufficient level.
2024-06-25 17:25:41,763 DEBUG sun.rmi.runtime.Log$LoggerLog [RMI TCP Connection(43)-127.0.0.1] RMI TCP Connection(43)-127.0.0.1: (port 61001) connection closed
2024-06-25 17:25:41,764 DEBUG sun.rmi.runtime.Log$LoggerLog [RMI TCP Connection(43)-127.0.0.1] RMI TCP Connection(43)-127.0.0.1: close connection, socket: Socket[addr=/127.0.0.1,port=60858,localport=61001]
2024-06-25 17:25:41,765 DEBUG sun.rmi.runtime.Log$LoggerLog [RMI TCP Connection(43)-127.0.0.1] RMI TCP Connection(43)-127.0.0.1: socket close: Socket[addr=/127.0.0.1,port=60858,localport=61001]
2024-06-25 17:25:52,630 DEBUG org.apache.juli.logging.DirectJDKLog [Catalina-utility-2] Start expire sessions StandardManager at 1719316552630 sessioncount 0
2024-06-25 17:25:52,631 DEBUG org.apache.juli.logging.DirectJDKLog [Catalina-utility-2] End expire sessions StandardManager processingTime 1 expired sessions: 0
2024-06-25 17:26:06,911 DEBUG com.zaxxer.hikari.pool.HikariPool [HikariPool-1 housekeeper] HikariPool-1 - Pool stats (total=10, active=0, idle=10, waiting=0)
2024-06-25 17:26:06,912 DEBUG com.zaxxer.hikari.pool.HikariPool [HikariPool-1 housekeeper] HikariPool-1 - Fill pool skipped, pool is at sufficient level.
2024-06-25 17:26:26,771 DEBUG sun.rmi.runtime.Log$LoggerLog [RMI TCP Connection(44)-127.0.0.1] RMI TCP Connection(44)-127.0.0.1: accepted socket from [127.0.0.1:61747]
2024-06-25 17:26:26,773 DEBUG sun.rmi.runtime.Log$LoggerLog [RMI TCP Connection(44)-127.0.0.1] RMI TCP Connection(44)-127.0.0.1: (port 61001) op = 80
2024-06-25 17:26:26,774 DEBUG sun.util.logging.internal.LoggingProviderImpl$JULWrapper [RMI TCP Connection(44)-127.0.0.1] connectionId=rmi://127.0.0.1  1
2024-06-25 17:26:36,919 DEBUG com.zaxxer.hikari.pool.HikariPool [HikariPool-1 housekeeper] HikariPool-1 - Pool stats (total=10, active=0, idle=10, waiting=0)
2024-06-25 17:26:36,919 DEBUG com.zaxxer.hikari.pool.HikariPool [HikariPool-1 housekeeper] HikariPool-1 - Fill pool skipped, pool is at sufficient level.
2024-06-25 17:26:41,777 DEBUG sun.rmi.runtime.Log$LoggerLog [RMI TCP Connection(44)-127.0.0.1] RMI TCP Connection(44)-127.0.0.1: (port 61001) connection closed
2024-06-25 17:26:41,778 DEBUG sun.rmi.runtime.Log$LoggerLog [RMI TCP Connection(44)-127.0.0.1] RMI TCP Connection(44)-127.0.0.1: close connection, socket: Socket[addr=/127.0.0.1,port=61747,localport=61001]
2024-06-25 17:26:41,778 DEBUG sun.rmi.runtime.Log$LoggerLog [RMI TCP Connection(44)-127.0.0.1] RMI TCP Connection(44)-127.0.0.1: socket close: Socket[addr=/127.0.0.1,port=61747,localport=61001]
2024-06-25 17:26:52,665 DEBUG org.apache.juli.logging.DirectJDKLog [Catalina-utility-1] Start expire sessions StandardManager at 1719316612665 sessioncount 0
2024-06-25 17:26:52,666 DEBUG org.apache.juli.logging.DirectJDKLog [Catalina-utility-1] End expire sessions StandardManager processingTime 0 expired sessions: 0
2024-06-25 17:27:06,923 DEBUG com.zaxxer.hikari.pool.HikariPool [HikariPool-1 housekeeper] HikariPool-1 - Pool stats (total=10, active=0, idle=10, waiting=0)
2024-06-25 17:27:06,924 DEBUG com.zaxxer.hikari.pool.HikariPool [HikariPool-1 housekeeper] HikariPool-1 - Fill pool skipped, pool is at sufficient level.
2024-06-25 17:27:08,872 DEBUG com.zaxxer.hikari.pool.PoolBase [HikariPool-1 connection closer] HikariPool-1 - Closing connection org.postgresql.jdbc.PgConnection@316520fe: (connection has passed maxLifetime)
2024-06-25 17:27:08,872 DEBUG org.postgresql.Driver [HikariPool-1 connection adder] Connecting with URL: jdbc:postgresql://database-1.cnaee60qc6yl.us-east-2.rds.amazonaws.com/clubdb
2024-06-25 17:27:08,873 DEBUG org.postgresql.jdbc.PgConnection [HikariPool-1 connection adder] PostgreSQL JDBC Driver 42.2.14
2024-06-25 17:27:08,873 DEBUG org.postgresql.jdbc.PgConnection [HikariPool-1 connection adder]   setDefaultFetchSize = 0
2024-06-25 17:27:08,874 DEBUG org.postgresql.jdbc.PgConnection [HikariPool-1 connection adder]   setPrepareThreshold = 5
2024-06-25 17:27:08,874 DEBUG org.postgresql.core.v3.ConnectionFactoryImpl [HikariPool-1 connection adder] Trying to establish a protocol version 3 connection to database-1.cnaee60qc6yl.us-east-2.rds.amazonaws.com:5432
2024-06-25 17:27:09,132 DEBUG org.postgresql.core.v3.ConnectionFactoryImpl [HikariPool-1 connection adder] Receive Buffer Size is 65,536
2024-06-25 17:27:09,133 DEBUG org.postgresql.core.v3.ConnectionFactoryImpl [HikariPool-1 connection adder] Send Buffer Size is 65,536
2024-06-25 17:27:09,369 DEBUG org.postgresql.ssl.MakeSSL [HikariPool-1 connection adder] converting regular socket connection to ssl
2024-06-25 17:27:09,641 DEBUG sun.util.logging.internal.LoggingProviderImpl$JULWrapper [HikariPool-1 connection adder]  TLSHandshake: database-1.cnaee60qc6yl.us-east-2.rds.amazonaws.com:5432, TLSv1.3, TLS_AES_256_GCM_SHA384, -791690251
2024-06-25 17:27:10,997 DEBUG com.zaxxer.hikari.pool.HikariPool$PoolEntryCreator [HikariPool-1 connection adder] HikariPool-1 - Added connection org.postgresql.jdbc.PgConnection@14813fe0
2024-06-25 17:27:17,298 DEBUG com.zaxxer.hikari.pool.PoolBase [HikariPool-1 connection closer] HikariPool-1 - Closing connection org.postgresql.jdbc.PgConnection@3fa2d97a: (connection has passed maxLifetime)
2024-06-25 17:27:17,298 DEBUG org.postgresql.Driver [HikariPool-1 connection adder] Connecting with URL: jdbc:postgresql://database-1.cnaee60qc6yl.us-east-2.rds.amazonaws.com/clubdb
2024-06-25 17:27:17,299 DEBUG org.postgresql.jdbc.PgConnection [HikariPool-1 connection adder] PostgreSQL JDBC Driver 42.2.14
2024-06-25 17:27:17,300 DEBUG org.postgresql.jdbc.PgConnection [HikariPool-1 connection adder]   setDefaultFetchSize = 0
2024-06-25 17:27:17,301 DEBUG org.postgresql.jdbc.PgConnection [HikariPool-1 connection adder]   setPrepareThreshold = 5
2024-06-25 17:27:17,301 DEBUG org.postgresql.core.v3.ConnectionFactoryImpl [HikariPool-1 connection adder] Trying to establish a protocol version 3 connection to database-1.cnaee60qc6yl.us-east-2.rds.amazonaws.com:5432
2024-06-25 17:27:17,814 DEBUG org.postgresql.core.v3.ConnectionFactoryImpl [HikariPool-1 connection adder] Receive Buffer Size is 65,536
2024-06-25 17:27:17,815 DEBUG org.postgresql.core.v3.ConnectionFactoryImpl [HikariPool-1 connection adder] Send Buffer Size is 65,536
2024-06-25 17:27:18,049 DEBUG org.postgresql.ssl.MakeSSL [HikariPool-1 connection adder] converting regular socket connection to ssl
2024-06-25 17:27:18,310 DEBUG sun.util.logging.internal.LoggingProviderImpl$JULWrapper [HikariPool-1 connection adder]  TLSHandshake: database-1.cnaee60qc6yl.us-east-2.rds.amazonaws.com:5432, TLSv1.3, TLS_AES_256_GCM_SHA384, -791690251
2024-06-25 17:27:20,125 DEBUG com.zaxxer.hikari.pool.HikariPool$PoolEntryCreator [HikariPool-1 connection adder] HikariPool-1 - Added connection org.postgresql.jdbc.PgConnection@5c05c722
2024-06-25 17:27:26,785 DEBUG sun.rmi.runtime.Log$LoggerLog [RMI TCP Connection(45)-127.0.0.1] RMI TCP Connection(45)-127.0.0.1: accepted socket from [127.0.0.1:62619]
2024-06-25 17:27:26,786 DEBUG sun.rmi.runtime.Log$LoggerLog [RMI TCP Connection(45)-127.0.0.1] RMI TCP Connection(45)-127.0.0.1: (port 61001) op = 80
2024-06-25 17:27:26,787 DEBUG sun.util.logging.internal.LoggingProviderImpl$JULWrapper [RMI TCP Connection(45)-127.0.0.1] connectionId=rmi://127.0.0.1  1
2024-06-25 17:27:36,935 DEBUG com.zaxxer.hikari.pool.HikariPool [HikariPool-1 housekeeper] HikariPool-1 - Pool stats (total=10, active=0, idle=10, waiting=0)
2024-06-25 17:27:36,936 DEBUG com.zaxxer.hikari.pool.HikariPool [HikariPool-1 housekeeper] HikariPool-1 - Fill pool skipped, pool is at sufficient level.
2024-06-25 17:27:41,791 DEBUG sun.rmi.runtime.Log$LoggerLog [RMI TCP Connection(45)-127.0.0.1] RMI TCP Connection(45)-127.0.0.1: (port 61001) connection closed
2024-06-25 17:27:41,792 DEBUG sun.rmi.runtime.Log$LoggerLog [RMI TCP Connection(45)-127.0.0.1] RMI TCP Connection(45)-127.0.0.1: close connection, socket: Socket[addr=/127.0.0.1,port=62619,localport=61001]
2024-06-25 17:27:41,793 DEBUG sun.rmi.runtime.Log$LoggerLog [RMI TCP Connection(45)-127.0.0.1] RMI TCP Connection(45)-127.0.0.1: socket close: Socket[addr=/127.0.0.1,port=62619,localport=61001]
2024-06-25 17:27:52,695 DEBUG org.apache.juli.logging.DirectJDKLog [Catalina-utility-2] Start expire sessions StandardManager at 1719316672695 sessioncount 0
2024-06-25 17:27:52,697 DEBUG org.apache.juli.logging.DirectJDKLog [Catalina-utility-2] End expire sessions StandardManager processingTime 2 expired sessions: 0
2024-06-25 17:28:06,937 DEBUG com.zaxxer.hikari.pool.HikariPool [HikariPool-1 housekeeper] HikariPool-1 - Pool stats (total=10, active=0, idle=10, waiting=0)
2024-06-25 17:28:06,938 DEBUG com.zaxxer.hikari.pool.HikariPool [HikariPool-1 housekeeper] HikariPool-1 - Fill pool skipped, pool is at sufficient level.
2024-06-25 17:28:26,801 DEBUG sun.rmi.runtime.Log$LoggerLog [RMI TCP Connection(46)-127.0.0.1] RMI TCP Connection(46)-127.0.0.1: accepted socket from [127.0.0.1:62828]
2024-06-25 17:28:26,802 DEBUG sun.rmi.runtime.Log$LoggerLog [RMI TCP Connection(46)-127.0.0.1] RMI TCP Connection(46)-127.0.0.1: (port 61001) op = 80
2024-06-25 17:28:26,803 DEBUG sun.util.logging.internal.LoggingProviderImpl$JULWrapper [RMI TCP Connection(46)-127.0.0.1] connectionId=rmi://127.0.0.1  1
2024-06-25 17:28:36,940 DEBUG com.zaxxer.hikari.pool.HikariPool [HikariPool-1 housekeeper] HikariPool-1 - Pool stats (total=10, active=0, idle=10, waiting=0)
2024-06-25 17:28:36,941 DEBUG com.zaxxer.hikari.pool.HikariPool [HikariPool-1 housekeeper] HikariPool-1 - Fill pool skipped, pool is at sufficient level.
2024-06-25 17:28:41,805 DEBUG sun.rmi.runtime.Log$LoggerLog [RMI TCP Connection(46)-127.0.0.1] RMI TCP Connection(46)-127.0.0.1: (port 61001) connection closed
2024-06-25 17:28:41,806 DEBUG sun.rmi.runtime.Log$LoggerLog [RMI TCP Connection(46)-127.0.0.1] RMI TCP Connection(46)-127.0.0.1: close connection, socket: Socket[addr=/127.0.0.1,port=62828,localport=61001]
2024-06-25 17:28:41,807 DEBUG sun.rmi.runtime.Log$LoggerLog [RMI TCP Connection(46)-127.0.0.1] RMI TCP Connection(46)-127.0.0.1: socket close: Socket[addr=/127.0.0.1,port=62828,localport=61001]
2024-06-25 17:28:52,707 DEBUG org.apache.juli.logging.DirectJDKLog [Catalina-utility-1] Start expire sessions StandardManager at 1719316732707 sessioncount 0
2024-06-25 17:28:52,708 DEBUG org.apache.juli.logging.DirectJDKLog [Catalina-utility-1] End expire sessions StandardManager processingTime 0 expired sessions: 0
2024-06-25 17:29:06,944 DEBUG com.zaxxer.hikari.pool.HikariPool [HikariPool-1 housekeeper] HikariPool-1 - Pool stats (total=10, active=0, idle=10, waiting=0)
2024-06-25 17:29:06,944 DEBUG com.zaxxer.hikari.pool.HikariPool [HikariPool-1 housekeeper] HikariPool-1 - Fill pool skipped, pool is at sufficient level.
2024-06-25 17:29:26,139 DEBUG sun.rmi.runtime.Log$LoggerLog [RMI TCP Connection(47)-127.0.0.1] RMI TCP Connection(47)-127.0.0.1: accepted socket from [127.0.0.1:59630]
2024-06-25 17:29:26,141 DEBUG sun.rmi.runtime.Log$LoggerLog [RMI TCP Connection(47)-127.0.0.1] RMI TCP Connection(47)-127.0.0.1: (port 61001) op = 80
2024-06-25 17:29:26,142 DEBUG sun.rmi.runtime.Log$LoggerLog [RMI TCP Connection(47)-127.0.0.1] RMI TCP Connection(47)-127.0.0.1: name = "[Ljava.rmi.server.ObjID;", codebase = "", defaultLoader = jdk.internal.loader.ClassLoaders$PlatformClassLoader@2b31c5cb
2024-06-25 17:29:26,143 DEBUG sun.rmi.runtime.Log$LoggerLog [RMI TCP Connection(47)-127.0.0.1] RMI TCP Connection(47)-127.0.0.1: name = "java.rmi.dgc.Lease", codebase = "", defaultLoader = jdk.internal.loader.ClassLoaders$PlatformClassLoader@2b31c5cb
2024-06-25 17:29:26,144 DEBUG sun.rmi.runtime.Log$LoggerLog [RMI TCP Connection(47)-127.0.0.1] RMI TCP Connection(47)-127.0.0.1: name = "java.rmi.dgc.VMID", codebase = "", defaultLoader = jdk.internal.loader.ClassLoaders$PlatformClassLoader@2b31c5cb
2024-06-25 17:29:26,145 DEBUG sun.rmi.runtime.Log$LoggerLog [RMI TCP Connection(47)-127.0.0.1] RMI TCP Connection(47)-127.0.0.1: name = "[B", codebase = "", defaultLoader = jdk.internal.loader.ClassLoaders$PlatformClassLoader@2b31c5cb
2024-06-25 17:29:26,145 DEBUG sun.rmi.runtime.Log$LoggerLog [RMI TCP Connection(47)-127.0.0.1] RMI TCP Connection(47)-127.0.0.1: name = "java.rmi.server.UID", codebase = "", defaultLoader = jdk.internal.loader.ClassLoaders$PlatformClassLoader@2b31c5cb
2024-06-25 17:29:26,805 DEBUG sun.rmi.runtime.Log$LoggerLog [RMI TCP Connection(47)-127.0.0.1] RMI TCP Connection(47)-127.0.0.1: (port 61001) op = 82
2024-06-25 17:29:26,806 DEBUG sun.rmi.runtime.Log$LoggerLog [RMI TCP Connection(47)-127.0.0.1] RMI TCP Connection(47)-127.0.0.1: (port 61001) op = 80
2024-06-25 17:29:26,807 DEBUG sun.util.logging.internal.LoggingProviderImpl$JULWrapper [RMI TCP Connection(47)-127.0.0.1] connectionId=rmi://127.0.0.1  1
2024-06-25 17:29:36,947 DEBUG com.zaxxer.hikari.pool.HikariPool [HikariPool-1 housekeeper] HikariPool-1 - Pool stats (total=10, active=0, idle=10, waiting=0)
2024-06-25 17:29:36,948 DEBUG com.zaxxer.hikari.pool.HikariPool [HikariPool-1 housekeeper] HikariPool-1 - Fill pool skipped, pool is at sufficient level.
2024-06-25 17:29:52,736 DEBUG org.apache.juli.logging.DirectJDKLog [Catalina-utility-2] Start expire sessions StandardManager at 1719316792736 sessioncount 0
2024-06-25 17:29:52,737 DEBUG org.apache.juli.logging.DirectJDKLog [Catalina-utility-2] End expire sessions StandardManager processingTime 1 expired sessions: 0
2024-06-25 17:29:56,150 DEBUG sun.rmi.runtime.Log$LoggerLog [RMI TCP Connection(47)-127.0.0.1] RMI TCP Connection(47)-127.0.0.1: (port 61001) connection closed
2024-06-25 17:29:56,151 DEBUG sun.rmi.runtime.Log$LoggerLog [RMI TCP Connection(47)-127.0.0.1] RMI TCP Connection(47)-127.0.0.1: close connection, socket: Socket[addr=/127.0.0.1,port=59630,localport=61001]
2024-06-25 17:29:56,152 DEBUG sun.rmi.runtime.Log$LoggerLog [RMI TCP Connection(47)-127.0.0.1] RMI TCP Connection(47)-127.0.0.1: socket close: Socket[addr=/127.0.0.1,port=59630,localport=61001]
2024-06-25 17:30:06,964 DEBUG com.zaxxer.hikari.pool.HikariPool [HikariPool-1 housekeeper] HikariPool-1 - Pool stats (total=10, active=0, idle=10, waiting=0)
2024-06-25 17:30:06,964 DEBUG com.zaxxer.hikari.pool.HikariPool [HikariPool-1 housekeeper] HikariPool-1 - Fill pool skipped, pool is at sufficient level.
2024-06-25 17:30:26,816 DEBUG sun.rmi.runtime.Log$LoggerLog [RMI TCP Connection(48)-127.0.0.1] RMI TCP Connection(48)-127.0.0.1: accepted socket from [127.0.0.1:53414]
2024-06-25 17:30:26,817 DEBUG sun.rmi.runtime.Log$LoggerLog [RMI TCP Connection(48)-127.0.0.1] RMI TCP Connection(48)-127.0.0.1: (port 61001) op = 80
2024-06-25 17:30:26,818 DEBUG sun.util.logging.internal.LoggingProviderImpl$JULWrapper [RMI TCP Connection(48)-127.0.0.1] connectionId=rmi://127.0.0.1  1
2024-06-25 17:30:36,968 DEBUG com.zaxxer.hikari.pool.HikariPool [HikariPool-1 housekeeper] HikariPool-1 - Pool stats (total=10, active=0, idle=10, waiting=0)
2024-06-25 17:30:36,968 DEBUG com.zaxxer.hikari.pool.HikariPool [HikariPool-1 housekeeper] HikariPool-1 - Fill pool skipped, pool is at sufficient level.
2024-06-25 17:30:41,820 DEBUG sun.rmi.runtime.Log$LoggerLog [RMI TCP Connection(48)-127.0.0.1] RMI TCP Connection(48)-127.0.0.1: (port 61001) connection closed
2024-06-25 17:30:41,821 DEBUG sun.rmi.runtime.Log$LoggerLog [RMI TCP Connection(48)-127.0.0.1] RMI TCP Connection(48)-127.0.0.1: close connection, socket: Socket[addr=/127.0.0.1,port=53414,localport=61001]
2024-06-25 17:30:41,822 DEBUG sun.rmi.runtime.Log$LoggerLog [RMI TCP Connection(48)-127.0.0.1] RMI TCP Connection(48)-127.0.0.1: socket close: Socket[addr=/127.0.0.1,port=53414,localport=61001]
2024-06-25 17:30:52,770 DEBUG org.apache.juli.logging.DirectJDKLog [Catalina-utility-1] Start expire sessions StandardManager at 1719316852770 sessioncount 0
2024-06-25 17:30:52,771 DEBUG org.apache.juli.logging.DirectJDKLog [Catalina-utility-1] End expire sessions StandardManager processingTime 1 expired sessions: 0
2024-06-25 17:31:06,978 DEBUG com.zaxxer.hikari.pool.HikariPool [HikariPool-1 housekeeper] HikariPool-1 - Pool stats (total=10, active=0, idle=10, waiting=0)
2024-06-25 17:31:06,979 DEBUG com.zaxxer.hikari.pool.HikariPool [HikariPool-1 housekeeper] HikariPool-1 - Fill pool skipped, pool is at sufficient level.
2024-06-25 17:31:26,827 DEBUG sun.rmi.runtime.Log$LoggerLog [RMI TCP Connection(49)-127.0.0.1] RMI TCP Connection(49)-127.0.0.1: accepted socket from [127.0.0.1:58084]
2024-06-25 17:31:26,829 DEBUG sun.rmi.runtime.Log$LoggerLog [RMI TCP Connection(49)-127.0.0.1] RMI TCP Connection(49)-127.0.0.1: (port 61001) op = 80
2024-06-25 17:31:26,830 DEBUG sun.util.logging.internal.LoggingProviderImpl$JULWrapper [RMI TCP Connection(49)-127.0.0.1] connectionId=rmi://127.0.0.1  1
2024-06-25 17:31:36,988 DEBUG com.zaxxer.hikari.pool.HikariPool [HikariPool-1 housekeeper] HikariPool-1 - Pool stats (total=10, active=0, idle=10, waiting=0)
2024-06-25 17:31:36,989 DEBUG com.zaxxer.hikari.pool.HikariPool [HikariPool-1 housekeeper] HikariPool-1 - Fill pool skipped, pool is at sufficient level.
2024-06-25 17:31:41,832 DEBUG sun.rmi.runtime.Log$LoggerLog [RMI TCP Connection(49)-127.0.0.1] RMI TCP Connection(49)-127.0.0.1: (port 61001) connection closed
2024-06-25 17:31:41,833 DEBUG sun.rmi.runtime.Log$LoggerLog [RMI TCP Connection(49)-127.0.0.1] RMI TCP Connection(49)-127.0.0.1: close connection, socket: Socket[addr=/127.0.0.1,port=58084,localport=61001]
2024-06-25 17:31:41,834 DEBUG sun.rmi.runtime.Log$LoggerLog [RMI TCP Connection(49)-127.0.0.1] RMI TCP Connection(49)-127.0.0.1: socket close: Socket[addr=/127.0.0.1,port=58084,localport=61001]
2024-06-25 17:31:52,836 DEBUG org.apache.juli.logging.DirectJDKLog [Catalina-utility-2] Start expire sessions StandardManager at 1719316912836 sessioncount 0
2024-06-25 17:31:52,837 DEBUG org.apache.juli.logging.DirectJDKLog [Catalina-utility-2] End expire sessions StandardManager processingTime 1 expired sessions: 0
2024-06-25 17:32:06,994 DEBUG com.zaxxer.hikari.pool.HikariPool [HikariPool-1 housekeeper] HikariPool-1 - Pool stats (total=10, active=0, idle=10, waiting=0)
2024-06-25 17:32:06,995 DEBUG com.zaxxer.hikari.pool.HikariPool [HikariPool-1 housekeeper] HikariPool-1 - Fill pool skipped, pool is at sufficient level.
2024-06-25 17:32:26,840 DEBUG sun.rmi.runtime.Log$LoggerLog [RMI TCP Connection(50)-127.0.0.1] RMI TCP Connection(50)-127.0.0.1: accepted socket from [127.0.0.1:59715]
2024-06-25 17:32:26,841 DEBUG sun.rmi.runtime.Log$LoggerLog [RMI TCP Connection(50)-127.0.0.1] RMI TCP Connection(50)-127.0.0.1: (port 61001) op = 80
2024-06-25 17:32:26,842 DEBUG sun.util.logging.internal.LoggingProviderImpl$JULWrapper [RMI TCP Connection(50)-127.0.0.1] connectionId=rmi://127.0.0.1  1
2024-06-25 17:32:37,002 DEBUG com.zaxxer.hikari.pool.HikariPool [HikariPool-1 housekeeper] HikariPool-1 - Pool stats (total=10, active=0, idle=10, waiting=0)
2024-06-25 17:32:37,003 DEBUG com.zaxxer.hikari.pool.HikariPool [HikariPool-1 housekeeper] HikariPool-1 - Fill pool skipped, pool is at sufficient level.
2024-06-25 17:32:41,845 DEBUG sun.rmi.runtime.Log$LoggerLog [RMI TCP Connection(50)-127.0.0.1] RMI TCP Connection(50)-127.0.0.1: (port 61001) connection closed
2024-06-25 17:32:41,846 DEBUG sun.rmi.runtime.Log$LoggerLog [RMI TCP Connection(50)-127.0.0.1] RMI TCP Connection(50)-127.0.0.1: close connection, socket: Socket[addr=/127.0.0.1,port=59715,localport=61001]
2024-06-25 17:32:41,847 DEBUG sun.rmi.runtime.Log$LoggerLog [RMI TCP Connection(50)-127.0.0.1] RMI TCP Connection(50)-127.0.0.1: socket close: Socket[addr=/127.0.0.1,port=59715,localport=61001]
2024-06-25 17:32:52,894 DEBUG org.apache.juli.logging.DirectJDKLog [Catalina-utility-1] Start expire sessions StandardManager at 1719316972894 sessioncount 0
2024-06-25 17:32:52,895 DEBUG org.apache.juli.logging.DirectJDKLog [Catalina-utility-1] End expire sessions StandardManager processingTime 1 expired sessions: 0
2024-06-25 17:33:07,016 DEBUG com.zaxxer.hikari.pool.HikariPool [HikariPool-1 housekeeper] HikariPool-1 - Pool stats (total=10, active=0, idle=10, waiting=0)
2024-06-25 17:33:07,016 DEBUG com.zaxxer.hikari.pool.HikariPool [HikariPool-1 housekeeper] HikariPool-1 - Fill pool skipped, pool is at sufficient level.
2024-06-25 17:33:26,850 DEBUG sun.rmi.runtime.Log$LoggerLog [RMI TCP Connection(51)-127.0.0.1] RMI TCP Connection(51)-127.0.0.1: accepted socket from [127.0.0.1:61946]
2024-06-25 17:33:26,852 DEBUG sun.rmi.runtime.Log$LoggerLog [RMI TCP Connection(51)-127.0.0.1] RMI TCP Connection(51)-127.0.0.1: (port 61001) op = 80
2024-06-25 17:33:26,853 DEBUG sun.util.logging.internal.LoggingProviderImpl$JULWrapper [RMI TCP Connection(51)-127.0.0.1] connectionId=rmi://127.0.0.1  1
2024-06-25 17:33:37,028 DEBUG com.zaxxer.hikari.pool.HikariPool [HikariPool-1 housekeeper] HikariPool-1 - Pool stats (total=10, active=0, idle=10, waiting=0)
2024-06-25 17:33:37,028 DEBUG com.zaxxer.hikari.pool.HikariPool [HikariPool-1 housekeeper] HikariPool-1 - Fill pool skipped, pool is at sufficient level.
2024-06-25 17:33:41,855 DEBUG sun.rmi.runtime.Log$LoggerLog [RMI TCP Connection(51)-127.0.0.1] RMI TCP Connection(51)-127.0.0.1: (port 61001) connection closed
2024-06-25 17:33:41,856 DEBUG sun.rmi.runtime.Log$LoggerLog [RMI TCP Connection(51)-127.0.0.1] RMI TCP Connection(51)-127.0.0.1: close connection, socket: Socket[addr=/127.0.0.1,port=61946,localport=61001]
2024-06-25 17:33:41,857 DEBUG sun.rmi.runtime.Log$LoggerLog [RMI TCP Connection(51)-127.0.0.1] RMI TCP Connection(51)-127.0.0.1: socket close: Socket[addr=/127.0.0.1,port=61946,localport=61001]
2024-06-25 17:33:52,956 DEBUG org.apache.juli.logging.DirectJDKLog [Catalina-utility-1] Start expire sessions StandardManager at 1719317032956 sessioncount 0
2024-06-25 17:33:52,956 DEBUG org.apache.juli.logging.DirectJDKLog [Catalina-utility-1] End expire sessions StandardManager processingTime 0 expired sessions: 0
2024-06-25 18:43:47,924 WARN com.zaxxer.hikari.pool.HikariPool$HouseKeeper [HikariPool-1 housekeeper] HikariPool-1 - Thread starvation or clock leap detected (housekeeper delta=1h10m10s935ms136µs100ns).
2024-06-25 18:43:47,925 DEBUG com.zaxxer.hikari.pool.HikariPool [HikariPool-1 housekeeper] HikariPool-1 - Pool stats (total=10, active=0, idle=10, waiting=0)
2024-06-25 18:43:47,925 DEBUG com.zaxxer.hikari.pool.HikariPool [HikariPool-1 housekeeper] HikariPool-1 - Fill pool skipped, pool is at sufficient level.
2024-06-25 18:43:47,927 DEBUG com.zaxxer.hikari.pool.HikariPool [HikariPool-1 housekeeper] HikariPool-1 - Add connection elided, waiting 0, queue 1
2024-06-25 18:43:47,927 DEBUG com.zaxxer.hikari.pool.HikariPool [HikariPool-1 housekeeper] HikariPool-1 - Add connection elided, waiting 0, queue 1
2024-06-25 18:43:47,927 DEBUG com.zaxxer.hikari.pool.HikariPool [HikariPool-1 housekeeper] HikariPool-1 - Add connection elided, waiting 0, queue 1
2024-06-25 18:43:47,927 DEBUG com.zaxxer.hikari.pool.HikariPool [HikariPool-1 housekeeper] HikariPool-1 - Add connection elided, waiting 0, queue 1
2024-06-25 18:43:47,928 DEBUG com.zaxxer.hikari.pool.HikariPool [HikariPool-1 housekeeper] HikariPool-1 - Add connection elided, waiting 0, queue 1
2024-06-25 18:43:47,928 DEBUG com.zaxxer.hikari.pool.HikariPool [HikariPool-1 housekeeper] HikariPool-1 - Add connection elided, waiting 0, queue 1
2024-06-25 18:43:47,928 DEBUG com.zaxxer.hikari.pool.HikariPool [HikariPool-1 housekeeper] HikariPool-1 - Add connection elided, waiting 0, queue 1
2024-06-25 18:43:47,928 DEBUG com.zaxxer.hikari.pool.HikariPool [HikariPool-1 housekeeper] HikariPool-1 - Add connection elided, waiting 0, queue 1
2024-06-25 18:43:47,967 DEBUG com.zaxxer.hikari.pool.PoolBase [HikariPool-1 connection closer] HikariPool-1 - Closing connection org.postgresql.jdbc.PgConnection@6b0b7724: (connection has passed maxLifetime)
2024-06-25 18:43:47,968 DEBUG com.zaxxer.hikari.pool.PoolBase [HikariPool-1 connection closer] HikariPool-1 - Closing connection org.postgresql.jdbc.PgConnection@592e04df: (connection has passed maxLifetime)
2024-06-25 18:43:47,969 DEBUG com.zaxxer.hikari.pool.HikariPool [HikariPool-1 connection closer] HikariPool-1 - Fill pool skipped, pool is at sufficient level.
2024-06-25 18:43:47,969 DEBUG com.zaxxer.hikari.pool.PoolBase [HikariPool-1 connection closer] HikariPool-1 - Closing connection org.postgresql.jdbc.PgConnection@422a8e66: (connection has passed maxLifetime)
2024-06-25 18:43:47,969 DEBUG com.zaxxer.hikari.pool.HikariPool [HikariPool-1 connection closer] HikariPool-1 - Fill pool skipped, pool is at sufficient level.
2024-06-25 18:43:47,970 DEBUG com.zaxxer.hikari.pool.PoolBase [HikariPool-1 connection closer] HikariPool-1 - Closing connection org.postgresql.jdbc.PgConnection@457ca286: (connection has passed maxLifetime)
2024-06-25 18:43:47,970 DEBUG com.zaxxer.hikari.pool.HikariPool [HikariPool-1 connection closer] HikariPool-1 - Fill pool skipped, pool is at sufficient level.
2024-06-25 18:43:47,970 DEBUG com.zaxxer.hikari.pool.PoolBase [HikariPool-1 connection closer] HikariPool-1 - Closing connection org.postgresql.jdbc.PgConnection@16aa37ca: (connection has passed maxLifetime)
2024-06-25 18:43:47,970 DEBUG com.zaxxer.hikari.pool.HikariPool [HikariPool-1 connection closer] HikariPool-1 - Fill pool skipped, pool is at sufficient level.
2024-06-25 18:43:47,971 DEBUG com.zaxxer.hikari.pool.PoolBase [HikariPool-1 connection closer] HikariPool-1 - Closing connection org.postgresql.jdbc.PgConnection@53335f38: (connection has passed maxLifetime)
2024-06-25 18:43:47,971 DEBUG com.zaxxer.hikari.pool.HikariPool [HikariPool-1 connection closer] HikariPool-1 - Fill pool skipped, pool is at sufficient level.
2024-06-25 18:43:47,971 DEBUG com.zaxxer.hikari.pool.PoolBase [HikariPool-1 connection closer] HikariPool-1 - Closing connection org.postgresql.jdbc.PgConnection@33f619af: (connection has passed maxLifetime)
2024-06-25 18:43:47,972 DEBUG com.zaxxer.hikari.pool.HikariPool [HikariPool-1 connection closer] HikariPool-1 - Fill pool skipped, pool is at sufficient level.
2024-06-25 18:43:47,972 DEBUG org.postgresql.Driver [HikariPool-1 connection adder] Connecting with URL: jdbc:postgresql://database-1.cnaee60qc6yl.us-east-2.rds.amazonaws.com/clubdb
2024-06-25 18:43:47,972 DEBUG com.zaxxer.hikari.pool.PoolBase [HikariPool-1 connection closer] HikariPool-1 - Closing connection org.postgresql.jdbc.PgConnection@63b1a63d: (connection has passed maxLifetime)
2024-06-25 18:43:47,972 DEBUG org.postgresql.jdbc.PgConnection [HikariPool-1 connection adder] PostgreSQL JDBC Driver 42.2.14
2024-06-25 18:43:47,972 DEBUG com.zaxxer.hikari.pool.HikariPool [HikariPool-1 connection closer] HikariPool-1 - Fill pool skipped, pool is at sufficient level.
2024-06-25 18:43:47,972 DEBUG org.postgresql.jdbc.PgConnection [HikariPool-1 connection adder]   setDefaultFetchSize = 0
2024-06-25 18:43:47,972 DEBUG com.zaxxer.hikari.pool.PoolBase [HikariPool-1 connection closer] HikariPool-1 - Closing connection org.postgresql.jdbc.PgConnection@14813fe0: (connection has passed maxLifetime)
2024-06-25 18:43:47,972 DEBUG org.postgresql.jdbc.PgConnection [HikariPool-1 connection adder]   setPrepareThreshold = 5
2024-06-25 18:43:50,267 DEBUG org.postgresql.core.v3.ConnectionFactoryImpl [HikariPool-1 connection adder] Trying to establish a protocol version 3 connection to database-1.cnaee60qc6yl.us-east-2.rds.amazonaws.com:5432
2024-06-25 18:43:51,163 DEBUG org.postgresql.core.v3.ConnectionFactoryImpl [HikariPool-1 connection adder] Receive Buffer Size is 65,536
2024-06-25 18:43:51,163 DEBUG org.postgresql.core.v3.ConnectionFactoryImpl [HikariPool-1 connection adder] Send Buffer Size is 65,536
2024-06-25 18:43:51,405 DEBUG org.postgresql.ssl.MakeSSL [HikariPool-1 connection adder] converting regular socket connection to ssl
2024-06-25 18:43:51,697 DEBUG sun.util.logging.internal.LoggingProviderImpl$JULWrapper [HikariPool-1 connection adder]  TLSHandshake: database-1.cnaee60qc6yl.us-east-2.rds.amazonaws.com:5432, TLSv1.3, TLS_AES_256_GCM_SHA384, -791690251
2024-06-25 18:43:52,932 DEBUG com.zaxxer.hikari.pool.HikariPool$PoolEntryCreator [HikariPool-1 connection adder] HikariPool-1 - Added connection org.postgresql.jdbc.PgConnection@65715896
2024-06-25 18:43:52,933 DEBUG org.postgresql.Driver [HikariPool-1 connection adder] Connecting with URL: jdbc:postgresql://database-1.cnaee60qc6yl.us-east-2.rds.amazonaws.com/clubdb
2024-06-25 18:43:52,933 DEBUG org.postgresql.jdbc.PgConnection [HikariPool-1 connection adder] PostgreSQL JDBC Driver 42.2.14
2024-06-25 18:43:52,934 DEBUG org.postgresql.jdbc.PgConnection [HikariPool-1 connection adder]   setDefaultFetchSize = 0
2024-06-25 18:43:52,934 DEBUG org.postgresql.jdbc.PgConnection [HikariPool-1 connection adder]   setPrepareThreshold = 5
2024-06-25 18:43:52,935 DEBUG org.postgresql.core.v3.ConnectionFactoryImpl [HikariPool-1 connection adder] Trying to establish a protocol version 3 connection to database-1.cnaee60qc6yl.us-east-2.rds.amazonaws.com:5432
2024-06-25 18:43:53,178 DEBUG org.postgresql.core.v3.ConnectionFactoryImpl [HikariPool-1 connection adder] Receive Buffer Size is 65,536
2024-06-25 18:43:53,178 DEBUG org.postgresql.core.v3.ConnectionFactoryImpl [HikariPool-1 connection adder] Send Buffer Size is 65,536
2024-06-25 18:43:53,416 DEBUG org.postgresql.ssl.MakeSSL [HikariPool-1 connection adder] converting regular socket connection to ssl
2024-06-25 18:43:54,040 DEBUG sun.util.logging.internal.LoggingProviderImpl$JULWrapper [HikariPool-1 connection adder]  TLSHandshake: database-1.cnaee60qc6yl.us-east-2.rds.amazonaws.com:5432, TLSv1.3, TLS_AES_256_GCM_SHA384, -791690251
2024-06-25 18:43:55,267 DEBUG com.zaxxer.hikari.pool.HikariPool$PoolEntryCreator [HikariPool-1 connection adder] HikariPool-1 - Added connection org.postgresql.jdbc.PgConnection@6bb6aa48
2024-06-25 18:43:55,268 DEBUG org.postgresql.Driver [HikariPool-1 connection adder] Connecting with URL: jdbc:postgresql://database-1.cnaee60qc6yl.us-east-2.rds.amazonaws.com/clubdb
2024-06-25 18:43:55,268 DEBUG org.postgresql.jdbc.PgConnection [HikariPool-1 connection adder] PostgreSQL JDBC Driver 42.2.14
2024-06-25 18:43:55,269 DEBUG org.postgresql.jdbc.PgConnection [HikariPool-1 connection adder]   setDefaultFetchSize = 0
2024-06-25 18:43:55,269 DEBUG org.postgresql.jdbc.PgConnection [HikariPool-1 connection adder]   setPrepareThreshold = 5
2024-06-25 18:43:55,269 DEBUG org.postgresql.core.v3.ConnectionFactoryImpl [HikariPool-1 connection adder] Trying to establish a protocol version 3 connection to database-1.cnaee60qc6yl.us-east-2.rds.amazonaws.com:5432
2024-06-25 18:43:55,502 DEBUG org.postgresql.core.v3.ConnectionFactoryImpl [HikariPool-1 connection adder] Receive Buffer Size is 65,536
2024-06-25 18:43:55,502 DEBUG org.postgresql.core.v3.ConnectionFactoryImpl [HikariPool-1 connection adder] Send Buffer Size is 65,536
2024-06-25 18:43:55,733 DEBUG org.postgresql.ssl.MakeSSL [HikariPool-1 connection adder] converting regular socket connection to ssl
2024-06-25 18:43:55,988 DEBUG sun.util.logging.internal.LoggingProviderImpl$JULWrapper [HikariPool-1 connection adder]  TLSHandshake: database-1.cnaee60qc6yl.us-east-2.rds.amazonaws.com:5432, TLSv1.3, TLS_AES_256_GCM_SHA384, -791690251
2024-06-25 18:43:57,705 DEBUG com.zaxxer.hikari.pool.HikariPool$PoolEntryCreator [HikariPool-1 connection adder] HikariPool-1 - Added connection org.postgresql.jdbc.PgConnection@6f8933e6
2024-06-25 18:43:57,706 DEBUG org.postgresql.Driver [HikariPool-1 connection adder] Connecting with URL: jdbc:postgresql://database-1.cnaee60qc6yl.us-east-2.rds.amazonaws.com/clubdb
2024-06-25 18:43:57,706 DEBUG org.postgresql.jdbc.PgConnection [HikariPool-1 connection adder] PostgreSQL JDBC Driver 42.2.14
2024-06-25 18:43:57,706 DEBUG org.postgresql.jdbc.PgConnection [HikariPool-1 connection adder]   setDefaultFetchSize = 0
2024-06-25 18:43:57,707 DEBUG org.postgresql.jdbc.PgConnection [HikariPool-1 connection adder]   setPrepareThreshold = 5
2024-06-25 18:43:57,707 DEBUG org.postgresql.core.v3.ConnectionFactoryImpl [HikariPool-1 connection adder] Trying to establish a protocol version 3 connection to database-1.cnaee60qc6yl.us-east-2.rds.amazonaws.com:5432
2024-06-25 18:43:57,940 DEBUG org.postgresql.core.v3.ConnectionFactoryImpl [HikariPool-1 connection adder] Receive Buffer Size is 65,536
2024-06-25 18:43:57,940 DEBUG org.postgresql.core.v3.ConnectionFactoryImpl [HikariPool-1 connection adder] Send Buffer Size is 65,536
2024-06-25 18:43:58,171 DEBUG org.postgresql.ssl.MakeSSL [HikariPool-1 connection adder] converting regular socket connection to ssl
2024-06-25 18:43:58,421 DEBUG sun.util.logging.internal.LoggingProviderImpl$JULWrapper [HikariPool-1 connection adder]  TLSHandshake: database-1.cnaee60qc6yl.us-east-2.rds.amazonaws.com:5432, TLSv1.3, TLS_AES_256_GCM_SHA384, -791690251
2024-06-25 18:43:59,602 DEBUG com.zaxxer.hikari.pool.HikariPool$PoolEntryCreator [HikariPool-1 connection adder] HikariPool-1 - Added connection org.postgresql.jdbc.PgConnection@2a8ba073
2024-06-25 18:43:59,602 DEBUG org.postgresql.Driver [HikariPool-1 connection adder] Connecting with URL: jdbc:postgresql://database-1.cnaee60qc6yl.us-east-2.rds.amazonaws.com/clubdb
2024-06-25 18:43:59,603 DEBUG org.postgresql.jdbc.PgConnection [HikariPool-1 connection adder] PostgreSQL JDBC Driver 42.2.14
2024-06-25 18:43:59,603 DEBUG org.postgresql.jdbc.PgConnection [HikariPool-1 connection adder]   setDefaultFetchSize = 0
2024-06-25 18:43:59,603 DEBUG org.postgresql.jdbc.PgConnection [HikariPool-1 connection adder]   setPrepareThreshold = 5
2024-06-25 18:43:59,603 DEBUG org.postgresql.core.v3.ConnectionFactoryImpl [HikariPool-1 connection adder] Trying to establish a protocol version 3 connection to database-1.cnaee60qc6yl.us-east-2.rds.amazonaws.com:5432
2024-06-25 18:43:59,830 DEBUG org.postgresql.core.v3.ConnectionFactoryImpl [HikariPool-1 connection adder] Receive Buffer Size is 65,536
2024-06-25 18:43:59,831 DEBUG org.postgresql.core.v3.ConnectionFactoryImpl [HikariPool-1 connection adder] Send Buffer Size is 65,536
2024-06-25 18:44:00,061 DEBUG org.postgresql.ssl.MakeSSL [HikariPool-1 connection adder] converting regular socket connection to ssl
2024-06-25 18:44:00,311 DEBUG sun.util.logging.internal.LoggingProviderImpl$JULWrapper [HikariPool-1 connection adder]  TLSHandshake: database-1.cnaee60qc6yl.us-east-2.rds.amazonaws.com:5432, TLSv1.3, TLS_AES_256_GCM_SHA384, -791690251
2024-06-25 18:44:01,485 DEBUG com.zaxxer.hikari.pool.HikariPool$PoolEntryCreator [HikariPool-1 connection adder] HikariPool-1 - Added connection org.postgresql.jdbc.PgConnection@45d1e85c
2024-06-25 18:44:01,486 DEBUG org.postgresql.Driver [HikariPool-1 connection adder] Connecting with URL: jdbc:postgresql://database-1.cnaee60qc6yl.us-east-2.rds.amazonaws.com/clubdb
2024-06-25 18:44:01,486 DEBUG org.postgresql.jdbc.PgConnection [HikariPool-1 connection adder] PostgreSQL JDBC Driver 42.2.14
2024-06-25 18:44:01,486 DEBUG org.postgresql.jdbc.PgConnection [HikariPool-1 connection adder]   setDefaultFetchSize = 0
2024-06-25 18:44:01,487 DEBUG org.postgresql.jdbc.PgConnection [HikariPool-1 connection adder]   setPrepareThreshold = 5
2024-06-25 18:44:01,487 DEBUG org.postgresql.core.v3.ConnectionFactoryImpl [HikariPool-1 connection adder] Trying to establish a protocol version 3 connection to database-1.cnaee60qc6yl.us-east-2.rds.amazonaws.com:5432
2024-06-25 18:44:02,754 DEBUG org.postgresql.core.v3.ConnectionFactoryImpl [HikariPool-1 connection adder] Receive Buffer Size is 65,536
2024-06-25 18:44:02,754 DEBUG org.postgresql.core.v3.ConnectionFactoryImpl [HikariPool-1 connection adder] Send Buffer Size is 65,536
2024-06-25 18:44:02,986 DEBUG org.postgresql.ssl.MakeSSL [HikariPool-1 connection adder] converting regular socket connection to ssl
2024-06-25 18:44:03,460 DEBUG sun.util.logging.internal.LoggingProviderImpl$JULWrapper [HikariPool-1 connection adder]  TLSHandshake: database-1.cnaee60qc6yl.us-east-2.rds.amazonaws.com:5432, TLSv1.3, TLS_AES_256_GCM_SHA384, -791690251
2024-06-25 18:44:04,643 DEBUG com.zaxxer.hikari.pool.HikariPool$PoolEntryCreator [HikariPool-1 connection adder] HikariPool-1 - Added connection org.postgresql.jdbc.PgConnection@1b6bee44
2024-06-25 18:44:04,643 DEBUG org.postgresql.Driver [HikariPool-1 connection adder] Connecting with URL: jdbc:postgresql://database-1.cnaee60qc6yl.us-east-2.rds.amazonaws.com/clubdb
2024-06-25 18:44:04,644 DEBUG org.postgresql.jdbc.PgConnection [HikariPool-1 connection adder] PostgreSQL JDBC Driver 42.2.14
2024-06-25 18:44:04,644 DEBUG org.postgresql.jdbc.PgConnection [HikariPool-1 connection adder]   setDefaultFetchSize = 0
2024-06-25 18:44:04,644 DEBUG org.postgresql.jdbc.PgConnection [HikariPool-1 connection adder]   setPrepareThreshold = 5
2024-06-25 18:44:04,645 DEBUG org.postgresql.core.v3.ConnectionFactoryImpl [HikariPool-1 connection adder] Trying to establish a protocol version 3 connection to database-1.cnaee60qc6yl.us-east-2.rds.amazonaws.com:5432
2024-06-25 18:44:04,881 DEBUG org.postgresql.core.v3.ConnectionFactoryImpl [HikariPool-1 connection adder] Receive Buffer Size is 65,536
2024-06-25 18:44:04,882 DEBUG org.postgresql.core.v3.ConnectionFactoryImpl [HikariPool-1 connection adder] Send Buffer Size is 65,536
2024-06-25 18:44:05,114 DEBUG org.postgresql.ssl.MakeSSL [HikariPool-1 connection adder] converting regular socket connection to ssl
2024-06-25 18:44:05,278 DEBUG com.zaxxer.hikari.pool.HikariPool [HikariPool-1 connection closer] HikariPool-1 - Fill pool skipped, pool is at sufficient level.
2024-06-25 18:44:05,278 DEBUG com.zaxxer.hikari.pool.PoolBase [HikariPool-1 connection closer] HikariPool-1 - Closing connection org.postgresql.jdbc.PgConnection@5c05c722: (connection has passed maxLifetime)
2024-06-25 18:44:05,368 DEBUG sun.util.logging.internal.LoggingProviderImpl$JULWrapper [HikariPool-1 connection adder]  TLSHandshake: database-1.cnaee60qc6yl.us-east-2.rds.amazonaws.com:5432, TLSv1.3, TLS_AES_256_GCM_SHA384, -791690251
2024-06-25 18:44:06,566 DEBUG com.zaxxer.hikari.pool.HikariPool$PoolEntryCreator [HikariPool-1 connection adder] HikariPool-1 - Added connection org.postgresql.jdbc.PgConnection@3ddbf8cc
2024-06-25 18:44:06,567 DEBUG org.postgresql.Driver [HikariPool-1 connection adder] Connecting with URL: jdbc:postgresql://database-1.cnaee60qc6yl.us-east-2.rds.amazonaws.com/clubdb
2024-06-25 18:44:06,567 DEBUG org.postgresql.jdbc.PgConnection [HikariPool-1 connection adder] PostgreSQL JDBC Driver 42.2.14
2024-06-25 18:44:06,568 DEBUG org.postgresql.jdbc.PgConnection [HikariPool-1 connection adder]   setDefaultFetchSize = 0
2024-06-25 18:44:06,568 DEBUG org.postgresql.jdbc.PgConnection [HikariPool-1 connection adder]   setPrepareThreshold = 5
2024-06-25 18:44:06,568 DEBUG org.postgresql.core.v3.ConnectionFactoryImpl [HikariPool-1 connection adder] Trying to establish a protocol version 3 connection to database-1.cnaee60qc6yl.us-east-2.rds.amazonaws.com:5432
2024-06-25 18:44:06,793 DEBUG org.postgresql.core.v3.ConnectionFactoryImpl [HikariPool-1 connection adder] Receive Buffer Size is 65,536
2024-06-25 18:44:06,794 DEBUG org.postgresql.core.v3.ConnectionFactoryImpl [HikariPool-1 connection adder] Send Buffer Size is 65,536
2024-06-25 18:44:06,997 DEBUG sun.rmi.runtime.Log$LoggerLog [RMI TCP Connection(52)-127.0.0.1] RMI TCP Connection(52)-127.0.0.1: accepted socket from [127.0.0.1:61944]
2024-06-25 18:44:06,998 DEBUG sun.rmi.runtime.Log$LoggerLog [RMI TCP Connection(52)-127.0.0.1] RMI TCP Connection(52)-127.0.0.1: (port 61001) op = 80
2024-06-25 18:44:06,998 DEBUG sun.rmi.runtime.Log$LoggerLog [RMI TCP Connection(52)-127.0.0.1] RMI TCP Connection(52)-127.0.0.1: name = "[Ljava.rmi.server.ObjID;", codebase = "", defaultLoader = jdk.internal.loader.ClassLoaders$PlatformClassLoader@2b31c5cb
2024-06-25 18:44:06,999 DEBUG sun.rmi.runtime.Log$LoggerLog [RMI TCP Connection(52)-127.0.0.1] RMI TCP Connection(52)-127.0.0.1: name = "java.rmi.dgc.Lease", codebase = "", defaultLoader = jdk.internal.loader.ClassLoaders$PlatformClassLoader@2b31c5cb
2024-06-25 18:44:06,999 DEBUG sun.rmi.runtime.Log$LoggerLog [RMI TCP Connection(52)-127.0.0.1] RMI TCP Connection(52)-127.0.0.1: name = "java.rmi.dgc.VMID", codebase = "", defaultLoader = jdk.internal.loader.ClassLoaders$PlatformClassLoader@2b31c5cb
2024-06-25 18:44:06,999 DEBUG sun.rmi.runtime.Log$LoggerLog [RMI TCP Connection(52)-127.0.0.1] RMI TCP Connection(52)-127.0.0.1: name = "[B", codebase = "", defaultLoader = jdk.internal.loader.ClassLoaders$PlatformClassLoader@2b31c5cb
2024-06-25 18:44:07,000 DEBUG sun.rmi.runtime.Log$LoggerLog [RMI TCP Connection(52)-127.0.0.1] RMI TCP Connection(52)-127.0.0.1: name = "java.rmi.server.UID", codebase = "", defaultLoader = jdk.internal.loader.ClassLoaders$PlatformClassLoader@2b31c5cb
2024-06-25 18:44:07,019 DEBUG org.postgresql.ssl.MakeSSL [HikariPool-1 connection adder] converting regular socket connection to ssl
2024-06-25 18:44:07,268 DEBUG sun.util.logging.internal.LoggingProviderImpl$JULWrapper [HikariPool-1 connection adder]  TLSHandshake: database-1.cnaee60qc6yl.us-east-2.rds.amazonaws.com:5432, TLSv1.3, TLS_AES_256_GCM_SHA384, -791690251
2024-06-25 18:44:07,714 DEBUG sun.rmi.runtime.Log$LoggerLog [RMI TCP Connection(52)-127.0.0.1] RMI TCP Connection(52)-127.0.0.1: (port 61001) op = 82
2024-06-25 18:44:07,714 DEBUG sun.rmi.runtime.Log$LoggerLog [RMI TCP Connection(52)-127.0.0.1] RMI TCP Connection(52)-127.0.0.1: (port 61001) op = 80
2024-06-25 18:44:07,715 DEBUG sun.util.logging.internal.LoggingProviderImpl$JULWrapper [RMI TCP Connection(52)-127.0.0.1] connectionId=rmi://127.0.0.1  1
2024-06-25 18:44:08,721 DEBUG com.zaxxer.hikari.pool.HikariPool$PoolEntryCreator [HikariPool-1 connection adder] HikariPool-1 - Added connection org.postgresql.jdbc.PgConnection@4aa45f3c
2024-06-25 18:44:08,722 DEBUG org.postgresql.Driver [HikariPool-1 connection adder] Connecting with URL: jdbc:postgresql://database-1.cnaee60qc6yl.us-east-2.rds.amazonaws.com/clubdb
2024-06-25 18:44:08,722 DEBUG org.postgresql.jdbc.PgConnection [HikariPool-1 connection adder] PostgreSQL JDBC Driver 42.2.14
2024-06-25 18:44:08,723 DEBUG org.postgresql.jdbc.PgConnection [HikariPool-1 connection adder]   setDefaultFetchSize = 0
2024-06-25 18:44:08,723 DEBUG org.postgresql.jdbc.PgConnection [HikariPool-1 connection adder]   setPrepareThreshold = 5
2024-06-25 18:44:08,723 DEBUG org.postgresql.core.v3.ConnectionFactoryImpl [HikariPool-1 connection adder] Trying to establish a protocol version 3 connection to database-1.cnaee60qc6yl.us-east-2.rds.amazonaws.com:5432
2024-06-25 18:44:08,957 DEBUG org.postgresql.core.v3.ConnectionFactoryImpl [HikariPool-1 connection adder] Receive Buffer Size is 65,536
2024-06-25 18:44:08,957 DEBUG org.postgresql.core.v3.ConnectionFactoryImpl [HikariPool-1 connection adder] Send Buffer Size is 65,536
2024-06-25 18:44:09,192 DEBUG org.postgresql.ssl.MakeSSL [HikariPool-1 connection adder] converting regular socket connection to ssl
2024-06-25 18:44:09,446 DEBUG sun.util.logging.internal.LoggingProviderImpl$JULWrapper [HikariPool-1 connection adder]  TLSHandshake: database-1.cnaee60qc6yl.us-east-2.rds.amazonaws.com:5432, TLSv1.3, TLS_AES_256_GCM_SHA384, -791690251
2024-06-25 18:44:10,650 DEBUG com.zaxxer.hikari.pool.HikariPool$PoolEntryCreator [HikariPool-1 connection adder] HikariPool-1 - Added connection org.postgresql.jdbc.PgConnection@fdcd3c
2024-06-25 18:44:10,650 DEBUG org.postgresql.Driver [HikariPool-1 connection adder] Connecting with URL: jdbc:postgresql://database-1.cnaee60qc6yl.us-east-2.rds.amazonaws.com/clubdb
2024-06-25 18:44:10,651 DEBUG org.postgresql.jdbc.PgConnection [HikariPool-1 connection adder] PostgreSQL JDBC Driver 42.2.14
2024-06-25 18:44:10,651 DEBUG org.postgresql.jdbc.PgConnection [HikariPool-1 connection adder]   setDefaultFetchSize = 0
2024-06-25 18:44:10,651 DEBUG org.postgresql.jdbc.PgConnection [HikariPool-1 connection adder]   setPrepareThreshold = 5
2024-06-25 18:44:10,652 DEBUG org.postgresql.core.v3.ConnectionFactoryImpl [HikariPool-1 connection adder] Trying to establish a protocol version 3 connection to database-1.cnaee60qc6yl.us-east-2.rds.amazonaws.com:5432
2024-06-25 18:44:10,884 DEBUG org.postgresql.core.v3.ConnectionFactoryImpl [HikariPool-1 connection adder] Receive Buffer Size is 65,536
2024-06-25 18:44:10,884 DEBUG org.postgresql.core.v3.ConnectionFactoryImpl [HikariPool-1 connection adder] Send Buffer Size is 65,536
2024-06-25 18:44:11,116 DEBUG org.postgresql.ssl.MakeSSL [HikariPool-1 connection adder] converting regular socket connection to ssl
2024-06-25 18:44:11,365 DEBUG sun.util.logging.internal.LoggingProviderImpl$JULWrapper [HikariPool-1 connection adder]  TLSHandshake: database-1.cnaee60qc6yl.us-east-2.rds.amazonaws.com:5432, TLSv1.3, TLS_AES_256_GCM_SHA384, -791690251
2024-06-25 18:44:12,553 DEBUG com.zaxxer.hikari.pool.HikariPool$PoolEntryCreator [HikariPool-1 connection adder] HikariPool-1 - Added connection org.postgresql.jdbc.PgConnection@44a00aa9
2024-06-25 18:44:17,933 DEBUG com.zaxxer.hikari.pool.HikariPool [HikariPool-1 housekeeper] HikariPool-1 - Pool stats (total=10, active=0, idle=10, waiting=0)
2024-06-25 18:44:17,934 DEBUG com.zaxxer.hikari.pool.HikariPool [HikariPool-1 housekeeper] HikariPool-1 - Fill pool skipped, pool is at sufficient level.
2024-06-25 18:44:20,284 DEBUG com.zaxxer.hikari.pool.HikariPool [HikariPool-1 connection closer] HikariPool-1 - Fill pool skipped, pool is at sufficient level.
2024-06-25 18:44:31,342 DEBUG org.apache.juli.logging.DirectJDKLog [Catalina-utility-2] Start expire sessions StandardManager at 1719321271342 sessioncount 0
2024-06-25 18:44:31,346 DEBUG org.apache.juli.logging.DirectJDKLog [Catalina-utility-2] End expire sessions StandardManager processingTime 4 expired sessions: 0
2024-06-25 18:44:37,004 DEBUG sun.rmi.runtime.Log$LoggerLog [RMI TCP Connection(52)-127.0.0.1] RMI TCP Connection(52)-127.0.0.1: (port 61001) connection closed
2024-06-25 18:44:37,005 DEBUG sun.rmi.runtime.Log$LoggerLog [RMI TCP Connection(52)-127.0.0.1] RMI TCP Connection(52)-127.0.0.1: close connection, socket: Socket[addr=/127.0.0.1,port=61944,localport=61001]
2024-06-25 18:44:37,005 DEBUG sun.rmi.runtime.Log$LoggerLog [RMI TCP Connection(52)-127.0.0.1] RMI TCP Connection(52)-127.0.0.1: socket close: Socket[addr=/127.0.0.1,port=61944,localport=61001]
2024-06-25 18:44:47,950 DEBUG com.zaxxer.hikari.pool.HikariPool [HikariPool-1 housekeeper] HikariPool-1 - Pool stats (total=10, active=0, idle=10, waiting=0)
2024-06-25 18:44:47,950 DEBUG com.zaxxer.hikari.pool.HikariPool [HikariPool-1 housekeeper] HikariPool-1 - Fill pool skipped, pool is at sufficient level.
2024-06-25 18:45:07,719 DEBUG sun.rmi.runtime.Log$LoggerLog [RMI TCP Connection(53)-127.0.0.1] RMI TCP Connection(53)-127.0.0.1: accepted socket from [127.0.0.1:57440]
2024-06-25 18:45:07,720 DEBUG sun.rmi.runtime.Log$LoggerLog [RMI TCP Connection(53)-127.0.0.1] RMI TCP Connection(53)-127.0.0.1: (port 61001) op = 80
2024-06-25 18:45:07,720 DEBUG sun.util.logging.internal.LoggingProviderImpl$JULWrapper [RMI TCP Connection(53)-127.0.0.1] connectionId=rmi://127.0.0.1  1
2024-06-25 18:45:17,963 DEBUG com.zaxxer.hikari.pool.HikariPool [HikariPool-1 housekeeper] HikariPool-1 - Pool stats (total=10, active=0, idle=10, waiting=0)
2024-06-25 18:45:17,964 DEBUG com.zaxxer.hikari.pool.HikariPool [HikariPool-1 housekeeper] HikariPool-1 - Fill pool skipped, pool is at sufficient level.
2024-06-25 18:45:22,722 DEBUG sun.rmi.runtime.Log$LoggerLog [RMI TCP Connection(53)-127.0.0.1] RMI TCP Connection(53)-127.0.0.1: (port 61001) connection closed
2024-06-25 18:45:22,724 DEBUG sun.rmi.runtime.Log$LoggerLog [RMI TCP Connection(53)-127.0.0.1] RMI TCP Connection(53)-127.0.0.1: close connection, socket: Socket[addr=/127.0.0.1,port=57440,localport=61001]
2024-06-25 18:45:22,725 DEBUG sun.rmi.runtime.Log$LoggerLog [RMI TCP Connection(53)-127.0.0.1] RMI TCP Connection(53)-127.0.0.1: socket close: Socket[addr=/127.0.0.1,port=57440,localport=61001]
2024-06-25 18:45:31,410 DEBUG org.apache.juli.logging.DirectJDKLog [Catalina-utility-1] Start expire sessions StandardManager at 1719321331409 sessioncount 0
2024-06-25 18:45:31,413 DEBUG org.apache.juli.logging.DirectJDKLog [Catalina-utility-1] End expire sessions StandardManager processingTime 3 expired sessions: 0
2024-06-25 18:45:47,968 DEBUG com.zaxxer.hikari.pool.HikariPool [HikariPool-1 housekeeper] HikariPool-1 - Pool stats (total=10, active=0, idle=10, waiting=0)
2024-06-25 18:45:47,969 DEBUG com.zaxxer.hikari.pool.HikariPool [HikariPool-1 housekeeper] HikariPool-1 - Fill pool skipped, pool is at sufficient level.
2024-06-25 18:46:07,732 DEBUG sun.rmi.runtime.Log$LoggerLog [RMI TCP Connection(54)-127.0.0.1] RMI TCP Connection(54)-127.0.0.1: accepted socket from [127.0.0.1:54785]
2024-06-25 18:46:07,734 DEBUG sun.rmi.runtime.Log$LoggerLog [RMI TCP Connection(54)-127.0.0.1] RMI TCP Connection(54)-127.0.0.1: (port 61001) op = 80
2024-06-25 18:46:07,736 DEBUG sun.util.logging.internal.LoggingProviderImpl$JULWrapper [RMI TCP Connection(54)-127.0.0.1] connectionId=rmi://127.0.0.1  1
2024-06-25 18:46:17,973 DEBUG com.zaxxer.hikari.pool.HikariPool [HikariPool-1 housekeeper] HikariPool-1 - Pool stats (total=10, active=0, idle=10, waiting=0)
2024-06-25 18:46:17,976 DEBUG com.zaxxer.hikari.pool.HikariPool [HikariPool-1 housekeeper] HikariPool-1 - Fill pool skipped, pool is at sufficient level.
2024-06-25 18:46:22,739 DEBUG sun.rmi.runtime.Log$LoggerLog [RMI TCP Connection(54)-127.0.0.1] RMI TCP Connection(54)-127.0.0.1: (port 61001) connection closed
2024-06-25 18:46:22,740 DEBUG sun.rmi.runtime.Log$LoggerLog [RMI TCP Connection(54)-127.0.0.1] RMI TCP Connection(54)-127.0.0.1: close connection, socket: Socket[addr=/127.0.0.1,port=54785,localport=61001]
2024-06-25 18:46:22,741 DEBUG sun.rmi.runtime.Log$LoggerLog [RMI TCP Connection(54)-127.0.0.1] RMI TCP Connection(54)-127.0.0.1: socket close: Socket[addr=/127.0.0.1,port=54785,localport=61001]
2024-06-25 18:46:31,469 DEBUG org.apache.juli.logging.DirectJDKLog [Catalina-utility-1] Start expire sessions StandardManager at 1719321391469 sessioncount 0
2024-06-25 18:46:31,471 DEBUG org.apache.juli.logging.DirectJDKLog [Catalina-utility-1] End expire sessions StandardManager processingTime 1 expired sessions: 0
2024-06-25 18:46:48,004 DEBUG com.zaxxer.hikari.pool.HikariPool [HikariPool-1 housekeeper] HikariPool-1 - Pool stats (total=10, active=0, idle=10, waiting=0)
2024-06-25 18:46:48,005 DEBUG com.zaxxer.hikari.pool.HikariPool [HikariPool-1 housekeeper] HikariPool-1 - Fill pool skipped, pool is at sufficient level.
