2024-10-18 13:59:43,398 DEBUG org.jboss.logging.DelegatingBasicLogger [task-1]  Insert 0: insert into roles (name, role, role_id) values (?, ?, ?)
2024-10-18 13:59:43,402 DEBUG org.jboss.logging.DelegatingBasicLogger [task-1]  Update 0: update roles set name=?, role=? where role_id=?
2024-10-18 13:59:43,402 DEBUG org.jboss.logging.DelegatingBasicLogger [task-1]  Delete 0: delete from roles where role_id=?
2024-10-18 13:59:43,402 DEBUG org.hibernate.loader.plan.build.internal.spaces.QuerySpacesImpl [task-1] Adding QuerySpace : uid = <gen:0> -> org.hibernate.loader.plan.build.internal.spaces.EntityQuerySpaceImpl@344e9aaf]
2024-10-18 13:59:43,403 DEBUG org.hibernate.persister.walking.spi.MetamodelGraphWalker [task-1] Visiting attribute path : name
2024-10-18 13:59:43,403 DEBUG org.hibernate.persister.walking.spi.MetamodelGraphWalker [task-1] Visiting attribute path : role
2024-10-18 13:59:43,404 DEBUG org.hibernate.loader.plan.build.internal.FetchStyleLoadPlanBuildingAssociationVisitationStrategy [task-1] Building LoadPlan...
2024-10-18 13:59:43,404 DEBUG org.hibernate.loader.plan.exec.internal.LoadQueryJoinAndFetchProcessor [task-1] processing queryspace <gen:0>
2024-10-18 13:59:43,404 DEBUG org.hibernate.loader.plan.build.spi.LoadPlanTreePrinter [task-1] LoadPlan(entity=com.booking.model.user.Roles)
    - Returns
       - EntityReturnImpl(entity=com.booking.model.user.Roles, querySpaceUid=<gen:0>, path=com.booking.model.user.Roles)
    - QuerySpaces
       - EntityQuerySpaceImpl(uid=<gen:0>, entity=com.booking.model.user.Roles)
          - SQL table alias mapping - roles0_
          - alias suffix - 0_
          - suffixed key columns - {role_id1_4_0_}

2024-10-18 13:59:43,404 DEBUG org.hibernate.loader.entity.plan.EntityLoader [task-1] Static select for entity com.booking.model.user.Roles [NONE]: select roles0_.role_id as role_id1_4_0_, roles0_.name as name2_4_0_, roles0_.role as role3_4_0_ from roles roles0_ where roles0_.role_id=?
2024-10-18 13:59:43,405 DEBUG org.hibernate.loader.plan.build.internal.spaces.QuerySpacesImpl [task-1] Adding QuerySpace : uid = <gen:0> -> org.hibernate.loader.plan.build.internal.spaces.EntityQuerySpaceImpl@5f267383]
2024-10-18 13:59:43,405 DEBUG org.hibernate.persister.walking.spi.MetamodelGraphWalker [task-1] Visiting attribute path : name
2024-10-18 13:59:43,405 DEBUG org.hibernate.persister.walking.spi.MetamodelGraphWalker [task-1] Visiting attribute path : role
2024-10-18 13:59:43,405 DEBUG org.hibernate.loader.plan.build.internal.FetchStyleLoadPlanBuildingAssociationVisitationStrategy [task-1] Building LoadPlan...
2024-10-18 13:59:43,406 DEBUG org.hibernate.loader.plan.exec.internal.LoadQueryJoinAndFetchProcessor [task-1] processing queryspace <gen:0>
2024-10-18 13:59:43,406 DEBUG org.hibernate.loader.plan.build.spi.LoadPlanTreePrinter [task-1] LoadPlan(entity=com.booking.model.user.Roles)
    - Returns
       - EntityReturnImpl(entity=com.booking.model.user.Roles, querySpaceUid=<gen:0>, path=com.booking.model.user.Roles)
    - QuerySpaces
       - EntityQuerySpaceImpl(uid=<gen:0>, entity=com.booking.model.user.Roles)
          - SQL table alias mapping - roles0_
          - alias suffix - 0_
          - suffixed key columns - {role_id1_4_0_}

2024-10-18 13:59:43,406 DEBUG org.hibernate.loader.entity.plan.EntityLoader [task-1] Static select for entity com.booking.model.user.Roles [READ]: select roles0_.role_id as role_id1_4_0_, roles0_.name as name2_4_0_, roles0_.role as role3_4_0_ from roles roles0_ where roles0_.role_id=?
2024-10-18 13:59:43,407 DEBUG org.hibernate.loader.entity.CascadeEntityLoader [task-1] Static select for action ACTION_MERGE on entity com.booking.model.user.Roles: select roles0_.role_id as role_id1_4_0_, roles0_.name as name2_4_0_, roles0_.role as role3_4_0_ from roles roles0_ where roles0_.role_id=?
2024-10-18 13:59:43,407 DEBUG org.hibernate.loader.entity.CascadeEntityLoader [task-1] Static select for action ACTION_REFRESH on entity com.booking.model.user.Roles: select roles0_.role_id as role_id1_4_0_, roles0_.name as name2_4_0_, roles0_.role as role3_4_0_ from roles roles0_ where roles0_.role_id=?
2024-10-18 13:59:43,408 DEBUG org.hibernate.persister.entity.AbstractEntityPersister [task-1] Static SQL for entity: com.booking.model.slot.UserBooking
2024-10-18 13:59:43,408 DEBUG org.hibernate.persister.entity.AbstractEntityPersister [task-1]  Version select: select user_booking_id from user_booking where user_booking_id =?
2024-10-18 13:59:43,408 DEBUG org.hibernate.persister.entity.AbstractEntityPersister [task-1]  Snapshot select: select userbookin_.user_booking_id, userbookin_.approval_status as approval2_5_, userbookin_.booking_id as booking_3_5_, userbookin_.booking_name as booking_4_5_, userbookin_.booking_type as booking_5_5_, userbookin_.date_modified as date_mod6_5_, userbookin_.modified_by as modified7_5_, userbookin_.players_name as players_8_5_, userbookin_.slot_id as slot_id9_5_, userbookin_.updated_by as updated10_5_, userbookin_.updated_date as updated11_5_, userbookin_.user_id as user_id12_5_, userbookin_.user_name as user_na13_5_ from user_booking userbookin_ where userbookin_.user_booking_id=?
2024-10-18 13:59:43,408 DEBUG org.jboss.logging.DelegatingBasicLogger [task-1]  Insert 0: insert into user_booking (approval_status, booking_id, booking_name, booking_type, date_modified, modified_by, players_name, slot_id, updated_by, updated_date, user_id, user_name, user_booking_id) values (?, ?, ?, ?, ?, ?, ?, ?, ?, ?, ?, ?, ?)
2024-10-18 13:59:43,408 DEBUG org.jboss.logging.DelegatingBasicLogger [task-1]  Update 0: update user_booking set approval_status=?, booking_id=?, booking_name=?, booking_type=?, date_modified=?, modified_by=?, players_name=?, slot_id=?, updated_by=?, updated_date=?, user_id=?, user_name=? where user_booking_id=?
2024-10-18 13:59:43,408 DEBUG org.jboss.logging.DelegatingBasicLogger [task-1]  Delete 0: delete from user_booking where user_booking_id=?
2024-10-18 13:59:43,408 DEBUG org.hibernate.persister.entity.AbstractEntityPersister [task-1]  Identity insert: insert into user_booking (approval_status, booking_id, booking_name, booking_type, date_modified, modified_by, players_name, slot_id, updated_by, updated_date, user_id, user_name) values (?, ?, ?, ?, ?, ?, ?, ?, ?, ?, ?, ?)
2024-10-18 13:59:43,409 DEBUG org.hibernate.loader.plan.build.internal.spaces.QuerySpacesImpl [task-1] Adding QuerySpace : uid = <gen:0> -> org.hibernate.loader.plan.build.internal.spaces.EntityQuerySpaceImpl@4e723505]
2024-10-18 13:59:43,409 DEBUG org.hibernate.persister.walking.spi.MetamodelGraphWalker [task-1] Visiting attribute path : approvalStatus
2024-10-18 13:59:43,409 DEBUG org.hibernate.persister.walking.spi.MetamodelGraphWalker [task-1] Visiting attribute path : bookingId
2024-10-18 13:59:43,409 DEBUG org.hibernate.persister.walking.spi.MetamodelGraphWalker [task-1] Visiting attribute path : bookingName
2024-10-18 13:59:43,409 DEBUG org.hibernate.persister.walking.spi.MetamodelGraphWalker [task-1] Visiting attribute path : bookingType
2024-10-18 13:59:43,409 DEBUG org.hibernate.persister.walking.spi.MetamodelGraphWalker [task-1] Visiting attribute path : dateModified
2024-10-18 13:59:43,409 DEBUG org.hibernate.persister.walking.spi.MetamodelGraphWalker [task-1] Visiting attribute path : modifiedBy
2024-10-18 13:59:43,409 DEBUG org.hibernate.persister.walking.spi.MetamodelGraphWalker [task-1] Visiting attribute path : playersName
2024-10-18 13:59:43,409 DEBUG org.hibernate.persister.walking.spi.MetamodelGraphWalker [task-1] Visiting attribute path : slotId
2024-10-18 13:59:43,410 DEBUG org.hibernate.persister.walking.spi.MetamodelGraphWalker [task-1] Visiting attribute path : updatedBy
2024-10-18 13:59:43,410 DEBUG org.hibernate.persister.walking.spi.MetamodelGraphWalker [task-1] Visiting attribute path : updatedDate
2024-10-18 13:59:43,410 DEBUG org.hibernate.persister.walking.spi.MetamodelGraphWalker [task-1] Visiting attribute path : userId
2024-10-18 13:59:43,410 DEBUG org.hibernate.persister.walking.spi.MetamodelGraphWalker [task-1] Visiting attribute path : userName
2024-10-18 13:59:43,410 DEBUG org.hibernate.loader.plan.build.internal.FetchStyleLoadPlanBuildingAssociationVisitationStrategy [task-1] Building LoadPlan...
2024-10-18 13:59:43,410 DEBUG org.hibernate.loader.plan.exec.internal.LoadQueryJoinAndFetchProcessor [task-1] processing queryspace <gen:0>
2024-10-18 13:59:43,411 DEBUG org.hibernate.loader.plan.build.spi.LoadPlanTreePrinter [task-1] LoadPlan(entity=com.booking.model.slot.UserBooking)
    - Returns
       - EntityReturnImpl(entity=com.booking.model.slot.UserBooking, querySpaceUid=<gen:0>, path=com.booking.model.slot.UserBooking)
    - QuerySpaces
       - EntityQuerySpaceImpl(uid=<gen:0>, entity=com.booking.model.slot.UserBooking)
          - SQL table alias mapping - userbookin0_
          - alias suffix - 0_
          - suffixed key columns - {user_boo1_5_0_}

2024-10-18 13:59:43,411 DEBUG org.hibernate.loader.entity.plan.EntityLoader [task-1] Static select for entity com.booking.model.slot.UserBooking [NONE]: select userbookin0_.user_booking_id as user_boo1_5_0_, userbookin0_.approval_status as approval2_5_0_, userbookin0_.booking_id as booking_3_5_0_, userbookin0_.booking_name as booking_4_5_0_, userbookin0_.booking_type as booking_5_5_0_, userbookin0_.date_modified as date_mod6_5_0_, userbookin0_.modified_by as modified7_5_0_, userbookin0_.players_name as players_8_5_0_, userbookin0_.slot_id as slot_id9_5_0_, userbookin0_.updated_by as updated10_5_0_, userbookin0_.updated_date as updated11_5_0_, userbookin0_.user_id as user_id12_5_0_, userbookin0_.user_name as user_na13_5_0_ from user_booking userbookin0_ where userbookin0_.user_booking_id=?
2024-10-18 13:59:43,411 DEBUG org.hibernate.loader.plan.build.internal.spaces.QuerySpacesImpl [task-1] Adding QuerySpace : uid = <gen:0> -> org.hibernate.loader.plan.build.internal.spaces.EntityQuerySpaceImpl@7fc5c142]
2024-10-18 13:59:43,412 DEBUG org.hibernate.persister.walking.spi.MetamodelGraphWalker [task-1] Visiting attribute path : approvalStatus
2024-10-18 13:59:43,412 DEBUG org.hibernate.persister.walking.spi.MetamodelGraphWalker [task-1] Visiting attribute path : bookingId
2024-10-18 13:59:43,412 DEBUG org.hibernate.persister.walking.spi.MetamodelGraphWalker [task-1] Visiting attribute path : bookingName
2024-10-18 13:59:43,412 DEBUG org.hibernate.persister.walking.spi.MetamodelGraphWalker [task-1] Visiting attribute path : bookingType
2024-10-18 13:59:43,412 DEBUG org.hibernate.persister.walking.spi.MetamodelGraphWalker [task-1] Visiting attribute path : dateModified
2024-10-18 13:59:43,412 DEBUG org.hibernate.persister.walking.spi.MetamodelGraphWalker [task-1] Visiting attribute path : modifiedBy
2024-10-18 13:59:43,412 DEBUG org.hibernate.persister.walking.spi.MetamodelGraphWalker [task-1] Visiting attribute path : playersName
2024-10-18 13:59:43,412 DEBUG org.hibernate.persister.walking.spi.MetamodelGraphWalker [task-1] Visiting attribute path : slotId
2024-10-18 13:59:43,413 DEBUG org.hibernate.persister.walking.spi.MetamodelGraphWalker [task-1] Visiting attribute path : updatedBy
2024-10-18 13:59:43,413 DEBUG org.hibernate.persister.walking.spi.MetamodelGraphWalker [task-1] Visiting attribute path : updatedDate
2024-10-18 13:59:43,413 DEBUG org.hibernate.persister.walking.spi.MetamodelGraphWalker [task-1] Visiting attribute path : userId
2024-10-18 13:59:43,413 DEBUG org.hibernate.persister.walking.spi.MetamodelGraphWalker [task-1] Visiting attribute path : userName
2024-10-18 13:59:43,413 DEBUG org.hibernate.loader.plan.build.internal.FetchStyleLoadPlanBuildingAssociationVisitationStrategy [task-1] Building LoadPlan...
2024-10-18 13:59:43,413 DEBUG org.hibernate.loader.plan.exec.internal.LoadQueryJoinAndFetchProcessor [task-1] processing queryspace <gen:0>
2024-10-18 13:59:43,414 DEBUG org.hibernate.loader.plan.build.spi.LoadPlanTreePrinter [task-1] LoadPlan(entity=com.booking.model.slot.UserBooking)
    - Returns
       - EntityReturnImpl(entity=com.booking.model.slot.UserBooking, querySpaceUid=<gen:0>, path=com.booking.model.slot.UserBooking)
    - QuerySpaces
       - EntityQuerySpaceImpl(uid=<gen:0>, entity=com.booking.model.slot.UserBooking)
          - SQL table alias mapping - userbookin0_
          - alias suffix - 0_
          - suffixed key columns - {user_boo1_5_0_}

2024-10-18 13:59:43,414 DEBUG org.hibernate.loader.entity.plan.EntityLoader [task-1] Static select for entity com.booking.model.slot.UserBooking [READ]: select userbookin0_.user_booking_id as user_boo1_5_0_, userbookin0_.approval_status as approval2_5_0_, userbookin0_.booking_id as booking_3_5_0_, userbookin0_.booking_name as booking_4_5_0_, userbookin0_.booking_type as booking_5_5_0_, userbookin0_.date_modified as date_mod6_5_0_, userbookin0_.modified_by as modified7_5_0_, userbookin0_.players_name as players_8_5_0_, userbookin0_.slot_id as slot_id9_5_0_, userbookin0_.updated_by as updated10_5_0_, userbookin0_.updated_date as updated11_5_0_, userbookin0_.user_id as user_id12_5_0_, userbookin0_.user_name as user_na13_5_0_ from user_booking userbookin0_ where userbookin0_.user_booking_id=?
2024-10-18 13:59:43,414 DEBUG org.hibernate.loader.entity.CascadeEntityLoader [task-1] Static select for action ACTION_MERGE on entity com.booking.model.slot.UserBooking: select userbookin0_.user_booking_id as user_boo1_5_0_, userbookin0_.approval_status as approval2_5_0_, userbookin0_.booking_id as booking_3_5_0_, userbookin0_.booking_name as booking_4_5_0_, userbookin0_.booking_type as booking_5_5_0_, userbookin0_.date_modified as date_mod6_5_0_, userbookin0_.modified_by as modified7_5_0_, userbookin0_.players_name as players_8_5_0_, userbookin0_.slot_id as slot_id9_5_0_, userbookin0_.updated_by as updated10_5_0_, userbookin0_.updated_date as updated11_5_0_, userbookin0_.user_id as user_id12_5_0_, userbookin0_.user_name as user_na13_5_0_ from user_booking userbookin0_ where userbookin0_.user_booking_id=?
2024-10-18 13:59:43,416 DEBUG org.hibernate.loader.entity.CascadeEntityLoader [task-1] Static select for action ACTION_REFRESH on entity com.booking.model.slot.UserBooking: select userbookin0_.user_booking_id as user_boo1_5_0_, userbookin0_.approval_status as approval2_5_0_, userbookin0_.booking_id as booking_3_5_0_, userbookin0_.booking_name as booking_4_5_0_, userbookin0_.booking_type as booking_5_5_0_, userbookin0_.date_modified as date_mod6_5_0_, userbookin0_.modified_by as modified7_5_0_, userbookin0_.players_name as players_8_5_0_, userbookin0_.slot_id as slot_id9_5_0_, userbookin0_.updated_by as updated10_5_0_, userbookin0_.updated_date as updated11_5_0_, userbookin0_.user_id as user_id12_5_0_, userbookin0_.user_name as user_na13_5_0_ from user_booking userbookin0_ where userbookin0_.user_booking_id=?
2024-10-18 13:59:43,420 DEBUG org.hibernate.loader.plan.build.internal.spaces.QuerySpacesImpl [task-1] Adding QuerySpace : uid = <gen:0> -> org.hibernate.loader.plan.build.internal.spaces.CollectionQuerySpaceImpl@90142d9]
2024-10-18 13:59:43,421 DEBUG org.hibernate.loader.plan.build.internal.spaces.QuerySpacesImpl [task-1] Adding QuerySpace : uid = <gen:1> -> org.hibernate.loader.plan.build.internal.spaces.EntityQuerySpaceImpl@1be5dac3]
2024-10-18 13:59:43,421 DEBUG org.hibernate.persister.walking.spi.MetamodelGraphWalker [task-1] Visiting attribute path : name
2024-10-18 13:59:43,421 DEBUG org.hibernate.persister.walking.spi.MetamodelGraphWalker [task-1] Visiting attribute path : role
2024-10-18 13:59:43,421 DEBUG org.hibernate.loader.plan.build.internal.FetchStyleLoadPlanBuildingAssociationVisitationStrategy [task-1] Building LoadPlan...
2024-10-18 13:59:43,424 DEBUG org.hibernate.loader.plan.exec.internal.LoadQueryJoinAndFetchProcessor [task-1] processing queryspace <gen:0>
2024-10-18 13:59:43,424 DEBUG org.hibernate.loader.plan.build.spi.LoadPlanTreePrinter [task-1] LoadPlan(collection=com.booking.model.user.ClubUser.roles)
    - Returns
       - CollectionReturnImpl(collection=com.booking.model.user.ClubUser.roles, querySpaceUid=<gen:0>, path=[com.booking.model.user.ClubUser.roles])
          - (collection element) CollectionFetchableElementEntityGraph(entity=com.booking.model.user.Roles, querySpaceUid=<gen:1>, path=[com.booking.model.user.ClubUser.roles].<elements>)
    - QuerySpaces
       - CollectionQuerySpaceImpl(uid=<gen:0>, collection=com.booking.model.user.ClubUser.roles)
          - SQL table alias mapping - roles0_
          - alias suffix - 0_
          - suffixed key columns - {user_id1_6_0_}
          - entity-element alias suffix - 1_
          - 1_entity-element suffixed key columns - role_id1_4_1_
          - JOIN (JoinDefinedByMetadata(elements)) : <gen:0> -> <gen:1>
             - EntityQuerySpaceImpl(uid=<gen:1>, entity=com.booking.model.user.Roles)
                - SQL table alias mapping - roles1_
                - alias suffix - 1_
                - suffixed key columns - {role_id1_4_1_}

2024-10-18 13:59:43,425 DEBUG org.hibernate.loader.collection.plan.CollectionLoader [task-1] Static select for collection com.booking.model.user.ClubUser.roles: select roles0_.user_id as user_id1_6_0_, roles0_.role_id as role_id2_6_0_, roles1_.role_id as role_id1_4_1_, roles1_.name as name2_4_1_, roles1_.role as role3_4_1_ from user_roles roles0_ inner join roles roles1_ on roles0_.role_id=roles1_.role_id where roles0_.user_id=?
2024-10-18 13:59:43,474 DEBUG org.hibernate.tool.schema.spi.SchemaManagementToolCoordinator [task-1] No actions specified; doing nothing
2024-10-18 13:59:43,474 INFO org.hibernate.engine.transaction.jta.platform.internal.JtaPlatformInitiator [task-1] HHH000490: Using JtaPlatform implementation: [org.hibernate.engine.transaction.jta.platform.internal.NoJtaPlatform]
2024-10-18 13:59:43,475 DEBUG org.hibernate.query.spi.NamedQueryRepository [task-1] Checking 1 named HQL queries
2024-10-18 13:59:43,475 DEBUG org.hibernate.query.spi.NamedQueryRepository [task-1] Checking named query: ClubSlotBooking.findAll
2024-10-18 13:59:43,483 DEBUG org.hibernate.stat.internal.StatisticsInitiator [task-1] Statistics initialized [enabled=false]
2024-10-18 13:59:43,492 DEBUG org.hibernate.hql.internal.QueryTranslatorFactoryInitiator [task-1] QueryTranslatorFactory: org.hibernate.hql.internal.ast.ASTQueryTranslatorFactory@61faee7
2024-10-18 13:59:43,524 DEBUG org.hibernate.hql.internal.ast.QueryTranslatorImpl [task-1] parse() - HQL: SELECT o FROM com.booking.model.slot.ClubSlotBooking o
2024-10-18 13:59:43,530 DEBUG org.hibernate.hql.internal.ast.ErrorTracker [task-1] throwQueryException() : no errors
2024-10-18 13:59:43,540 DEBUG org.hibernate.hql.internal.ast.QueryTranslatorImpl [task-1] --- HQL AST ---
 \-[QUERY] Node: 'query'
    \-[SELECT_FROM] Node: 'SELECT_FROM'
       +-[FROM] Node: 'FROM'
       |  \-[RANGE] Node: 'RANGE'
       |     +-[DOT] Node: '.'
       |     |  +-[DOT] Node: '.'
       |     |  |  +-[DOT] Node: '.'
       |     |  |  |  +-[DOT] Node: '.'
       |     |  |  |  |  +-[IDENT] Node: 'com'
       |     |  |  |  |  \-[IDENT] Node: 'booking'
       |     |  |  |  \-[IDENT] Node: 'model'
       |     |  |  \-[IDENT] Node: 'slot'
       |     |  \-[IDENT] Node: 'ClubSlotBooking'
       |     \-[ALIAS] Node: 'o'
       \-[SELECT] Node: 'SELECT'
          \-[IDENT] Node: 'o'

2024-10-18 13:59:43,558 DEBUG sun.rmi.runtime.Log$LoggerLog [RMI TCP Connection(2)-127.0.0.1] RMI TCP Connection(2)-127.0.0.1: (port 59500) op = 82
2024-10-18 13:59:43,558 DEBUG sun.rmi.runtime.Log$LoggerLog [RMI TCP Connection(2)-127.0.0.1] RMI TCP Connection(2)-127.0.0.1: (port 59500) op = 80
2024-10-18 13:59:43,558 DEBUG sun.rmi.runtime.Log$LoggerLog [RMI TCP Connection(2)-127.0.0.1] RMI TCP Connection(2)-127.0.0.1: name = "javax.management.ObjectName", codebase = ""
2024-10-18 13:59:43,559 DEBUG sun.util.logging.internal.LoggingProviderImpl$JULWrapper [RMI TCP Connection(2)-127.0.0.1] connectionId=rmi://127.0.0.1  1, name=org.springframework.boot:type=Admin,name=SpringApplication, attribute=Ready
2024-10-18 13:59:43,567 DEBUG org.hibernate.hql.internal.antlr.HqlSqlBaseWalker [task-1] select << begin [level=1, statement=select]
2024-10-18 13:59:43,582 DEBUG org.hibernate.hql.internal.ast.tree.FromElement [task-1] FromClause{level=1} : com.booking.model.slot.ClubSlotBooking (o) -> clubslotbo0_
2024-10-18 13:59:43,583 DEBUG org.hibernate.hql.internal.ast.tree.FromReferenceNode [task-1] Resolved : o -> clubslotbo0_.booking_id
2024-10-18 13:59:43,585 DEBUG org.hibernate.hql.internal.antlr.HqlSqlBaseWalker [task-1] select : finishing up [level=1, statement=select]
2024-10-18 13:59:43,585 DEBUG org.hibernate.hql.internal.ast.HqlSqlWalker [task-1] processQuery() :  ( SELECT ( {select clause} clubslotbo0_.booking_id ) ( FromClause{level=1} club_slot_booking clubslotbo0_ ) )
2024-10-18 13:59:43,592 DEBUG org.hibernate.hql.internal.ast.util.JoinProcessor [task-1] Tables referenced from query nodes:
 \-QueryNode
    +-SelectClause
    | referencedTables(entity ClubSlotBooking): [club_slot_booking]
    |  +-IdentNode
    |  | persister: SingleTableEntityPersister(com.booking.model.slot.ClubSlotBooking)
    |  | originalText: o
    |  \-SqlFragment
    \-FromClause
       \-FromElement

2024-10-18 13:59:43,595 DEBUG org.hibernate.hql.internal.ast.util.JoinProcessor [task-1] Using FROM fragment [club_slot_booking clubslotbo0_]
2024-10-18 13:59:43,596 DEBUG org.hibernate.hql.internal.antlr.HqlSqlBaseWalker [task-1] select >> end [level=1, statement=select]
2024-10-18 13:59:43,597 DEBUG org.hibernate.hql.internal.ast.QueryTranslatorImpl [task-1] --- SQL AST ---
 \-[SELECT] QueryNode: 'SELECT'  querySpaces (club_slot_booking)
    +-[SELECT_CLAUSE] SelectClause: '{select clause}'
    |  +-[ALIAS_REF] IdentNode: 'clubslotbo0_.booking_id as booking_1_2_' {alias=o, className=com.booking.model.slot.ClubSlotBooking, tableAlias=clubslotbo0_}
    |  \-[SQL_TOKEN] SqlFragment: 'clubslotbo0_.booking_status as booking_2_2_, clubslotbo0_.booking_type as booking_3_2_, clubslotbo0_.cancelled_by as cancelle4_2_, clubslotbo0_.created_by as created_5_2_, clubslotbo0_.created_date as created_6_2_, clubslotbo0_.player as player7_2_, clubslotbo0_.player_count as player_c8_2_, clubslotbo0_.primary_booking_id as primary_9_2_, clubslotbo0_.secondary_booking as seconda10_2_, clubslotbo0_.slot_date as slot_da11_2_, clubslotbo0_.slot_id as slot_id12_2_, clubslotbo0_.updated_by as updated13_2_, clubslotbo0_.updated_date as updated14_2_, clubslotbo0_.user_id as user_id15_2_'
    \-[FROM] FromClause: 'FROM' FromClause{level=1, fromElementCounter=1, fromElements=1, fromElementByClassAlias=[o], fromElementByTableAlias=[clubslotbo0_], fromElementsByPath=[], collectionJoinFromElementsByPath=[], impliedElements=[]}
       \-[FROM_FRAGMENT] FromElement: 'club_slot_booking clubslotbo0_' FromElement{explicit,not a collection join,not a fetch join,fetch non-lazy properties,classAlias=o,role=null,tableName=club_slot_booking,tableAlias=clubslotbo0_,origin=null,columns={,className=com.booking.model.slot.ClubSlotBooking}}

2024-10-18 13:59:43,597 DEBUG org.hibernate.hql.internal.ast.ErrorTracker [task-1] throwQueryException() : no errors
2024-10-18 13:59:43,606 DEBUG org.hibernate.hql.internal.ast.QueryTranslatorImpl [task-1] HQL: SELECT o FROM com.booking.model.slot.ClubSlotBooking o
2024-10-18 13:59:43,607 DEBUG org.hibernate.hql.internal.ast.QueryTranslatorImpl [task-1] SQL: select clubslotbo0_.booking_id as booking_1_2_, clubslotbo0_.booking_status as booking_2_2_, clubslotbo0_.booking_type as booking_3_2_, clubslotbo0_.cancelled_by as cancelle4_2_, clubslotbo0_.created_by as created_5_2_, clubslotbo0_.created_date as created_6_2_, clubslotbo0_.player as player7_2_, clubslotbo0_.player_count as player_c8_2_, clubslotbo0_.primary_booking_id as primary_9_2_, clubslotbo0_.secondary_booking as seconda10_2_, clubslotbo0_.slot_date as slot_da11_2_, clubslotbo0_.slot_id as slot_id12_2_, clubslotbo0_.updated_by as updated13_2_, clubslotbo0_.updated_date as updated14_2_, clubslotbo0_.user_id as user_id15_2_ from club_slot_booking clubslotbo0_
2024-10-18 13:59:43,607 DEBUG org.hibernate.hql.internal.ast.ErrorTracker [task-1] throwQueryException() : no errors
2024-10-18 13:59:43,611 DEBUG org.hibernate.query.spi.NamedQueryRepository [task-1] Checking 0 named SQL queries
2024-10-18 13:59:43,618 DEBUG sun.util.logging.internal.LoggingProviderImpl$JULWrapper [HikariPool-1 connection adder]  TLSHandshake: database-1.cnaee60qc6yl.us-east-2.rds.amazonaws.com:5432, TLSv1.3, TLS_AES_256_GCM_SHA384, -791690251
2024-10-18 13:59:43,625 DEBUG org.hibernate.internal.SessionFactoryRegistry [task-1] Initializing SessionFactoryRegistry : org.hibernate.internal.SessionFactoryRegistry@200704c7
2024-10-18 13:59:43,625 DEBUG org.hibernate.internal.SessionFactoryRegistry [task-1] Registering SessionFactory: d9d8f588-94d1-4c0c-90ad-fc7a91b36bb9 (<unnamed>)
2024-10-18 13:59:43,625 DEBUG org.hibernate.internal.SessionFactoryRegistry [task-1] Not binding SessionFactory to JNDI, no JNDI name configured
2024-10-18 13:59:43,626 INFO org.springframework.orm.jpa.AbstractEntityManagerFactoryBean [task-1] Initialized JPA EntityManagerFactory for persistence unit 'default'
2024-10-18 13:59:43,626 DEBUG org.springframework.jdbc.datasource.DataSourceUtils [task-2] Fetching JDBC Connection from DataSource
2024-10-18 13:59:43,639 DEBUG org.springframework.data.jpa.repository.config.JpaMetamodelMappingContextFactoryBean [main] Finished initializing JpaMetamodelMappingContext!
2024-10-18 13:59:43,665 DEBUG org.springframework.orm.jpa.SharedEntityManagerCreator$SharedEntityManagerInvocationHandler [main] Creating new EntityManager for shared EntityManager invocation
2024-10-18 13:59:43,729 DEBUG org.springframework.orm.jpa.SharedEntityManagerCreator$SharedEntityManagerInvocationHandler [main] Creating new EntityManager for shared EntityManager invocation
2024-10-18 13:59:43,789 DEBUG org.springframework.data.repository.core.support.RepositoryFactorySupport [main] Initializing repository instance for com.booking.dao.ClubSlotDao…
2024-10-18 13:59:43,806 DEBUG org.springframework.orm.jpa.SharedEntityManagerCreator$SharedEntityManagerInvocationHandler [main] Creating new EntityManager for shared EntityManager invocation
2024-10-18 13:59:43,910 DEBUG org.springframework.data.jpa.repository.query.JpaQueryFactory [main] Looking up query for method findBySlotStartTimeStampAfterAndSlotEndTimeStampBefore
2024-10-18 13:59:43,917 DEBUG org.springframework.orm.jpa.SharedEntityManagerCreator$SharedEntityManagerInvocationHandler [main] Creating new EntityManager for shared EntityManager invocation
2024-10-18 13:59:43,922 DEBUG org.springframework.data.jpa.repository.query.JpaQueryFactory [main] Looking up query for method findBySlotDateBeforeAndSlotDateAfterAndSlotAvailable
2024-10-18 13:59:43,923 DEBUG org.springframework.data.jpa.repository.query.NamedQuery [main] Looking up named query ClubSlot.findBySlotDateBeforeAndSlotDateAfterAndSlotAvailable
2024-10-18 13:59:43,928 DEBUG org.hibernate.engine.transaction.internal.TransactionImpl [main] On TransactionImpl creation, JpaCompliance#isJpaTransactionComplianceEnabled == false
2024-10-18 13:59:43,929 DEBUG org.springframework.data.jpa.repository.query.NamedQuery [main] Did not find named query ClubSlot.findBySlotDateBeforeAndSlotDateAfterAndSlotAvailable
2024-10-18 13:59:43,932 DEBUG org.springframework.orm.jpa.SharedEntityManagerCreator$SharedEntityManagerInvocationHandler [main] Creating new EntityManager for shared EntityManager invocation
2024-10-18 13:59:43,997 DEBUG org.springframework.data.jpa.repository.query.JpaQueryFactory [main] Looking up query for method findBySlotId
2024-10-18 13:59:43,998 DEBUG org.springframework.data.jpa.repository.query.NamedQuery [main] Looking up named query ClubSlot.findBySlotId
2024-10-18 13:59:43,998 DEBUG org.hibernate.engine.transaction.internal.TransactionImpl [main] On TransactionImpl creation, JpaCompliance#isJpaTransactionComplianceEnabled == false
2024-10-18 13:59:43,998 DEBUG org.springframework.data.jpa.repository.query.NamedQuery [main] Did not find named query ClubSlot.findBySlotId
2024-10-18 13:59:43,999 DEBUG org.springframework.orm.jpa.SharedEntityManagerCreator$SharedEntityManagerInvocationHandler [main] Creating new EntityManager for shared EntityManager invocation
2024-10-18 13:59:43,999 DEBUG org.springframework.data.jpa.repository.query.JpaQueryFactory [main] Looking up query for method findBySlotDateBefore
2024-10-18 13:59:44,000 DEBUG org.springframework.data.jpa.repository.query.NamedQuery [main] Looking up named query ClubSlot.findBySlotDateBefore
2024-10-18 13:59:44,000 DEBUG org.hibernate.engine.transaction.internal.TransactionImpl [main] On TransactionImpl creation, JpaCompliance#isJpaTransactionComplianceEnabled == false
2024-10-18 13:59:44,000 DEBUG org.springframework.data.jpa.repository.query.NamedQuery [main] Did not find named query ClubSlot.findBySlotDateBefore
2024-10-18 13:59:44,000 DEBUG org.springframework.orm.jpa.SharedEntityManagerCreator$SharedEntityManagerInvocationHandler [main] Creating new EntityManager for shared EntityManager invocation
2024-10-18 13:59:44,003 DEBUG org.springframework.data.jpa.repository.query.JpaQueryFactory [main] Looking up query for method updateSlotStatus
2024-10-18 13:59:44,003 DEBUG org.springframework.orm.jpa.SharedEntityManagerCreator$SharedEntityManagerInvocationHandler [main] Creating new EntityManager for shared EntityManager invocation
2024-10-18 13:59:44,007 DEBUG org.springframework.data.jpa.repository.query.JpaQueryFactory [main] Looking up query for method findBySlotStartTimeStampGreaterThanEqualAndSlotStartTimeStampLessThanEqual
2024-10-18 13:59:44,007 DEBUG org.springframework.orm.jpa.SharedEntityManagerCreator$SharedEntityManagerInvocationHandler [main] Creating new EntityManager for shared EntityManager invocation
2024-10-18 13:59:44,011 DEBUG org.springframework.data.jpa.repository.query.JpaQueryFactory [main] Looking up query for method deleteSlotsWithinDateRangeAndOnSpecificDays
2024-10-18 13:59:44,012 DEBUG org.springframework.orm.jpa.SharedEntityManagerCreator$SharedEntityManagerInvocationHandler [main] Creating new EntityManager for shared EntityManager invocation
2024-10-18 13:59:44,014 DEBUG org.springframework.data.jpa.repository.query.JpaQueryFactory [main] Looking up query for method findAdminSlot
2024-10-18 13:59:44,015 DEBUG org.springframework.orm.jpa.SharedEntityManagerCreator$SharedEntityManagerInvocationHandler [main] Creating new EntityManager for shared EntityManager invocation
2024-10-18 13:59:44,017 DEBUG org.springframework.data.jpa.repository.query.JpaQueryFactory [main] Looking up query for method findAdminSlot
2024-10-18 13:59:44,018 DEBUG org.springframework.orm.jpa.SharedEntityManagerCreator$SharedEntityManagerInvocationHandler [main] Creating new EntityManager for shared EntityManager invocation
2024-10-18 13:59:44,019 DEBUG org.springframework.data.jpa.repository.query.JpaQueryFactory [main] Looking up query for method updateSlotStatusBySlotId
2024-10-18 13:59:44,019 DEBUG org.springframework.orm.jpa.SharedEntityManagerCreator$SharedEntityManagerInvocationHandler [main] Creating new EntityManager for shared EntityManager invocation
2024-10-18 13:59:44,021 DEBUG org.springframework.data.jpa.repository.query.JpaQueryFactory [main] Looking up query for method findBySlotStartTimeStampAfterOrderBySlotStartTimeStampAsc
2024-10-18 13:59:44,021 DEBUG org.springframework.data.jpa.repository.query.NamedQuery [main] Looking up named query ClubSlot.findBySlotStartTimeStampAfterOrderBySlotStartTimeStampAsc
2024-10-18 13:59:44,021 DEBUG org.hibernate.engine.transaction.internal.TransactionImpl [main] On TransactionImpl creation, JpaCompliance#isJpaTransactionComplianceEnabled == false
2024-10-18 13:59:44,022 DEBUG org.springframework.data.jpa.repository.query.NamedQuery [main] Did not find named query ClubSlot.findBySlotStartTimeStampAfterOrderBySlotStartTimeStampAsc
2024-10-18 13:59:44,022 DEBUG org.springframework.orm.jpa.SharedEntityManagerCreator$SharedEntityManagerInvocationHandler [main] Creating new EntityManager for shared EntityManager invocation
2024-10-18 13:59:44,026 DEBUG org.springframework.data.jpa.repository.query.JpaQueryFactory [main] Looking up query for method updateSlotAvailability
2024-10-18 13:59:44,027 DEBUG org.springframework.orm.jpa.SharedEntityManagerCreator$SharedEntityManagerInvocationHandler [main] Creating new EntityManager for shared EntityManager invocation
2024-10-18 13:59:44,028 DEBUG org.springframework.data.jpa.repository.query.JpaQueryFactory [main] Looking up query for method findBySlotStartTimeStampAfterAndSlotAvailableAndSlotStatusNotOrderBySlotStartTimeStampAsc
2024-10-18 13:59:44,028 DEBUG org.springframework.data.jpa.repository.query.NamedQuery [main] Looking up named query ClubSlot.findBySlotStartTimeStampAfterAndSlotAvailableAndSlotStatusNotOrderBySlotStartTimeStampAsc
2024-10-18 13:59:44,029 DEBUG org.hibernate.engine.transaction.internal.TransactionImpl [main] On TransactionImpl creation, JpaCompliance#isJpaTransactionComplianceEnabled == false
2024-10-18 13:59:44,029 DEBUG org.springframework.data.jpa.repository.query.NamedQuery [main] Did not find named query ClubSlot.findBySlotStartTimeStampAfterAndSlotAvailableAndSlotStatusNotOrderBySlotStartTimeStampAsc
2024-10-18 13:59:44,029 DEBUG org.springframework.orm.jpa.SharedEntityManagerCreator$SharedEntityManagerInvocationHandler [main] Creating new EntityManager for shared EntityManager invocation
2024-10-18 13:59:44,038 DEBUG org.springframework.data.repository.core.support.RepositoryFactorySupport [main] Finished creation of repository instance for com.booking.dao.ClubSlotDao.
2024-10-18 13:59:44,042 DEBUG org.springframework.beans.factory.support.DefaultSingletonBeanRegistry [main] Creating shared instance of singleton bean 'clubConfigDao'
2024-10-18 13:59:44,048 DEBUG org.springframework.orm.jpa.SharedEntityManagerCreator$SharedEntityManagerInvocationHandler [main] Creating new EntityManager for shared EntityManager invocation
2024-10-18 13:59:44,055 DEBUG org.springframework.data.repository.core.support.RepositoryFactorySupport [main] Initializing repository instance for com.booking.dao.ClubConfigDao…
2024-10-18 13:59:44,057 DEBUG org.springframework.orm.jpa.SharedEntityManagerCreator$SharedEntityManagerInvocationHandler [main] Creating new EntityManager for shared EntityManager invocation
2024-10-18 13:59:44,061 DEBUG org.springframework.data.jpa.repository.query.JpaQueryFactory [main] Looking up query for method findByKey
2024-10-18 13:59:44,061 DEBUG org.springframework.data.jpa.repository.query.NamedQuery [main] Looking up named query ClubConfig.findByKey
2024-10-18 13:59:44,061 DEBUG org.hibernate.engine.transaction.internal.TransactionImpl [main] On TransactionImpl creation, JpaCompliance#isJpaTransactionComplianceEnabled == false
2024-10-18 13:59:44,061 DEBUG org.springframework.data.jpa.repository.query.NamedQuery [main] Did not find named query ClubConfig.findByKey
2024-10-18 13:59:44,062 DEBUG org.springframework.orm.jpa.SharedEntityManagerCreator$SharedEntityManagerInvocationHandler [main] Creating new EntityManager for shared EntityManager invocation
2024-10-18 13:59:44,063 DEBUG org.springframework.data.jpa.repository.query.JpaQueryFactory [main] Looking up query for method findByConfigId
2024-10-18 13:59:44,063 DEBUG org.springframework.data.jpa.repository.query.NamedQuery [main] Looking up named query ClubConfig.findByConfigId
2024-10-18 13:59:44,064 DEBUG org.hibernate.engine.transaction.internal.TransactionImpl [main] On TransactionImpl creation, JpaCompliance#isJpaTransactionComplianceEnabled == false
2024-10-18 13:59:44,064 DEBUG org.springframework.data.jpa.repository.query.NamedQuery [main] Did not find named query ClubConfig.findByConfigId
2024-10-18 13:59:44,064 DEBUG org.springframework.orm.jpa.SharedEntityManagerCreator$SharedEntityManagerInvocationHandler [main] Creating new EntityManager for shared EntityManager invocation
2024-10-18 13:59:44,066 DEBUG org.springframework.data.repository.core.support.RepositoryFactorySupport [main] Finished creation of repository instance for com.booking.dao.ClubConfigDao.
2024-10-18 13:59:44,069 DEBUG org.springframework.beans.factory.support.DefaultSingletonBeanRegistry [main] Creating shared instance of singleton bean 'roleDao'
2024-10-18 13:59:44,074 DEBUG org.springframework.orm.jpa.SharedEntityManagerCreator$SharedEntityManagerInvocationHandler [main] Creating new EntityManager for shared EntityManager invocation
2024-10-18 13:59:44,078 DEBUG org.springframework.data.repository.core.support.RepositoryFactorySupport [main] Initializing repository instance for com.booking.dao.RoleDao…
2024-10-18 13:59:44,078 DEBUG org.springframework.orm.jpa.SharedEntityManagerCreator$SharedEntityManagerInvocationHandler [main] Creating new EntityManager for shared EntityManager invocation
2024-10-18 13:59:44,080 DEBUG org.springframework.data.jpa.repository.query.JpaQueryFactory [main] Looking up query for method findByName
2024-10-18 13:59:44,080 DEBUG org.springframework.data.jpa.repository.query.NamedQuery [main] Looking up named query Roles.findByName
2024-10-18 13:59:44,081 DEBUG org.hibernate.engine.transaction.internal.TransactionImpl [main] On TransactionImpl creation, JpaCompliance#isJpaTransactionComplianceEnabled == false
2024-10-18 13:59:44,081 DEBUG org.springframework.data.jpa.repository.query.NamedQuery [main] Did not find named query Roles.findByName
2024-10-18 13:59:44,081 DEBUG org.springframework.orm.jpa.SharedEntityManagerCreator$SharedEntityManagerInvocationHandler [main] Creating new EntityManager for shared EntityManager invocation
2024-10-18 13:59:44,083 DEBUG org.springframework.data.repository.core.support.RepositoryFactorySupport [main] Finished creation of repository instance for com.booking.dao.RoleDao.
2024-10-18 13:59:44,086 DEBUG org.springframework.beans.factory.support.DefaultSingletonBeanRegistry [main] Creating shared instance of singleton bean 'userBookingDao'
2024-10-18 13:59:44,090 DEBUG org.springframework.orm.jpa.SharedEntityManagerCreator$SharedEntityManagerInvocationHandler [main] Creating new EntityManager for shared EntityManager invocation
2024-10-18 13:59:44,098 DEBUG org.springframework.data.repository.core.support.RepositoryFactorySupport [main] Initializing repository instance for com.booking.dao.UserBookingDao…
2024-10-18 13:59:44,099 DEBUG org.springframework.orm.jpa.SharedEntityManagerCreator$SharedEntityManagerInvocationHandler [main] Creating new EntityManager for shared EntityManager invocation
2024-10-18 13:59:44,103 DEBUG org.springframework.data.jpa.repository.query.JpaQueryFactory [main] Looking up query for method findByUserId
2024-10-18 13:59:44,104 DEBUG org.springframework.data.jpa.repository.query.NamedQuery [main] Looking up named query UserBooking.findByUserId
2024-10-18 13:59:44,104 DEBUG org.hibernate.engine.transaction.internal.TransactionImpl [main] On TransactionImpl creation, JpaCompliance#isJpaTransactionComplianceEnabled == false
2024-10-18 13:59:44,104 DEBUG org.springframework.data.jpa.repository.query.NamedQuery [main] Did not find named query UserBooking.findByUserId
2024-10-18 13:59:44,104 DEBUG org.springframework.orm.jpa.SharedEntityManagerCreator$SharedEntityManagerInvocationHandler [main] Creating new EntityManager for shared EntityManager invocation
2024-10-18 13:59:44,105 DEBUG sun.rmi.runtime.Log$LoggerLog [RMI TCP Connection(2)-127.0.0.1] RMI TCP Connection(2)-127.0.0.1: (port 59500) op = 82
2024-10-18 13:59:44,105 DEBUG org.springframework.data.jpa.repository.query.JpaQueryFactory [main] Looking up query for method findByBookingId
2024-10-18 13:59:44,105 DEBUG sun.rmi.runtime.Log$LoggerLog [RMI TCP Connection(2)-127.0.0.1] RMI TCP Connection(2)-127.0.0.1: (port 59500) op = 80
2024-10-18 13:59:44,106 DEBUG sun.rmi.runtime.Log$LoggerLog [RMI TCP Connection(2)-127.0.0.1] RMI TCP Connection(2)-127.0.0.1: name = "javax.management.ObjectName", codebase = ""
2024-10-18 13:59:44,106 DEBUG sun.util.logging.internal.LoggingProviderImpl$JULWrapper [RMI TCP Connection(2)-127.0.0.1] connectionId=rmi://127.0.0.1  1, name=org.springframework.boot:type=Admin,name=SpringApplication, attribute=Ready
2024-10-18 13:59:44,106 DEBUG org.springframework.data.jpa.repository.query.NamedQuery [main] Looking up named query UserBooking.findByBookingId
2024-10-18 13:59:44,107 DEBUG org.hibernate.engine.transaction.internal.TransactionImpl [main] On TransactionImpl creation, JpaCompliance#isJpaTransactionComplianceEnabled == false
2024-10-18 13:59:44,107 DEBUG org.springframework.data.jpa.repository.query.NamedQuery [main] Did not find named query UserBooking.findByBookingId
2024-10-18 13:59:44,107 DEBUG org.springframework.orm.jpa.SharedEntityManagerCreator$SharedEntityManagerInvocationHandler [main] Creating new EntityManager for shared EntityManager invocation
2024-10-18 13:59:44,110 DEBUG org.springframework.data.jpa.repository.query.JpaQueryFactory [main] Looking up query for method findBySlotRangeandTeeTime
2024-10-18 13:59:44,111 DEBUG org.springframework.orm.jpa.SharedEntityManagerCreator$SharedEntityManagerInvocationHandler [main] Creating new EntityManager for shared EntityManager invocation
2024-10-18 13:59:44,112 DEBUG org.springframework.data.jpa.repository.query.JpaQueryFactory [main] Looking up query for method updateApprovalStatus
2024-10-18 13:59:44,112 DEBUG org.springframework.orm.jpa.SharedEntityManagerCreator$SharedEntityManagerInvocationHandler [main] Creating new EntityManager for shared EntityManager invocation
2024-10-18 13:59:44,114 DEBUG org.springframework.data.jpa.repository.query.JpaQueryFactory [main] Looking up query for method findByUserIdAndSlotDate
2024-10-18 13:59:44,115 DEBUG org.springframework.orm.jpa.SharedEntityManagerCreator$SharedEntityManagerInvocationHandler [main] Creating new EntityManager for shared EntityManager invocation
2024-10-18 13:59:44,118 DEBUG org.springframework.data.jpa.repository.query.JpaQueryFactory [main] Looking up query for method findByUserIdSlotDate
2024-10-18 13:59:44,118 DEBUG org.springframework.orm.jpa.SharedEntityManagerCreator$SharedEntityManagerInvocationHandler [main] Creating new EntityManager for shared EntityManager invocation
2024-10-18 13:59:44,119 DEBUG org.springframework.data.jpa.repository.query.JpaQueryFactory [main] Looking up query for method deleteByBookingId
2024-10-18 13:59:44,119 DEBUG org.springframework.orm.jpa.SharedEntityManagerCreator$SharedEntityManagerInvocationHandler [main] Creating new EntityManager for shared EntityManager invocation
2024-10-18 13:59:44,120 DEBUG org.springframework.data.jpa.repository.query.JpaQueryFactory [main] Looking up query for method deleteBySlotId
2024-10-18 13:59:44,120 DEBUG org.springframework.orm.jpa.SharedEntityManagerCreator$SharedEntityManagerInvocationHandler [main] Creating new EntityManager for shared EntityManager invocation
2024-10-18 13:59:44,122 DEBUG org.springframework.data.jpa.repository.query.JpaQueryFactory [main] Looking up query for method updateStatus
2024-10-18 13:59:44,122 DEBUG org.springframework.orm.jpa.SharedEntityManagerCreator$SharedEntityManagerInvocationHandler [main] Creating new EntityManager for shared EntityManager invocation
2024-10-18 13:59:44,127 DEBUG org.springframework.data.repository.core.support.RepositoryFactorySupport [main] Finished creation of repository instance for com.booking.dao.UserBookingDao.
2024-10-18 13:59:44,132 DEBUG org.springframework.beans.factory.support.DefaultSingletonBeanRegistry [main] Creating shared instance of singleton bean 'clubSlotBookingDao'
2024-10-18 13:59:44,138 DEBUG org.springframework.orm.jpa.SharedEntityManagerCreator$SharedEntityManagerInvocationHandler [main] Creating new EntityManager for shared EntityManager invocation
2024-10-18 13:59:44,149 DEBUG org.springframework.data.repository.core.support.RepositoryFactorySupport [main] Initializing repository instance for com.booking.dao.ClubSlotBookingDao…
2024-10-18 13:59:44,149 DEBUG org.springframework.orm.jpa.SharedEntityManagerCreator$SharedEntityManagerInvocationHandler [main] Creating new EntityManager for shared EntityManager invocation
2024-10-18 13:59:44,158 DEBUG org.springframework.data.jpa.repository.query.JpaQueryFactory [main] Looking up query for method findBySlotDate
2024-10-18 13:59:44,159 DEBUG org.springframework.data.jpa.repository.query.NamedQuery [main] Looking up named query ClubSlotBooking.findBySlotDate
2024-10-18 13:59:44,159 DEBUG org.hibernate.engine.transaction.internal.TransactionImpl [main] On TransactionImpl creation, JpaCompliance#isJpaTransactionComplianceEnabled == false
2024-10-18 13:59:44,159 DEBUG org.springframework.data.jpa.repository.query.NamedQuery [main] Did not find named query ClubSlotBooking.findBySlotDate
2024-10-18 13:59:44,160 DEBUG org.springframework.orm.jpa.SharedEntityManagerCreator$SharedEntityManagerInvocationHandler [main] Creating new EntityManager for shared EntityManager invocation
2024-10-18 13:59:44,161 DEBUG org.springframework.data.jpa.repository.query.JpaQueryFactory [main] Looking up query for method findBySlotDateAndBookingStatusNot
2024-10-18 13:59:44,161 DEBUG org.springframework.data.jpa.repository.query.NamedQuery [main] Looking up named query ClubSlotBooking.findBySlotDateAndBookingStatusNot
2024-10-18 13:59:44,161 DEBUG org.hibernate.engine.transaction.internal.TransactionImpl [main] On TransactionImpl creation, JpaCompliance#isJpaTransactionComplianceEnabled == false
2024-10-18 13:59:44,161 DEBUG org.springframework.data.jpa.repository.query.NamedQuery [main] Did not find named query ClubSlotBooking.findBySlotDateAndBookingStatusNot
2024-10-18 13:59:44,162 DEBUG org.springframework.orm.jpa.SharedEntityManagerCreator$SharedEntityManagerInvocationHandler [main] Creating new EntityManager for shared EntityManager invocation
2024-10-18 13:59:44,163 DEBUG org.springframework.data.jpa.repository.query.JpaQueryFactory [main] Looking up query for method updateApprovalStatusAndCancelledBy
2024-10-18 13:59:44,164 DEBUG org.springframework.orm.jpa.SharedEntityManagerCreator$SharedEntityManagerInvocationHandler [main] Creating new EntityManager for shared EntityManager invocation
2024-10-18 13:59:44,166 DEBUG org.springframework.data.jpa.repository.query.JpaQueryFactory [main] Looking up query for method deleteBySlotId
2024-10-18 13:59:44,166 DEBUG org.springframework.orm.jpa.SharedEntityManagerCreator$SharedEntityManagerInvocationHandler [main] Creating new EntityManager for shared EntityManager invocation
2024-10-18 13:59:44,167 DEBUG org.springframework.data.jpa.repository.query.JpaQueryFactory [main] Looking up query for method findByBookingId
2024-10-18 13:59:44,167 DEBUG org.springframework.data.jpa.repository.query.NamedQuery [main] Looking up named query ClubSlotBooking.findByBookingId
2024-10-18 13:59:44,168 DEBUG org.hibernate.engine.transaction.internal.TransactionImpl [main] On TransactionImpl creation, JpaCompliance#isJpaTransactionComplianceEnabled == false
2024-10-18 13:59:44,168 DEBUG org.springframework.data.jpa.repository.query.NamedQuery [main] Did not find named query ClubSlotBooking.findByBookingId
2024-10-18 13:59:44,168 DEBUG org.springframework.orm.jpa.SharedEntityManagerCreator$SharedEntityManagerInvocationHandler [main] Creating new EntityManager for shared EntityManager invocation
2024-10-18 13:59:44,169 DEBUG org.springframework.data.jpa.repository.query.JpaQueryFactory [main] Looking up query for method findByUserId
2024-10-18 13:59:44,170 DEBUG org.springframework.data.jpa.repository.query.NamedQuery [main] Looking up named query ClubSlotBooking.findByUserId
2024-10-18 13:59:44,170 DEBUG org.hibernate.engine.transaction.internal.TransactionImpl [main] On TransactionImpl creation, JpaCompliance#isJpaTransactionComplianceEnabled == false
2024-10-18 13:59:44,170 DEBUG org.springframework.data.jpa.repository.query.NamedQuery [main] Did not find named query ClubSlotBooking.findByUserId
2024-10-18 13:59:44,171 DEBUG org.springframework.orm.jpa.SharedEntityManagerCreator$SharedEntityManagerInvocationHandler [main] Creating new EntityManager for shared EntityManager invocation
2024-10-18 13:59:44,171 DEBUG org.springframework.data.jpa.repository.query.JpaQueryFactory [main] Looking up query for method findBySlotId
2024-10-18 13:59:44,172 DEBUG org.springframework.data.jpa.repository.query.NamedQuery [main] Looking up named query ClubSlotBooking.findBySlotId
2024-10-18 13:59:44,172 DEBUG org.hibernate.engine.transaction.internal.TransactionImpl [main] On TransactionImpl creation, JpaCompliance#isJpaTransactionComplianceEnabled == false
2024-10-18 13:59:44,172 DEBUG org.springframework.data.jpa.repository.query.NamedQuery [main] Did not find named query ClubSlotBooking.findBySlotId
2024-10-18 13:59:44,173 DEBUG org.springframework.orm.jpa.SharedEntityManagerCreator$SharedEntityManagerInvocationHandler [main] Creating new EntityManager for shared EntityManager invocation
2024-10-18 13:59:44,174 DEBUG org.springframework.data.jpa.repository.query.JpaQueryFactory [main] Looking up query for method updateApprovalStatus
2024-10-18 13:59:44,174 DEBUG org.springframework.orm.jpa.SharedEntityManagerCreator$SharedEntityManagerInvocationHandler [main] Creating new EntityManager for shared EntityManager invocation
2024-10-18 13:59:44,175 DEBUG org.springframework.data.jpa.repository.query.JpaQueryFactory [main] Looking up query for method findByPrimaryBookingIdAndBookingStatus
2024-10-18 13:59:44,176 DEBUG org.springframework.data.jpa.repository.query.NamedQuery [main] Looking up named query ClubSlotBooking.findByPrimaryBookingIdAndBookingStatus
2024-10-18 13:59:44,177 DEBUG org.hibernate.engine.transaction.internal.TransactionImpl [main] On TransactionImpl creation, JpaCompliance#isJpaTransactionComplianceEnabled == false
2024-10-18 13:59:44,177 DEBUG org.springframework.data.jpa.repository.query.NamedQuery [main] Did not find named query ClubSlotBooking.findByPrimaryBookingIdAndBookingStatus
2024-10-18 13:59:44,177 DEBUG org.springframework.orm.jpa.SharedEntityManagerCreator$SharedEntityManagerInvocationHandler [main] Creating new EntityManager for shared EntityManager invocation
2024-10-18 13:59:44,182 DEBUG org.springframework.data.repository.core.support.RepositoryFactorySupport [main] Finished creation of repository instance for com.booking.dao.ClubSlotBookingDao.
2024-10-18 13:59:44,187 DEBUG org.springframework.beans.factory.support.DefaultSingletonBeanRegistry [main] Creating shared instance of singleton bean 'userDao'
2024-10-18 13:59:44,191 DEBUG org.springframework.orm.jpa.SharedEntityManagerCreator$SharedEntityManagerInvocationHandler [main] Creating new EntityManager for shared EntityManager invocation
2024-10-18 13:59:44,205 DEBUG org.springframework.data.repository.core.support.RepositoryFactorySupport [main] Initializing repository instance for com.booking.dao.UserDao…
2024-10-18 13:59:44,207 DEBUG org.springframework.orm.jpa.SharedEntityManagerCreator$SharedEntityManagerInvocationHandler [main] Creating new EntityManager for shared EntityManager invocation
2024-10-18 13:59:44,215 DEBUG org.springframework.data.jpa.repository.query.JpaQueryFactory [main] Looking up query for method changePassword
2024-10-18 13:59:44,215 DEBUG org.springframework.orm.jpa.SharedEntityManagerCreator$SharedEntityManagerInvocationHandler [main] Creating new EntityManager for shared EntityManager invocation
2024-10-18 13:59:44,218 DEBUG org.springframework.data.jpa.repository.query.JpaQueryFactory [main] Looking up query for method deleteByUserId
2024-10-18 13:59:44,218 DEBUG org.springframework.data.jpa.repository.query.NamedQuery [main] Looking up named query ClubUser.deleteByUserId
2024-10-18 13:59:44,218 DEBUG org.hibernate.engine.transaction.internal.TransactionImpl [main] On TransactionImpl creation, JpaCompliance#isJpaTransactionComplianceEnabled == false
2024-10-18 13:59:44,219 DEBUG org.springframework.data.jpa.repository.query.NamedQuery [main] Did not find named query ClubUser.deleteByUserId
2024-10-18 13:59:44,219 DEBUG org.springframework.orm.jpa.SharedEntityManagerCreator$SharedEntityManagerInvocationHandler [main] Creating new EntityManager for shared EntityManager invocation
2024-10-18 13:59:44,220 DEBUG org.springframework.data.jpa.repository.query.JpaQueryFactory [main] Looking up query for method findByUserEmail
2024-10-18 13:59:44,221 DEBUG org.springframework.orm.jpa.SharedEntityManagerCreator$SharedEntityManagerInvocationHandler [main] Creating new EntityManager for shared EntityManager invocation
2024-10-18 13:59:44,221 DEBUG org.springframework.data.jpa.repository.query.JpaQueryFactory [main] Looking up query for method findByUserId
2024-10-18 13:59:44,222 DEBUG org.springframework.data.jpa.repository.query.NamedQuery [main] Looking up named query ClubUser.findByUserId
2024-10-18 13:59:44,222 DEBUG org.hibernate.engine.transaction.internal.TransactionImpl [main] On TransactionImpl creation, JpaCompliance#isJpaTransactionComplianceEnabled == false
2024-10-18 13:59:44,222 DEBUG org.springframework.data.jpa.repository.query.NamedQuery [main] Did not find named query ClubUser.findByUserId
2024-10-18 13:59:44,223 DEBUG org.springframework.orm.jpa.SharedEntityManagerCreator$SharedEntityManagerInvocationHandler [main] Creating new EntityManager for shared EntityManager invocation
2024-10-18 13:59:44,223 DEBUG org.springframework.data.jpa.repository.query.JpaQueryFactory [main] Looking up query for method findByUserMobileOrUserEmail
2024-10-18 13:59:44,224 DEBUG org.springframework.data.jpa.repository.query.NamedQuery [main] Looking up named query ClubUser.findByUserMobileOrUserEmail
2024-10-18 13:59:44,224 DEBUG org.hibernate.engine.transaction.internal.TransactionImpl [main] On TransactionImpl creation, JpaCompliance#isJpaTransactionComplianceEnabled == false
2024-10-18 13:59:44,224 DEBUG org.springframework.data.jpa.repository.query.NamedQuery [main] Did not find named query ClubUser.findByUserMobileOrUserEmail
2024-10-18 13:59:44,224 DEBUG org.springframework.orm.jpa.SharedEntityManagerCreator$SharedEntityManagerInvocationHandler [main] Creating new EntityManager for shared EntityManager invocation
2024-10-18 13:59:44,225 DEBUG org.springframework.data.jpa.repository.query.JpaQueryFactory [main] Looking up query for method findByUserMobile
2024-10-18 13:59:44,226 DEBUG org.springframework.data.jpa.repository.query.NamedQuery [main] Looking up named query ClubUser.findByUserMobile
2024-10-18 13:59:44,226 DEBUG org.hibernate.engine.transaction.internal.TransactionImpl [main] On TransactionImpl creation, JpaCompliance#isJpaTransactionComplianceEnabled == false
2024-10-18 13:59:44,226 DEBUG org.springframework.data.jpa.repository.query.NamedQuery [main] Did not find named query ClubUser.findByUserMobile
2024-10-18 13:59:44,227 DEBUG org.springframework.orm.jpa.SharedEntityManagerCreator$SharedEntityManagerInvocationHandler [main] Creating new EntityManager for shared EntityManager invocation
2024-10-18 13:59:44,232 DEBUG org.springframework.data.jpa.repository.query.JpaQueryFactory [main] Looking up query for method findAllUserList
2024-10-18 13:59:44,232 DEBUG org.springframework.orm.jpa.SharedEntityManagerCreator$SharedEntityManagerInvocationHandler [main] Creating new EntityManager for shared EntityManager invocation
2024-10-18 13:59:44,233 DEBUG org.springframework.data.jpa.repository.query.JpaQueryFactory [main] Looking up query for method updatePassword
2024-10-18 13:59:44,234 DEBUG org.springframework.orm.jpa.SharedEntityManagerCreator$SharedEntityManagerInvocationHandler [main] Creating new EntityManager for shared EntityManager invocation
2024-10-18 13:59:44,235 DEBUG org.springframework.data.jpa.repository.query.JpaQueryFactory [main] Looking up query for method findByOtp
2024-10-18 13:59:44,235 DEBUG org.springframework.data.jpa.repository.query.NamedQuery [main] Looking up named query ClubUser.findByOtp
2024-10-18 13:59:44,235 DEBUG org.hibernate.engine.transaction.internal.TransactionImpl [main] On TransactionImpl creation, JpaCompliance#isJpaTransactionComplianceEnabled == false
2024-10-18 13:59:44,236 DEBUG org.springframework.data.jpa.repository.query.NamedQuery [main] Did not find named query ClubUser.findByOtp
2024-10-18 13:59:44,236 DEBUG org.springframework.orm.jpa.SharedEntityManagerCreator$SharedEntityManagerInvocationHandler [main] Creating new EntityManager for shared EntityManager invocation
2024-10-18 13:59:44,240 DEBUG org.springframework.data.repository.core.support.RepositoryFactorySupport [main] Finished creation of repository instance for com.booking.dao.UserDao.
2024-10-18 13:59:44,244 INFO org.springframework.data.repository.config.DeferredRepositoryInitializationListener [main] Spring Data repositories initialized!
2024-10-18 13:59:44,257 DEBUG org.springframework.boot.autoconfigure.logging.ConditionEvaluationReportLoggingListener [main] 


============================
CONDITIONS EVALUATION REPORT
============================


Positive matches:
-----------------

   AopAutoConfiguration matched:
      - @ConditionalOnProperty (spring.aop.auto=true) matched (OnPropertyCondition)

   AopAutoConfiguration.AspectJAutoProxyingConfiguration matched:
      - @ConditionalOnClass found required class 'org.aspectj.weaver.Advice' (OnClassCondition)

   AopAutoConfiguration.AspectJAutoProxyingConfiguration.CglibAutoProxyConfiguration matched:
      - @ConditionalOnProperty (spring.aop.proxy-target-class=true) matched (OnPropertyCondition)

   DataSourceAutoConfiguration matched:
      - @ConditionalOnClass found required classes 'javax.sql.DataSource', 'org.springframework.jdbc.datasource.embedded.EmbeddedDatabaseType' (OnClassCondition)
      - @ConditionalOnMissingBean (types: io.r2dbc.spi.ConnectionFactory; SearchStrategy: all) did not find any beans (OnBeanCondition)

   DataSourceAutoConfiguration.PooledDataSourceConfiguration matched:
      - AnyNestedCondition 1 matched 1 did not; NestedCondition on DataSourceAutoConfiguration.PooledDataSourceCondition.PooledDataSourceAvailable PooledDataSource found supported DataSource; NestedCondition on DataSourceAutoConfiguration.PooledDataSourceCondition.ExplicitType @ConditionalOnProperty (spring.datasource.type) did not find property 'type' (DataSourceAutoConfiguration.PooledDataSourceCondition)
      - @ConditionalOnMissingBean (types: javax.sql.DataSource,javax.sql.XADataSource; SearchStrategy: all) did not find any beans (OnBeanCondition)

   DataSourceConfiguration.Hikari matched:
      - @ConditionalOnClass found required class 'com.zaxxer.hikari.HikariDataSource' (OnClassCondition)
      - @ConditionalOnProperty (spring.datasource.type=com.zaxxer.hikari.HikariDataSource) matched (OnPropertyCondition)
      - @ConditionalOnMissingBean (types: javax.sql.DataSource; SearchStrategy: all) did not find any beans (OnBeanCondition)

   DataSourceJmxConfiguration matched:
      - @ConditionalOnProperty (spring.jmx.enabled=true) matched (OnPropertyCondition)

   DataSourceJmxConfiguration.Hikari matched:
      - @ConditionalOnClass found required class 'com.zaxxer.hikari.HikariDataSource' (OnClassCondition)
      - @ConditionalOnSingleCandidate (types: javax.sql.DataSource; SearchStrategy: all) found a primary bean from beans 'dataSource' (OnBeanCondition)

   DataSourcePoolMetadataProvidersConfiguration.HikariPoolDataSourceMetadataProviderConfiguration matched:
      - @ConditionalOnClass found required class 'com.zaxxer.hikari.HikariDataSource' (OnClassCondition)

   DataSourceTransactionManagerAutoConfiguration matched:
      - @ConditionalOnClass found required classes 'org.springframework.jdbc.core.JdbcTemplate', 'org.springframework.transaction.PlatformTransactionManager' (OnClassCondition)

   DataSourceTransactionManagerAutoConfiguration.DataSourceTransactionManagerConfiguration matched:
      - @ConditionalOnSingleCandidate (types: javax.sql.DataSource; SearchStrategy: all) found a primary bean from beans 'dataSource' (OnBeanCondition)

   DispatcherServletAutoConfiguration matched:
      - @ConditionalOnClass found required class 'org.springframework.web.servlet.DispatcherServlet' (OnClassCondition)
      - found 'session' scope (OnWebApplicationCondition)

   DispatcherServletAutoConfiguration.DispatcherServletConfiguration matched:
      - @ConditionalOnClass found required class 'javax.servlet.ServletRegistration' (OnClassCondition)
      - Default DispatcherServlet did not find dispatcher servlet beans (DispatcherServletAutoConfiguration.DefaultDispatcherServletCondition)

   DispatcherServletAutoConfiguration.DispatcherServletRegistrationConfiguration matched:
      - @ConditionalOnClass found required class 'javax.servlet.ServletRegistration' (OnClassCondition)
      - DispatcherServlet Registration did not find servlet registration bean (DispatcherServletAutoConfiguration.DispatcherServletRegistrationCondition)

   DispatcherServletAutoConfiguration.DispatcherServletRegistrationConfiguration#dispatcherServletRegistration matched:
      - @ConditionalOnBean (names: dispatcherServlet types: org.springframework.web.servlet.DispatcherServlet; SearchStrategy: all) found bean 'dispatcherServlet' (OnBeanCondition)

   EmbeddedWebServerFactoryCustomizerAutoConfiguration matched:
      - @ConditionalOnWebApplication (required) found 'session' scope (OnWebApplicationCondition)

   EmbeddedWebServerFactoryCustomizerAutoConfiguration.TomcatWebServerFactoryCustomizerConfiguration matched:
      - @ConditionalOnClass found required classes 'org.apache.catalina.startup.Tomcat', 'org.apache.coyote.UpgradeProtocol' (OnClassCondition)

   ErrorMvcAutoConfiguration matched:
      - @ConditionalOnClass found required classes 'javax.servlet.Servlet', 'org.springframework.web.servlet.DispatcherServlet' (OnClassCondition)
      - found 'session' scope (OnWebApplicationCondition)

   ErrorMvcAutoConfiguration#basicErrorController matched:
      - @ConditionalOnMissingBean (types: org.springframework.boot.web.servlet.error.ErrorController; SearchStrategy: current) did not find any beans (OnBeanCondition)

   ErrorMvcAutoConfiguration#errorAttributes matched:
      - @ConditionalOnMissingBean (types: org.springframework.boot.web.servlet.error.ErrorAttributes; SearchStrategy: current) did not find any beans (OnBeanCondition)

   ErrorMvcAutoConfiguration.DefaultErrorViewResolverConfiguration#conventionErrorViewResolver matched:
      - @ConditionalOnBean (types: org.springframework.web.servlet.DispatcherServlet; SearchStrategy: all) found bean 'dispatcherServlet'; @ConditionalOnMissingBean (types: org.springframework.boot.autoconfigure.web.servlet.error.ErrorViewResolver; SearchStrategy: all) did not find any beans (OnBeanCondition)

   ErrorMvcAutoConfiguration.WhitelabelErrorViewConfiguration matched:
      - @ConditionalOnProperty (server.error.whitelabel.enabled) matched (OnPropertyCondition)
      - ErrorTemplate Missing did not find error template view (ErrorMvcAutoConfiguration.ErrorTemplateMissingCondition)

   ErrorMvcAutoConfiguration.WhitelabelErrorViewConfiguration#beanNameViewResolver matched:
      - @ConditionalOnMissingBean (types: org.springframework.web.servlet.view.BeanNameViewResolver; SearchStrategy: all) did not find any beans (OnBeanCondition)

   ErrorMvcAutoConfiguration.WhitelabelErrorViewConfiguration#defaultErrorView matched:
      - @ConditionalOnMissingBean (names: error; SearchStrategy: all) did not find any beans (OnBeanCondition)

   GenericCacheConfiguration matched:
      - Cache org.springframework.boot.autoconfigure.cache.GenericCacheConfiguration automatic cache type (CacheCondition)

   GsonAutoConfiguration matched:
      - @ConditionalOnClass found required class 'com.google.gson.Gson' (OnClassCondition)

   GsonAutoConfiguration#gson matched:
      - @ConditionalOnMissingBean (types: com.google.gson.Gson; SearchStrategy: all) did not find any beans (OnBeanCondition)

   GsonAutoConfiguration#gsonBuilder matched:
      - @ConditionalOnMissingBean (types: com.google.gson.GsonBuilder; SearchStrategy: all) did not find any beans (OnBeanCondition)

   GsonHttpMessageConvertersConfiguration matched:
      - @ConditionalOnClass found required class 'com.google.gson.Gson' (OnClassCondition)

   HibernateJpaAutoConfiguration matched:
      - @ConditionalOnClass found required classes 'org.springframework.orm.jpa.LocalContainerEntityManagerFactoryBean', 'javax.persistence.EntityManager', 'org.hibernate.engine.spi.SessionImplementor' (OnClassCondition)

   HibernateJpaConfiguration matched:
      - @ConditionalOnSingleCandidate (types: javax.sql.DataSource; SearchStrategy: all) found a primary bean from beans 'dataSource' (OnBeanCondition)

   HttpEncodingAutoConfiguration matched:
      - @ConditionalOnClass found required class 'org.springframework.web.filter.CharacterEncodingFilter' (OnClassCondition)
      - found 'session' scope (OnWebApplicationCondition)
      - @ConditionalOnProperty (server.servlet.encoding.enabled) matched (OnPropertyCondition)

   HttpEncodingAutoConfiguration#characterEncodingFilter matched:
      - @ConditionalOnMissingBean (types: org.springframework.web.filter.CharacterEncodingFilter; SearchStrategy: all) did not find any beans (OnBeanCondition)

   HttpMessageConvertersAutoConfiguration matched:
      - @ConditionalOnClass found required class 'org.springframework.http.converter.HttpMessageConverter' (OnClassCondition)
      - NoneNestedConditions 0 matched 1 did not; NestedCondition on HttpMessageConvertersAutoConfiguration.NotReactiveWebApplicationCondition.ReactiveWebApplication did not find reactive web application classes (HttpMessageConvertersAutoConfiguration.NotReactiveWebApplicationCondition)

   HttpMessageConvertersAutoConfiguration#messageConverters matched:
      - @ConditionalOnMissingBean (types: org.springframework.boot.autoconfigure.http.HttpMessageConverters; SearchStrategy: all) did not find any beans (OnBeanCondition)

   HttpMessageConvertersAutoConfiguration.StringHttpMessageConverterConfiguration matched:
      - @ConditionalOnClass found required class 'org.springframework.http.converter.StringHttpMessageConverter' (OnClassCondition)

   HttpMessageConvertersAutoConfiguration.StringHttpMessageConverterConfiguration#stringHttpMessageConverter matched:
      - @ConditionalOnMissingBean (types: org.springframework.http.converter.StringHttpMessageConverter; SearchStrategy: all) did not find any beans (OnBeanCondition)

   JacksonAutoConfiguration matched:
      - @ConditionalOnClass found required class 'com.fasterxml.jackson.databind.ObjectMapper' (OnClassCondition)

   JacksonAutoConfiguration.Jackson2ObjectMapperBuilderCustomizerConfiguration matched:
      - @ConditionalOnClass found required class 'org.springframework.http.converter.json.Jackson2ObjectMapperBuilder' (OnClassCondition)

   JacksonAutoConfiguration.JacksonObjectMapperBuilderConfiguration matched:
      - @ConditionalOnClass found required class 'org.springframework.http.converter.json.Jackson2ObjectMapperBuilder' (OnClassCondition)

   JacksonAutoConfiguration.JacksonObjectMapperBuilderConfiguration#jacksonObjectMapperBuilder matched:
      - @ConditionalOnMissingBean (types: org.springframework.http.converter.json.Jackson2ObjectMapperBuilder; SearchStrategy: all) did not find any beans (OnBeanCondition)

   JacksonAutoConfiguration.JacksonObjectMapperConfiguration matched:
      - @ConditionalOnClass found required class 'org.springframework.http.converter.json.Jackson2ObjectMapperBuilder' (OnClassCondition)

   JacksonAutoConfiguration.JacksonObjectMapperConfiguration#jacksonObjectMapper matched:
      - @ConditionalOnMissingBean (types: com.fasterxml.jackson.databind.ObjectMapper; SearchStrategy: all) did not find any beans (OnBeanCondition)

   JacksonAutoConfiguration.ParameterNamesModuleConfiguration matched:
      - @ConditionalOnClass found required class 'com.fasterxml.jackson.module.paramnames.ParameterNamesModule' (OnClassCondition)

   JacksonAutoConfiguration.ParameterNamesModuleConfiguration#parameterNamesModule matched:
      - @ConditionalOnMissingBean (types: com.fasterxml.jackson.module.paramnames.ParameterNamesModule; SearchStrategy: all) did not find any beans (OnBeanCondition)

   JacksonHttpMessageConvertersConfiguration.MappingJackson2HttpMessageConverterConfiguration matched:
      - @ConditionalOnClass found required class 'com.fasterxml.jackson.databind.ObjectMapper' (OnClassCondition)
      - @ConditionalOnProperty (spring.mvc.converters.preferred-json-mapper=jackson) matched (OnPropertyCondition)
      - @ConditionalOnBean (types: com.fasterxml.jackson.databind.ObjectMapper; SearchStrategy: all) found bean 'jacksonObjectMapper' (OnBeanCondition)

   JacksonHttpMessageConvertersConfiguration.MappingJackson2HttpMessageConverterConfiguration#mappingJackson2HttpMessageConverter matched:
      - @ConditionalOnMissingBean (types: org.springframework.http.converter.json.MappingJackson2HttpMessageConverter ignored: org.springframework.hateoas.server.mvc.TypeConstrainedMappingJackson2HttpMessageConverter,org.springframework.data.rest.webmvc.alps.AlpsJsonHttpMessageConverter; SearchStrategy: all) did not find any beans (OnBeanCondition)

   JdbcTemplateAutoConfiguration matched:
      - @ConditionalOnClass found required classes 'javax.sql.DataSource', 'org.springframework.jdbc.core.JdbcTemplate' (OnClassCondition)
      - @ConditionalOnSingleCandidate (types: javax.sql.DataSource; SearchStrategy: all) found a primary bean from beans 'dataSource' (OnBeanCondition)

   JdbcTemplateConfiguration matched:
      - @ConditionalOnMissingBean (types: org.springframework.jdbc.core.JdbcOperations; SearchStrategy: all) did not find any beans (OnBeanCondition)

   JmxAutoConfiguration matched:
      - @ConditionalOnClass found required class 'org.springframework.jmx.export.MBeanExporter' (OnClassCondition)
      - @ConditionalOnProperty (spring.jmx.enabled=true) matched (OnPropertyCondition)

   JmxAutoConfiguration#mbeanExporter matched:
      - @ConditionalOnMissingBean (types: org.springframework.jmx.export.MBeanExporter; SearchStrategy: current) did not find any beans (OnBeanCondition)

   JmxAutoConfiguration#mbeanServer matched:
      - @ConditionalOnMissingBean (types: javax.management.MBeanServer; SearchStrategy: all) did not find any beans (OnBeanCondition)

   JmxAutoConfiguration#objectNamingStrategy matched:
      - @ConditionalOnMissingBean (types: org.springframework.jmx.export.naming.ObjectNamingStrategy; SearchStrategy: current) did not find any beans (OnBeanCondition)

   JpaBaseConfiguration#entityManagerFactory matched:
      - @ConditionalOnMissingBean (types: org.springframework.orm.jpa.LocalContainerEntityManagerFactoryBean,javax.persistence.EntityManagerFactory; SearchStrategy: all) did not find any beans (OnBeanCondition)

   JpaBaseConfiguration#entityManagerFactoryBuilder matched:
      - @ConditionalOnMissingBean (types: org.springframework.boot.orm.jpa.EntityManagerFactoryBuilder; SearchStrategy: all) did not find any beans (OnBeanCondition)

   JpaBaseConfiguration#jpaVendorAdapter matched:
      - @ConditionalOnMissingBean (types: org.springframework.orm.jpa.JpaVendorAdapter; SearchStrategy: all) did not find any beans (OnBeanCondition)

   JpaBaseConfiguration#transactionManager matched:
      - @ConditionalOnMissingBean (types: org.springframework.transaction.PlatformTransactionManager; SearchStrategy: all) did not find any beans (OnBeanCondition)

   JpaBaseConfiguration.JpaWebConfiguration matched:
      - @ConditionalOnClass found required class 'org.springframework.web.servlet.config.annotation.WebMvcConfigurer' (OnClassCondition)
      - found 'session' scope (OnWebApplicationCondition)
      - @ConditionalOnProperty (spring.jpa.open-in-view=true) matched (OnPropertyCondition)
      - @ConditionalOnMissingBean (types: org.springframework.orm.jpa.support.OpenEntityManagerInViewInterceptor,org.springframework.orm.jpa.support.OpenEntityManagerInViewFilter; SearchStrategy: all) did not find any beans (OnBeanCondition)

   JpaRepositoriesAutoConfiguration matched:
      - @ConditionalOnClass found required class 'org.springframework.data.jpa.repository.JpaRepository' (OnClassCondition)
      - @ConditionalOnProperty (spring.data.jpa.repositories.enabled=true) matched (OnPropertyCondition)
      - @ConditionalOnBean (types: javax.sql.DataSource; SearchStrategy: all) found bean 'dataSource'; @ConditionalOnMissingBean (types: org.springframework.data.jpa.repository.support.JpaRepositoryFactoryBean,org.springframework.data.jpa.repository.config.JpaRepositoryConfigExtension; SearchStrategy: all) did not find any beans (OnBeanCondition)

   JpaRepositoriesAutoConfiguration#entityManagerFactoryBootstrapExecutorCustomizer matched:
      - AnyNestedCondition 1 matched 1 did not; NestedCondition on JpaRepositoriesAutoConfiguration.BootstrapExecutorCondition.LazyBootstrapMode @ConditionalOnProperty (spring.data.jpa.repositories.bootstrap-mode=lazy) did not find property 'bootstrap-mode'; NestedCondition on JpaRepositoriesAutoConfiguration.BootstrapExecutorCondition.DeferredBootstrapMode @ConditionalOnProperty (spring.data.jpa.repositories.bootstrap-mode=deferred) matched (JpaRepositoriesAutoConfiguration.BootstrapExecutorCondition)

   JtaAutoConfiguration matched:
      - @ConditionalOnClass found required class 'javax.transaction.Transaction' (OnClassCondition)
      - @ConditionalOnProperty (spring.jta.enabled) matched (OnPropertyCondition)

   LifecycleAutoConfiguration#defaultLifecycleProcessor matched:
      - @ConditionalOnMissingBean (names: lifecycleProcessor; SearchStrategy: all) did not find any beans (OnBeanCondition)

   MailSenderAutoConfiguration matched:
      - @ConditionalOnClass found required classes 'javax.mail.internet.MimeMessage', 'javax.activation.MimeType', 'org.springframework.mail.MailSender' (OnClassCondition)
      - AnyNestedCondition 1 matched 1 did not; NestedCondition on MailSenderAutoConfiguration.MailSenderCondition.JndiNameProperty @ConditionalOnProperty (spring.mail.jndi-name) did not find property 'jndi-name'; NestedCondition on MailSenderAutoConfiguration.MailSenderCondition.HostProperty @ConditionalOnProperty (spring.mail.host) matched (MailSenderAutoConfiguration.MailSenderCondition)
      - @ConditionalOnMissingBean (types: org.springframework.mail.MailSender; SearchStrategy: all) did not find any beans (OnBeanCondition)

   MailSenderPropertiesConfiguration matched:
      - @ConditionalOnProperty (spring.mail.host) matched (OnPropertyCondition)

   MailSenderPropertiesConfiguration#mailSender matched:
      - @ConditionalOnMissingBean (types: org.springframework.mail.javamail.JavaMailSender; SearchStrategy: all) did not find any beans (OnBeanCondition)

   MultipartAutoConfiguration matched:
      - @ConditionalOnClass found required classes 'javax.servlet.Servlet', 'org.springframework.web.multipart.support.StandardServletMultipartResolver', 'javax.servlet.MultipartConfigElement' (OnClassCondition)
      - found 'session' scope (OnWebApplicationCondition)
      - @ConditionalOnProperty (spring.servlet.multipart.enabled) matched (OnPropertyCondition)

   MultipartAutoConfiguration#multipartConfigElement matched:
      - @ConditionalOnMissingBean (types: javax.servlet.MultipartConfigElement,org.springframework.web.multipart.commons.CommonsMultipartResolver; SearchStrategy: all) did not find any beans (OnBeanCondition)

   MultipartAutoConfiguration#multipartResolver matched:
      - @ConditionalOnMissingBean (types: org.springframework.web.multipart.MultipartResolver; SearchStrategy: all) did not find any beans (OnBeanCondition)

   NamedParameterJdbcTemplateConfiguration matched:
      - @ConditionalOnSingleCandidate (types: org.springframework.jdbc.core.JdbcTemplate; SearchStrategy: all) found a primary bean from beans 'jdbcTemplate'; @ConditionalOnMissingBean (types: org.springframework.jdbc.core.namedparam.NamedParameterJdbcOperations; SearchStrategy: all) did not find any beans (OnBeanCondition)

   NoOpCacheConfiguration matched:
      - Cache org.springframework.boot.autoconfigure.cache.NoOpCacheConfiguration automatic cache type (CacheCondition)

   OAuth2ResourceServerAutoConfiguration matched:
      - found 'session' scope (OnWebApplicationCondition)

   PersistenceExceptionTranslationAutoConfiguration matched:
      - @ConditionalOnClass found required class 'org.springframework.dao.annotation.PersistenceExceptionTranslationPostProcessor' (OnClassCondition)

   PersistenceExceptionTranslationAutoConfiguration#persistenceExceptionTranslationPostProcessor matched:
      - @ConditionalOnProperty (spring.dao.exceptiontranslation.enabled) matched (OnPropertyCondition)
      - @ConditionalOnMissingBean (types: org.springframework.dao.annotation.PersistenceExceptionTranslationPostProcessor; SearchStrategy: all) did not find any beans (OnBeanCondition)

   PropertyPlaceholderAutoConfiguration#propertySourcesPlaceholderConfigurer matched:
      - @ConditionalOnMissingBean (types: org.springframework.context.support.PropertySourcesPlaceholderConfigurer; SearchStrategy: current) did not find any beans (OnBeanCondition)

   RestTemplateAutoConfiguration matched:
      - @ConditionalOnClass found required class 'org.springframework.web.client.RestTemplate' (OnClassCondition)
      - NoneNestedConditions 0 matched 1 did not; NestedCondition on RestTemplateAutoConfiguration.NotReactiveWebApplicationCondition.ReactiveWebApplication did not find reactive web application classes (RestTemplateAutoConfiguration.NotReactiveWebApplicationCondition)

   RestTemplateAutoConfiguration#restTemplateBuilder matched:
      - @ConditionalOnMissingBean (types: org.springframework.boot.web.client.RestTemplateBuilder; SearchStrategy: all) did not find any beans (OnBeanCondition)

   SecurityAutoConfiguration matched:
      - @ConditionalOnClass found required class 'org.springframework.security.authentication.DefaultAuthenticationEventPublisher' (OnClassCondition)

   SecurityAutoConfiguration#authenticationEventPublisher matched:
      - @ConditionalOnMissingBean (types: org.springframework.security.authentication.AuthenticationEventPublisher; SearchStrategy: all) did not find any beans (OnBeanCondition)

   SecurityFilterAutoConfiguration matched:
      - @ConditionalOnClass found required classes 'org.springframework.security.web.context.AbstractSecurityWebApplicationInitializer', 'org.springframework.security.config.http.SessionCreationPolicy' (OnClassCondition)
      - found 'session' scope (OnWebApplicationCondition)

   SecurityFilterAutoConfiguration#securityFilterChainRegistration matched:
      - @ConditionalOnBean (names: springSecurityFilterChain; SearchStrategy: all) found bean 'springSecurityFilterChain' (OnBeanCondition)

   ServletWebServerFactoryAutoConfiguration matched:
      - @ConditionalOnClass found required class 'javax.servlet.ServletRequest' (OnClassCondition)
      - found 'session' scope (OnWebApplicationCondition)

   ServletWebServerFactoryAutoConfiguration#tomcatServletWebServerFactoryCustomizer matched:
      - @ConditionalOnClass found required class 'org.apache.catalina.startup.Tomcat' (OnClassCondition)

   ServletWebServerFactoryConfiguration.EmbeddedTomcat matched:
      - @ConditionalOnClass found required classes 'javax.servlet.Servlet', 'org.apache.catalina.startup.Tomcat', 'org.apache.coyote.UpgradeProtocol' (OnClassCondition)
      - @ConditionalOnMissingBean (types: org.springframework.boot.web.servlet.server.ServletWebServerFactory; SearchStrategy: current) did not find any beans (OnBeanCondition)

   SimpleCacheConfiguration matched:
      - Cache org.springframework.boot.autoconfigure.cache.SimpleCacheConfiguration automatic cache type (CacheCondition)

   SpringApplicationAdminJmxAutoConfiguration matched:
      - @ConditionalOnProperty (spring.application.admin.enabled=true) matched (OnPropertyCondition)

   SpringApplicationAdminJmxAutoConfiguration#springApplicationAdminRegistrar matched:
      - @ConditionalOnMissingBean (types: org.springframework.boot.admin.SpringApplicationAdminMXBeanRegistrar; SearchStrategy: all) did not find any beans (OnBeanCondition)

   SpringDataWebAutoConfiguration matched:
      - @ConditionalOnClass found required classes 'org.springframework.data.web.PageableHandlerMethodArgumentResolver', 'org.springframework.web.servlet.config.annotation.WebMvcConfigurer' (OnClassCondition)
      - found 'session' scope (OnWebApplicationCondition)
      - @ConditionalOnMissingBean (types: org.springframework.data.web.PageableHandlerMethodArgumentResolver; SearchStrategy: all) did not find any beans (OnBeanCondition)

   SpringDataWebAutoConfiguration#pageableCustomizer matched:
      - @ConditionalOnMissingBean (types: org.springframework.data.web.config.PageableHandlerMethodArgumentResolverCustomizer; SearchStrategy: all) did not find any beans (OnBeanCondition)

   SpringDataWebAutoConfiguration#sortCustomizer matched:
      - @ConditionalOnMissingBean (types: org.springframework.data.web.config.SortHandlerMethodArgumentResolverCustomizer; SearchStrategy: all) did not find any beans (OnBeanCondition)

   SpringLoggingAutoConfiguration#restTemplate matched:
      - @ConditionalOnMissingBean (types: org.springframework.web.client.RestTemplate; SearchStrategy: all) did not find any beans (OnBeanCondition)

   TaskExecutionAutoConfiguration matched:
      - @ConditionalOnClass found required class 'org.springframework.scheduling.concurrent.ThreadPoolTaskExecutor' (OnClassCondition)

   TaskExecutionAutoConfiguration#applicationTaskExecutor matched:
      - @ConditionalOnMissingBean (types: java.util.concurrent.Executor; SearchStrategy: all) did not find any beans (OnBeanCondition)

   TaskExecutionAutoConfiguration#taskExecutorBuilder matched:
      - @ConditionalOnMissingBean (types: org.springframework.boot.task.TaskExecutorBuilder; SearchStrategy: all) did not find any beans (OnBeanCondition)

   TaskSchedulingAutoConfiguration matched:
      - @ConditionalOnClass found required class 'org.springframework.scheduling.concurrent.ThreadPoolTaskScheduler' (OnClassCondition)

   TaskSchedulingAutoConfiguration#taskSchedulerBuilder matched:
      - @ConditionalOnMissingBean (types: org.springframework.boot.task.TaskSchedulerBuilder; SearchStrategy: all) did not find any beans (OnBeanCondition)

   TransactionAutoConfiguration matched:
      - @ConditionalOnClass found required class 'org.springframework.transaction.PlatformTransactionManager' (OnClassCondition)

   TransactionAutoConfiguration#platformTransactionManagerCustomizers matched:
      - @ConditionalOnMissingBean (types: org.springframework.boot.autoconfigure.transaction.TransactionManagerCustomizers; SearchStrategy: all) did not find any beans (OnBeanCondition)

   TransactionAutoConfiguration.EnableTransactionManagementConfiguration matched:
      - @ConditionalOnBean (types: org.springframework.transaction.TransactionManager; SearchStrategy: all) found bean 'transactionManager'; @ConditionalOnMissingBean (types: org.springframework.transaction.annotation.AbstractTransactionManagementConfiguration; SearchStrategy: all) did not find any beans (OnBeanCondition)

   TransactionAutoConfiguration.EnableTransactionManagementConfiguration.CglibAutoProxyConfiguration matched:
      - @ConditionalOnProperty (spring.aop.proxy-target-class=true) matched (OnPropertyCondition)

   TransactionAutoConfiguration.TransactionTemplateConfiguration matched:
      - @ConditionalOnSingleCandidate (types: org.springframework.transaction.PlatformTransactionManager; SearchStrategy: all) found a primary bean from beans 'transactionManager' (OnBeanCondition)

   TransactionAutoConfiguration.TransactionTemplateConfiguration#transactionTemplate matched:
      - @ConditionalOnMissingBean (types: org.springframework.transaction.support.TransactionOperations; SearchStrategy: all) did not find any beans (OnBeanCondition)

   WebMvcAutoConfiguration matched:
      - @ConditionalOnClass found required classes 'javax.servlet.Servlet', 'org.springframework.web.servlet.DispatcherServlet', 'org.springframework.web.servlet.config.annotation.WebMvcConfigurer' (OnClassCondition)
      - found 'session' scope (OnWebApplicationCondition)
      - @ConditionalOnMissingBean (types: org.springframework.web.servlet.config.annotation.WebMvcConfigurationSupport; SearchStrategy: all) did not find any beans (OnBeanCondition)

   WebMvcAutoConfiguration#formContentFilter matched:
      - @ConditionalOnProperty (spring.mvc.formcontent.filter.enabled) matched (OnPropertyCondition)
      - @ConditionalOnMissingBean (types: org.springframework.web.filter.FormContentFilter; SearchStrategy: all) did not find any beans (OnBeanCondition)

   WebMvcAutoConfiguration.WebMvcAutoConfigurationAdapter#defaultViewResolver matched:
      - @ConditionalOnMissingBean (types: org.springframework.web.servlet.view.InternalResourceViewResolver; SearchStrategy: all) did not find any beans (OnBeanCondition)

   WebMvcAutoConfiguration.WebMvcAutoConfigurationAdapter#requestContextFilter matched:
      - @ConditionalOnMissingBean (types: org.springframework.web.context.request.RequestContextListener,org.springframework.web.filter.RequestContextFilter; SearchStrategy: all) did not find any beans (OnBeanCondition)

   WebMvcAutoConfiguration.WebMvcAutoConfigurationAdapter#viewResolver matched:
      - @ConditionalOnBean (types: org.springframework.web.servlet.ViewResolver; SearchStrategy: all) found beans 'defaultViewResolver', 'beanNameViewResolver', 'mvcViewResolver'; @ConditionalOnMissingBean (names: viewResolver types: org.springframework.web.servlet.view.ContentNegotiatingViewResolver; SearchStrategy: all) did not find any beans (OnBeanCondition)

   WebSocketServletAutoConfiguration matched:
      - @ConditionalOnClass found required classes 'javax.servlet.Servlet', 'javax.websocket.server.ServerContainer' (OnClassCondition)
      - found 'session' scope (OnWebApplicationCondition)

   WebSocketServletAutoConfiguration.TomcatWebSocketConfiguration matched:
      - @ConditionalOnClass found required classes 'org.apache.catalina.startup.Tomcat', 'org.apache.tomcat.websocket.server.WsSci' (OnClassCondition)

   WebSocketServletAutoConfiguration.TomcatWebSocketConfiguration#websocketServletWebServerCustomizer matched:
      - @ConditionalOnMissingBean (names: websocketServletWebServerCustomizer; SearchStrategy: all) did not find any beans (OnBeanCondition)


Negative matches:
-----------------

   ActiveMQAutoConfiguration:
      Did not match:
         - @ConditionalOnClass did not find required class 'javax.jms.ConnectionFactory' (OnClassCondition)

   AopAutoConfiguration.AspectJAutoProxyingConfiguration.JdkDynamicAutoProxyConfiguration:
      Did not match:
         - @ConditionalOnProperty (spring.aop.proxy-target-class=false) did not find property 'proxy-target-class' (OnPropertyCondition)

   AopAutoConfiguration.ClassProxyingConfiguration:
      Did not match:
         - @ConditionalOnMissingClass found unwanted class 'org.aspectj.weaver.Advice' (OnClassCondition)

   ArtemisAutoConfiguration:
      Did not match:
         - @ConditionalOnClass did not find required class 'javax.jms.ConnectionFactory' (OnClassCondition)

   AtomikosJtaConfiguration:
      Did not match:
         - @ConditionalOnClass did not find required class 'com.atomikos.icatch.jta.UserTransactionManager' (OnClassCondition)

   BatchAutoConfiguration:
      Did not match:
         - @ConditionalOnClass did not find required class 'org.springframework.batch.core.launch.JobLauncher' (OnClassCondition)

   BitronixJtaConfiguration:
      Did not match:
         - @ConditionalOnClass did not find required class 'bitronix.tm.jndi.BitronixContext' (OnClassCondition)

   CacheAutoConfiguration:
      Did not match:
         - @ConditionalOnBean (types: org.springframework.cache.interceptor.CacheAspectSupport; SearchStrategy: all) did not find any beans of type org.springframework.cache.interceptor.CacheAspectSupport (OnBeanCondition)
      Matched:
         - @ConditionalOnClass found required class 'org.springframework.cache.CacheManager' (OnClassCondition)

   CacheAutoConfiguration.CacheManagerEntityManagerFactoryDependsOnPostProcessor:
      Did not match:
         - Ancestor org.springframework.boot.autoconfigure.cache.CacheAutoConfiguration did not match (ConditionEvaluationReport.AncestorsMatchedCondition)
      Matched:
         - @ConditionalOnClass found required class 'org.springframework.orm.jpa.LocalContainerEntityManagerFactoryBean' (OnClassCondition)

   CaffeineCacheConfiguration:
      Did not match:
         - @ConditionalOnClass did not find required class 'com.github.benmanes.caffeine.cache.Caffeine' (OnClassCondition)

   CassandraAutoConfiguration:
      Did not match:
         - @ConditionalOnClass did not find required class 'com.datastax.oss.driver.api.core.CqlSession' (OnClassCondition)

   CassandraDataAutoConfiguration:
      Did not match:
         - @ConditionalOnClass did not find required class 'com.datastax.oss.driver.api.core.CqlSession' (OnClassCondition)

   CassandraReactiveDataAutoConfiguration:
      Did not match:
         - @ConditionalOnClass did not find required class 'com.datastax.oss.driver.api.core.CqlSession' (OnClassCondition)

   CassandraReactiveRepositoriesAutoConfiguration:
      Did not match:
         - @ConditionalOnClass did not find required class 'org.springframework.data.cassandra.ReactiveSession' (OnClassCondition)

   CassandraRepositoriesAutoConfiguration:
      Did not match:
         - @ConditionalOnClass did not find required class 'com.datastax.oss.driver.api.core.CqlSession' (OnClassCondition)

   ClientHttpConnectorAutoConfiguration:
      Did not match:
         - @ConditionalOnClass did not find required class 'org.springframework.web.reactive.function.client.WebClient' (OnClassCondition)

   CodecsAutoConfiguration:
      Did not match:
         - @ConditionalOnClass did not find required class 'org.springframework.web.reactive.function.client.WebClient' (OnClassCondition)

   CouchbaseAutoConfiguration:
      Did not match:
         - @ConditionalOnClass did not find required class 'com.couchbase.client.java.Cluster' (OnClassCondition)

   CouchbaseCacheConfiguration:
      Did not match:
         - @ConditionalOnClass did not find required class 'com.couchbase.client.java.Cluster' (OnClassCondition)

   CouchbaseDataAutoConfiguration:
      Did not match:
         - @ConditionalOnClass did not find required class 'com.couchbase.client.java.Bucket' (OnClassCondition)

   CouchbaseReactiveDataAutoConfiguration:
      Did not match:
         - @ConditionalOnClass did not find required class 'com.couchbase.client.java.Cluster' (OnClassCondition)

   CouchbaseReactiveRepositoriesAutoConfiguration:
      Did not match:
         - @ConditionalOnClass did not find required class 'com.couchbase.client.java.Cluster' (OnClassCondition)

   CouchbaseRepositoriesAutoConfiguration:
      Did not match:
         - @ConditionalOnClass did not find required class 'com.couchbase.client.java.Bucket' (OnClassCondition)

   DataSourceAutoConfiguration.EmbeddedDatabaseConfiguration:
      Did not match:
         - EmbeddedDataSource spring.datasource.url is set (DataSourceAutoConfiguration.EmbeddedDatabaseCondition)

   DataSourceConfiguration.Dbcp2:
      Did not match:
         - @ConditionalOnClass did not find required class 'org.apache.commons.dbcp2.BasicDataSource' (OnClassCondition)

   DataSourceConfiguration.Generic:
      Did not match:
         - @ConditionalOnProperty (spring.datasource.type) did not find property 'spring.datasource.type' (OnPropertyCondition)

   DataSourceConfiguration.Tomcat:
      Did not match:
         - @ConditionalOnClass did not find required class 'org.apache.tomcat.jdbc.pool.DataSource' (OnClassCondition)

   DataSourceJmxConfiguration.TomcatDataSourceJmxConfiguration:
      Did not match:
         - @ConditionalOnClass did not find required class 'org.apache.tomcat.jdbc.pool.DataSourceProxy' (OnClassCondition)

   DataSourcePoolMetadataProvidersConfiguration.CommonsDbcp2PoolDataSourceMetadataProviderConfiguration:
      Did not match:
         - @ConditionalOnClass did not find required class 'org.apache.commons.dbcp2.BasicDataSource' (OnClassCondition)

   DataSourcePoolMetadataProvidersConfiguration.TomcatDataSourcePoolMetadataProviderConfiguration:
      Did not match:
         - @ConditionalOnClass did not find required class 'org.apache.tomcat.jdbc.pool.DataSource' (OnClassCondition)

   DataSourceTransactionManagerAutoConfiguration.DataSourceTransactionManagerConfiguration#transactionManager:
      Did not match:
         - @ConditionalOnMissingBean (types: org.springframework.transaction.PlatformTransactionManager; SearchStrategy: all) found beans of type 'org.springframework.transaction.PlatformTransactionManager' transactionManager (OnBeanCondition)

   DispatcherServletAutoConfiguration.DispatcherServletConfiguration#multipartResolver:
      Did not match:
         - @ConditionalOnBean (types: org.springframework.web.multipart.MultipartResolver; SearchStrategy: all) did not find any beans of type org.springframework.web.multipart.MultipartResolver (OnBeanCondition)

   EhCacheCacheConfiguration:
      Did not match:
         - @ConditionalOnClass did not find required class 'net.sf.ehcache.Cache' (OnClassCondition)

   ElasticsearchDataAutoConfiguration:
      Did not match:
         - @ConditionalOnClass did not find required class 'org.springframework.data.elasticsearch.core.ElasticsearchTemplate' (OnClassCondition)

   ElasticsearchRepositoriesAutoConfiguration:
      Did not match:
         - @ConditionalOnClass did not find required class 'org.elasticsearch.client.Client' (OnClassCondition)

   ElasticsearchRestClientAutoConfiguration:
      Did not match:
         - @ConditionalOnClass did not find required class 'org.elasticsearch.client.RestClient' (OnClassCondition)

   EmbeddedLdapAutoConfiguration:
      Did not match:
         - @ConditionalOnClass did not find required class 'com.unboundid.ldap.listener.InMemoryDirectoryServer' (OnClassCondition)

   EmbeddedMongoAutoConfiguration:
      Did not match:
         - @ConditionalOnClass did not find required class 'com.mongodb.MongoClientSettings' (OnClassCondition)

   EmbeddedWebServerFactoryCustomizerAutoConfiguration.JettyWebServerFactoryCustomizerConfiguration:
      Did not match:
         - @ConditionalOnClass did not find required classes 'org.eclipse.jetty.server.Server', 'org.eclipse.jetty.util.Loader', 'org.eclipse.jetty.webapp.WebAppContext' (OnClassCondition)

   EmbeddedWebServerFactoryCustomizerAutoConfiguration.NettyWebServerFactoryCustomizerConfiguration:
      Did not match:
         - @ConditionalOnClass did not find required class 'reactor.netty.http.server.HttpServer' (OnClassCondition)

   EmbeddedWebServerFactoryCustomizerAutoConfiguration.UndertowWebServerFactoryCustomizerConfiguration:
      Did not match:
         - @ConditionalOnClass did not find required classes 'io.undertow.Undertow', 'org.xnio.SslClientAuthMode' (OnClassCondition)

   ErrorWebFluxAutoConfiguration:
      Did not match:
         - @ConditionalOnClass did not find required class 'org.springframework.web.reactive.config.WebFluxConfigurer' (OnClassCondition)

   FlywayAutoConfiguration:
      Did not match:
         - @ConditionalOnClass did not find required class 'org.flywaydb.core.Flyway' (OnClassCondition)

   FreeMarkerAutoConfiguration:
      Did not match:
         - @ConditionalOnClass did not find required class 'freemarker.template.Configuration' (OnClassCondition)

   GroovyTemplateAutoConfiguration:
      Did not match:
         - @ConditionalOnClass did not find required class 'groovy.text.markup.MarkupTemplateEngine' (OnClassCondition)

   GsonHttpMessageConvertersConfiguration.GsonHttpMessageConverterConfiguration:
      Did not match:
         - AnyNestedCondition 0 matched 2 did not; NestedCondition on GsonHttpMessageConvertersConfiguration.PreferGsonOrJacksonAndJsonbUnavailableCondition.JacksonJsonbUnavailable NoneNestedConditions 1 matched 1 did not; NestedCondition on GsonHttpMessageConvertersConfiguration.JacksonAndJsonbUnavailableCondition.JsonbPreferred @ConditionalOnProperty (spring.mvc.converters.preferred-json-mapper=jsonb) did not find property 'spring.mvc.converters.preferred-json-mapper'; NestedCondition on GsonHttpMessageConvertersConfiguration.JacksonAndJsonbUnavailableCondition.JacksonAvailable @ConditionalOnBean (types: org.springframework.http.converter.json.MappingJackson2HttpMessageConverter; SearchStrategy: all) found bean 'mappingJackson2HttpMessageConverter'; NestedCondition on GsonHttpMessageConvertersConfiguration.PreferGsonOrJacksonAndJsonbUnavailableCondition.GsonPreferred @ConditionalOnProperty (spring.mvc.converters.preferred-json-mapper=gson) did not find property 'spring.mvc.converters.preferred-json-mapper' (GsonHttpMessageConvertersConfiguration.PreferGsonOrJacksonAndJsonbUnavailableCondition)

   H2ConsoleAutoConfiguration:
      Did not match:
         - @ConditionalOnClass did not find required class 'org.h2.server.web.WebServlet' (OnClassCondition)

   HazelcastAutoConfiguration:
      Did not match:
         - @ConditionalOnClass did not find required class 'com.hazelcast.core.HazelcastInstance' (OnClassCondition)

   HazelcastCacheConfiguration:
      Did not match:
         - @ConditionalOnClass did not find required class 'com.hazelcast.core.HazelcastInstance' (OnClassCondition)

   HazelcastJpaDependencyAutoConfiguration:
      Did not match:
         - @ConditionalOnClass did not find required class 'com.hazelcast.core.HazelcastInstance' (OnClassCondition)

   HttpHandlerAutoConfiguration:
      Did not match:
         - @ConditionalOnClass did not find required class 'org.springframework.web.reactive.DispatcherHandler' (OnClassCondition)

   HypermediaAutoConfiguration:
      Did not match:
         - @ConditionalOnClass did not find required class 'org.springframework.hateoas.EntityModel' (OnClassCondition)

   InfinispanCacheConfiguration:
      Did not match:
         - @ConditionalOnClass did not find required class 'org.infinispan.spring.embedded.provider.SpringEmbeddedCacheManager' (OnClassCondition)

   InfluxDbAutoConfiguration:
      Did not match:
         - @ConditionalOnClass did not find required class 'org.influxdb.InfluxDB' (OnClassCondition)

   IntegrationAutoConfiguration:
      Did not match:
         - @ConditionalOnClass did not find required class 'org.springframework.integration.config.EnableIntegration' (OnClassCondition)

   JCacheCacheConfiguration:
      Did not match:
         - @ConditionalOnClass did not find required class 'javax.cache.Caching' (OnClassCondition)

   JacksonHttpMessageConvertersConfiguration.MappingJackson2XmlHttpMessageConverterConfiguration:
      Did not match:
         - @ConditionalOnClass did not find required class 'com.fasterxml.jackson.dataformat.xml.XmlMapper' (OnClassCondition)

   JdbcRepositoriesAutoConfiguration:
      Did not match:
         - @ConditionalOnClass did not find required class 'org.springframework.data.jdbc.repository.config.AbstractJdbcConfiguration' (OnClassCondition)

   JerseyAutoConfiguration:
      Did not match:
         - @ConditionalOnClass did not find required class 'org.glassfish.jersey.server.spring.SpringComponentProvider' (OnClassCondition)

   JmsAutoConfiguration:
      Did not match:
         - @ConditionalOnClass did not find required class 'javax.jms.Message' (OnClassCondition)

   JndiConnectionFactoryAutoConfiguration:
      Did not match:
         - @ConditionalOnClass did not find required class 'org.springframework.jms.core.JmsTemplate' (OnClassCondition)

   JndiDataSourceAutoConfiguration:
      Did not match:
         - @ConditionalOnProperty (spring.datasource.jndi-name) did not find property 'jndi-name' (OnPropertyCondition)
      Matched:
         - @ConditionalOnClass found required classes 'javax.sql.DataSource', 'org.springframework.jdbc.datasource.embedded.EmbeddedDatabaseType' (OnClassCondition)

   JndiJtaConfiguration:
      Did not match:
         - @ConditionalOnJndi JNDI environment is not available (OnJndiCondition)
      Matched:
         - @ConditionalOnClass found required class 'org.springframework.transaction.jta.JtaTransactionManager' (OnClassCondition)

   JooqAutoConfiguration:
      Did not match:
         - @ConditionalOnClass did not find required class 'org.jooq.DSLContext' (OnClassCondition)

   JsonbAutoConfiguration:
      Did not match:
         - @ConditionalOnClass did not find required class 'javax.json.bind.Jsonb' (OnClassCondition)

   JsonbHttpMessageConvertersConfiguration:
      Did not match:
         - @ConditionalOnClass did not find required class 'javax.json.bind.Jsonb' (OnClassCondition)

   KafkaAutoConfiguration:
      Did not match:
         - @ConditionalOnClass did not find required class 'org.springframework.kafka.core.KafkaTemplate' (OnClassCondition)

   LdapAutoConfiguration:
      Did not match:
         - @ConditionalOnClass did not find required class 'org.springframework.ldap.core.ContextSource' (OnClassCondition)

   LdapRepositoriesAutoConfiguration:
      Did not match:
         - @ConditionalOnClass did not find required class 'org.springframework.data.ldap.repository.LdapRepository' (OnClassCondition)

   LiquibaseAutoConfiguration:
      Did not match:
         - @ConditionalOnClass did not find required class 'liquibase.change.DatabaseChange' (OnClassCondition)

   MailSenderJndiConfiguration:
      Did not match:
         - @ConditionalOnProperty (spring.mail.jndi-name) did not find property 'jndi-name' (OnPropertyCondition)
      Matched:
         - @ConditionalOnClass found required class 'javax.mail.Session' (OnClassCondition)

   MailSenderValidatorAutoConfiguration:
      Did not match:
         - @ConditionalOnProperty (spring.mail.test-connection) did not find property 'test-connection' (OnPropertyCondition)

   MessageSourceAutoConfiguration:
      Did not match:
         - ResourceBundle did not find bundle with basename messages (MessageSourceAutoConfiguration.ResourceBundleCondition)

   MongoAutoConfiguration:
      Did not match:
         - @ConditionalOnClass did not find required class 'com.mongodb.client.MongoClient' (OnClassCondition)

   MongoDataAutoConfiguration:
      Did not match:
         - @ConditionalOnClass did not find required class 'com.mongodb.client.MongoClient' (OnClassCondition)

   MongoReactiveAutoConfiguration:
      Did not match:
         - @ConditionalOnClass did not find required class 'com.mongodb.reactivestreams.client.MongoClient' (OnClassCondition)

   MongoReactiveDataAutoConfiguration:
      Did not match:
         - @ConditionalOnClass did not find required class 'com.mongodb.reactivestreams.client.MongoClient' (OnClassCondition)

   MongoReactiveRepositoriesAutoConfiguration:
      Did not match:
         - @ConditionalOnClass did not find required class 'com.mongodb.reactivestreams.client.MongoClient' (OnClassCondition)

   MongoRepositoriesAutoConfiguration:
      Did not match:
         - @ConditionalOnClass did not find required class 'com.mongodb.client.MongoClient' (OnClassCondition)

   MustacheAutoConfiguration:
      Did not match:
         - @ConditionalOnClass did not find required class 'com.samskivert.mustache.Mustache' (OnClassCondition)

   Neo4jDataAutoConfiguration:
      Did not match:
         - @ConditionalOnClass did not find required class 'org.neo4j.ogm.session.SessionFactory' (OnClassCondition)

   Neo4jRepositoriesAutoConfiguration:
      Did not match:
         - @ConditionalOnClass did not find required class 'org.neo4j.ogm.session.Neo4jSession' (OnClassCondition)

   OAuth2ClientAutoConfiguration:
      Did not match:
         - @ConditionalOnClass did not find required class 'org.springframework.security.oauth2.client.registration.ClientRegistration' (OnClassCondition)

   Oauth2ResourceServerConfiguration.JwtConfiguration:
      Did not match:
         - @ConditionalOnClass did not find required classes 'org.springframework.security.oauth2.server.resource.authentication.JwtAuthenticationToken', 'org.springframework.security.oauth2.jwt.JwtDecoder' (OnClassCondition)

   Oauth2ResourceServerConfiguration.OpaqueTokenConfiguration:
      Did not match:
         - @ConditionalOnClass did not find required classes 'org.springframework.security.oauth2.server.resource.BearerTokenAuthenticationToken', 'org.springframework.security.oauth2.server.resource.introspection.OpaqueTokenIntrospector' (OnClassCondition)

   ProjectInfoAutoConfiguration#buildProperties:
      Did not match:
         - @ConditionalOnResource did not find resource '${spring.info.build.location:classpath:META-INF/build-info.properties}' (OnResourceCondition)

   ProjectInfoAutoConfiguration#gitProperties:
      Did not match:
         - GitResource did not find git info at classpath:git.properties (ProjectInfoAutoConfiguration.GitResourceAvailableCondition)

   QuartzAutoConfiguration:
      Did not match:
         - @ConditionalOnClass did not find required class 'org.quartz.Scheduler' (OnClassCondition)

   R2dbcAutoConfiguration:
      Did not match:
         - @ConditionalOnClass did not find required class 'io.r2dbc.spi.ConnectionFactory' (OnClassCondition)

   R2dbcDataAutoConfiguration:
      Did not match:
         - @ConditionalOnClass did not find required class 'org.springframework.data.r2dbc.core.DatabaseClient' (OnClassCondition)

   R2dbcRepositoriesAutoConfiguration:
      Did not match:
         - @ConditionalOnClass did not find required class 'io.r2dbc.spi.ConnectionFactory' (OnClassCondition)

   R2dbcTransactionManagerAutoConfiguration:
      Did not match:
         - @ConditionalOnClass did not find required class 'org.springframework.data.r2dbc.connectionfactory.R2dbcTransactionManager' (OnClassCondition)

   RSocketMessagingAutoConfiguration:
      Did not match:
         - @ConditionalOnClass did not find required class 'io.rsocket.RSocketFactory' (OnClassCondition)

   RSocketRequesterAutoConfiguration:
      Did not match:
         - @ConditionalOnClass did not find required class 'io.rsocket.RSocketFactory' (OnClassCondition)

   RSocketSecurityAutoConfiguration:
      Did not match:
         - @ConditionalOnClass did not find required class 'org.springframework.security.rsocket.core.SecuritySocketAcceptorInterceptor' (OnClassCondition)

   RSocketServerAutoConfiguration:
      Did not match:
         - @ConditionalOnClass did not find required class 'io.rsocket.core.RSocketServer' (OnClassCondition)

   RSocketStrategiesAutoConfiguration:
      Did not match:
         - @ConditionalOnClass did not find required class 'io.netty.buffer.PooledByteBufAllocator' (OnClassCondition)

   RabbitAutoConfiguration:
      Did not match:
         - @ConditionalOnClass did not find required class 'com.rabbitmq.client.Channel' (OnClassCondition)

   ReactiveElasticsearchRepositoriesAutoConfiguration:
      Did not match:
         - @ConditionalOnClass did not find required class 'org.springframework.data.elasticsearch.client.reactive.ReactiveElasticsearchClient' (OnClassCondition)

   ReactiveElasticsearchRestClientAutoConfiguration:
      Did not match:
         - @ConditionalOnClass did not find required class 'reactor.netty.http.client.HttpClient' (OnClassCondition)

   ReactiveOAuth2ClientAutoConfiguration:
      Did not match:
         - @ConditionalOnClass did not find required class 'reactor.core.publisher.Flux' (OnClassCondition)

   ReactiveOAuth2ResourceServerAutoConfiguration:
      Did not match:
         - @ConditionalOnWebApplication did not find reactive web application classes (OnWebApplicationCondition)

   ReactiveSecurityAutoConfiguration:
      Did not match:
         - @ConditionalOnClass did not find required class 'reactor.core.publisher.Flux' (OnClassCondition)

   ReactiveUserDetailsServiceAutoConfiguration:
      Did not match:
         - AnyNestedCondition 0 matched 2 did not; NestedCondition on ReactiveUserDetailsServiceAutoConfiguration.ReactiveUserDetailsServiceCondition.ReactiveWebApplicationCondition did not find reactive web application classes; NestedCondition on ReactiveUserDetailsServiceAutoConfiguration.ReactiveUserDetailsServiceCondition.RSocketSecurityEnabledCondition @ConditionalOnBean (types: org.springframework.messaging.rsocket.annotation.support.RSocketMessageHandler; SearchStrategy: all) did not find any beans of type org.springframework.messaging.rsocket.annotation.support.RSocketMessageHandler (ReactiveUserDetailsServiceAutoConfiguration.ReactiveUserDetailsServiceCondition)
      Matched:
         - @ConditionalOnClass found required class 'org.springframework.security.authentication.ReactiveAuthenticationManager' (OnClassCondition)

   ReactiveWebServerFactoryAutoConfiguration:
      Did not match:
         - @ConditionalOnWebApplication did not find reactive web application classes (OnWebApplicationCondition)

   RedisAutoConfiguration:
      Did not match:
         - @ConditionalOnClass did not find required class 'org.springframework.data.redis.core.RedisOperations' (OnClassCondition)

   RedisCacheConfiguration:
      Did not match:
         - @ConditionalOnClass did not find required class 'org.springframework.data.redis.connection.RedisConnectionFactory' (OnClassCondition)

   RedisReactiveAutoConfiguration:
      Did not match:
         - @ConditionalOnClass did not find required class 'reactor.core.publisher.Flux' (OnClassCondition)

   RedisRepositoriesAutoConfiguration:
      Did not match:
         - @ConditionalOnClass did not find required class 'org.springframework.data.redis.repository.configuration.EnableRedisRepositories' (OnClassCondition)

   RepositoryRestMvcAutoConfiguration:
      Did not match:
         - @ConditionalOnClass did not find required class 'org.springframework.data.rest.webmvc.config.RepositoryRestMvcConfiguration' (OnClassCondition)

   Saml2RelyingPartyAutoConfiguration:
      Did not match:
         - @ConditionalOnClass did not find required class 'org.springframework.security.saml2.provider.service.registration.RelyingPartyRegistrationRepository' (OnClassCondition)

   SecurityDataConfiguration:
      Did not match:
         - @ConditionalOnClass did not find required class 'org.springframework.security.data.repository.query.SecurityEvaluationContextExtension' (OnClassCondition)

   SendGridAutoConfiguration:
      Did not match:
         - @ConditionalOnClass did not find required class 'com.sendgrid.SendGrid' (OnClassCondition)

   ServletWebServerFactoryAutoConfiguration#forwardedHeaderFilter:
      Did not match:
         - @ConditionalOnProperty (server.forward-headers-strategy=framework) did not find property 'server.forward-headers-strategy' (OnPropertyCondition)

   ServletWebServerFactoryConfiguration.EmbeddedJetty:
      Did not match:
         - @ConditionalOnClass did not find required classes 'org.eclipse.jetty.server.Server', 'org.eclipse.jetty.util.Loader', 'org.eclipse.jetty.webapp.WebAppContext' (OnClassCondition)

   ServletWebServerFactoryConfiguration.EmbeddedUndertow:
      Did not match:
         - @ConditionalOnClass did not find required classes 'io.undertow.Undertow', 'org.xnio.SslClientAuthMode' (OnClassCondition)

   SessionAutoConfiguration:
      Did not match:
         - @ConditionalOnClass did not find required class 'org.springframework.session.Session' (OnClassCondition)

   SolrAutoConfiguration:
      Did not match:
         - @ConditionalOnClass did not find required class 'org.apache.solr.client.solrj.impl.CloudSolrClient' (OnClassCondition)

   SolrRepositoriesAutoConfiguration:
      Did not match:
         - @ConditionalOnClass did not find required class 'org.apache.solr.client.solrj.SolrClient' (OnClassCondition)

   SpringBootWebSecurityConfiguration:
      Did not match:
         - @ConditionalOnMissingBean (types: org.springframework.security.config.annotation.web.configuration.WebSecurityConfigurerAdapter; SearchStrategy: all) found beans of type 'org.springframework.security.config.annotation.web.configuration.WebSecurityConfigurerAdapter' webSecurityConfig (OnBeanCondition)
      Matched:
         - @ConditionalOnClass found required class 'org.springframework.security.config.annotation.web.configuration.WebSecurityConfigurerAdapter' (OnClassCondition)
         - found 'session' scope (OnWebApplicationCondition)

   SpringLoggingAutoConfiguration#logstashAppender:
      Did not match:
         - @ConditionalOnProperty (logging.logstash.enabled) did not find property 'logging.logstash.enabled' (OnPropertyCondition)

   TaskSchedulingAutoConfiguration#taskScheduler:
      Did not match:
         - @ConditionalOnBean (names: org.springframework.context.annotation.internalScheduledAnnotationProcessor; SearchStrategy: all) did not find any beans named org.springframework.context.annotation.internalScheduledAnnotationProcessor (OnBeanCondition)

   ThymeleafAutoConfiguration:
      Did not match:
         - @ConditionalOnClass did not find required class 'org.thymeleaf.spring5.SpringTemplateEngine' (OnClassCondition)

   TransactionAutoConfiguration#transactionalOperator:
      Did not match:
         - @ConditionalOnSingleCandidate (types: org.springframework.transaction.ReactiveTransactionManager; SearchStrategy: all) did not find any beans (OnBeanCondition)

   TransactionAutoConfiguration.EnableTransactionManagementConfiguration.JdkDynamicAutoProxyConfiguration:
      Did not match:
         - @ConditionalOnProperty (spring.aop.proxy-target-class=false) did not find property 'proxy-target-class' (OnPropertyCondition)

   UserDetailsServiceAutoConfiguration:
      Did not match:
         - @ConditionalOnMissingBean (types: org.springframework.security.authentication.AuthenticationManager,org.springframework.security.authentication.AuthenticationProvider,org.springframework.security.core.userdetails.UserDetailsService,org.springframework.security.oauth2.jwt.JwtDecoder,org.springframework.security.oauth2.server.resource.introspection.OpaqueTokenIntrospector; SearchStrategy: all) found beans of type 'org.springframework.security.authentication.AuthenticationManager' authenticationManagerBean and found beans of type 'org.springframework.security.core.userdetails.UserDetailsService' userService (OnBeanCondition)
      Matched:
         - @ConditionalOnClass found required class 'org.springframework.security.authentication.AuthenticationManager' (OnClassCondition)

   ValidationAutoConfiguration:
      Did not match:
         - @ConditionalOnClass did not find required class 'javax.validation.executable.ExecutableValidator' (OnClassCondition)

   WebClientAutoConfiguration:
      Did not match:
         - @ConditionalOnClass did not find required class 'org.springframework.web.reactive.function.client.WebClient' (OnClassCondition)

   WebFluxAutoConfiguration:
      Did not match:
         - @ConditionalOnClass did not find required class 'org.springframework.web.reactive.config.WebFluxConfigurer' (OnClassCondition)

   WebMvcAutoConfiguration#hiddenHttpMethodFilter:
      Did not match:
         - @ConditionalOnProperty (spring.mvc.hiddenmethod.filter.enabled) did not find property 'enabled' (OnPropertyCondition)

   WebMvcAutoConfiguration.ResourceChainCustomizerConfiguration:
      Did not match:
         - @ConditionalOnEnabledResourceChain did not find class org.webjars.WebJarAssetLocator (OnEnabledResourceChainCondition)

   WebMvcAutoConfiguration.WebMvcAutoConfigurationAdapter#beanNameViewResolver:
      Did not match:
         - @ConditionalOnMissingBean (types: org.springframework.web.servlet.view.BeanNameViewResolver; SearchStrategy: all) found beans of type 'org.springframework.web.servlet.view.BeanNameViewResolver' beanNameViewResolver (OnBeanCondition)

   WebMvcAutoConfiguration.WebMvcAutoConfigurationAdapter#localeResolver:
      Did not match:
         - @ConditionalOnProperty (spring.mvc.locale) did not find property 'locale' (OnPropertyCondition)

   WebSecurityEnablerConfiguration:
      Did not match:
         - @ConditionalOnMissingBean (names: springSecurityFilterChain; SearchStrategy: all) found beans named springSecurityFilterChain (OnBeanCondition)
      Matched:
         - found 'session' scope (OnWebApplicationCondition)

   WebServiceTemplateAutoConfiguration:
      Did not match:
         - @ConditionalOnClass did not find required class 'org.springframework.oxm.Marshaller' (OnClassCondition)

   WebServicesAutoConfiguration:
      Did not match:
         - @ConditionalOnClass did not find required class 'org.springframework.ws.transport.http.MessageDispatcherServlet' (OnClassCondition)

   WebSocketMessagingAutoConfiguration:
      Did not match:
         - @ConditionalOnClass did not find required class 'org.springframework.web.socket.config.annotation.WebSocketMessageBrokerConfigurer' (OnClassCondition)

   WebSocketReactiveAutoConfiguration:
      Did not match:
         - @ConditionalOnWebApplication did not find reactive web application classes (OnWebApplicationCondition)

   WebSocketServletAutoConfiguration.JettyWebSocketConfiguration:
      Did not match:
         - @ConditionalOnClass did not find required class 'org.eclipse.jetty.websocket.jsr356.server.deploy.WebSocketServerContainerInitializer' (OnClassCondition)

   WebSocketServletAutoConfiguration.UndertowWebSocketConfiguration:
      Did not match:
         - @ConditionalOnClass did not find required class 'io.undertow.websockets.jsr.Bootstrap' (OnClassCondition)

   XADataSourceAutoConfiguration:
      Did not match:
         - @ConditionalOnBean (types: org.springframework.boot.jdbc.XADataSourceWrapper; SearchStrategy: all) did not find any beans of type org.springframework.boot.jdbc.XADataSourceWrapper (OnBeanCondition)
      Matched:
         - @ConditionalOnClass found required classes 'javax.sql.DataSource', 'javax.transaction.TransactionManager', 'org.springframework.jdbc.datasource.embedded.EmbeddedDatabaseType' (OnClassCondition)


Exclusions:
-----------

    None


Unconditional classes:
----------------------

    org.springframework.boot.autoconfigure.context.ConfigurationPropertiesAutoConfiguration

    org.springframework.boot.autoconfigure.context.LifecycleAutoConfiguration

    org.springframework.boot.autoconfigure.context.PropertyPlaceholderAutoConfiguration

    com.booking.logger.SpringLoggingAutoConfiguration

    org.springframework.boot.autoconfigure.availability.ApplicationAvailabilityAutoConfiguration

    org.springframework.boot.autoconfigure.info.ProjectInfoAutoConfiguration



2024-10-18 13:59:44,263 INFO org.springframework.boot.StartupInfoLogger [main] Started BookingApplication in 10.269 seconds (JVM running for 11.232)
2024-10-18 13:59:44,658 DEBUG sun.rmi.runtime.Log$LoggerLog [RMI TCP Connection(2)-127.0.0.1] RMI TCP Connection(2)-127.0.0.1: (port 59500) op = 82
2024-10-18 13:59:44,658 DEBUG sun.rmi.runtime.Log$LoggerLog [RMI TCP Connection(2)-127.0.0.1] RMI TCP Connection(2)-127.0.0.1: (port 59500) op = 80
2024-10-18 13:59:44,659 DEBUG sun.rmi.runtime.Log$LoggerLog [RMI TCP Connection(2)-127.0.0.1] RMI TCP Connection(2)-127.0.0.1: name = "javax.management.ObjectName", codebase = ""
2024-10-18 13:59:44,659 DEBUG sun.util.logging.internal.LoggingProviderImpl$JULWrapper [RMI TCP Connection(2)-127.0.0.1] connectionId=rmi://127.0.0.1  1, name=org.springframework.boot:type=Admin,name=SpringApplication, attribute=Ready
2024-10-18 13:59:44,895 DEBUG com.zaxxer.hikari.pool.HikariPool$PoolEntryCreator [HikariPool-1 connection adder] HikariPool-1 - Added connection org.postgresql.jdbc.PgConnection@16bc9fb
2024-10-18 13:59:44,895 DEBUG org.postgresql.Driver [HikariPool-1 connection adder] Connecting with URL: jdbc:postgresql://database-1.cnaee60qc6yl.us-east-2.rds.amazonaws.com/clubdb
2024-10-18 13:59:44,895 DEBUG org.postgresql.jdbc.PgConnection [HikariPool-1 connection adder] PostgreSQL JDBC Driver 42.2.14
2024-10-18 13:59:44,896 DEBUG org.postgresql.jdbc.PgConnection [HikariPool-1 connection adder]   setDefaultFetchSize = 0
2024-10-18 13:59:44,896 DEBUG org.postgresql.jdbc.PgConnection [HikariPool-1 connection adder]   setPrepareThreshold = 5
2024-10-18 13:59:44,896 DEBUG org.postgresql.core.v3.ConnectionFactoryImpl [HikariPool-1 connection adder] Trying to establish a protocol version 3 connection to database-1.cnaee60qc6yl.us-east-2.rds.amazonaws.com:5432
2024-10-18 13:59:45,147 DEBUG org.postgresql.core.v3.ConnectionFactoryImpl [HikariPool-1 connection adder] Receive Buffer Size is 65,536
2024-10-18 13:59:45,148 DEBUG org.postgresql.core.v3.ConnectionFactoryImpl [HikariPool-1 connection adder] Send Buffer Size is 65,536
2024-10-18 13:59:45,408 DEBUG org.postgresql.ssl.MakeSSL [HikariPool-1 connection adder] converting regular socket connection to ssl
2024-10-18 13:59:45,700 DEBUG sun.util.logging.internal.LoggingProviderImpl$JULWrapper [HikariPool-1 connection adder]  TLSHandshake: database-1.cnaee60qc6yl.us-east-2.rds.amazonaws.com:5432, TLSv1.3, TLS_AES_256_GCM_SHA384, -791690251
2024-10-18 13:59:47,063 DEBUG com.zaxxer.hikari.pool.HikariPool$PoolEntryCreator [HikariPool-1 connection adder] HikariPool-1 - Added connection org.postgresql.jdbc.PgConnection@2415315e
2024-10-18 13:59:47,065 DEBUG org.postgresql.Driver [HikariPool-1 connection adder] Connecting with URL: jdbc:postgresql://database-1.cnaee60qc6yl.us-east-2.rds.amazonaws.com/clubdb
2024-10-18 13:59:47,065 DEBUG org.postgresql.jdbc.PgConnection [HikariPool-1 connection adder] PostgreSQL JDBC Driver 42.2.14
2024-10-18 13:59:47,065 DEBUG org.postgresql.jdbc.PgConnection [HikariPool-1 connection adder]   setDefaultFetchSize = 0
2024-10-18 13:59:47,066 DEBUG org.postgresql.jdbc.PgConnection [HikariPool-1 connection adder]   setPrepareThreshold = 5
2024-10-18 13:59:47,067 DEBUG org.postgresql.core.v3.ConnectionFactoryImpl [HikariPool-1 connection adder] Trying to establish a protocol version 3 connection to database-1.cnaee60qc6yl.us-east-2.rds.amazonaws.com:5432
2024-10-18 13:59:47,320 DEBUG org.postgresql.core.v3.ConnectionFactoryImpl [HikariPool-1 connection adder] Receive Buffer Size is 65,536
2024-10-18 13:59:47,321 DEBUG org.postgresql.core.v3.ConnectionFactoryImpl [HikariPool-1 connection adder] Send Buffer Size is 65,536
2024-10-18 13:59:47,559 DEBUG org.postgresql.ssl.MakeSSL [HikariPool-1 connection adder] converting regular socket connection to ssl
2024-10-18 13:59:47,871 DEBUG sun.util.logging.internal.LoggingProviderImpl$JULWrapper [HikariPool-1 connection adder]  TLSHandshake: database-1.cnaee60qc6yl.us-east-2.rds.amazonaws.com:5432, TLSv1.3, TLS_AES_256_GCM_SHA384, -791690251
2024-10-18 13:59:48,476 DEBUG sun.rmi.runtime.Log$LoggerLog [RMI TCP Connection(1)-127.0.0.1] RMI TCP Connection(1)-127.0.0.1: (port 59497) op = 82
2024-10-18 13:59:48,477 DEBUG sun.rmi.runtime.Log$LoggerLog [RMI TCP Connection(1)-127.0.0.1] RMI TCP Connection(1)-127.0.0.1: (port 59497) op = 80
2024-10-18 13:59:48,478 DEBUG sun.rmi.runtime.Log$LoggerLog [RMI TCP Connection(2)-127.0.0.1] RMI TCP Connection(2)-127.0.0.1: (port 59500) op = 82
2024-10-18 13:59:48,478 DEBUG sun.rmi.runtime.Log$LoggerLog [RMI TCP Connection(1)-127.0.0.1] RMI TCP Connection(1)-127.0.0.1: (port 59497) op = 84
2024-10-18 13:59:48,479 DEBUG sun.rmi.runtime.Log$LoggerLog [RMI TCP Connection(2)-127.0.0.1] RMI TCP Connection(2)-127.0.0.1: (port 59500) op = 80
2024-10-18 13:59:48,480 DEBUG sun.rmi.runtime.Log$LoggerLog [RMI TCP Connection(2)-127.0.0.1] RMI TCP Connection(2)-127.0.0.1: (port 59500) op = 80
2024-10-18 13:59:48,481 DEBUG sun.rmi.runtime.Log$LoggerLog [RMI TCP Connection(2)-127.0.0.1] RMI TCP Connection(2)-127.0.0.1: name = "[Ljava.rmi.server.ObjID;", codebase = "", defaultLoader = jdk.internal.loader.ClassLoaders$PlatformClassLoader@3b780985
2024-10-18 13:59:48,481 DEBUG sun.rmi.runtime.Log$LoggerLog [RMI TCP Connection(2)-127.0.0.1] RMI TCP Connection(2)-127.0.0.1: name = "java.rmi.server.ObjID", codebase = "", defaultLoader = jdk.internal.loader.ClassLoaders$PlatformClassLoader@3b780985
2024-10-18 13:59:48,482 DEBUG sun.rmi.runtime.Log$LoggerLog [RMI TCP Connection(2)-127.0.0.1] RMI TCP Connection(2)-127.0.0.1: name = "java.rmi.server.UID", codebase = "", defaultLoader = jdk.internal.loader.ClassLoaders$PlatformClassLoader@3b780985
2024-10-18 13:59:48,482 DEBUG sun.rmi.runtime.Log$LoggerLog [RMI TCP Connection(2)-127.0.0.1] RMI TCP Connection(2)-127.0.0.1: name = "java.rmi.dgc.Lease", codebase = "", defaultLoader = jdk.internal.loader.ClassLoaders$PlatformClassLoader@3b780985
2024-10-18 13:59:48,483 DEBUG sun.rmi.runtime.Log$LoggerLog [RMI TCP Connection(2)-127.0.0.1] RMI TCP Connection(2)-127.0.0.1: name = "java.rmi.dgc.VMID", codebase = "", defaultLoader = jdk.internal.loader.ClassLoaders$PlatformClassLoader@3b780985
2024-10-18 13:59:48,483 DEBUG sun.rmi.runtime.Log$LoggerLog [RMI TCP Connection(2)-127.0.0.1] RMI TCP Connection(2)-127.0.0.1: name = "[B", codebase = "", defaultLoader = jdk.internal.loader.ClassLoaders$PlatformClassLoader@3b780985
2024-10-18 13:59:48,484 DEBUG sun.rmi.runtime.Log$LoggerLog [RMI TCP Connection(2)-127.0.0.1] RMI TCP Connection(2)-127.0.0.1: (port 59500) op = 84
2024-10-18 13:59:48,484 DEBUG sun.rmi.runtime.Log$LoggerLog [RMI TCP Connection(2)-127.0.0.1] RMI TCP Connection(2)-127.0.0.1: (port 59500) op = 80
2024-10-18 13:59:48,486 DEBUG sun.rmi.runtime.Log$LoggerLog [RMI TCP Connection(2)-127.0.0.1] RMI TCP Connection(2)-127.0.0.1: (port 59500) op = 80
2024-10-18 13:59:48,487 DEBUG sun.rmi.runtime.Log$LoggerLog [RMI TCP Connection(2)-127.0.0.1] RMI TCP Connection(2)-127.0.0.1: name = "javax.management.ObjectName", codebase = ""
2024-10-18 13:59:48,487 DEBUG sun.rmi.runtime.Log$LoggerLog [RMI TCP Connection(2)-127.0.0.1] RMI TCP Connection(2)-127.0.0.1: name = "java.rmi.MarshalledObject", codebase = ""
2024-10-18 13:59:48,488 DEBUG sun.util.logging.internal.LoggingProviderImpl$JULWrapper [RMI TCP Connection(2)-127.0.0.1] connectionId=rmi://127.0.0.1  2 unwrapping params with MBean extended ClassLoader.
2024-10-18 13:59:48,493 DEBUG sun.util.logging.internal.LoggingProviderImpl$JULWrapper [RMI TCP Connection(2)-127.0.0.1] connectionId=rmi://127.0.0.1  2, name=org.springframework.boot:type=Admin,name=SpringApplication, operationName=shutdown, signature=null
2024-10-18 13:59:48,493 INFO org.springframework.boot.admin.SpringApplicationAdminMXBeanRegistrar$SpringApplicationAdmin [RMI TCP Connection(2)-127.0.0.1] Application shutdown requested.
2024-10-18 13:59:48,494 DEBUG org.springframework.context.support.AbstractApplicationContext [RMI TCP Connection(2)-127.0.0.1] Closing org.springframework.boot.web.servlet.context.AnnotationConfigServletWebServerApplicationContext@3a3e4aff, started on Fri Oct 18 13:59:34 IST 2024
2024-10-18 13:59:48,496 DEBUG org.springframework.context.support.DefaultLifecycleProcessor$LifecycleGroup [RMI TCP Connection(2)-127.0.0.1] Stopping beans in phase 2147483647
2024-10-18 13:59:48,499 DEBUG org.springframework.context.support.DefaultLifecycleProcessor [RMI TCP Connection(2)-127.0.0.1] Bean 'webServerGracefulShutdown' completed its stop procedure
2024-10-18 13:59:48,499 DEBUG org.springframework.context.support.DefaultLifecycleProcessor$LifecycleGroup [RMI TCP Connection(2)-127.0.0.1] Stopping beans in phase 2147483646
2024-10-18 13:59:48,558 DEBUG org.springframework.context.support.DefaultLifecycleProcessor [RMI TCP Connection(2)-127.0.0.1] Bean 'webServerStartStop' completed its stop procedure
2024-10-18 13:59:48,561 DEBUG org.springframework.jmx.export.MBeanExporter [RMI TCP Connection(2)-127.0.0.1] Unregistering JMX-exposed beans on shutdown
2024-10-18 13:59:48,561 DEBUG org.springframework.jmx.support.MBeanRegistrationSupport [RMI TCP Connection(2)-127.0.0.1] Unregistering JMX-exposed beans
2024-10-18 13:59:48,562 INFO org.springframework.orm.jpa.AbstractEntityManagerFactoryBean [RMI TCP Connection(2)-127.0.0.1] Closing JPA EntityManagerFactory for persistence unit 'default'
2024-10-18 13:59:48,562 DEBUG org.hibernate.internal.SessionFactoryImpl [RMI TCP Connection(2)-127.0.0.1] HHH000031: Closing
2024-10-18 13:59:48,563 DEBUG org.hibernate.type.spi.TypeConfiguration$Scope [RMI TCP Connection(2)-127.0.0.1] Un-scoping TypeConfiguration [org.hibernate.type.spi.TypeConfiguration$Scope@1deffaa6] from SessionFactory [org.hibernate.internal.SessionFactoryImpl@7b380449]
2024-10-18 13:59:48,564 DEBUG org.hibernate.service.internal.AbstractServiceRegistryImpl [RMI TCP Connection(2)-127.0.0.1] Implicitly destroying ServiceRegistry on de-registration of all child ServiceRegistries
2024-10-18 13:59:48,564 DEBUG org.hibernate.boot.registry.internal.BootstrapServiceRegistryImpl [RMI TCP Connection(2)-127.0.0.1] Implicitly destroying Boot-strap registry on de-registration of all child ServiceRegistries
2024-10-18 13:59:48,565 INFO org.springframework.scheduling.concurrent.ExecutorConfigurationSupport [RMI TCP Connection(2)-127.0.0.1] Shutting down ExecutorService 'applicationTaskExecutor'
2024-10-18 13:59:48,566 INFO com.zaxxer.hikari.HikariDataSource [RMI TCP Connection(2)-127.0.0.1] HikariPool-1 - Shutdown initiated...
2024-10-18 13:59:48,567 DEBUG com.zaxxer.hikari.pool.HikariPool [RMI TCP Connection(2)-127.0.0.1] HikariPool-1 - Before shutdown stats (total=4, active=0, idle=4, waiting=0)
2024-10-18 13:59:48,570 DEBUG com.zaxxer.hikari.pool.PoolBase [HikariPool-1 connection closer] HikariPool-1 - Closing connection org.postgresql.jdbc.PgConnection@21b51e59: (connection evicted)
2024-10-18 13:59:48,845 DEBUG com.zaxxer.hikari.pool.PoolBase [HikariPool-1 connection closer] HikariPool-1 - Closing connection org.postgresql.jdbc.PgConnection@14fc0470: (connection evicted)
2024-10-18 13:59:49,092 DEBUG com.zaxxer.hikari.pool.PoolBase [HikariPool-1 connection closer] HikariPool-1 - Closing connection org.postgresql.jdbc.PgConnection@16bc9fb: (connection evicted)
2024-10-18 13:59:49,109 DEBUG com.zaxxer.hikari.pool.HikariPool$PoolEntryCreator [HikariPool-1 connection adder] HikariPool-1 - Added connection org.postgresql.jdbc.PgConnection@7b6e0036
2024-10-18 13:59:49,338 DEBUG com.zaxxer.hikari.pool.PoolBase [HikariPool-1 connection closer] HikariPool-1 - Closing connection org.postgresql.jdbc.PgConnection@2415315e: (connection evicted)
2024-10-18 13:59:49,595 DEBUG com.zaxxer.hikari.pool.PoolBase [HikariPool-1 connection closer] HikariPool-1 - Closing connection org.postgresql.jdbc.PgConnection@7b6e0036: (connection evicted)
2024-10-18 13:59:49,835 DEBUG com.zaxxer.hikari.pool.HikariPool [RMI TCP Connection(2)-127.0.0.1] HikariPool-1 - After shutdown stats (total=0, active=0, idle=0, waiting=0)
2024-10-18 13:59:49,836 INFO com.zaxxer.hikari.HikariDataSource [RMI TCP Connection(2)-127.0.0.1] HikariPool-1 - Shutdown completed.
