2024-07-16 23:43:51,685 DEBUG org.hibernate.persister.walking.spi.MetamodelGraphWalker [task-1] Visiting attribute path : category
2024-07-16 23:43:51,688 DEBUG org.hibernate.persister.walking.spi.MetamodelGraphWalker [task-1] Visiting attribute path : dateModified
2024-07-16 23:43:51,689 DEBUG org.hibernate.persister.walking.spi.MetamodelGraphWalker [task-1] Visiting attribute path : key
2024-07-16 23:43:51,689 DEBUG org.hibernate.persister.walking.spi.MetamodelGraphWalker [task-1] Visiting attribute path : modifiedBy
2024-07-16 23:43:51,689 DEBUG org.hibernate.persister.walking.spi.MetamodelGraphWalker [task-1] Visiting attribute path : value
2024-07-16 23:43:51,690 DEBUG org.hibernate.loader.plan.build.internal.FetchStyleLoadPlanBuildingAssociationVisitationStrategy [task-1] Building LoadPlan...
2024-07-16 23:43:51,691 DEBUG org.hibernate.loader.plan.exec.internal.LoadQueryJoinAndFetchProcessor [task-1] processing queryspace <gen:0>
2024-07-16 23:43:51,692 DEBUG org.hibernate.loader.plan.build.spi.LoadPlanTreePrinter [task-1] LoadPlan(entity=com.booking.model.user.ClubConfig)
    - Returns
       - EntityReturnImpl(entity=com.booking.model.user.ClubConfig, querySpaceUid=<gen:0>, path=com.booking.model.user.ClubConfig)
    - QuerySpaces
       - EntityQuerySpaceImpl(uid=<gen:0>, entity=com.booking.model.user.ClubConfig)
          - SQL table alias mapping - clubconfig0_
          - alias suffix - 0_
          - suffixed key columns - {config_i1_0_0_}

2024-07-16 23:43:51,692 DEBUG org.hibernate.loader.entity.plan.EntityLoader [task-1] Static select for entity com.booking.model.user.ClubConfig [NONE]: select clubconfig0_.config_id as config_i1_0_0_, clubconfig0_.category as category2_0_0_, clubconfig0_.date_modified as date_mod3_0_0_, clubconfig0_.key as key4_0_0_, clubconfig0_.modified_by as modified5_0_0_, clubconfig0_.value as value6_0_0_ from club_config clubconfig0_ where clubconfig0_.config_id=?
2024-07-16 23:43:51,692 DEBUG org.hibernate.loader.plan.build.internal.spaces.QuerySpacesImpl [task-1] Adding QuerySpace : uid = <gen:0> -> org.hibernate.loader.plan.build.internal.spaces.EntityQuerySpaceImpl@bb1d8c7]
2024-07-16 23:43:51,693 DEBUG org.hibernate.persister.walking.spi.MetamodelGraphWalker [task-1] Visiting attribute path : category
2024-07-16 23:43:51,694 DEBUG org.hibernate.persister.walking.spi.MetamodelGraphWalker [task-1] Visiting attribute path : dateModified
2024-07-16 23:43:51,694 DEBUG org.hibernate.persister.walking.spi.MetamodelGraphWalker [task-1] Visiting attribute path : key
2024-07-16 23:43:51,694 DEBUG org.hibernate.persister.walking.spi.MetamodelGraphWalker [task-1] Visiting attribute path : modifiedBy
2024-07-16 23:43:51,694 DEBUG org.hibernate.persister.walking.spi.MetamodelGraphWalker [task-1] Visiting attribute path : value
2024-07-16 23:43:51,695 DEBUG org.hibernate.loader.plan.build.internal.FetchStyleLoadPlanBuildingAssociationVisitationStrategy [task-1] Building LoadPlan...
2024-07-16 23:43:51,695 DEBUG org.hibernate.loader.plan.exec.internal.LoadQueryJoinAndFetchProcessor [task-1] processing queryspace <gen:0>
2024-07-16 23:43:51,696 DEBUG org.hibernate.loader.plan.build.spi.LoadPlanTreePrinter [task-1] LoadPlan(entity=com.booking.model.user.ClubConfig)
    - Returns
       - EntityReturnImpl(entity=com.booking.model.user.ClubConfig, querySpaceUid=<gen:0>, path=com.booking.model.user.ClubConfig)
    - QuerySpaces
       - EntityQuerySpaceImpl(uid=<gen:0>, entity=com.booking.model.user.ClubConfig)
          - SQL table alias mapping - clubconfig0_
          - alias suffix - 0_
          - suffixed key columns - {config_i1_0_0_}

2024-07-16 23:43:51,697 DEBUG org.hibernate.loader.entity.plan.EntityLoader [task-1] Static select for entity com.booking.model.user.ClubConfig [READ]: select clubconfig0_.config_id as config_i1_0_0_, clubconfig0_.category as category2_0_0_, clubconfig0_.date_modified as date_mod3_0_0_, clubconfig0_.key as key4_0_0_, clubconfig0_.modified_by as modified5_0_0_, clubconfig0_.value as value6_0_0_ from club_config clubconfig0_ where clubconfig0_.config_id=?
2024-07-16 23:43:51,698 DEBUG org.hibernate.loader.entity.CascadeEntityLoader [task-1] Static select for action ACTION_MERGE on entity com.booking.model.user.ClubConfig: select clubconfig0_.config_id as config_i1_0_0_, clubconfig0_.category as category2_0_0_, clubconfig0_.date_modified as date_mod3_0_0_, clubconfig0_.key as key4_0_0_, clubconfig0_.modified_by as modified5_0_0_, clubconfig0_.value as value6_0_0_ from club_config clubconfig0_ where clubconfig0_.config_id=?
2024-07-16 23:43:51,699 DEBUG org.hibernate.loader.entity.CascadeEntityLoader [task-1] Static select for action ACTION_REFRESH on entity com.booking.model.user.ClubConfig: select clubconfig0_.config_id as config_i1_0_0_, clubconfig0_.category as category2_0_0_, clubconfig0_.date_modified as date_mod3_0_0_, clubconfig0_.key as key4_0_0_, clubconfig0_.modified_by as modified5_0_0_, clubconfig0_.value as value6_0_0_ from club_config clubconfig0_ where clubconfig0_.config_id=?
2024-07-16 23:43:51,699 DEBUG org.hibernate.persister.entity.AbstractEntityPersister [task-1] Static SQL for entity: com.booking.model.user.Roles
2024-07-16 23:43:51,699 DEBUG org.hibernate.persister.entity.AbstractEntityPersister [task-1]  Version select: select role_id from roles where role_id =?
2024-07-16 23:43:51,700 DEBUG org.hibernate.persister.entity.AbstractEntityPersister [task-1]  Snapshot select: select roles_.role_id, roles_.name as name2_4_, roles_.role as role3_4_ from roles roles_ where roles_.role_id=?
2024-07-16 23:43:51,700 DEBUG org.jboss.logging.DelegatingBasicLogger [task-1]  Insert 0: insert into roles (name, role, role_id) values (?, ?, ?)
2024-07-16 23:43:51,700 DEBUG org.jboss.logging.DelegatingBasicLogger [task-1]  Update 0: update roles set name=?, role=? where role_id=?
2024-07-16 23:43:51,700 DEBUG org.jboss.logging.DelegatingBasicLogger [task-1]  Delete 0: delete from roles where role_id=?
2024-07-16 23:43:51,701 DEBUG org.hibernate.loader.plan.build.internal.spaces.QuerySpacesImpl [task-1] Adding QuerySpace : uid = <gen:0> -> org.hibernate.loader.plan.build.internal.spaces.EntityQuerySpaceImpl@23506452]
2024-07-16 23:43:51,701 DEBUG org.hibernate.persister.walking.spi.MetamodelGraphWalker [task-1] Visiting attribute path : name
2024-07-16 23:43:51,703 DEBUG org.hibernate.persister.walking.spi.MetamodelGraphWalker [task-1] Visiting attribute path : role
2024-07-16 23:43:51,703 DEBUG org.hibernate.loader.plan.build.internal.FetchStyleLoadPlanBuildingAssociationVisitationStrategy [task-1] Building LoadPlan...
2024-07-16 23:43:51,704 DEBUG org.hibernate.loader.plan.exec.internal.LoadQueryJoinAndFetchProcessor [task-1] processing queryspace <gen:0>
2024-07-16 23:43:51,705 DEBUG org.hibernate.loader.plan.build.spi.LoadPlanTreePrinter [task-1] LoadPlan(entity=com.booking.model.user.Roles)
    - Returns
       - EntityReturnImpl(entity=com.booking.model.user.Roles, querySpaceUid=<gen:0>, path=com.booking.model.user.Roles)
    - QuerySpaces
       - EntityQuerySpaceImpl(uid=<gen:0>, entity=com.booking.model.user.Roles)
          - SQL table alias mapping - roles0_
          - alias suffix - 0_
          - suffixed key columns - {role_id1_4_0_}

2024-07-16 23:43:51,705 DEBUG org.hibernate.loader.entity.plan.EntityLoader [task-1] Static select for entity com.booking.model.user.Roles [NONE]: select roles0_.role_id as role_id1_4_0_, roles0_.name as name2_4_0_, roles0_.role as role3_4_0_ from roles roles0_ where roles0_.role_id=?
2024-07-16 23:43:51,706 DEBUG org.hibernate.loader.plan.build.internal.spaces.QuerySpacesImpl [task-1] Adding QuerySpace : uid = <gen:0> -> org.hibernate.loader.plan.build.internal.spaces.EntityQuerySpaceImpl@bd5c0b4]
2024-07-16 23:43:51,708 DEBUG org.hibernate.persister.walking.spi.MetamodelGraphWalker [task-1] Visiting attribute path : name
2024-07-16 23:43:51,708 DEBUG org.hibernate.persister.walking.spi.MetamodelGraphWalker [task-1] Visiting attribute path : role
2024-07-16 23:43:51,709 DEBUG org.hibernate.loader.plan.build.internal.FetchStyleLoadPlanBuildingAssociationVisitationStrategy [task-1] Building LoadPlan...
2024-07-16 23:43:51,710 DEBUG org.hibernate.loader.plan.exec.internal.LoadQueryJoinAndFetchProcessor [task-1] processing queryspace <gen:0>
2024-07-16 23:43:51,711 DEBUG org.hibernate.loader.plan.build.spi.LoadPlanTreePrinter [task-1] LoadPlan(entity=com.booking.model.user.Roles)
    - Returns
       - EntityReturnImpl(entity=com.booking.model.user.Roles, querySpaceUid=<gen:0>, path=com.booking.model.user.Roles)
    - QuerySpaces
       - EntityQuerySpaceImpl(uid=<gen:0>, entity=com.booking.model.user.Roles)
          - SQL table alias mapping - roles0_
          - alias suffix - 0_
          - suffixed key columns - {role_id1_4_0_}

2024-07-16 23:43:51,711 DEBUG org.hibernate.loader.entity.plan.EntityLoader [task-1] Static select for entity com.booking.model.user.Roles [READ]: select roles0_.role_id as role_id1_4_0_, roles0_.name as name2_4_0_, roles0_.role as role3_4_0_ from roles roles0_ where roles0_.role_id=?
2024-07-16 23:43:51,711 DEBUG org.hibernate.loader.entity.CascadeEntityLoader [task-1] Static select for action ACTION_MERGE on entity com.booking.model.user.Roles: select roles0_.role_id as role_id1_4_0_, roles0_.name as name2_4_0_, roles0_.role as role3_4_0_ from roles roles0_ where roles0_.role_id=?
2024-07-16 23:43:51,712 DEBUG org.hibernate.loader.entity.CascadeEntityLoader [task-1] Static select for action ACTION_REFRESH on entity com.booking.model.user.Roles: select roles0_.role_id as role_id1_4_0_, roles0_.name as name2_4_0_, roles0_.role as role3_4_0_ from roles roles0_ where roles0_.role_id=?
2024-07-16 23:43:51,714 DEBUG org.hibernate.persister.entity.AbstractEntityPersister [task-1] Static SQL for entity: com.booking.model.slot.UserBooking
2024-07-16 23:43:51,714 DEBUG org.hibernate.persister.entity.AbstractEntityPersister [task-1]  Version select: select user_booking_id from user_booking where user_booking_id =?
2024-07-16 23:43:51,715 DEBUG org.hibernate.persister.entity.AbstractEntityPersister [task-1]  Snapshot select: select userbookin_.user_booking_id, userbookin_.approval_status as approval2_5_, userbookin_.booking_id as booking_3_5_, userbookin_.booking_name as booking_4_5_, userbookin_.booking_type as booking_5_5_, userbookin_.date_modified as date_mod6_5_, userbookin_.modified_by as modified7_5_, userbookin_.players_name as players_8_5_, userbookin_.slot_id as slot_id9_5_, userbookin_.user_id as user_id10_5_, userbookin_.user_name as user_na11_5_ from user_booking userbookin_ where userbookin_.user_booking_id=?
2024-07-16 23:43:51,715 DEBUG org.jboss.logging.DelegatingBasicLogger [task-1]  Insert 0: insert into user_booking (approval_status, booking_id, booking_name, booking_type, date_modified, modified_by, players_name, slot_id, user_id, user_name, user_booking_id) values (?, ?, ?, ?, ?, ?, ?, ?, ?, ?, ?)
2024-07-16 23:43:51,715 DEBUG org.jboss.logging.DelegatingBasicLogger [task-1]  Update 0: update user_booking set approval_status=?, booking_id=?, booking_name=?, booking_type=?, date_modified=?, modified_by=?, players_name=?, slot_id=?, user_id=?, user_name=? where user_booking_id=?
2024-07-16 23:43:51,715 DEBUG org.jboss.logging.DelegatingBasicLogger [task-1]  Delete 0: delete from user_booking where user_booking_id=?
2024-07-16 23:43:51,715 DEBUG org.hibernate.persister.entity.AbstractEntityPersister [task-1]  Identity insert: insert into user_booking (approval_status, booking_id, booking_name, booking_type, date_modified, modified_by, players_name, slot_id, user_id, user_name) values (?, ?, ?, ?, ?, ?, ?, ?, ?, ?)
2024-07-16 23:43:51,716 DEBUG org.hibernate.loader.plan.build.internal.spaces.QuerySpacesImpl [task-1] Adding QuerySpace : uid = <gen:0> -> org.hibernate.loader.plan.build.internal.spaces.EntityQuerySpaceImpl@1af3a1c1]
2024-07-16 23:43:51,716 DEBUG org.hibernate.persister.walking.spi.MetamodelGraphWalker [task-1] Visiting attribute path : approvalStatus
2024-07-16 23:43:51,716 DEBUG org.hibernate.persister.walking.spi.MetamodelGraphWalker [task-1] Visiting attribute path : bookingId
2024-07-16 23:43:51,717 DEBUG org.hibernate.persister.walking.spi.MetamodelGraphWalker [task-1] Visiting attribute path : bookingName
2024-07-16 23:43:51,717 DEBUG org.hibernate.persister.walking.spi.MetamodelGraphWalker [task-1] Visiting attribute path : bookingType
2024-07-16 23:43:51,717 DEBUG org.hibernate.persister.walking.spi.MetamodelGraphWalker [task-1] Visiting attribute path : dateModified
2024-07-16 23:43:51,717 DEBUG org.hibernate.persister.walking.spi.MetamodelGraphWalker [task-1] Visiting attribute path : modifiedBy
2024-07-16 23:43:51,717 DEBUG org.hibernate.persister.walking.spi.MetamodelGraphWalker [task-1] Visiting attribute path : playersName
2024-07-16 23:43:51,718 DEBUG org.hibernate.persister.walking.spi.MetamodelGraphWalker [task-1] Visiting attribute path : slotId
2024-07-16 23:43:51,718 DEBUG org.hibernate.persister.walking.spi.MetamodelGraphWalker [task-1] Visiting attribute path : userId
2024-07-16 23:43:51,718 DEBUG org.hibernate.persister.walking.spi.MetamodelGraphWalker [task-1] Visiting attribute path : userName
2024-07-16 23:43:51,718 DEBUG org.hibernate.loader.plan.build.internal.FetchStyleLoadPlanBuildingAssociationVisitationStrategy [task-1] Building LoadPlan...
2024-07-16 23:43:51,719 DEBUG org.hibernate.loader.plan.exec.internal.LoadQueryJoinAndFetchProcessor [task-1] processing queryspace <gen:0>
2024-07-16 23:43:51,720 DEBUG org.hibernate.loader.plan.build.spi.LoadPlanTreePrinter [task-1] LoadPlan(entity=com.booking.model.slot.UserBooking)
    - Returns
       - EntityReturnImpl(entity=com.booking.model.slot.UserBooking, querySpaceUid=<gen:0>, path=com.booking.model.slot.UserBooking)
    - QuerySpaces
       - EntityQuerySpaceImpl(uid=<gen:0>, entity=com.booking.model.slot.UserBooking)
          - SQL table alias mapping - userbookin0_
          - alias suffix - 0_
          - suffixed key columns - {user_boo1_5_0_}

2024-07-16 23:43:51,721 DEBUG org.hibernate.loader.entity.plan.EntityLoader [task-1] Static select for entity com.booking.model.slot.UserBooking [NONE]: select userbookin0_.user_booking_id as user_boo1_5_0_, userbookin0_.approval_status as approval2_5_0_, userbookin0_.booking_id as booking_3_5_0_, userbookin0_.booking_name as booking_4_5_0_, userbookin0_.booking_type as booking_5_5_0_, userbookin0_.date_modified as date_mod6_5_0_, userbookin0_.modified_by as modified7_5_0_, userbookin0_.players_name as players_8_5_0_, userbookin0_.slot_id as slot_id9_5_0_, userbookin0_.user_id as user_id10_5_0_, userbookin0_.user_name as user_na11_5_0_ from user_booking userbookin0_ where userbookin0_.user_booking_id=?
2024-07-16 23:43:51,721 DEBUG org.hibernate.loader.plan.build.internal.spaces.QuerySpacesImpl [task-1] Adding QuerySpace : uid = <gen:0> -> org.hibernate.loader.plan.build.internal.spaces.EntityQuerySpaceImpl@ba76cb8]
2024-07-16 23:43:51,721 DEBUG org.hibernate.persister.walking.spi.MetamodelGraphWalker [task-1] Visiting attribute path : approvalStatus
2024-07-16 23:43:51,722 DEBUG org.hibernate.persister.walking.spi.MetamodelGraphWalker [task-1] Visiting attribute path : bookingId
2024-07-16 23:43:51,722 DEBUG org.hibernate.persister.walking.spi.MetamodelGraphWalker [task-1] Visiting attribute path : bookingName
2024-07-16 23:43:51,722 DEBUG org.hibernate.persister.walking.spi.MetamodelGraphWalker [task-1] Visiting attribute path : bookingType
2024-07-16 23:43:51,722 DEBUG org.hibernate.persister.walking.spi.MetamodelGraphWalker [task-1] Visiting attribute path : dateModified
2024-07-16 23:43:51,722 DEBUG org.hibernate.persister.walking.spi.MetamodelGraphWalker [task-1] Visiting attribute path : modifiedBy
2024-07-16 23:43:51,722 DEBUG org.hibernate.persister.walking.spi.MetamodelGraphWalker [task-1] Visiting attribute path : playersName
2024-07-16 23:43:51,723 DEBUG org.hibernate.persister.walking.spi.MetamodelGraphWalker [task-1] Visiting attribute path : slotId
2024-07-16 23:43:51,723 DEBUG org.hibernate.persister.walking.spi.MetamodelGraphWalker [task-1] Visiting attribute path : userId
2024-07-16 23:43:51,723 DEBUG org.hibernate.persister.walking.spi.MetamodelGraphWalker [task-1] Visiting attribute path : userName
2024-07-16 23:43:51,723 DEBUG org.hibernate.loader.plan.build.internal.FetchStyleLoadPlanBuildingAssociationVisitationStrategy [task-1] Building LoadPlan...
2024-07-16 23:43:51,724 DEBUG org.hibernate.loader.plan.exec.internal.LoadQueryJoinAndFetchProcessor [task-1] processing queryspace <gen:0>
2024-07-16 23:43:51,724 DEBUG org.hibernate.loader.plan.build.spi.LoadPlanTreePrinter [task-1] LoadPlan(entity=com.booking.model.slot.UserBooking)
    - Returns
       - EntityReturnImpl(entity=com.booking.model.slot.UserBooking, querySpaceUid=<gen:0>, path=com.booking.model.slot.UserBooking)
    - QuerySpaces
       - EntityQuerySpaceImpl(uid=<gen:0>, entity=com.booking.model.slot.UserBooking)
          - SQL table alias mapping - userbookin0_
          - alias suffix - 0_
          - suffixed key columns - {user_boo1_5_0_}

2024-07-16 23:43:51,725 DEBUG org.hibernate.loader.entity.plan.EntityLoader [task-1] Static select for entity com.booking.model.slot.UserBooking [READ]: select userbookin0_.user_booking_id as user_boo1_5_0_, userbookin0_.approval_status as approval2_5_0_, userbookin0_.booking_id as booking_3_5_0_, userbookin0_.booking_name as booking_4_5_0_, userbookin0_.booking_type as booking_5_5_0_, userbookin0_.date_modified as date_mod6_5_0_, userbookin0_.modified_by as modified7_5_0_, userbookin0_.players_name as players_8_5_0_, userbookin0_.slot_id as slot_id9_5_0_, userbookin0_.user_id as user_id10_5_0_, userbookin0_.user_name as user_na11_5_0_ from user_booking userbookin0_ where userbookin0_.user_booking_id=?
2024-07-16 23:43:51,725 DEBUG org.hibernate.loader.entity.CascadeEntityLoader [task-1] Static select for action ACTION_MERGE on entity com.booking.model.slot.UserBooking: select userbookin0_.user_booking_id as user_boo1_5_0_, userbookin0_.approval_status as approval2_5_0_, userbookin0_.booking_id as booking_3_5_0_, userbookin0_.booking_name as booking_4_5_0_, userbookin0_.booking_type as booking_5_5_0_, userbookin0_.date_modified as date_mod6_5_0_, userbookin0_.modified_by as modified7_5_0_, userbookin0_.players_name as players_8_5_0_, userbookin0_.slot_id as slot_id9_5_0_, userbookin0_.user_id as user_id10_5_0_, userbookin0_.user_name as user_na11_5_0_ from user_booking userbookin0_ where userbookin0_.user_booking_id=?
2024-07-16 23:43:51,726 DEBUG org.hibernate.loader.entity.CascadeEntityLoader [task-1] Static select for action ACTION_REFRESH on entity com.booking.model.slot.UserBooking: select userbookin0_.user_booking_id as user_boo1_5_0_, userbookin0_.approval_status as approval2_5_0_, userbookin0_.booking_id as booking_3_5_0_, userbookin0_.booking_name as booking_4_5_0_, userbookin0_.booking_type as booking_5_5_0_, userbookin0_.date_modified as date_mod6_5_0_, userbookin0_.modified_by as modified7_5_0_, userbookin0_.players_name as players_8_5_0_, userbookin0_.slot_id as slot_id9_5_0_, userbookin0_.user_id as user_id10_5_0_, userbookin0_.user_name as user_na11_5_0_ from user_booking userbookin0_ where userbookin0_.user_booking_id=?
2024-07-16 23:43:51,733 DEBUG org.hibernate.loader.plan.build.internal.spaces.QuerySpacesImpl [task-1] Adding QuerySpace : uid = <gen:0> -> org.hibernate.loader.plan.build.internal.spaces.CollectionQuerySpaceImpl@40db2b13]
2024-07-16 23:43:51,733 DEBUG org.hibernate.loader.plan.build.internal.spaces.QuerySpacesImpl [task-1] Adding QuerySpace : uid = <gen:1> -> org.hibernate.loader.plan.build.internal.spaces.EntityQuerySpaceImpl@58287e20]
2024-07-16 23:43:51,734 DEBUG org.hibernate.persister.walking.spi.MetamodelGraphWalker [task-1] Visiting attribute path : name
2024-07-16 23:43:51,734 DEBUG org.hibernate.persister.walking.spi.MetamodelGraphWalker [task-1] Visiting attribute path : role
2024-07-16 23:43:51,734 DEBUG org.hibernate.loader.plan.build.internal.FetchStyleLoadPlanBuildingAssociationVisitationStrategy [task-1] Building LoadPlan...
2024-07-16 23:43:51,736 DEBUG org.hibernate.loader.plan.exec.internal.LoadQueryJoinAndFetchProcessor [task-1] processing queryspace <gen:0>
2024-07-16 23:43:51,737 DEBUG org.hibernate.loader.plan.build.spi.LoadPlanTreePrinter [task-1] LoadPlan(collection=com.booking.model.user.ClubUser.roles)
    - Returns
       - CollectionReturnImpl(collection=com.booking.model.user.ClubUser.roles, querySpaceUid=<gen:0>, path=[com.booking.model.user.ClubUser.roles])
          - (collection element) CollectionFetchableElementEntityGraph(entity=com.booking.model.user.Roles, querySpaceUid=<gen:1>, path=[com.booking.model.user.ClubUser.roles].<elements>)
    - QuerySpaces
       - CollectionQuerySpaceImpl(uid=<gen:0>, collection=com.booking.model.user.ClubUser.roles)
          - SQL table alias mapping - roles0_
          - alias suffix - 0_
          - suffixed key columns - {user_id1_6_0_}
          - entity-element alias suffix - 1_
          - 1_entity-element suffixed key columns - role_id1_4_1_
          - JOIN (JoinDefinedByMetadata(elements)) : <gen:0> -> <gen:1>
             - EntityQuerySpaceImpl(uid=<gen:1>, entity=com.booking.model.user.Roles)
                - SQL table alias mapping - roles1_
                - alias suffix - 1_
                - suffixed key columns - {role_id1_4_1_}

2024-07-16 23:43:51,738 DEBUG org.hibernate.loader.collection.plan.CollectionLoader [task-1] Static select for collection com.booking.model.user.ClubUser.roles: select roles0_.user_id as user_id1_6_0_, roles0_.role_id as role_id2_6_0_, roles1_.role_id as role_id1_4_1_, roles1_.name as name2_4_1_, roles1_.role as role3_4_1_ from user_roles roles0_ inner join roles roles1_ on roles0_.role_id=roles1_.role_id where roles0_.user_id=?
2024-07-16 23:43:51,779 DEBUG org.hibernate.tool.schema.spi.SchemaManagementToolCoordinator [task-1] No actions specified; doing nothing
2024-07-16 23:43:51,779 INFO org.hibernate.engine.transaction.jta.platform.internal.JtaPlatformInitiator [task-1] HHH000490: Using JtaPlatform implementation: [org.hibernate.engine.transaction.jta.platform.internal.NoJtaPlatform]
2024-07-16 23:43:51,780 DEBUG org.hibernate.query.spi.NamedQueryRepository [task-1] Checking 1 named HQL queries
2024-07-16 23:43:51,780 DEBUG org.hibernate.query.spi.NamedQueryRepository [task-1] Checking named query: ClubSlotBooking.findAll
2024-07-16 23:43:51,789 DEBUG org.hibernate.stat.internal.StatisticsInitiator [task-1] Statistics initialized [enabled=false]
2024-07-16 23:43:51,798 DEBUG org.hibernate.hql.internal.QueryTranslatorFactoryInitiator [task-1] QueryTranslatorFactory: org.hibernate.hql.internal.ast.ASTQueryTranslatorFactory@68bf26bd
2024-07-16 23:43:51,854 DEBUG org.hibernate.hql.internal.ast.QueryTranslatorImpl [task-1] parse() - HQL: SELECT o FROM com.booking.model.slot.ClubSlotBooking o
2024-07-16 23:43:51,863 DEBUG org.hibernate.hql.internal.ast.ErrorTracker [task-1] throwQueryException() : no errors
2024-07-16 23:43:51,875 DEBUG org.hibernate.hql.internal.ast.QueryTranslatorImpl [task-1] --- HQL AST ---
 \-[QUERY] Node: 'query'
    \-[SELECT_FROM] Node: 'SELECT_FROM'
       +-[FROM] Node: 'FROM'
       |  \-[RANGE] Node: 'RANGE'
       |     +-[DOT] Node: '.'
       |     |  +-[DOT] Node: '.'
       |     |  |  +-[DOT] Node: '.'
       |     |  |  |  +-[DOT] Node: '.'
       |     |  |  |  |  +-[IDENT] Node: 'com'
       |     |  |  |  |  \-[IDENT] Node: 'booking'
       |     |  |  |  \-[IDENT] Node: 'model'
       |     |  |  \-[IDENT] Node: 'slot'
       |     |  \-[IDENT] Node: 'ClubSlotBooking'
       |     \-[ALIAS] Node: 'o'
       \-[SELECT] Node: 'SELECT'
          \-[IDENT] Node: 'o'

2024-07-16 23:43:51,899 DEBUG org.hibernate.hql.internal.antlr.HqlSqlBaseWalker [task-1] select << begin [level=1, statement=select]
2024-07-16 23:43:51,913 DEBUG org.hibernate.hql.internal.ast.tree.FromElement [task-1] FromClause{level=1} : com.booking.model.slot.ClubSlotBooking (o) -> clubslotbo0_
2024-07-16 23:43:51,914 DEBUG org.hibernate.hql.internal.ast.tree.FromReferenceNode [task-1] Resolved : o -> clubslotbo0_.booking_id
2024-07-16 23:43:51,916 DEBUG org.hibernate.hql.internal.antlr.HqlSqlBaseWalker [task-1] select : finishing up [level=1, statement=select]
2024-07-16 23:43:51,917 DEBUG org.hibernate.hql.internal.ast.HqlSqlWalker [task-1] processQuery() :  ( SELECT ( {select clause} clubslotbo0_.booking_id ) ( FromClause{level=1} club_slot_booking clubslotbo0_ ) )
2024-07-16 23:43:51,926 DEBUG org.hibernate.hql.internal.ast.util.JoinProcessor [task-1] Tables referenced from query nodes:
 \-QueryNode
    +-SelectClause
    | referencedTables(entity ClubSlotBooking): [club_slot_booking]
    |  +-IdentNode
    |  | persister: SingleTableEntityPersister(com.booking.model.slot.ClubSlotBooking)
    |  | originalText: o
    |  \-SqlFragment
    \-FromClause
       \-FromElement

2024-07-16 23:43:51,929 DEBUG org.hibernate.hql.internal.ast.util.JoinProcessor [task-1] Using FROM fragment [club_slot_booking clubslotbo0_]
2024-07-16 23:43:51,930 DEBUG org.hibernate.hql.internal.antlr.HqlSqlBaseWalker [task-1] select >> end [level=1, statement=select]
2024-07-16 23:43:51,930 DEBUG org.hibernate.hql.internal.ast.QueryTranslatorImpl [task-1] --- SQL AST ---
 \-[SELECT] QueryNode: 'SELECT'  querySpaces (club_slot_booking)
    +-[SELECT_CLAUSE] SelectClause: '{select clause}'
    |  +-[ALIAS_REF] IdentNode: 'clubslotbo0_.booking_id as booking_1_2_' {alias=o, className=com.booking.model.slot.ClubSlotBooking, tableAlias=clubslotbo0_}
    |  \-[SQL_TOKEN] SqlFragment: 'clubslotbo0_.booking_status as booking_2_2_, clubslotbo0_.booking_type as booking_3_2_, clubslotbo0_.created_by as created_4_2_, clubslotbo0_.created_date as created_5_2_, clubslotbo0_.player as player6_2_, clubslotbo0_.player_count as player_c7_2_, clubslotbo0_.primary_booking_id as primary_8_2_, clubslotbo0_.secondary_booking as secondar9_2_, clubslotbo0_.slot_date as slot_da10_2_, clubslotbo0_.slot_id as slot_id11_2_, clubslotbo0_.user_id as user_id12_2_'
    \-[FROM] FromClause: 'FROM' FromClause{level=1, fromElementCounter=1, fromElements=1, fromElementByClassAlias=[o], fromElementByTableAlias=[clubslotbo0_], fromElementsByPath=[], collectionJoinFromElementsByPath=[], impliedElements=[]}
       \-[FROM_FRAGMENT] FromElement: 'club_slot_booking clubslotbo0_' FromElement{explicit,not a collection join,not a fetch join,fetch non-lazy properties,classAlias=o,role=null,tableName=club_slot_booking,tableAlias=clubslotbo0_,origin=null,columns={,className=com.booking.model.slot.ClubSlotBooking}}

2024-07-16 23:43:51,930 DEBUG org.hibernate.hql.internal.ast.ErrorTracker [task-1] throwQueryException() : no errors
2024-07-16 23:43:51,937 DEBUG org.hibernate.hql.internal.ast.QueryTranslatorImpl [task-1] HQL: SELECT o FROM com.booking.model.slot.ClubSlotBooking o
2024-07-16 23:43:51,937 DEBUG org.hibernate.hql.internal.ast.QueryTranslatorImpl [task-1] SQL: select clubslotbo0_.booking_id as booking_1_2_, clubslotbo0_.booking_status as booking_2_2_, clubslotbo0_.booking_type as booking_3_2_, clubslotbo0_.created_by as created_4_2_, clubslotbo0_.created_date as created_5_2_, clubslotbo0_.player as player6_2_, clubslotbo0_.player_count as player_c7_2_, clubslotbo0_.primary_booking_id as primary_8_2_, clubslotbo0_.secondary_booking as secondar9_2_, clubslotbo0_.slot_date as slot_da10_2_, clubslotbo0_.slot_id as slot_id11_2_, clubslotbo0_.user_id as user_id12_2_ from club_slot_booking clubslotbo0_
2024-07-16 23:43:51,938 DEBUG org.hibernate.hql.internal.ast.ErrorTracker [task-1] throwQueryException() : no errors
2024-07-16 23:43:51,941 DEBUG org.hibernate.query.spi.NamedQueryRepository [task-1] Checking 0 named SQL queries
2024-07-16 23:43:51,943 DEBUG sun.rmi.runtime.Log$LoggerLog [RMI TCP Connection(2)-127.0.0.1] RMI TCP Connection(2)-127.0.0.1: (port 53259) op = 82
2024-07-16 23:43:51,944 DEBUG sun.rmi.runtime.Log$LoggerLog [RMI TCP Connection(2)-127.0.0.1] RMI TCP Connection(2)-127.0.0.1: (port 53259) op = 80
2024-07-16 23:43:51,944 DEBUG sun.rmi.runtime.Log$LoggerLog [RMI TCP Connection(2)-127.0.0.1] RMI TCP Connection(2)-127.0.0.1: name = "javax.management.ObjectName", codebase = ""
2024-07-16 23:43:51,945 DEBUG sun.util.logging.internal.LoggingProviderImpl$JULWrapper [RMI TCP Connection(2)-127.0.0.1] connectionId=rmi://127.0.0.1  1, name=org.springframework.boot:type=Admin,name=SpringApplication, attribute=Ready
2024-07-16 23:43:51,956 DEBUG org.hibernate.internal.SessionFactoryRegistry [task-1] Initializing SessionFactoryRegistry : org.hibernate.internal.SessionFactoryRegistry@b58ea5e
2024-07-16 23:43:51,956 DEBUG org.hibernate.internal.SessionFactoryRegistry [task-1] Registering SessionFactory: f3fa2385-ee42-45d8-8858-d36962aedeb2 (<unnamed>)
2024-07-16 23:43:51,957 DEBUG org.hibernate.internal.SessionFactoryRegistry [task-1] Not binding SessionFactory to JNDI, no JNDI name configured
2024-07-16 23:43:51,957 INFO org.springframework.orm.jpa.AbstractEntityManagerFactoryBean [task-1] Initialized JPA EntityManagerFactory for persistence unit 'default'
2024-07-16 23:43:51,958 DEBUG org.springframework.jdbc.datasource.DataSourceUtils [task-2] Fetching JDBC Connection from DataSource
2024-07-16 23:43:51,974 DEBUG org.springframework.data.jpa.repository.config.JpaMetamodelMappingContextFactoryBean [main] Finished initializing JpaMetamodelMappingContext!
2024-07-16 23:43:52,009 DEBUG org.springframework.orm.jpa.SharedEntityManagerCreator$SharedEntityManagerInvocationHandler [main] Creating new EntityManager for shared EntityManager invocation
2024-07-16 23:43:52,107 DEBUG org.springframework.orm.jpa.SharedEntityManagerCreator$SharedEntityManagerInvocationHandler [main] Creating new EntityManager for shared EntityManager invocation
2024-07-16 23:43:52,172 DEBUG org.springframework.data.repository.core.support.RepositoryFactorySupport [main] Initializing repository instance for com.booking.dao.ClubConfigDao…
2024-07-16 23:43:52,196 DEBUG org.springframework.orm.jpa.SharedEntityManagerCreator$SharedEntityManagerInvocationHandler [main] Creating new EntityManager for shared EntityManager invocation
2024-07-16 23:43:52,258 DEBUG org.springframework.data.jpa.repository.query.JpaQueryFactory [main] Looking up query for method findByKey
2024-07-16 23:43:52,264 DEBUG org.springframework.data.jpa.repository.query.NamedQuery [main] Looking up named query ClubConfig.findByKey
2024-07-16 23:43:52,268 DEBUG org.hibernate.engine.transaction.internal.TransactionImpl [main] On TransactionImpl creation, JpaCompliance#isJpaTransactionComplianceEnabled == false
2024-07-16 23:43:52,269 DEBUG org.springframework.data.jpa.repository.query.NamedQuery [main] Did not find named query ClubConfig.findByKey
2024-07-16 23:43:52,273 DEBUG org.springframework.orm.jpa.SharedEntityManagerCreator$SharedEntityManagerInvocationHandler [main] Creating new EntityManager for shared EntityManager invocation
2024-07-16 23:43:52,348 DEBUG org.springframework.data.jpa.repository.query.JpaQueryFactory [main] Looking up query for method findByConfigId
2024-07-16 23:43:52,348 DEBUG org.springframework.data.jpa.repository.query.NamedQuery [main] Looking up named query ClubConfig.findByConfigId
2024-07-16 23:43:52,348 DEBUG org.hibernate.engine.transaction.internal.TransactionImpl [main] On TransactionImpl creation, JpaCompliance#isJpaTransactionComplianceEnabled == false
2024-07-16 23:43:52,349 DEBUG org.springframework.data.jpa.repository.query.NamedQuery [main] Did not find named query ClubConfig.findByConfigId
2024-07-16 23:43:52,349 DEBUG org.springframework.orm.jpa.SharedEntityManagerCreator$SharedEntityManagerInvocationHandler [main] Creating new EntityManager for shared EntityManager invocation
2024-07-16 23:43:52,355 DEBUG org.springframework.data.repository.core.support.RepositoryFactorySupport [main] Finished creation of repository instance for com.booking.dao.ClubConfigDao.
2024-07-16 23:43:52,359 DEBUG org.springframework.beans.factory.support.DefaultSingletonBeanRegistry [main] Creating shared instance of singleton bean 'roleDao'
2024-07-16 23:43:52,366 DEBUG org.springframework.orm.jpa.SharedEntityManagerCreator$SharedEntityManagerInvocationHandler [main] Creating new EntityManager for shared EntityManager invocation
2024-07-16 23:43:52,372 DEBUG org.springframework.data.repository.core.support.RepositoryFactorySupport [main] Initializing repository instance for com.booking.dao.RoleDao…
2024-07-16 23:43:52,373 DEBUG org.springframework.orm.jpa.SharedEntityManagerCreator$SharedEntityManagerInvocationHandler [main] Creating new EntityManager for shared EntityManager invocation
2024-07-16 23:43:52,381 DEBUG org.springframework.data.jpa.repository.query.JpaQueryFactory [main] Looking up query for method findByName
2024-07-16 23:43:52,382 DEBUG org.springframework.data.jpa.repository.query.NamedQuery [main] Looking up named query Roles.findByName
2024-07-16 23:43:52,382 DEBUG org.hibernate.engine.transaction.internal.TransactionImpl [main] On TransactionImpl creation, JpaCompliance#isJpaTransactionComplianceEnabled == false
2024-07-16 23:43:52,382 DEBUG org.springframework.data.jpa.repository.query.NamedQuery [main] Did not find named query Roles.findByName
2024-07-16 23:43:52,383 DEBUG org.springframework.orm.jpa.SharedEntityManagerCreator$SharedEntityManagerInvocationHandler [main] Creating new EntityManager for shared EntityManager invocation
2024-07-16 23:43:52,387 DEBUG org.springframework.data.repository.core.support.RepositoryFactorySupport [main] Finished creation of repository instance for com.booking.dao.RoleDao.
2024-07-16 23:43:52,390 DEBUG org.springframework.beans.factory.support.DefaultSingletonBeanRegistry [main] Creating shared instance of singleton bean 'userBookingDao'
2024-07-16 23:43:52,397 DEBUG org.springframework.orm.jpa.SharedEntityManagerCreator$SharedEntityManagerInvocationHandler [main] Creating new EntityManager for shared EntityManager invocation
2024-07-16 23:43:52,414 DEBUG org.springframework.data.repository.core.support.RepositoryFactorySupport [main] Initializing repository instance for com.booking.dao.UserBookingDao…
2024-07-16 23:43:52,415 DEBUG org.springframework.orm.jpa.SharedEntityManagerCreator$SharedEntityManagerInvocationHandler [main] Creating new EntityManager for shared EntityManager invocation
2024-07-16 23:43:52,425 DEBUG org.springframework.data.jpa.repository.query.JpaQueryFactory [main] Looking up query for method findByUserId
2024-07-16 23:43:52,426 DEBUG org.springframework.data.jpa.repository.query.NamedQuery [main] Looking up named query UserBooking.findByUserId
2024-07-16 23:43:52,426 DEBUG org.hibernate.engine.transaction.internal.TransactionImpl [main] On TransactionImpl creation, JpaCompliance#isJpaTransactionComplianceEnabled == false
2024-07-16 23:43:52,427 DEBUG org.springframework.data.jpa.repository.query.NamedQuery [main] Did not find named query UserBooking.findByUserId
2024-07-16 23:43:52,427 DEBUG org.springframework.orm.jpa.SharedEntityManagerCreator$SharedEntityManagerInvocationHandler [main] Creating new EntityManager for shared EntityManager invocation
2024-07-16 23:43:52,430 DEBUG org.springframework.data.jpa.repository.query.JpaQueryFactory [main] Looking up query for method findByBookingId
2024-07-16 23:43:52,431 DEBUG org.springframework.data.jpa.repository.query.NamedQuery [main] Looking up named query UserBooking.findByBookingId
2024-07-16 23:43:52,432 DEBUG org.hibernate.engine.transaction.internal.TransactionImpl [main] On TransactionImpl creation, JpaCompliance#isJpaTransactionComplianceEnabled == false
2024-07-16 23:43:52,432 DEBUG org.springframework.data.jpa.repository.query.NamedQuery [main] Did not find named query UserBooking.findByBookingId
2024-07-16 23:43:52,433 DEBUG org.springframework.orm.jpa.SharedEntityManagerCreator$SharedEntityManagerInvocationHandler [main] Creating new EntityManager for shared EntityManager invocation
2024-07-16 23:43:52,447 DEBUG sun.rmi.runtime.Log$LoggerLog [RMI TCP Connection(2)-127.0.0.1] RMI TCP Connection(2)-127.0.0.1: (port 53259) op = 82
2024-07-16 23:43:52,448 DEBUG sun.rmi.runtime.Log$LoggerLog [RMI TCP Connection(2)-127.0.0.1] RMI TCP Connection(2)-127.0.0.1: (port 53259) op = 80
2024-07-16 23:43:52,449 DEBUG sun.rmi.runtime.Log$LoggerLog [RMI TCP Connection(2)-127.0.0.1] RMI TCP Connection(2)-127.0.0.1: name = "javax.management.ObjectName", codebase = ""
2024-07-16 23:43:52,449 DEBUG sun.util.logging.internal.LoggingProviderImpl$JULWrapper [RMI TCP Connection(2)-127.0.0.1] connectionId=rmi://127.0.0.1  1, name=org.springframework.boot:type=Admin,name=SpringApplication, attribute=Ready
2024-07-16 23:43:52,474 DEBUG org.springframework.data.jpa.repository.query.JpaQueryFactory [main] Looking up query for method findBySlotRangeandTeeTime
2024-07-16 23:43:52,475 DEBUG org.springframework.orm.jpa.SharedEntityManagerCreator$SharedEntityManagerInvocationHandler [main] Creating new EntityManager for shared EntityManager invocation
2024-07-16 23:43:52,481 DEBUG org.springframework.data.jpa.repository.query.JpaQueryFactory [main] Looking up query for method updateApprovalStatus
2024-07-16 23:43:52,482 DEBUG org.springframework.orm.jpa.SharedEntityManagerCreator$SharedEntityManagerInvocationHandler [main] Creating new EntityManager for shared EntityManager invocation
2024-07-16 23:43:52,484 DEBUG org.springframework.data.jpa.repository.query.JpaQueryFactory [main] Looking up query for method findByUserIdSlotDate
2024-07-16 23:43:52,485 DEBUG org.springframework.orm.jpa.SharedEntityManagerCreator$SharedEntityManagerInvocationHandler [main] Creating new EntityManager for shared EntityManager invocation
2024-07-16 23:43:52,488 DEBUG org.springframework.data.jpa.repository.query.JpaQueryFactory [main] Looking up query for method deleteByBookingId
2024-07-16 23:43:52,488 DEBUG org.springframework.orm.jpa.SharedEntityManagerCreator$SharedEntityManagerInvocationHandler [main] Creating new EntityManager for shared EntityManager invocation
2024-07-16 23:43:52,490 DEBUG org.springframework.data.jpa.repository.query.JpaQueryFactory [main] Looking up query for method deleteBySlotId
2024-07-16 23:43:52,491 DEBUG org.springframework.orm.jpa.SharedEntityManagerCreator$SharedEntityManagerInvocationHandler [main] Creating new EntityManager for shared EntityManager invocation
2024-07-16 23:43:52,496 DEBUG org.springframework.data.repository.core.support.RepositoryFactorySupport [main] Finished creation of repository instance for com.booking.dao.UserBookingDao.
2024-07-16 23:43:52,500 DEBUG org.springframework.beans.factory.support.DefaultSingletonBeanRegistry [main] Creating shared instance of singleton bean 'userDao'
2024-07-16 23:43:52,506 DEBUG org.springframework.orm.jpa.SharedEntityManagerCreator$SharedEntityManagerInvocationHandler [main] Creating new EntityManager for shared EntityManager invocation
2024-07-16 23:43:52,534 DEBUG org.springframework.data.repository.core.support.RepositoryFactorySupport [main] Initializing repository instance for com.booking.dao.UserDao…
2024-07-16 23:43:52,536 DEBUG org.springframework.orm.jpa.SharedEntityManagerCreator$SharedEntityManagerInvocationHandler [main] Creating new EntityManager for shared EntityManager invocation
2024-07-16 23:43:52,551 DEBUG org.springframework.data.jpa.repository.query.JpaQueryFactory [main] Looking up query for method deleteByUserId
2024-07-16 23:43:52,552 DEBUG org.springframework.data.jpa.repository.query.NamedQuery [main] Looking up named query ClubUser.deleteByUserId
2024-07-16 23:43:52,553 DEBUG org.hibernate.engine.transaction.internal.TransactionImpl [main] On TransactionImpl creation, JpaCompliance#isJpaTransactionComplianceEnabled == false
2024-07-16 23:43:52,553 DEBUG org.springframework.data.jpa.repository.query.NamedQuery [main] Did not find named query ClubUser.deleteByUserId
2024-07-16 23:43:52,554 DEBUG org.springframework.orm.jpa.SharedEntityManagerCreator$SharedEntityManagerInvocationHandler [main] Creating new EntityManager for shared EntityManager invocation
2024-07-16 23:43:52,558 DEBUG org.springframework.data.jpa.repository.query.JpaQueryFactory [main] Looking up query for method findByUserEmail
2024-07-16 23:43:52,559 DEBUG org.springframework.orm.jpa.SharedEntityManagerCreator$SharedEntityManagerInvocationHandler [main] Creating new EntityManager for shared EntityManager invocation
2024-07-16 23:43:52,561 DEBUG org.springframework.data.jpa.repository.query.JpaQueryFactory [main] Looking up query for method findByUserId
2024-07-16 23:43:52,561 DEBUG org.springframework.data.jpa.repository.query.NamedQuery [main] Looking up named query ClubUser.findByUserId
2024-07-16 23:43:52,562 DEBUG org.hibernate.engine.transaction.internal.TransactionImpl [main] On TransactionImpl creation, JpaCompliance#isJpaTransactionComplianceEnabled == false
2024-07-16 23:43:52,562 DEBUG org.springframework.data.jpa.repository.query.NamedQuery [main] Did not find named query ClubUser.findByUserId
2024-07-16 23:43:52,563 DEBUG org.springframework.orm.jpa.SharedEntityManagerCreator$SharedEntityManagerInvocationHandler [main] Creating new EntityManager for shared EntityManager invocation
2024-07-16 23:43:52,564 DEBUG org.springframework.data.jpa.repository.query.JpaQueryFactory [main] Looking up query for method findByUserMobileOrUserEmail
2024-07-16 23:43:52,565 DEBUG org.springframework.data.jpa.repository.query.NamedQuery [main] Looking up named query ClubUser.findByUserMobileOrUserEmail
2024-07-16 23:43:52,566 DEBUG org.hibernate.engine.transaction.internal.TransactionImpl [main] On TransactionImpl creation, JpaCompliance#isJpaTransactionComplianceEnabled == false
2024-07-16 23:43:52,566 DEBUG org.springframework.data.jpa.repository.query.NamedQuery [main] Did not find named query ClubUser.findByUserMobileOrUserEmail
2024-07-16 23:43:52,567 DEBUG org.springframework.orm.jpa.SharedEntityManagerCreator$SharedEntityManagerInvocationHandler [main] Creating new EntityManager for shared EntityManager invocation
2024-07-16 23:43:52,570 DEBUG org.springframework.data.jpa.repository.query.JpaQueryFactory [main] Looking up query for method findByUserMobile
2024-07-16 23:43:52,570 DEBUG org.springframework.data.jpa.repository.query.NamedQuery [main] Looking up named query ClubUser.findByUserMobile
2024-07-16 23:43:52,571 DEBUG org.hibernate.engine.transaction.internal.TransactionImpl [main] On TransactionImpl creation, JpaCompliance#isJpaTransactionComplianceEnabled == false
2024-07-16 23:43:52,571 DEBUG org.springframework.data.jpa.repository.query.NamedQuery [main] Did not find named query ClubUser.findByUserMobile
2024-07-16 23:43:52,571 DEBUG org.springframework.orm.jpa.SharedEntityManagerCreator$SharedEntityManagerInvocationHandler [main] Creating new EntityManager for shared EntityManager invocation
2024-07-16 23:43:52,578 DEBUG org.springframework.data.jpa.repository.query.JpaQueryFactory [main] Looking up query for method findAllUserList
2024-07-16 23:43:52,579 DEBUG org.springframework.orm.jpa.SharedEntityManagerCreator$SharedEntityManagerInvocationHandler [main] Creating new EntityManager for shared EntityManager invocation
2024-07-16 23:43:52,581 DEBUG org.springframework.data.jpa.repository.query.JpaQueryFactory [main] Looking up query for method updatePassword
2024-07-16 23:43:52,581 DEBUG org.springframework.orm.jpa.SharedEntityManagerCreator$SharedEntityManagerInvocationHandler [main] Creating new EntityManager for shared EntityManager invocation
2024-07-16 23:43:52,583 DEBUG org.springframework.data.jpa.repository.query.JpaQueryFactory [main] Looking up query for method findByOtp
2024-07-16 23:43:52,583 DEBUG org.springframework.data.jpa.repository.query.NamedQuery [main] Looking up named query ClubUser.findByOtp
2024-07-16 23:43:52,583 DEBUG org.hibernate.engine.transaction.internal.TransactionImpl [main] On TransactionImpl creation, JpaCompliance#isJpaTransactionComplianceEnabled == false
2024-07-16 23:43:52,584 DEBUG org.springframework.data.jpa.repository.query.NamedQuery [main] Did not find named query ClubUser.findByOtp
2024-07-16 23:43:52,584 DEBUG org.springframework.orm.jpa.SharedEntityManagerCreator$SharedEntityManagerInvocationHandler [main] Creating new EntityManager for shared EntityManager invocation
2024-07-16 23:43:52,588 DEBUG org.springframework.data.repository.core.support.RepositoryFactorySupport [main] Finished creation of repository instance for com.booking.dao.UserDao.
2024-07-16 23:43:52,595 DEBUG org.springframework.beans.factory.support.DefaultSingletonBeanRegistry [main] Creating shared instance of singleton bean 'clubSlotBookingDao'
2024-07-16 23:43:52,603 DEBUG org.springframework.orm.jpa.SharedEntityManagerCreator$SharedEntityManagerInvocationHandler [main] Creating new EntityManager for shared EntityManager invocation
2024-07-16 23:43:52,620 DEBUG org.springframework.data.repository.core.support.RepositoryFactorySupport [main] Initializing repository instance for com.booking.dao.ClubSlotBookingDao…
2024-07-16 23:43:52,622 DEBUG org.springframework.orm.jpa.SharedEntityManagerCreator$SharedEntityManagerInvocationHandler [main] Creating new EntityManager for shared EntityManager invocation
2024-07-16 23:43:52,635 DEBUG org.springframework.data.jpa.repository.query.JpaQueryFactory [main] Looking up query for method findBySlotDate
2024-07-16 23:43:52,636 DEBUG org.springframework.data.jpa.repository.query.NamedQuery [main] Looking up named query ClubSlotBooking.findBySlotDate
2024-07-16 23:43:52,637 DEBUG org.hibernate.engine.transaction.internal.TransactionImpl [main] On TransactionImpl creation, JpaCompliance#isJpaTransactionComplianceEnabled == false
2024-07-16 23:43:52,638 DEBUG org.springframework.data.jpa.repository.query.NamedQuery [main] Did not find named query ClubSlotBooking.findBySlotDate
2024-07-16 23:43:52,639 DEBUG org.springframework.orm.jpa.SharedEntityManagerCreator$SharedEntityManagerInvocationHandler [main] Creating new EntityManager for shared EntityManager invocation
2024-07-16 23:43:52,642 DEBUG org.springframework.data.jpa.repository.query.JpaQueryFactory [main] Looking up query for method findBySlotDateAndBookingStatusNot
2024-07-16 23:43:52,642 DEBUG org.springframework.data.jpa.repository.query.NamedQuery [main] Looking up named query ClubSlotBooking.findBySlotDateAndBookingStatusNot
2024-07-16 23:43:52,643 DEBUG org.hibernate.engine.transaction.internal.TransactionImpl [main] On TransactionImpl creation, JpaCompliance#isJpaTransactionComplianceEnabled == false
2024-07-16 23:43:52,643 DEBUG org.springframework.data.jpa.repository.query.NamedQuery [main] Did not find named query ClubSlotBooking.findBySlotDateAndBookingStatusNot
2024-07-16 23:43:52,643 DEBUG org.springframework.orm.jpa.SharedEntityManagerCreator$SharedEntityManagerInvocationHandler [main] Creating new EntityManager for shared EntityManager invocation
2024-07-16 23:43:52,646 DEBUG org.springframework.data.jpa.repository.query.JpaQueryFactory [main] Looking up query for method deleteBySlotId
2024-07-16 23:43:52,646 DEBUG org.springframework.orm.jpa.SharedEntityManagerCreator$SharedEntityManagerInvocationHandler [main] Creating new EntityManager for shared EntityManager invocation
2024-07-16 23:43:52,648 DEBUG org.springframework.data.jpa.repository.query.JpaQueryFactory [main] Looking up query for method findByBookingId
2024-07-16 23:43:52,648 DEBUG org.springframework.data.jpa.repository.query.NamedQuery [main] Looking up named query ClubSlotBooking.findByBookingId
2024-07-16 23:43:52,649 DEBUG org.hibernate.engine.transaction.internal.TransactionImpl [main] On TransactionImpl creation, JpaCompliance#isJpaTransactionComplianceEnabled == false
2024-07-16 23:43:52,649 DEBUG org.springframework.data.jpa.repository.query.NamedQuery [main] Did not find named query ClubSlotBooking.findByBookingId
2024-07-16 23:43:52,649 DEBUG org.springframework.orm.jpa.SharedEntityManagerCreator$SharedEntityManagerInvocationHandler [main] Creating new EntityManager for shared EntityManager invocation
2024-07-16 23:43:52,650 DEBUG org.springframework.data.jpa.repository.query.JpaQueryFactory [main] Looking up query for method findByUserId
2024-07-16 23:43:52,651 DEBUG org.springframework.data.jpa.repository.query.NamedQuery [main] Looking up named query ClubSlotBooking.findByUserId
2024-07-16 23:43:52,651 DEBUG org.hibernate.engine.transaction.internal.TransactionImpl [main] On TransactionImpl creation, JpaCompliance#isJpaTransactionComplianceEnabled == false
2024-07-16 23:43:52,652 DEBUG org.springframework.data.jpa.repository.query.NamedQuery [main] Did not find named query ClubSlotBooking.findByUserId
2024-07-16 23:43:52,652 DEBUG org.springframework.orm.jpa.SharedEntityManagerCreator$SharedEntityManagerInvocationHandler [main] Creating new EntityManager for shared EntityManager invocation
2024-07-16 23:43:52,654 DEBUG org.springframework.data.jpa.repository.query.JpaQueryFactory [main] Looking up query for method updateApprovalStatus
2024-07-16 23:43:52,655 DEBUG org.springframework.orm.jpa.SharedEntityManagerCreator$SharedEntityManagerInvocationHandler [main] Creating new EntityManager for shared EntityManager invocation
2024-07-16 23:43:52,656 DEBUG org.springframework.data.jpa.repository.query.JpaQueryFactory [main] Looking up query for method findByPrimaryBookingIdAndBookingStatus
2024-07-16 23:43:52,657 DEBUG org.springframework.data.jpa.repository.query.NamedQuery [main] Looking up named query ClubSlotBooking.findByPrimaryBookingIdAndBookingStatus
2024-07-16 23:43:52,657 DEBUG org.hibernate.engine.transaction.internal.TransactionImpl [main] On TransactionImpl creation, JpaCompliance#isJpaTransactionComplianceEnabled == false
2024-07-16 23:43:52,658 DEBUG org.springframework.data.jpa.repository.query.NamedQuery [main] Did not find named query ClubSlotBooking.findByPrimaryBookingIdAndBookingStatus
2024-07-16 23:43:52,658 DEBUG org.springframework.orm.jpa.SharedEntityManagerCreator$SharedEntityManagerInvocationHandler [main] Creating new EntityManager for shared EntityManager invocation
2024-07-16 23:43:52,662 DEBUG org.springframework.data.repository.core.support.RepositoryFactorySupport [main] Finished creation of repository instance for com.booking.dao.ClubSlotBookingDao.
2024-07-16 23:43:52,669 DEBUG org.springframework.beans.factory.support.DefaultSingletonBeanRegistry [main] Creating shared instance of singleton bean 'clubSlotDao'
2024-07-16 23:43:52,677 DEBUG org.springframework.orm.jpa.SharedEntityManagerCreator$SharedEntityManagerInvocationHandler [main] Creating new EntityManager for shared EntityManager invocation
2024-07-16 23:43:52,697 DEBUG org.springframework.data.repository.core.support.RepositoryFactorySupport [main] Initializing repository instance for com.booking.dao.ClubSlotDao…
2024-07-16 23:43:52,698 DEBUG org.springframework.orm.jpa.SharedEntityManagerCreator$SharedEntityManagerInvocationHandler [main] Creating new EntityManager for shared EntityManager invocation
2024-07-16 23:43:52,720 DEBUG org.springframework.data.jpa.repository.query.JpaQueryFactory [main] Looking up query for method findBySlotStartTimeStampAfterAndSlotEndTimeStampBefore
2024-07-16 23:43:52,720 DEBUG org.springframework.orm.jpa.SharedEntityManagerCreator$SharedEntityManagerInvocationHandler [main] Creating new EntityManager for shared EntityManager invocation
2024-07-16 23:43:52,723 DEBUG org.springframework.data.jpa.repository.query.JpaQueryFactory [main] Looking up query for method findBySlotDateBeforeAndSlotDateAfterAndSlotAvailable
2024-07-16 23:43:52,723 DEBUG org.springframework.data.jpa.repository.query.NamedQuery [main] Looking up named query ClubSlot.findBySlotDateBeforeAndSlotDateAfterAndSlotAvailable
2024-07-16 23:43:52,724 DEBUG org.hibernate.engine.transaction.internal.TransactionImpl [main] On TransactionImpl creation, JpaCompliance#isJpaTransactionComplianceEnabled == false
2024-07-16 23:43:52,724 DEBUG org.springframework.data.jpa.repository.query.NamedQuery [main] Did not find named query ClubSlot.findBySlotDateBeforeAndSlotDateAfterAndSlotAvailable
2024-07-16 23:43:52,725 DEBUG org.springframework.orm.jpa.SharedEntityManagerCreator$SharedEntityManagerInvocationHandler [main] Creating new EntityManager for shared EntityManager invocation
2024-07-16 23:43:52,727 DEBUG org.springframework.data.jpa.repository.query.JpaQueryFactory [main] Looking up query for method findBySlotId
2024-07-16 23:43:52,727 DEBUG org.springframework.data.jpa.repository.query.NamedQuery [main] Looking up named query ClubSlot.findBySlotId
2024-07-16 23:43:52,728 DEBUG org.hibernate.engine.transaction.internal.TransactionImpl [main] On TransactionImpl creation, JpaCompliance#isJpaTransactionComplianceEnabled == false
2024-07-16 23:43:52,728 DEBUG org.springframework.data.jpa.repository.query.NamedQuery [main] Did not find named query ClubSlot.findBySlotId
2024-07-16 23:43:52,729 DEBUG org.springframework.orm.jpa.SharedEntityManagerCreator$SharedEntityManagerInvocationHandler [main] Creating new EntityManager for shared EntityManager invocation
2024-07-16 23:43:52,731 DEBUG org.springframework.data.jpa.repository.query.JpaQueryFactory [main] Looking up query for method findBySlotStartTimeStampRange
2024-07-16 23:43:52,732 DEBUG org.springframework.orm.jpa.SharedEntityManagerCreator$SharedEntityManagerInvocationHandler [main] Creating new EntityManager for shared EntityManager invocation
2024-07-16 23:43:52,734 DEBUG org.springframework.data.jpa.repository.query.JpaQueryFactory [main] Looking up query for method findBySlotDateBefore
2024-07-16 23:43:52,735 DEBUG org.springframework.data.jpa.repository.query.NamedQuery [main] Looking up named query ClubSlot.findBySlotDateBefore
2024-07-16 23:43:52,735 DEBUG org.hibernate.engine.transaction.internal.TransactionImpl [main] On TransactionImpl creation, JpaCompliance#isJpaTransactionComplianceEnabled == false
2024-07-16 23:43:52,735 DEBUG org.springframework.data.jpa.repository.query.NamedQuery [main] Did not find named query ClubSlot.findBySlotDateBefore
2024-07-16 23:43:52,736 DEBUG org.springframework.orm.jpa.SharedEntityManagerCreator$SharedEntityManagerInvocationHandler [main] Creating new EntityManager for shared EntityManager invocation
2024-07-16 23:43:52,739 DEBUG org.springframework.data.jpa.repository.query.JpaQueryFactory [main] Looking up query for method updateSlotStatus
2024-07-16 23:43:52,739 DEBUG org.springframework.orm.jpa.SharedEntityManagerCreator$SharedEntityManagerInvocationHandler [main] Creating new EntityManager for shared EntityManager invocation
2024-07-16 23:43:52,744 DEBUG org.springframework.data.jpa.repository.query.JpaQueryFactory [main] Looking up query for method deleteSlotsWithinDateRangeAndOnSpecificDays
2024-07-16 23:43:52,745 DEBUG org.springframework.orm.jpa.SharedEntityManagerCreator$SharedEntityManagerInvocationHandler [main] Creating new EntityManager for shared EntityManager invocation
2024-07-16 23:43:52,747 DEBUG org.springframework.data.jpa.repository.query.JpaQueryFactory [main] Looking up query for method findAdminSlot
2024-07-16 23:43:52,748 DEBUG org.springframework.orm.jpa.SharedEntityManagerCreator$SharedEntityManagerInvocationHandler [main] Creating new EntityManager for shared EntityManager invocation
2024-07-16 23:43:52,752 DEBUG org.springframework.data.jpa.repository.query.JpaQueryFactory [main] Looking up query for method findAdminSlot
2024-07-16 23:43:52,753 DEBUG org.springframework.orm.jpa.SharedEntityManagerCreator$SharedEntityManagerInvocationHandler [main] Creating new EntityManager for shared EntityManager invocation
2024-07-16 23:43:52,757 DEBUG org.springframework.data.jpa.repository.query.JpaQueryFactory [main] Looking up query for method updateSlotStatusBySlotId
2024-07-16 23:43:52,758 DEBUG org.springframework.orm.jpa.SharedEntityManagerCreator$SharedEntityManagerInvocationHandler [main] Creating new EntityManager for shared EntityManager invocation
2024-07-16 23:43:52,759 DEBUG org.springframework.data.jpa.repository.query.JpaQueryFactory [main] Looking up query for method findBySlotStartTimeStampAfterOrderBySlotStartTimeStampAsc
2024-07-16 23:43:52,760 DEBUG org.springframework.data.jpa.repository.query.NamedQuery [main] Looking up named query ClubSlot.findBySlotStartTimeStampAfterOrderBySlotStartTimeStampAsc
2024-07-16 23:43:52,760 DEBUG org.hibernate.engine.transaction.internal.TransactionImpl [main] On TransactionImpl creation, JpaCompliance#isJpaTransactionComplianceEnabled == false
2024-07-16 23:43:52,761 DEBUG org.springframework.data.jpa.repository.query.NamedQuery [main] Did not find named query ClubSlot.findBySlotStartTimeStampAfterOrderBySlotStartTimeStampAsc
2024-07-16 23:43:52,761 DEBUG org.springframework.orm.jpa.SharedEntityManagerCreator$SharedEntityManagerInvocationHandler [main] Creating new EntityManager for shared EntityManager invocation
2024-07-16 23:43:52,767 DEBUG org.springframework.data.jpa.repository.query.JpaQueryFactory [main] Looking up query for method updateSlotAvailability
2024-07-16 23:43:52,767 DEBUG org.springframework.orm.jpa.SharedEntityManagerCreator$SharedEntityManagerInvocationHandler [main] Creating new EntityManager for shared EntityManager invocation
2024-07-16 23:43:52,769 DEBUG org.springframework.data.jpa.repository.query.JpaQueryFactory [main] Looking up query for method findBySlotStartTimeStampAfterAndSlotAvailableAndSlotStatusNotOrderBySlotStartTimeStampAsc
2024-07-16 23:43:52,770 DEBUG org.springframework.data.jpa.repository.query.NamedQuery [main] Looking up named query ClubSlot.findBySlotStartTimeStampAfterAndSlotAvailableAndSlotStatusNotOrderBySlotStartTimeStampAsc
2024-07-16 23:43:52,770 DEBUG org.hibernate.engine.transaction.internal.TransactionImpl [main] On TransactionImpl creation, JpaCompliance#isJpaTransactionComplianceEnabled == false
2024-07-16 23:43:52,770 DEBUG org.springframework.data.jpa.repository.query.NamedQuery [main] Did not find named query ClubSlot.findBySlotStartTimeStampAfterAndSlotAvailableAndSlotStatusNotOrderBySlotStartTimeStampAsc
2024-07-16 23:43:52,771 DEBUG org.springframework.orm.jpa.SharedEntityManagerCreator$SharedEntityManagerInvocationHandler [main] Creating new EntityManager for shared EntityManager invocation
2024-07-16 23:43:52,778 DEBUG org.springframework.data.repository.core.support.RepositoryFactorySupport [main] Finished creation of repository instance for com.booking.dao.ClubSlotDao.
2024-07-16 23:43:52,785 INFO org.springframework.data.repository.config.DeferredRepositoryInitializationListener [main] Spring Data repositories initialized!
2024-07-16 23:43:52,807 DEBUG org.springframework.boot.autoconfigure.logging.ConditionEvaluationReportLoggingListener [main] 


============================
CONDITIONS EVALUATION REPORT
============================


Positive matches:
-----------------

   AopAutoConfiguration matched:
      - @ConditionalOnProperty (spring.aop.auto=true) matched (OnPropertyCondition)

   AopAutoConfiguration.AspectJAutoProxyingConfiguration matched:
      - @ConditionalOnClass found required class 'org.aspectj.weaver.Advice' (OnClassCondition)

   AopAutoConfiguration.AspectJAutoProxyingConfiguration.CglibAutoProxyConfiguration matched:
      - @ConditionalOnProperty (spring.aop.proxy-target-class=true) matched (OnPropertyCondition)

   DataSourceAutoConfiguration matched:
      - @ConditionalOnClass found required classes 'javax.sql.DataSource', 'org.springframework.jdbc.datasource.embedded.EmbeddedDatabaseType' (OnClassCondition)
      - @ConditionalOnMissingBean (types: io.r2dbc.spi.ConnectionFactory; SearchStrategy: all) did not find any beans (OnBeanCondition)

   DataSourceAutoConfiguration.PooledDataSourceConfiguration matched:
      - AnyNestedCondition 1 matched 1 did not; NestedCondition on DataSourceAutoConfiguration.PooledDataSourceCondition.PooledDataSourceAvailable PooledDataSource found supported DataSource; NestedCondition on DataSourceAutoConfiguration.PooledDataSourceCondition.ExplicitType @ConditionalOnProperty (spring.datasource.type) did not find property 'type' (DataSourceAutoConfiguration.PooledDataSourceCondition)
      - @ConditionalOnMissingBean (types: javax.sql.DataSource,javax.sql.XADataSource; SearchStrategy: all) did not find any beans (OnBeanCondition)

   DataSourceConfiguration.Hikari matched:
      - @ConditionalOnClass found required class 'com.zaxxer.hikari.HikariDataSource' (OnClassCondition)
      - @ConditionalOnProperty (spring.datasource.type=com.zaxxer.hikari.HikariDataSource) matched (OnPropertyCondition)
      - @ConditionalOnMissingBean (types: javax.sql.DataSource; SearchStrategy: all) did not find any beans (OnBeanCondition)

   DataSourceJmxConfiguration matched:
      - @ConditionalOnProperty (spring.jmx.enabled=true) matched (OnPropertyCondition)

   DataSourceJmxConfiguration.Hikari matched:
      - @ConditionalOnClass found required class 'com.zaxxer.hikari.HikariDataSource' (OnClassCondition)
      - @ConditionalOnSingleCandidate (types: javax.sql.DataSource; SearchStrategy: all) found a primary bean from beans 'dataSource' (OnBeanCondition)

   DataSourcePoolMetadataProvidersConfiguration.HikariPoolDataSourceMetadataProviderConfiguration matched:
      - @ConditionalOnClass found required class 'com.zaxxer.hikari.HikariDataSource' (OnClassCondition)

   DataSourceTransactionManagerAutoConfiguration matched:
      - @ConditionalOnClass found required classes 'org.springframework.jdbc.core.JdbcTemplate', 'org.springframework.transaction.PlatformTransactionManager' (OnClassCondition)

   DataSourceTransactionManagerAutoConfiguration.DataSourceTransactionManagerConfiguration matched:
      - @ConditionalOnSingleCandidate (types: javax.sql.DataSource; SearchStrategy: all) found a primary bean from beans 'dataSource' (OnBeanCondition)

   DispatcherServletAutoConfiguration matched:
      - @ConditionalOnClass found required class 'org.springframework.web.servlet.DispatcherServlet' (OnClassCondition)
      - found 'session' scope (OnWebApplicationCondition)

   DispatcherServletAutoConfiguration.DispatcherServletConfiguration matched:
      - @ConditionalOnClass found required class 'javax.servlet.ServletRegistration' (OnClassCondition)
      - Default DispatcherServlet did not find dispatcher servlet beans (DispatcherServletAutoConfiguration.DefaultDispatcherServletCondition)

   DispatcherServletAutoConfiguration.DispatcherServletRegistrationConfiguration matched:
      - @ConditionalOnClass found required class 'javax.servlet.ServletRegistration' (OnClassCondition)
      - DispatcherServlet Registration did not find servlet registration bean (DispatcherServletAutoConfiguration.DispatcherServletRegistrationCondition)

   DispatcherServletAutoConfiguration.DispatcherServletRegistrationConfiguration#dispatcherServletRegistration matched:
      - @ConditionalOnBean (names: dispatcherServlet types: org.springframework.web.servlet.DispatcherServlet; SearchStrategy: all) found bean 'dispatcherServlet' (OnBeanCondition)

   EmbeddedWebServerFactoryCustomizerAutoConfiguration matched:
      - @ConditionalOnWebApplication (required) found 'session' scope (OnWebApplicationCondition)

   EmbeddedWebServerFactoryCustomizerAutoConfiguration.TomcatWebServerFactoryCustomizerConfiguration matched:
      - @ConditionalOnClass found required classes 'org.apache.catalina.startup.Tomcat', 'org.apache.coyote.UpgradeProtocol' (OnClassCondition)

   ErrorMvcAutoConfiguration matched:
      - @ConditionalOnClass found required classes 'javax.servlet.Servlet', 'org.springframework.web.servlet.DispatcherServlet' (OnClassCondition)
      - found 'session' scope (OnWebApplicationCondition)

   ErrorMvcAutoConfiguration#basicErrorController matched:
      - @ConditionalOnMissingBean (types: org.springframework.boot.web.servlet.error.ErrorController; SearchStrategy: current) did not find any beans (OnBeanCondition)

   ErrorMvcAutoConfiguration#errorAttributes matched:
      - @ConditionalOnMissingBean (types: org.springframework.boot.web.servlet.error.ErrorAttributes; SearchStrategy: current) did not find any beans (OnBeanCondition)

   ErrorMvcAutoConfiguration.DefaultErrorViewResolverConfiguration#conventionErrorViewResolver matched:
      - @ConditionalOnBean (types: org.springframework.web.servlet.DispatcherServlet; SearchStrategy: all) found bean 'dispatcherServlet'; @ConditionalOnMissingBean (types: org.springframework.boot.autoconfigure.web.servlet.error.ErrorViewResolver; SearchStrategy: all) did not find any beans (OnBeanCondition)

   ErrorMvcAutoConfiguration.WhitelabelErrorViewConfiguration matched:
      - @ConditionalOnProperty (server.error.whitelabel.enabled) matched (OnPropertyCondition)
      - ErrorTemplate Missing did not find error template view (ErrorMvcAutoConfiguration.ErrorTemplateMissingCondition)

   ErrorMvcAutoConfiguration.WhitelabelErrorViewConfiguration#beanNameViewResolver matched:
      - @ConditionalOnMissingBean (types: org.springframework.web.servlet.view.BeanNameViewResolver; SearchStrategy: all) did not find any beans (OnBeanCondition)

   ErrorMvcAutoConfiguration.WhitelabelErrorViewConfiguration#defaultErrorView matched:
      - @ConditionalOnMissingBean (names: error; SearchStrategy: all) did not find any beans (OnBeanCondition)

   GenericCacheConfiguration matched:
      - Cache org.springframework.boot.autoconfigure.cache.GenericCacheConfiguration automatic cache type (CacheCondition)

   GsonAutoConfiguration matched:
      - @ConditionalOnClass found required class 'com.google.gson.Gson' (OnClassCondition)

   GsonAutoConfiguration#gson matched:
      - @ConditionalOnMissingBean (types: com.google.gson.Gson; SearchStrategy: all) did not find any beans (OnBeanCondition)

   GsonAutoConfiguration#gsonBuilder matched:
      - @ConditionalOnMissingBean (types: com.google.gson.GsonBuilder; SearchStrategy: all) did not find any beans (OnBeanCondition)

   GsonHttpMessageConvertersConfiguration matched:
      - @ConditionalOnClass found required class 'com.google.gson.Gson' (OnClassCondition)

   HibernateJpaAutoConfiguration matched:
      - @ConditionalOnClass found required classes 'org.springframework.orm.jpa.LocalContainerEntityManagerFactoryBean', 'javax.persistence.EntityManager', 'org.hibernate.engine.spi.SessionImplementor' (OnClassCondition)

   HibernateJpaConfiguration matched:
      - @ConditionalOnSingleCandidate (types: javax.sql.DataSource; SearchStrategy: all) found a primary bean from beans 'dataSource' (OnBeanCondition)

   HttpEncodingAutoConfiguration matched:
      - @ConditionalOnClass found required class 'org.springframework.web.filter.CharacterEncodingFilter' (OnClassCondition)
      - found 'session' scope (OnWebApplicationCondition)
      - @ConditionalOnProperty (server.servlet.encoding.enabled) matched (OnPropertyCondition)

   HttpEncodingAutoConfiguration#characterEncodingFilter matched:
      - @ConditionalOnMissingBean (types: org.springframework.web.filter.CharacterEncodingFilter; SearchStrategy: all) did not find any beans (OnBeanCondition)

   HttpMessageConvertersAutoConfiguration matched:
      - @ConditionalOnClass found required class 'org.springframework.http.converter.HttpMessageConverter' (OnClassCondition)
      - NoneNestedConditions 0 matched 1 did not; NestedCondition on HttpMessageConvertersAutoConfiguration.NotReactiveWebApplicationCondition.ReactiveWebApplication did not find reactive web application classes (HttpMessageConvertersAutoConfiguration.NotReactiveWebApplicationCondition)

   HttpMessageConvertersAutoConfiguration#messageConverters matched:
      - @ConditionalOnMissingBean (types: org.springframework.boot.autoconfigure.http.HttpMessageConverters; SearchStrategy: all) did not find any beans (OnBeanCondition)

   HttpMessageConvertersAutoConfiguration.StringHttpMessageConverterConfiguration matched:
      - @ConditionalOnClass found required class 'org.springframework.http.converter.StringHttpMessageConverter' (OnClassCondition)

   HttpMessageConvertersAutoConfiguration.StringHttpMessageConverterConfiguration#stringHttpMessageConverter matched:
      - @ConditionalOnMissingBean (types: org.springframework.http.converter.StringHttpMessageConverter; SearchStrategy: all) did not find any beans (OnBeanCondition)

   JacksonAutoConfiguration matched:
      - @ConditionalOnClass found required class 'com.fasterxml.jackson.databind.ObjectMapper' (OnClassCondition)

   JacksonAutoConfiguration.Jackson2ObjectMapperBuilderCustomizerConfiguration matched:
      - @ConditionalOnClass found required class 'org.springframework.http.converter.json.Jackson2ObjectMapperBuilder' (OnClassCondition)

   JacksonAutoConfiguration.JacksonObjectMapperBuilderConfiguration matched:
      - @ConditionalOnClass found required class 'org.springframework.http.converter.json.Jackson2ObjectMapperBuilder' (OnClassCondition)

   JacksonAutoConfiguration.JacksonObjectMapperBuilderConfiguration#jacksonObjectMapperBuilder matched:
      - @ConditionalOnMissingBean (types: org.springframework.http.converter.json.Jackson2ObjectMapperBuilder; SearchStrategy: all) did not find any beans (OnBeanCondition)

   JacksonAutoConfiguration.JacksonObjectMapperConfiguration matched:
      - @ConditionalOnClass found required class 'org.springframework.http.converter.json.Jackson2ObjectMapperBuilder' (OnClassCondition)

   JacksonAutoConfiguration.JacksonObjectMapperConfiguration#jacksonObjectMapper matched:
      - @ConditionalOnMissingBean (types: com.fasterxml.jackson.databind.ObjectMapper; SearchStrategy: all) did not find any beans (OnBeanCondition)

   JacksonAutoConfiguration.ParameterNamesModuleConfiguration matched:
      - @ConditionalOnClass found required class 'com.fasterxml.jackson.module.paramnames.ParameterNamesModule' (OnClassCondition)

   JacksonAutoConfiguration.ParameterNamesModuleConfiguration#parameterNamesModule matched:
      - @ConditionalOnMissingBean (types: com.fasterxml.jackson.module.paramnames.ParameterNamesModule; SearchStrategy: all) did not find any beans (OnBeanCondition)

   JacksonHttpMessageConvertersConfiguration.MappingJackson2HttpMessageConverterConfiguration matched:
      - @ConditionalOnClass found required class 'com.fasterxml.jackson.databind.ObjectMapper' (OnClassCondition)
      - @ConditionalOnProperty (spring.mvc.converters.preferred-json-mapper=jackson) matched (OnPropertyCondition)
      - @ConditionalOnBean (types: com.fasterxml.jackson.databind.ObjectMapper; SearchStrategy: all) found bean 'jacksonObjectMapper' (OnBeanCondition)

   JacksonHttpMessageConvertersConfiguration.MappingJackson2HttpMessageConverterConfiguration#mappingJackson2HttpMessageConverter matched:
      - @ConditionalOnMissingBean (types: org.springframework.http.converter.json.MappingJackson2HttpMessageConverter ignored: org.springframework.hateoas.server.mvc.TypeConstrainedMappingJackson2HttpMessageConverter,org.springframework.data.rest.webmvc.alps.AlpsJsonHttpMessageConverter; SearchStrategy: all) did not find any beans (OnBeanCondition)

   JdbcTemplateAutoConfiguration matched:
      - @ConditionalOnClass found required classes 'javax.sql.DataSource', 'org.springframework.jdbc.core.JdbcTemplate' (OnClassCondition)
      - @ConditionalOnSingleCandidate (types: javax.sql.DataSource; SearchStrategy: all) found a primary bean from beans 'dataSource' (OnBeanCondition)

   JdbcTemplateConfiguration matched:
      - @ConditionalOnMissingBean (types: org.springframework.jdbc.core.JdbcOperations; SearchStrategy: all) did not find any beans (OnBeanCondition)

   JmxAutoConfiguration matched:
      - @ConditionalOnClass found required class 'org.springframework.jmx.export.MBeanExporter' (OnClassCondition)
      - @ConditionalOnProperty (spring.jmx.enabled=true) matched (OnPropertyCondition)

   JmxAutoConfiguration#mbeanExporter matched:
      - @ConditionalOnMissingBean (types: org.springframework.jmx.export.MBeanExporter; SearchStrategy: current) did not find any beans (OnBeanCondition)

   JmxAutoConfiguration#mbeanServer matched:
      - @ConditionalOnMissingBean (types: javax.management.MBeanServer; SearchStrategy: all) did not find any beans (OnBeanCondition)

   JmxAutoConfiguration#objectNamingStrategy matched:
      - @ConditionalOnMissingBean (types: org.springframework.jmx.export.naming.ObjectNamingStrategy; SearchStrategy: current) did not find any beans (OnBeanCondition)

   JpaBaseConfiguration#entityManagerFactory matched:
      - @ConditionalOnMissingBean (types: org.springframework.orm.jpa.LocalContainerEntityManagerFactoryBean,javax.persistence.EntityManagerFactory; SearchStrategy: all) did not find any beans (OnBeanCondition)

   JpaBaseConfiguration#entityManagerFactoryBuilder matched:
      - @ConditionalOnMissingBean (types: org.springframework.boot.orm.jpa.EntityManagerFactoryBuilder; SearchStrategy: all) did not find any beans (OnBeanCondition)

   JpaBaseConfiguration#jpaVendorAdapter matched:
      - @ConditionalOnMissingBean (types: org.springframework.orm.jpa.JpaVendorAdapter; SearchStrategy: all) did not find any beans (OnBeanCondition)

   JpaBaseConfiguration#transactionManager matched:
      - @ConditionalOnMissingBean (types: org.springframework.transaction.PlatformTransactionManager; SearchStrategy: all) did not find any beans (OnBeanCondition)

   JpaBaseConfiguration.JpaWebConfiguration matched:
      - @ConditionalOnClass found required class 'org.springframework.web.servlet.config.annotation.WebMvcConfigurer' (OnClassCondition)
      - found 'session' scope (OnWebApplicationCondition)
      - @ConditionalOnProperty (spring.jpa.open-in-view=true) matched (OnPropertyCondition)
      - @ConditionalOnMissingBean (types: org.springframework.orm.jpa.support.OpenEntityManagerInViewInterceptor,org.springframework.orm.jpa.support.OpenEntityManagerInViewFilter; SearchStrategy: all) did not find any beans (OnBeanCondition)

   JpaRepositoriesAutoConfiguration matched:
      - @ConditionalOnClass found required class 'org.springframework.data.jpa.repository.JpaRepository' (OnClassCondition)
      - @ConditionalOnProperty (spring.data.jpa.repositories.enabled=true) matched (OnPropertyCondition)
      - @ConditionalOnBean (types: javax.sql.DataSource; SearchStrategy: all) found bean 'dataSource'; @ConditionalOnMissingBean (types: org.springframework.data.jpa.repository.support.JpaRepositoryFactoryBean,org.springframework.data.jpa.repository.config.JpaRepositoryConfigExtension; SearchStrategy: all) did not find any beans (OnBeanCondition)

   JpaRepositoriesAutoConfiguration#entityManagerFactoryBootstrapExecutorCustomizer matched:
      - AnyNestedCondition 1 matched 1 did not; NestedCondition on JpaRepositoriesAutoConfiguration.BootstrapExecutorCondition.LazyBootstrapMode @ConditionalOnProperty (spring.data.jpa.repositories.bootstrap-mode=lazy) did not find property 'bootstrap-mode'; NestedCondition on JpaRepositoriesAutoConfiguration.BootstrapExecutorCondition.DeferredBootstrapMode @ConditionalOnProperty (spring.data.jpa.repositories.bootstrap-mode=deferred) matched (JpaRepositoriesAutoConfiguration.BootstrapExecutorCondition)

   JtaAutoConfiguration matched:
      - @ConditionalOnClass found required class 'javax.transaction.Transaction' (OnClassCondition)
      - @ConditionalOnProperty (spring.jta.enabled) matched (OnPropertyCondition)

   LifecycleAutoConfiguration#defaultLifecycleProcessor matched:
      - @ConditionalOnMissingBean (names: lifecycleProcessor; SearchStrategy: all) did not find any beans (OnBeanCondition)

   MailSenderAutoConfiguration matched:
      - @ConditionalOnClass found required classes 'javax.mail.internet.MimeMessage', 'javax.activation.MimeType', 'org.springframework.mail.MailSender' (OnClassCondition)
      - AnyNestedCondition 1 matched 1 did not; NestedCondition on MailSenderAutoConfiguration.MailSenderCondition.JndiNameProperty @ConditionalOnProperty (spring.mail.jndi-name) did not find property 'jndi-name'; NestedCondition on MailSenderAutoConfiguration.MailSenderCondition.HostProperty @ConditionalOnProperty (spring.mail.host) matched (MailSenderAutoConfiguration.MailSenderCondition)
      - @ConditionalOnMissingBean (types: org.springframework.mail.MailSender; SearchStrategy: all) did not find any beans (OnBeanCondition)

   MailSenderPropertiesConfiguration matched:
      - @ConditionalOnProperty (spring.mail.host) matched (OnPropertyCondition)

   MailSenderPropertiesConfiguration#mailSender matched:
      - @ConditionalOnMissingBean (types: org.springframework.mail.javamail.JavaMailSender; SearchStrategy: all) did not find any beans (OnBeanCondition)

   MultipartAutoConfiguration matched:
      - @ConditionalOnClass found required classes 'javax.servlet.Servlet', 'org.springframework.web.multipart.support.StandardServletMultipartResolver', 'javax.servlet.MultipartConfigElement' (OnClassCondition)
      - found 'session' scope (OnWebApplicationCondition)
      - @ConditionalOnProperty (spring.servlet.multipart.enabled) matched (OnPropertyCondition)

   MultipartAutoConfiguration#multipartConfigElement matched:
      - @ConditionalOnMissingBean (types: javax.servlet.MultipartConfigElement,org.springframework.web.multipart.commons.CommonsMultipartResolver; SearchStrategy: all) did not find any beans (OnBeanCondition)

   MultipartAutoConfiguration#multipartResolver matched:
      - @ConditionalOnMissingBean (types: org.springframework.web.multipart.MultipartResolver; SearchStrategy: all) did not find any beans (OnBeanCondition)

   NamedParameterJdbcTemplateConfiguration matched:
      - @ConditionalOnSingleCandidate (types: org.springframework.jdbc.core.JdbcTemplate; SearchStrategy: all) found a primary bean from beans 'jdbcTemplate'; @ConditionalOnMissingBean (types: org.springframework.jdbc.core.namedparam.NamedParameterJdbcOperations; SearchStrategy: all) did not find any beans (OnBeanCondition)

   NoOpCacheConfiguration matched:
      - Cache org.springframework.boot.autoconfigure.cache.NoOpCacheConfiguration automatic cache type (CacheCondition)

   OAuth2ResourceServerAutoConfiguration matched:
      - found 'session' scope (OnWebApplicationCondition)

   PersistenceExceptionTranslationAutoConfiguration matched:
      - @ConditionalOnClass found required class 'org.springframework.dao.annotation.PersistenceExceptionTranslationPostProcessor' (OnClassCondition)

   PersistenceExceptionTranslationAutoConfiguration#persistenceExceptionTranslationPostProcessor matched:
      - @ConditionalOnProperty (spring.dao.exceptiontranslation.enabled) matched (OnPropertyCondition)
      - @ConditionalOnMissingBean (types: org.springframework.dao.annotation.PersistenceExceptionTranslationPostProcessor; SearchStrategy: all) did not find any beans (OnBeanCondition)

   PropertyPlaceholderAutoConfiguration#propertySourcesPlaceholderConfigurer matched:
      - @ConditionalOnMissingBean (types: org.springframework.context.support.PropertySourcesPlaceholderConfigurer; SearchStrategy: current) did not find any beans (OnBeanCondition)

   RestTemplateAutoConfiguration matched:
      - @ConditionalOnClass found required class 'org.springframework.web.client.RestTemplate' (OnClassCondition)
      - NoneNestedConditions 0 matched 1 did not; NestedCondition on RestTemplateAutoConfiguration.NotReactiveWebApplicationCondition.ReactiveWebApplication did not find reactive web application classes (RestTemplateAutoConfiguration.NotReactiveWebApplicationCondition)

   RestTemplateAutoConfiguration#restTemplateBuilder matched:
      - @ConditionalOnMissingBean (types: org.springframework.boot.web.client.RestTemplateBuilder; SearchStrategy: all) did not find any beans (OnBeanCondition)

   SecurityAutoConfiguration matched:
      - @ConditionalOnClass found required class 'org.springframework.security.authentication.DefaultAuthenticationEventPublisher' (OnClassCondition)

   SecurityAutoConfiguration#authenticationEventPublisher matched:
      - @ConditionalOnMissingBean (types: org.springframework.security.authentication.AuthenticationEventPublisher; SearchStrategy: all) did not find any beans (OnBeanCondition)

   SecurityFilterAutoConfiguration matched:
      - @ConditionalOnClass found required classes 'org.springframework.security.web.context.AbstractSecurityWebApplicationInitializer', 'org.springframework.security.config.http.SessionCreationPolicy' (OnClassCondition)
      - found 'session' scope (OnWebApplicationCondition)

   SecurityFilterAutoConfiguration#securityFilterChainRegistration matched:
      - @ConditionalOnBean (names: springSecurityFilterChain; SearchStrategy: all) found bean 'springSecurityFilterChain' (OnBeanCondition)

   ServletWebServerFactoryAutoConfiguration matched:
      - @ConditionalOnClass found required class 'javax.servlet.ServletRequest' (OnClassCondition)
      - found 'session' scope (OnWebApplicationCondition)

   ServletWebServerFactoryAutoConfiguration#tomcatServletWebServerFactoryCustomizer matched:
      - @ConditionalOnClass found required class 'org.apache.catalina.startup.Tomcat' (OnClassCondition)

   ServletWebServerFactoryConfiguration.EmbeddedTomcat matched:
      - @ConditionalOnClass found required classes 'javax.servlet.Servlet', 'org.apache.catalina.startup.Tomcat', 'org.apache.coyote.UpgradeProtocol' (OnClassCondition)
      - @ConditionalOnMissingBean (types: org.springframework.boot.web.servlet.server.ServletWebServerFactory; SearchStrategy: current) did not find any beans (OnBeanCondition)

   SimpleCacheConfiguration matched:
      - Cache org.springframework.boot.autoconfigure.cache.SimpleCacheConfiguration automatic cache type (CacheCondition)

   SpringApplicationAdminJmxAutoConfiguration matched:
      - @ConditionalOnProperty (spring.application.admin.enabled=true) matched (OnPropertyCondition)

   SpringApplicationAdminJmxAutoConfiguration#springApplicationAdminRegistrar matched:
      - @ConditionalOnMissingBean (types: org.springframework.boot.admin.SpringApplicationAdminMXBeanRegistrar; SearchStrategy: all) did not find any beans (OnBeanCondition)

   SpringDataWebAutoConfiguration matched:
      - @ConditionalOnClass found required classes 'org.springframework.data.web.PageableHandlerMethodArgumentResolver', 'org.springframework.web.servlet.config.annotation.WebMvcConfigurer' (OnClassCondition)
      - found 'session' scope (OnWebApplicationCondition)
      - @ConditionalOnMissingBean (types: org.springframework.data.web.PageableHandlerMethodArgumentResolver; SearchStrategy: all) did not find any beans (OnBeanCondition)

   SpringDataWebAutoConfiguration#pageableCustomizer matched:
      - @ConditionalOnMissingBean (types: org.springframework.data.web.config.PageableHandlerMethodArgumentResolverCustomizer; SearchStrategy: all) did not find any beans (OnBeanCondition)

   SpringDataWebAutoConfiguration#sortCustomizer matched:
      - @ConditionalOnMissingBean (types: org.springframework.data.web.config.SortHandlerMethodArgumentResolverCustomizer; SearchStrategy: all) did not find any beans (OnBeanCondition)

   SpringLoggingAutoConfiguration#restTemplate matched:
      - @ConditionalOnMissingBean (types: org.springframework.web.client.RestTemplate; SearchStrategy: all) did not find any beans (OnBeanCondition)

   TaskExecutionAutoConfiguration matched:
      - @ConditionalOnClass found required class 'org.springframework.scheduling.concurrent.ThreadPoolTaskExecutor' (OnClassCondition)

   TaskExecutionAutoConfiguration#applicationTaskExecutor matched:
      - @ConditionalOnMissingBean (types: java.util.concurrent.Executor; SearchStrategy: all) did not find any beans (OnBeanCondition)

   TaskExecutionAutoConfiguration#taskExecutorBuilder matched:
      - @ConditionalOnMissingBean (types: org.springframework.boot.task.TaskExecutorBuilder; SearchStrategy: all) did not find any beans (OnBeanCondition)

   TaskSchedulingAutoConfiguration matched:
      - @ConditionalOnClass found required class 'org.springframework.scheduling.concurrent.ThreadPoolTaskScheduler' (OnClassCondition)

   TaskSchedulingAutoConfiguration#taskSchedulerBuilder matched:
      - @ConditionalOnMissingBean (types: org.springframework.boot.task.TaskSchedulerBuilder; SearchStrategy: all) did not find any beans (OnBeanCondition)

   TransactionAutoConfiguration matched:
      - @ConditionalOnClass found required class 'org.springframework.transaction.PlatformTransactionManager' (OnClassCondition)

   TransactionAutoConfiguration#platformTransactionManagerCustomizers matched:
      - @ConditionalOnMissingBean (types: org.springframework.boot.autoconfigure.transaction.TransactionManagerCustomizers; SearchStrategy: all) did not find any beans (OnBeanCondition)

   TransactionAutoConfiguration.EnableTransactionManagementConfiguration matched:
      - @ConditionalOnBean (types: org.springframework.transaction.TransactionManager; SearchStrategy: all) found bean 'transactionManager'; @ConditionalOnMissingBean (types: org.springframework.transaction.annotation.AbstractTransactionManagementConfiguration; SearchStrategy: all) did not find any beans (OnBeanCondition)

   TransactionAutoConfiguration.EnableTransactionManagementConfiguration.CglibAutoProxyConfiguration matched:
      - @ConditionalOnProperty (spring.aop.proxy-target-class=true) matched (OnPropertyCondition)

   TransactionAutoConfiguration.TransactionTemplateConfiguration matched:
      - @ConditionalOnSingleCandidate (types: org.springframework.transaction.PlatformTransactionManager; SearchStrategy: all) found a primary bean from beans 'transactionManager' (OnBeanCondition)

   TransactionAutoConfiguration.TransactionTemplateConfiguration#transactionTemplate matched:
      - @ConditionalOnMissingBean (types: org.springframework.transaction.support.TransactionOperations; SearchStrategy: all) did not find any beans (OnBeanCondition)

   WebMvcAutoConfiguration matched:
      - @ConditionalOnClass found required classes 'javax.servlet.Servlet', 'org.springframework.web.servlet.DispatcherServlet', 'org.springframework.web.servlet.config.annotation.WebMvcConfigurer' (OnClassCondition)
      - found 'session' scope (OnWebApplicationCondition)
      - @ConditionalOnMissingBean (types: org.springframework.web.servlet.config.annotation.WebMvcConfigurationSupport; SearchStrategy: all) did not find any beans (OnBeanCondition)

   WebMvcAutoConfiguration#formContentFilter matched:
      - @ConditionalOnProperty (spring.mvc.formcontent.filter.enabled) matched (OnPropertyCondition)
      - @ConditionalOnMissingBean (types: org.springframework.web.filter.FormContentFilter; SearchStrategy: all) did not find any beans (OnBeanCondition)

   WebMvcAutoConfiguration.WebMvcAutoConfigurationAdapter#defaultViewResolver matched:
      - @ConditionalOnMissingBean (types: org.springframework.web.servlet.view.InternalResourceViewResolver; SearchStrategy: all) did not find any beans (OnBeanCondition)

   WebMvcAutoConfiguration.WebMvcAutoConfigurationAdapter#requestContextFilter matched:
      - @ConditionalOnMissingBean (types: org.springframework.web.context.request.RequestContextListener,org.springframework.web.filter.RequestContextFilter; SearchStrategy: all) did not find any beans (OnBeanCondition)

   WebMvcAutoConfiguration.WebMvcAutoConfigurationAdapter#viewResolver matched:
      - @ConditionalOnBean (types: org.springframework.web.servlet.ViewResolver; SearchStrategy: all) found beans 'defaultViewResolver', 'beanNameViewResolver', 'mvcViewResolver'; @ConditionalOnMissingBean (names: viewResolver types: org.springframework.web.servlet.view.ContentNegotiatingViewResolver; SearchStrategy: all) did not find any beans (OnBeanCondition)

   WebSocketServletAutoConfiguration matched:
      - @ConditionalOnClass found required classes 'javax.servlet.Servlet', 'javax.websocket.server.ServerContainer' (OnClassCondition)
      - found 'session' scope (OnWebApplicationCondition)

   WebSocketServletAutoConfiguration.TomcatWebSocketConfiguration matched:
      - @ConditionalOnClass found required classes 'org.apache.catalina.startup.Tomcat', 'org.apache.tomcat.websocket.server.WsSci' (OnClassCondition)

   WebSocketServletAutoConfiguration.TomcatWebSocketConfiguration#websocketServletWebServerCustomizer matched:
      - @ConditionalOnMissingBean (names: websocketServletWebServerCustomizer; SearchStrategy: all) did not find any beans (OnBeanCondition)


Negative matches:
-----------------

   ActiveMQAutoConfiguration:
      Did not match:
         - @ConditionalOnClass did not find required class 'javax.jms.ConnectionFactory' (OnClassCondition)

   AopAutoConfiguration.AspectJAutoProxyingConfiguration.JdkDynamicAutoProxyConfiguration:
      Did not match:
         - @ConditionalOnProperty (spring.aop.proxy-target-class=false) did not find property 'proxy-target-class' (OnPropertyCondition)

   AopAutoConfiguration.ClassProxyingConfiguration:
      Did not match:
         - @ConditionalOnMissingClass found unwanted class 'org.aspectj.weaver.Advice' (OnClassCondition)

   ArtemisAutoConfiguration:
      Did not match:
         - @ConditionalOnClass did not find required class 'javax.jms.ConnectionFactory' (OnClassCondition)

   AtomikosJtaConfiguration:
      Did not match:
         - @ConditionalOnClass did not find required class 'com.atomikos.icatch.jta.UserTransactionManager' (OnClassCondition)

   BatchAutoConfiguration:
      Did not match:
         - @ConditionalOnClass did not find required class 'org.springframework.batch.core.launch.JobLauncher' (OnClassCondition)

   BitronixJtaConfiguration:
      Did not match:
         - @ConditionalOnClass did not find required class 'bitronix.tm.jndi.BitronixContext' (OnClassCondition)

   CacheAutoConfiguration:
      Did not match:
         - @ConditionalOnBean (types: org.springframework.cache.interceptor.CacheAspectSupport; SearchStrategy: all) did not find any beans of type org.springframework.cache.interceptor.CacheAspectSupport (OnBeanCondition)
      Matched:
         - @ConditionalOnClass found required class 'org.springframework.cache.CacheManager' (OnClassCondition)

   CacheAutoConfiguration.CacheManagerEntityManagerFactoryDependsOnPostProcessor:
      Did not match:
         - Ancestor org.springframework.boot.autoconfigure.cache.CacheAutoConfiguration did not match (ConditionEvaluationReport.AncestorsMatchedCondition)
      Matched:
         - @ConditionalOnClass found required class 'org.springframework.orm.jpa.LocalContainerEntityManagerFactoryBean' (OnClassCondition)

   CaffeineCacheConfiguration:
      Did not match:
         - @ConditionalOnClass did not find required class 'com.github.benmanes.caffeine.cache.Caffeine' (OnClassCondition)

   CassandraAutoConfiguration:
      Did not match:
         - @ConditionalOnClass did not find required class 'com.datastax.oss.driver.api.core.CqlSession' (OnClassCondition)

   CassandraDataAutoConfiguration:
      Did not match:
         - @ConditionalOnClass did not find required class 'com.datastax.oss.driver.api.core.CqlSession' (OnClassCondition)

   CassandraReactiveDataAutoConfiguration:
      Did not match:
         - @ConditionalOnClass did not find required class 'com.datastax.oss.driver.api.core.CqlSession' (OnClassCondition)

   CassandraReactiveRepositoriesAutoConfiguration:
      Did not match:
         - @ConditionalOnClass did not find required class 'org.springframework.data.cassandra.ReactiveSession' (OnClassCondition)

   CassandraRepositoriesAutoConfiguration:
      Did not match:
         - @ConditionalOnClass did not find required class 'com.datastax.oss.driver.api.core.CqlSession' (OnClassCondition)

   ClientHttpConnectorAutoConfiguration:
      Did not match:
         - @ConditionalOnClass did not find required class 'org.springframework.web.reactive.function.client.WebClient' (OnClassCondition)

   CodecsAutoConfiguration:
      Did not match:
         - @ConditionalOnClass did not find required class 'org.springframework.web.reactive.function.client.WebClient' (OnClassCondition)

   CouchbaseAutoConfiguration:
      Did not match:
         - @ConditionalOnClass did not find required class 'com.couchbase.client.java.Cluster' (OnClassCondition)

   CouchbaseCacheConfiguration:
      Did not match:
         - @ConditionalOnClass did not find required class 'com.couchbase.client.java.Cluster' (OnClassCondition)

   CouchbaseDataAutoConfiguration:
      Did not match:
         - @ConditionalOnClass did not find required class 'com.couchbase.client.java.Bucket' (OnClassCondition)

   CouchbaseReactiveDataAutoConfiguration:
      Did not match:
         - @ConditionalOnClass did not find required class 'com.couchbase.client.java.Cluster' (OnClassCondition)

   CouchbaseReactiveRepositoriesAutoConfiguration:
      Did not match:
         - @ConditionalOnClass did not find required class 'com.couchbase.client.java.Cluster' (OnClassCondition)

   CouchbaseRepositoriesAutoConfiguration:
      Did not match:
         - @ConditionalOnClass did not find required class 'com.couchbase.client.java.Bucket' (OnClassCondition)

   DataSourceAutoConfiguration.EmbeddedDatabaseConfiguration:
      Did not match:
         - EmbeddedDataSource spring.datasource.url is set (DataSourceAutoConfiguration.EmbeddedDatabaseCondition)

   DataSourceConfiguration.Dbcp2:
      Did not match:
         - @ConditionalOnClass did not find required class 'org.apache.commons.dbcp2.BasicDataSource' (OnClassCondition)

   DataSourceConfiguration.Generic:
      Did not match:
         - @ConditionalOnProperty (spring.datasource.type) did not find property 'spring.datasource.type' (OnPropertyCondition)

   DataSourceConfiguration.Tomcat:
      Did not match:
         - @ConditionalOnClass did not find required class 'org.apache.tomcat.jdbc.pool.DataSource' (OnClassCondition)

   DataSourceJmxConfiguration.TomcatDataSourceJmxConfiguration:
      Did not match:
         - @ConditionalOnClass did not find required class 'org.apache.tomcat.jdbc.pool.DataSourceProxy' (OnClassCondition)

   DataSourcePoolMetadataProvidersConfiguration.CommonsDbcp2PoolDataSourceMetadataProviderConfiguration:
      Did not match:
         - @ConditionalOnClass did not find required class 'org.apache.commons.dbcp2.BasicDataSource' (OnClassCondition)

   DataSourcePoolMetadataProvidersConfiguration.TomcatDataSourcePoolMetadataProviderConfiguration:
      Did not match:
         - @ConditionalOnClass did not find required class 'org.apache.tomcat.jdbc.pool.DataSource' (OnClassCondition)

   DataSourceTransactionManagerAutoConfiguration.DataSourceTransactionManagerConfiguration#transactionManager:
      Did not match:
         - @ConditionalOnMissingBean (types: org.springframework.transaction.PlatformTransactionManager; SearchStrategy: all) found beans of type 'org.springframework.transaction.PlatformTransactionManager' transactionManager (OnBeanCondition)

   DispatcherServletAutoConfiguration.DispatcherServletConfiguration#multipartResolver:
      Did not match:
         - @ConditionalOnBean (types: org.springframework.web.multipart.MultipartResolver; SearchStrategy: all) did not find any beans of type org.springframework.web.multipart.MultipartResolver (OnBeanCondition)

   EhCacheCacheConfiguration:
      Did not match:
         - @ConditionalOnClass did not find required class 'net.sf.ehcache.Cache' (OnClassCondition)

   ElasticsearchDataAutoConfiguration:
      Did not match:
         - @ConditionalOnClass did not find required class 'org.springframework.data.elasticsearch.core.ElasticsearchTemplate' (OnClassCondition)

   ElasticsearchRepositoriesAutoConfiguration:
      Did not match:
         - @ConditionalOnClass did not find required class 'org.elasticsearch.client.Client' (OnClassCondition)

   ElasticsearchRestClientAutoConfiguration:
      Did not match:
         - @ConditionalOnClass did not find required class 'org.elasticsearch.client.RestClient' (OnClassCondition)

   EmbeddedLdapAutoConfiguration:
      Did not match:
         - @ConditionalOnClass did not find required class 'com.unboundid.ldap.listener.InMemoryDirectoryServer' (OnClassCondition)

   EmbeddedMongoAutoConfiguration:
      Did not match:
         - @ConditionalOnClass did not find required class 'com.mongodb.MongoClientSettings' (OnClassCondition)

   EmbeddedWebServerFactoryCustomizerAutoConfiguration.JettyWebServerFactoryCustomizerConfiguration:
      Did not match:
         - @ConditionalOnClass did not find required classes 'org.eclipse.jetty.server.Server', 'org.eclipse.jetty.util.Loader', 'org.eclipse.jetty.webapp.WebAppContext' (OnClassCondition)

   EmbeddedWebServerFactoryCustomizerAutoConfiguration.NettyWebServerFactoryCustomizerConfiguration:
      Did not match:
         - @ConditionalOnClass did not find required class 'reactor.netty.http.server.HttpServer' (OnClassCondition)

   EmbeddedWebServerFactoryCustomizerAutoConfiguration.UndertowWebServerFactoryCustomizerConfiguration:
      Did not match:
         - @ConditionalOnClass did not find required classes 'io.undertow.Undertow', 'org.xnio.SslClientAuthMode' (OnClassCondition)

   ErrorWebFluxAutoConfiguration:
      Did not match:
         - @ConditionalOnClass did not find required class 'org.springframework.web.reactive.config.WebFluxConfigurer' (OnClassCondition)

   FlywayAutoConfiguration:
      Did not match:
         - @ConditionalOnClass did not find required class 'org.flywaydb.core.Flyway' (OnClassCondition)

   FreeMarkerAutoConfiguration:
      Did not match:
         - @ConditionalOnClass did not find required class 'freemarker.template.Configuration' (OnClassCondition)

   GroovyTemplateAutoConfiguration:
      Did not match:
         - @ConditionalOnClass did not find required class 'groovy.text.markup.MarkupTemplateEngine' (OnClassCondition)

   GsonHttpMessageConvertersConfiguration.GsonHttpMessageConverterConfiguration:
      Did not match:
         - AnyNestedCondition 0 matched 2 did not; NestedCondition on GsonHttpMessageConvertersConfiguration.PreferGsonOrJacksonAndJsonbUnavailableCondition.JacksonJsonbUnavailable NoneNestedConditions 1 matched 1 did not; NestedCondition on GsonHttpMessageConvertersConfiguration.JacksonAndJsonbUnavailableCondition.JsonbPreferred @ConditionalOnProperty (spring.mvc.converters.preferred-json-mapper=jsonb) did not find property 'spring.mvc.converters.preferred-json-mapper'; NestedCondition on GsonHttpMessageConvertersConfiguration.JacksonAndJsonbUnavailableCondition.JacksonAvailable @ConditionalOnBean (types: org.springframework.http.converter.json.MappingJackson2HttpMessageConverter; SearchStrategy: all) found bean 'mappingJackson2HttpMessageConverter'; NestedCondition on GsonHttpMessageConvertersConfiguration.PreferGsonOrJacksonAndJsonbUnavailableCondition.GsonPreferred @ConditionalOnProperty (spring.mvc.converters.preferred-json-mapper=gson) did not find property 'spring.mvc.converters.preferred-json-mapper' (GsonHttpMessageConvertersConfiguration.PreferGsonOrJacksonAndJsonbUnavailableCondition)

   H2ConsoleAutoConfiguration:
      Did not match:
         - @ConditionalOnClass did not find required class 'org.h2.server.web.WebServlet' (OnClassCondition)

   HazelcastAutoConfiguration:
      Did not match:
         - @ConditionalOnClass did not find required class 'com.hazelcast.core.HazelcastInstance' (OnClassCondition)

   HazelcastCacheConfiguration:
      Did not match:
         - @ConditionalOnClass did not find required class 'com.hazelcast.core.HazelcastInstance' (OnClassCondition)

   HazelcastJpaDependencyAutoConfiguration:
      Did not match:
         - @ConditionalOnClass did not find required class 'com.hazelcast.core.HazelcastInstance' (OnClassCondition)

   HttpHandlerAutoConfiguration:
      Did not match:
         - @ConditionalOnClass did not find required class 'org.springframework.web.reactive.DispatcherHandler' (OnClassCondition)

   HypermediaAutoConfiguration:
      Did not match:
         - @ConditionalOnClass did not find required class 'org.springframework.hateoas.EntityModel' (OnClassCondition)

   InfinispanCacheConfiguration:
      Did not match:
         - @ConditionalOnClass did not find required class 'org.infinispan.spring.embedded.provider.SpringEmbeddedCacheManager' (OnClassCondition)

   InfluxDbAutoConfiguration:
      Did not match:
         - @ConditionalOnClass did not find required class 'org.influxdb.InfluxDB' (OnClassCondition)

   IntegrationAutoConfiguration:
      Did not match:
         - @ConditionalOnClass did not find required class 'org.springframework.integration.config.EnableIntegration' (OnClassCondition)

   JCacheCacheConfiguration:
      Did not match:
         - @ConditionalOnClass did not find required class 'javax.cache.Caching' (OnClassCondition)

   JacksonHttpMessageConvertersConfiguration.MappingJackson2XmlHttpMessageConverterConfiguration:
      Did not match:
         - @ConditionalOnClass did not find required class 'com.fasterxml.jackson.dataformat.xml.XmlMapper' (OnClassCondition)

   JdbcRepositoriesAutoConfiguration:
      Did not match:
         - @ConditionalOnClass did not find required class 'org.springframework.data.jdbc.repository.config.AbstractJdbcConfiguration' (OnClassCondition)

   JerseyAutoConfiguration:
      Did not match:
         - @ConditionalOnClass did not find required class 'org.glassfish.jersey.server.spring.SpringComponentProvider' (OnClassCondition)

   JmsAutoConfiguration:
      Did not match:
         - @ConditionalOnClass did not find required class 'javax.jms.Message' (OnClassCondition)

   JndiConnectionFactoryAutoConfiguration:
      Did not match:
         - @ConditionalOnClass did not find required class 'org.springframework.jms.core.JmsTemplate' (OnClassCondition)

   JndiDataSourceAutoConfiguration:
      Did not match:
         - @ConditionalOnProperty (spring.datasource.jndi-name) did not find property 'jndi-name' (OnPropertyCondition)
      Matched:
         - @ConditionalOnClass found required classes 'javax.sql.DataSource', 'org.springframework.jdbc.datasource.embedded.EmbeddedDatabaseType' (OnClassCondition)

   JndiJtaConfiguration:
      Did not match:
         - @ConditionalOnJndi JNDI environment is not available (OnJndiCondition)
      Matched:
         - @ConditionalOnClass found required class 'org.springframework.transaction.jta.JtaTransactionManager' (OnClassCondition)

   JooqAutoConfiguration:
      Did not match:
         - @ConditionalOnClass did not find required class 'org.jooq.DSLContext' (OnClassCondition)

   JsonbAutoConfiguration:
      Did not match:
         - @ConditionalOnClass did not find required class 'javax.json.bind.Jsonb' (OnClassCondition)

   JsonbHttpMessageConvertersConfiguration:
      Did not match:
         - @ConditionalOnClass did not find required class 'javax.json.bind.Jsonb' (OnClassCondition)

   KafkaAutoConfiguration:
      Did not match:
         - @ConditionalOnClass did not find required class 'org.springframework.kafka.core.KafkaTemplate' (OnClassCondition)

   LdapAutoConfiguration:
      Did not match:
         - @ConditionalOnClass did not find required class 'org.springframework.ldap.core.ContextSource' (OnClassCondition)

   LdapRepositoriesAutoConfiguration:
      Did not match:
         - @ConditionalOnClass did not find required class 'org.springframework.data.ldap.repository.LdapRepository' (OnClassCondition)

   LiquibaseAutoConfiguration:
      Did not match:
         - @ConditionalOnClass did not find required class 'liquibase.change.DatabaseChange' (OnClassCondition)

   MailSenderJndiConfiguration:
      Did not match:
         - @ConditionalOnProperty (spring.mail.jndi-name) did not find property 'jndi-name' (OnPropertyCondition)
      Matched:
         - @ConditionalOnClass found required class 'javax.mail.Session' (OnClassCondition)

   MailSenderValidatorAutoConfiguration:
      Did not match:
         - @ConditionalOnProperty (spring.mail.test-connection) did not find property 'test-connection' (OnPropertyCondition)

   MessageSourceAutoConfiguration:
      Did not match:
         - ResourceBundle did not find bundle with basename messages (MessageSourceAutoConfiguration.ResourceBundleCondition)

   MongoAutoConfiguration:
      Did not match:
         - @ConditionalOnClass did not find required class 'com.mongodb.client.MongoClient' (OnClassCondition)

   MongoDataAutoConfiguration:
      Did not match:
         - @ConditionalOnClass did not find required class 'com.mongodb.client.MongoClient' (OnClassCondition)

   MongoReactiveAutoConfiguration:
      Did not match:
         - @ConditionalOnClass did not find required class 'com.mongodb.reactivestreams.client.MongoClient' (OnClassCondition)

   MongoReactiveDataAutoConfiguration:
      Did not match:
         - @ConditionalOnClass did not find required class 'com.mongodb.reactivestreams.client.MongoClient' (OnClassCondition)

   MongoReactiveRepositoriesAutoConfiguration:
      Did not match:
         - @ConditionalOnClass did not find required class 'com.mongodb.reactivestreams.client.MongoClient' (OnClassCondition)

   MongoRepositoriesAutoConfiguration:
      Did not match:
         - @ConditionalOnClass did not find required class 'com.mongodb.client.MongoClient' (OnClassCondition)

   MustacheAutoConfiguration:
      Did not match:
         - @ConditionalOnClass did not find required class 'com.samskivert.mustache.Mustache' (OnClassCondition)

   Neo4jDataAutoConfiguration:
      Did not match:
         - @ConditionalOnClass did not find required class 'org.neo4j.ogm.session.SessionFactory' (OnClassCondition)

   Neo4jRepositoriesAutoConfiguration:
      Did not match:
         - @ConditionalOnClass did not find required class 'org.neo4j.ogm.session.Neo4jSession' (OnClassCondition)

   OAuth2ClientAutoConfiguration:
      Did not match:
         - @ConditionalOnClass did not find required class 'org.springframework.security.oauth2.client.registration.ClientRegistration' (OnClassCondition)

   Oauth2ResourceServerConfiguration.JwtConfiguration:
      Did not match:
         - @ConditionalOnClass did not find required classes 'org.springframework.security.oauth2.server.resource.authentication.JwtAuthenticationToken', 'org.springframework.security.oauth2.jwt.JwtDecoder' (OnClassCondition)

   Oauth2ResourceServerConfiguration.OpaqueTokenConfiguration:
      Did not match:
         - @ConditionalOnClass did not find required classes 'org.springframework.security.oauth2.server.resource.BearerTokenAuthenticationToken', 'org.springframework.security.oauth2.server.resource.introspection.OpaqueTokenIntrospector' (OnClassCondition)

   ProjectInfoAutoConfiguration#buildProperties:
      Did not match:
         - @ConditionalOnResource did not find resource '${spring.info.build.location:classpath:META-INF/build-info.properties}' (OnResourceCondition)

   ProjectInfoAutoConfiguration#gitProperties:
      Did not match:
         - GitResource did not find git info at classpath:git.properties (ProjectInfoAutoConfiguration.GitResourceAvailableCondition)

   QuartzAutoConfiguration:
      Did not match:
         - @ConditionalOnClass did not find required class 'org.quartz.Scheduler' (OnClassCondition)

   R2dbcAutoConfiguration:
      Did not match:
         - @ConditionalOnClass did not find required class 'io.r2dbc.spi.ConnectionFactory' (OnClassCondition)

   R2dbcDataAutoConfiguration:
      Did not match:
         - @ConditionalOnClass did not find required class 'org.springframework.data.r2dbc.core.DatabaseClient' (OnClassCondition)

   R2dbcRepositoriesAutoConfiguration:
      Did not match:
         - @ConditionalOnClass did not find required class 'io.r2dbc.spi.ConnectionFactory' (OnClassCondition)

   R2dbcTransactionManagerAutoConfiguration:
      Did not match:
         - @ConditionalOnClass did not find required class 'org.springframework.data.r2dbc.connectionfactory.R2dbcTransactionManager' (OnClassCondition)

   RSocketMessagingAutoConfiguration:
      Did not match:
         - @ConditionalOnClass did not find required class 'io.rsocket.RSocketFactory' (OnClassCondition)

   RSocketRequesterAutoConfiguration:
      Did not match:
         - @ConditionalOnClass did not find required class 'io.rsocket.RSocketFactory' (OnClassCondition)

   RSocketSecurityAutoConfiguration:
      Did not match:
         - @ConditionalOnClass did not find required class 'org.springframework.security.rsocket.core.SecuritySocketAcceptorInterceptor' (OnClassCondition)

   RSocketServerAutoConfiguration:
      Did not match:
         - @ConditionalOnClass did not find required class 'io.rsocket.core.RSocketServer' (OnClassCondition)

   RSocketStrategiesAutoConfiguration:
      Did not match:
         - @ConditionalOnClass did not find required class 'io.netty.buffer.PooledByteBufAllocator' (OnClassCondition)

   RabbitAutoConfiguration:
      Did not match:
         - @ConditionalOnClass did not find required class 'com.rabbitmq.client.Channel' (OnClassCondition)

   ReactiveElasticsearchRepositoriesAutoConfiguration:
      Did not match:
         - @ConditionalOnClass did not find required class 'org.springframework.data.elasticsearch.client.reactive.ReactiveElasticsearchClient' (OnClassCondition)

   ReactiveElasticsearchRestClientAutoConfiguration:
      Did not match:
         - @ConditionalOnClass did not find required class 'reactor.netty.http.client.HttpClient' (OnClassCondition)

   ReactiveOAuth2ClientAutoConfiguration:
      Did not match:
         - @ConditionalOnClass did not find required class 'reactor.core.publisher.Flux' (OnClassCondition)

   ReactiveOAuth2ResourceServerAutoConfiguration:
      Did not match:
         - @ConditionalOnWebApplication did not find reactive web application classes (OnWebApplicationCondition)

   ReactiveSecurityAutoConfiguration:
      Did not match:
         - @ConditionalOnClass did not find required class 'reactor.core.publisher.Flux' (OnClassCondition)

   ReactiveUserDetailsServiceAutoConfiguration:
      Did not match:
         - AnyNestedCondition 0 matched 2 did not; NestedCondition on ReactiveUserDetailsServiceAutoConfiguration.ReactiveUserDetailsServiceCondition.ReactiveWebApplicationCondition did not find reactive web application classes; NestedCondition on ReactiveUserDetailsServiceAutoConfiguration.ReactiveUserDetailsServiceCondition.RSocketSecurityEnabledCondition @ConditionalOnBean (types: org.springframework.messaging.rsocket.annotation.support.RSocketMessageHandler; SearchStrategy: all) did not find any beans of type org.springframework.messaging.rsocket.annotation.support.RSocketMessageHandler (ReactiveUserDetailsServiceAutoConfiguration.ReactiveUserDetailsServiceCondition)
      Matched:
         - @ConditionalOnClass found required class 'org.springframework.security.authentication.ReactiveAuthenticationManager' (OnClassCondition)

   ReactiveWebServerFactoryAutoConfiguration:
      Did not match:
         - @ConditionalOnWebApplication did not find reactive web application classes (OnWebApplicationCondition)

   RedisAutoConfiguration:
      Did not match:
         - @ConditionalOnClass did not find required class 'org.springframework.data.redis.core.RedisOperations' (OnClassCondition)

   RedisCacheConfiguration:
      Did not match:
         - @ConditionalOnClass did not find required class 'org.springframework.data.redis.connection.RedisConnectionFactory' (OnClassCondition)

   RedisReactiveAutoConfiguration:
      Did not match:
         - @ConditionalOnClass did not find required class 'reactor.core.publisher.Flux' (OnClassCondition)

   RedisRepositoriesAutoConfiguration:
      Did not match:
         - @ConditionalOnClass did not find required class 'org.springframework.data.redis.repository.configuration.EnableRedisRepositories' (OnClassCondition)

   RepositoryRestMvcAutoConfiguration:
      Did not match:
         - @ConditionalOnClass did not find required class 'org.springframework.data.rest.webmvc.config.RepositoryRestMvcConfiguration' (OnClassCondition)

   Saml2RelyingPartyAutoConfiguration:
      Did not match:
         - @ConditionalOnClass did not find required class 'org.springframework.security.saml2.provider.service.registration.RelyingPartyRegistrationRepository' (OnClassCondition)

   SecurityDataConfiguration:
      Did not match:
         - @ConditionalOnClass did not find required class 'org.springframework.security.data.repository.query.SecurityEvaluationContextExtension' (OnClassCondition)

   SendGridAutoConfiguration:
      Did not match:
         - @ConditionalOnClass did not find required class 'com.sendgrid.SendGrid' (OnClassCondition)

   ServletWebServerFactoryAutoConfiguration#forwardedHeaderFilter:
      Did not match:
         - @ConditionalOnProperty (server.forward-headers-strategy=framework) did not find property 'server.forward-headers-strategy' (OnPropertyCondition)

   ServletWebServerFactoryConfiguration.EmbeddedJetty:
      Did not match:
         - @ConditionalOnClass did not find required classes 'org.eclipse.jetty.server.Server', 'org.eclipse.jetty.util.Loader', 'org.eclipse.jetty.webapp.WebAppContext' (OnClassCondition)

   ServletWebServerFactoryConfiguration.EmbeddedUndertow:
      Did not match:
         - @ConditionalOnClass did not find required classes 'io.undertow.Undertow', 'org.xnio.SslClientAuthMode' (OnClassCondition)

   SessionAutoConfiguration:
      Did not match:
         - @ConditionalOnClass did not find required class 'org.springframework.session.Session' (OnClassCondition)

   SolrAutoConfiguration:
      Did not match:
         - @ConditionalOnClass did not find required class 'org.apache.solr.client.solrj.impl.CloudSolrClient' (OnClassCondition)

   SolrRepositoriesAutoConfiguration:
      Did not match:
         - @ConditionalOnClass did not find required class 'org.apache.solr.client.solrj.SolrClient' (OnClassCondition)

   SpringBootWebSecurityConfiguration:
      Did not match:
         - @ConditionalOnMissingBean (types: org.springframework.security.config.annotation.web.configuration.WebSecurityConfigurerAdapter; SearchStrategy: all) found beans of type 'org.springframework.security.config.annotation.web.configuration.WebSecurityConfigurerAdapter' webSecurityConfig (OnBeanCondition)
      Matched:
         - @ConditionalOnClass found required class 'org.springframework.security.config.annotation.web.configuration.WebSecurityConfigurerAdapter' (OnClassCondition)
         - found 'session' scope (OnWebApplicationCondition)

   SpringLoggingAutoConfiguration#logstashAppender:
      Did not match:
         - @ConditionalOnProperty (logging.logstash.enabled) did not find property 'logging.logstash.enabled' (OnPropertyCondition)

   TaskSchedulingAutoConfiguration#taskScheduler:
      Did not match:
         - @ConditionalOnBean (names: org.springframework.context.annotation.internalScheduledAnnotationProcessor; SearchStrategy: all) did not find any beans named org.springframework.context.annotation.internalScheduledAnnotationProcessor (OnBeanCondition)

   ThymeleafAutoConfiguration:
      Did not match:
         - @ConditionalOnClass did not find required class 'org.thymeleaf.spring5.SpringTemplateEngine' (OnClassCondition)

   TransactionAutoConfiguration#transactionalOperator:
      Did not match:
         - @ConditionalOnSingleCandidate (types: org.springframework.transaction.ReactiveTransactionManager; SearchStrategy: all) did not find any beans (OnBeanCondition)

   TransactionAutoConfiguration.EnableTransactionManagementConfiguration.JdkDynamicAutoProxyConfiguration:
      Did not match:
         - @ConditionalOnProperty (spring.aop.proxy-target-class=false) did not find property 'proxy-target-class' (OnPropertyCondition)

   UserDetailsServiceAutoConfiguration:
      Did not match:
         - @ConditionalOnMissingBean (types: org.springframework.security.authentication.AuthenticationManager,org.springframework.security.authentication.AuthenticationProvider,org.springframework.security.core.userdetails.UserDetailsService,org.springframework.security.oauth2.jwt.JwtDecoder,org.springframework.security.oauth2.server.resource.introspection.OpaqueTokenIntrospector; SearchStrategy: all) found beans of type 'org.springframework.security.authentication.AuthenticationManager' authenticationManagerBean and found beans of type 'org.springframework.security.core.userdetails.UserDetailsService' userService (OnBeanCondition)
      Matched:
         - @ConditionalOnClass found required class 'org.springframework.security.authentication.AuthenticationManager' (OnClassCondition)

   ValidationAutoConfiguration:
      Did not match:
         - @ConditionalOnClass did not find required class 'javax.validation.executable.ExecutableValidator' (OnClassCondition)

   WebClientAutoConfiguration:
      Did not match:
         - @ConditionalOnClass did not find required class 'org.springframework.web.reactive.function.client.WebClient' (OnClassCondition)

   WebFluxAutoConfiguration:
      Did not match:
         - @ConditionalOnClass did not find required class 'org.springframework.web.reactive.config.WebFluxConfigurer' (OnClassCondition)

   WebMvcAutoConfiguration#hiddenHttpMethodFilter:
      Did not match:
         - @ConditionalOnProperty (spring.mvc.hiddenmethod.filter.enabled) did not find property 'enabled' (OnPropertyCondition)

   WebMvcAutoConfiguration.ResourceChainCustomizerConfiguration:
      Did not match:
         - @ConditionalOnEnabledResourceChain did not find class org.webjars.WebJarAssetLocator (OnEnabledResourceChainCondition)

   WebMvcAutoConfiguration.WebMvcAutoConfigurationAdapter#beanNameViewResolver:
      Did not match:
         - @ConditionalOnMissingBean (types: org.springframework.web.servlet.view.BeanNameViewResolver; SearchStrategy: all) found beans of type 'org.springframework.web.servlet.view.BeanNameViewResolver' beanNameViewResolver (OnBeanCondition)

   WebMvcAutoConfiguration.WebMvcAutoConfigurationAdapter#localeResolver:
      Did not match:
         - @ConditionalOnProperty (spring.mvc.locale) did not find property 'locale' (OnPropertyCondition)

   WebSecurityEnablerConfiguration:
      Did not match:
         - @ConditionalOnMissingBean (names: springSecurityFilterChain; SearchStrategy: all) found beans named springSecurityFilterChain (OnBeanCondition)
      Matched:
         - found 'session' scope (OnWebApplicationCondition)

   WebServiceTemplateAutoConfiguration:
      Did not match:
         - @ConditionalOnClass did not find required class 'org.springframework.oxm.Marshaller' (OnClassCondition)

   WebServicesAutoConfiguration:
      Did not match:
         - @ConditionalOnClass did not find required class 'org.springframework.ws.transport.http.MessageDispatcherServlet' (OnClassCondition)

   WebSocketMessagingAutoConfiguration:
      Did not match:
         - @ConditionalOnClass did not find required class 'org.springframework.web.socket.config.annotation.WebSocketMessageBrokerConfigurer' (OnClassCondition)

   WebSocketReactiveAutoConfiguration:
      Did not match:
         - @ConditionalOnWebApplication did not find reactive web application classes (OnWebApplicationCondition)

   WebSocketServletAutoConfiguration.JettyWebSocketConfiguration:
      Did not match:
         - @ConditionalOnClass did not find required class 'org.eclipse.jetty.websocket.jsr356.server.deploy.WebSocketServerContainerInitializer' (OnClassCondition)

   WebSocketServletAutoConfiguration.UndertowWebSocketConfiguration:
      Did not match:
         - @ConditionalOnClass did not find required class 'io.undertow.websockets.jsr.Bootstrap' (OnClassCondition)

   XADataSourceAutoConfiguration:
      Did not match:
         - @ConditionalOnBean (types: org.springframework.boot.jdbc.XADataSourceWrapper; SearchStrategy: all) did not find any beans of type org.springframework.boot.jdbc.XADataSourceWrapper (OnBeanCondition)
      Matched:
         - @ConditionalOnClass found required classes 'javax.sql.DataSource', 'javax.transaction.TransactionManager', 'org.springframework.jdbc.datasource.embedded.EmbeddedDatabaseType' (OnClassCondition)


Exclusions:
-----------

    None


Unconditional classes:
----------------------

    org.springframework.boot.autoconfigure.context.ConfigurationPropertiesAutoConfiguration

    org.springframework.boot.autoconfigure.context.LifecycleAutoConfiguration

    org.springframework.boot.autoconfigure.context.PropertyPlaceholderAutoConfiguration

    com.booking.logger.SpringLoggingAutoConfiguration

    org.springframework.boot.autoconfigure.availability.ApplicationAvailabilityAutoConfiguration

    org.springframework.boot.autoconfigure.info.ProjectInfoAutoConfiguration



2024-07-16 23:43:52,815 INFO org.springframework.boot.StartupInfoLogger [main] Started BookingApplication in 11.608 seconds (JVM running for 13.804)
2024-07-16 23:43:52,952 DEBUG sun.rmi.runtime.Log$LoggerLog [RMI TCP Connection(2)-127.0.0.1] RMI TCP Connection(2)-127.0.0.1: (port 53259) op = 82
2024-07-16 23:43:52,953 DEBUG sun.rmi.runtime.Log$LoggerLog [RMI TCP Connection(2)-127.0.0.1] RMI TCP Connection(2)-127.0.0.1: (port 53259) op = 80
2024-07-16 23:43:52,953 DEBUG sun.rmi.runtime.Log$LoggerLog [RMI TCP Connection(2)-127.0.0.1] RMI TCP Connection(2)-127.0.0.1: name = "javax.management.ObjectName", codebase = ""
2024-07-16 23:43:52,953 DEBUG sun.util.logging.internal.LoggingProviderImpl$JULWrapper [RMI TCP Connection(2)-127.0.0.1] connectionId=rmi://127.0.0.1  1, name=org.springframework.boot:type=Admin,name=SpringApplication, attribute=Ready
2024-07-16 23:44:03,119 DEBUG org.apache.juli.logging.DirectJDKLog [http-nio-8084-Acceptor] Counting up[http-nio-8084-Acceptor] latch=1
2024-07-16 23:44:03,130 DEBUG org.apache.juli.logging.DirectJDKLog [http-nio-8084-exec-2] Processing socket [org.apache.tomcat.util.net.NioChannel@5ba326cf:java.nio.channels.SocketChannel[connected local=/[0:0:0:0:0:0:0:1]:8084 remote=/[0:0:0:0:0:0:0:1]:53273]] with status [OPEN_READ]
2024-07-16 23:44:03,131 DEBUG org.apache.juli.logging.DirectJDKLog [http-nio-8084-exec-2] Found processor [null] for socket [org.apache.tomcat.util.net.NioChannel@5ba326cf:java.nio.channels.SocketChannel[connected local=/[0:0:0:0:0:0:0:1]:8084 remote=/[0:0:0:0:0:0:0:1]:53273]]
2024-07-16 23:44:03,134 DEBUG org.apache.juli.logging.DirectJDKLog [http-nio-8084-exec-2] Popped processor [null] from cache
2024-07-16 23:44:03,226 DEBUG org.apache.juli.logging.DirectJDKLog [http-nio-8084-exec-2] Register [org.apache.coyote.http11.Http11Processor@29991f17] as [Tomcat:type=RequestProcessor,worker="http-nio-8084",name=HttpRequest1]
2024-07-16 23:44:03,227 DEBUG org.apache.juli.logging.DirectJDKLog [http-nio-8084-exec-2] Created new processor [org.apache.coyote.http11.Http11Processor@29991f17]
2024-07-16 23:44:03,230 DEBUG org.apache.juli.logging.DirectJDKLog [http-nio-8084-exec-2] Socket: [org.apache.tomcat.util.net.NioEndpoint$NioSocketWrapper@6acf5562:org.apache.tomcat.util.net.NioChannel@5ba326cf:java.nio.channels.SocketChannel[connected local=/[0:0:0:0:0:0:0:1]:8084 remote=/[0:0:0:0:0:0:0:1]:53273]], Read from buffer: [0]
2024-07-16 23:44:03,231 DEBUG org.apache.juli.logging.DirectJDKLog [http-nio-8084-exec-2] Socket: [org.apache.tomcat.util.net.NioEndpoint$NioSocketWrapper@6acf5562:org.apache.tomcat.util.net.NioChannel@5ba326cf:java.nio.channels.SocketChannel[connected local=/[0:0:0:0:0:0:0:1]:8084 remote=/[0:0:0:0:0:0:0:1]:53273]], Read direct from socket: [518]
2024-07-16 23:44:03,232 DEBUG org.apache.juli.logging.DirectJDKLog [http-nio-8084-exec-2] Received [OPTIONS /users/authenticate HTTP/1.1
Host: localhost:8084
Connection: keep-alive
Accept: */*
Access-Control-Request-Method: POST
Access-Control-Request-Headers: content-type
Origin: http://localhost:3000
User-Agent: Mozilla/5.0 (Windows NT 10.0; Win64; x64) AppleWebKit/537.36 (KHTML, like Gecko) Chrome/126.0.0.0 Safari/537.36
Sec-Fetch-Mode: cors
Sec-Fetch-Site: same-site
Sec-Fetch-Dest: empty
Referer: http://localhost:3000/
Accept-Encoding: gzip, deflate, br, zstd
Accept-Language: en-US,en;q=0.9

]
2024-07-16 23:44:03,302 DEBUG org.apache.juli.logging.DirectJDKLog [http-nio-8084-exec-2] Set query string encoding to UTF-8
2024-07-16 23:44:03,310 DEBUG org.apache.juli.logging.DirectJDKLog [http-nio-8084-exec-2] Security checking request OPTIONS /users/authenticate
2024-07-16 23:44:03,310 DEBUG org.apache.juli.logging.DirectJDKLog [http-nio-8084-exec-2]   No applicable constraints defined
2024-07-16 23:44:03,321 DEBUG org.apache.juli.logging.DirectJDKLog [http-nio-8084-exec-2] Loading persistent provider registrations from [C:\Users\Admin\AppData\Local\Temp\tomcat.3498743263021039990.8084\conf\jaspic-providers.xml]
2024-07-16 23:44:03,323 DEBUG org.apache.juli.logging.DirectJDKLog [http-nio-8084-exec-2] Not subject to any constraint
2024-07-16 23:44:03,330 INFO org.apache.juli.logging.DirectJDKLog [http-nio-8084-exec-2] Initializing Spring DispatcherServlet 'dispatcherServlet'
2024-07-16 23:44:03,331 INFO org.springframework.web.servlet.FrameworkServlet [http-nio-8084-exec-2] Initializing Servlet 'dispatcherServlet'
2024-07-16 23:44:03,331 DEBUG org.springframework.web.servlet.DispatcherServlet [http-nio-8084-exec-2] Detected StandardServletMultipartResolver
2024-07-16 23:44:03,356 DEBUG org.springframework.web.servlet.FrameworkServlet [http-nio-8084-exec-2] enableLoggingRequestDetails='false': request parameters and headers will be masked to prevent unsafe logging of potentially sensitive data
2024-07-16 23:44:03,357 INFO org.springframework.web.servlet.FrameworkServlet [http-nio-8084-exec-2] Completed initialization in 25 ms
2024-07-16 23:44:03,394 DEBUG org.springframework.security.web.FilterChainProxy$VirtualFilterChain [http-nio-8084-exec-2] /users/authenticate at position 1 of 11 in additional filter chain; firing Filter: 'WebAsyncManagerIntegrationFilter'
2024-07-16 23:44:03,397 DEBUG org.springframework.security.web.FilterChainProxy$VirtualFilterChain [http-nio-8084-exec-2] /users/authenticate at position 2 of 11 in additional filter chain; firing Filter: 'SecurityContextPersistenceFilter'
2024-07-16 23:44:03,404 DEBUG org.springframework.security.web.FilterChainProxy$VirtualFilterChain [http-nio-8084-exec-2] /users/authenticate at position 3 of 11 in additional filter chain; firing Filter: 'HeaderWriterFilter'
2024-07-16 23:44:03,410 DEBUG org.springframework.security.web.FilterChainProxy$VirtualFilterChain [http-nio-8084-exec-2] /users/authenticate at position 4 of 11 in additional filter chain; firing Filter: 'CorsFilter'
2024-07-16 23:44:03,419 DEBUG org.springframework.web.servlet.handler.AbstractHandlerMapping [http-nio-8084-exec-2] Mapped to com.booking.controller.UserController#generateToken(LoginUser)
2024-07-16 23:44:03,470 DEBUG org.springframework.security.web.header.writers.HstsHeaderWriter [http-nio-8084-exec-2] Not injecting HSTS header since it did not match the requestMatcher org.springframework.security.web.header.writers.HstsHeaderWriter$SecureRequestMatcher@6f79f99d
2024-07-16 23:44:03,472 DEBUG org.springframework.security.web.context.SecurityContextPersistenceFilter [http-nio-8084-exec-2] SecurityContextHolder now cleared, as request processing completed
2024-07-16 23:44:03,484 DEBUG org.apache.juli.logging.DirectJDKLog [http-nio-8084-exec-2] Socket: [org.apache.tomcat.util.net.NioEndpoint$NioSocketWrapper@6acf5562:org.apache.tomcat.util.net.NioChannel@5ba326cf:java.nio.channels.SocketChannel[connected local=/[0:0:0:0:0:0:0:1]:8084 remote=/[0:0:0:0:0:0:0:1]:53273]], Read from buffer: [0]
2024-07-16 23:44:03,486 DEBUG org.apache.juli.logging.DirectJDKLog [http-nio-8084-exec-2] Socket: [org.apache.tomcat.util.net.NioEndpoint$NioSocketWrapper@6acf5562:org.apache.tomcat.util.net.NioChannel@5ba326cf:java.nio.channels.SocketChannel[connected local=/[0:0:0:0:0:0:0:1]:8084 remote=/[0:0:0:0:0:0:0:1]:53273]], Read direct from socket: [685]
2024-07-16 23:44:03,486 DEBUG org.apache.juli.logging.DirectJDKLog [http-nio-8084-exec-2] Received [POST /users/authenticate HTTP/1.1
Host: localhost:8084
Connection: keep-alive
Content-Length: 41
sec-ch-ua: "Not/A)Brand";v="8", "Chromium";v="126", "Google Chrome";v="126"
Accept: application/json, text/plain, */*
Content-Type: application/json
sec-ch-ua-mobile: ?0
User-Agent: Mozilla/5.0 (Windows NT 10.0; Win64; x64) AppleWebKit/537.36 (KHTML, like Gecko) Chrome/126.0.0.0 Safari/537.36
sec-ch-ua-platform: "Windows"
Origin: http://localhost:3000
Sec-Fetch-Site: same-site
Sec-Fetch-Mode: cors
Sec-Fetch-Dest: empty
Referer: http://localhost:3000/
Accept-Encoding: gzip, deflate, br, zstd
Accept-Language: en-US,en;q=0.9

{"userMobile":"Admin","password":"admin"}]
2024-07-16 23:44:03,489 DEBUG org.apache.juli.logging.DirectJDKLog [http-nio-8084-exec-2] Security checking request POST /users/authenticate
2024-07-16 23:44:03,489 DEBUG org.apache.juli.logging.DirectJDKLog [http-nio-8084-exec-2]   No applicable constraints defined
2024-07-16 23:44:03,490 DEBUG org.apache.juli.logging.DirectJDKLog [http-nio-8084-exec-2] Not subject to any constraint
2024-07-16 23:44:03,491 DEBUG org.springframework.security.web.FilterChainProxy$VirtualFilterChain [http-nio-8084-exec-2] /users/authenticate at position 1 of 11 in additional filter chain; firing Filter: 'WebAsyncManagerIntegrationFilter'
2024-07-16 23:44:03,492 DEBUG org.springframework.security.web.FilterChainProxy$VirtualFilterChain [http-nio-8084-exec-2] /users/authenticate at position 2 of 11 in additional filter chain; firing Filter: 'SecurityContextPersistenceFilter'
2024-07-16 23:44:03,493 DEBUG org.springframework.security.web.FilterChainProxy$VirtualFilterChain [http-nio-8084-exec-2] /users/authenticate at position 3 of 11 in additional filter chain; firing Filter: 'HeaderWriterFilter'
2024-07-16 23:44:03,493 DEBUG org.springframework.security.web.FilterChainProxy$VirtualFilterChain [http-nio-8084-exec-2] /users/authenticate at position 4 of 11 in additional filter chain; firing Filter: 'CorsFilter'
2024-07-16 23:44:03,494 DEBUG org.springframework.web.servlet.handler.AbstractHandlerMapping [http-nio-8084-exec-2] Mapped to com.booking.controller.UserController#generateToken(LoginUser)
2024-07-16 23:44:03,502 DEBUG org.springframework.security.web.FilterChainProxy$VirtualFilterChain [http-nio-8084-exec-2] /users/authenticate at position 5 of 11 in additional filter chain; firing Filter: 'LogoutFilter'
2024-07-16 23:44:03,502 DEBUG org.springframework.security.web.util.matcher.OrRequestMatcher [http-nio-8084-exec-2] Trying to match using Ant [pattern='/logout', GET]
2024-07-16 23:44:03,503 DEBUG org.springframework.security.web.util.matcher.AntPathRequestMatcher [http-nio-8084-exec-2] Request 'POST /users/authenticate' doesn't match 'GET /logout'
2024-07-16 23:44:03,503 DEBUG org.springframework.security.web.util.matcher.OrRequestMatcher [http-nio-8084-exec-2] Trying to match using Ant [pattern='/logout', POST]
2024-07-16 23:44:03,504 DEBUG org.springframework.security.web.util.matcher.AntPathRequestMatcher [http-nio-8084-exec-2] Checking match of request : '/users/authenticate'; against '/logout'
2024-07-16 23:44:03,504 DEBUG org.springframework.security.web.util.matcher.OrRequestMatcher [http-nio-8084-exec-2] Trying to match using Ant [pattern='/logout', PUT]
2024-07-16 23:44:03,504 DEBUG org.springframework.security.web.util.matcher.AntPathRequestMatcher [http-nio-8084-exec-2] Request 'POST /users/authenticate' doesn't match 'PUT /logout'
2024-07-16 23:44:03,505 DEBUG org.springframework.security.web.util.matcher.OrRequestMatcher [http-nio-8084-exec-2] Trying to match using Ant [pattern='/logout', DELETE]
2024-07-16 23:44:03,505 DEBUG org.springframework.security.web.util.matcher.AntPathRequestMatcher [http-nio-8084-exec-2] Request 'POST /users/authenticate' doesn't match 'DELETE /logout'
2024-07-16 23:44:03,506 DEBUG org.springframework.security.web.util.matcher.OrRequestMatcher [http-nio-8084-exec-2] No matches found
2024-07-16 23:44:03,506 DEBUG org.springframework.security.web.FilterChainProxy$VirtualFilterChain [http-nio-8084-exec-2] /users/authenticate at position 6 of 11 in additional filter chain; firing Filter: 'RequestCacheAwareFilter'
2024-07-16 23:44:03,507 DEBUG org.springframework.security.web.FilterChainProxy$VirtualFilterChain [http-nio-8084-exec-2] /users/authenticate at position 7 of 11 in additional filter chain; firing Filter: 'SecurityContextHolderAwareRequestFilter'
2024-07-16 23:44:03,510 DEBUG org.springframework.security.web.FilterChainProxy$VirtualFilterChain [http-nio-8084-exec-2] /users/authenticate at position 8 of 11 in additional filter chain; firing Filter: 'AnonymousAuthenticationFilter'
2024-07-16 23:44:03,513 DEBUG org.springframework.security.web.authentication.AnonymousAuthenticationFilter [http-nio-8084-exec-2] Populated SecurityContextHolder with anonymous token: 'org.springframework.security.authentication.AnonymousAuthenticationToken@c73240ae: Principal: anonymousUser; Credentials: [PROTECTED]; Authenticated: true; Details: org.springframework.security.web.authentication.WebAuthenticationDetails@b364: RemoteIpAddress: 0:0:0:0:0:0:0:1; SessionId: null; Granted Authorities: ROLE_ANONYMOUS'
2024-07-16 23:44:03,513 DEBUG org.springframework.security.web.FilterChainProxy$VirtualFilterChain [http-nio-8084-exec-2] /users/authenticate at position 9 of 11 in additional filter chain; firing Filter: 'SessionManagementFilter'
2024-07-16 23:44:03,514 DEBUG org.springframework.security.web.FilterChainProxy$VirtualFilterChain [http-nio-8084-exec-2] /users/authenticate at position 10 of 11 in additional filter chain; firing Filter: 'ExceptionTranslationFilter'
2024-07-16 23:44:03,515 DEBUG org.springframework.security.web.FilterChainProxy$VirtualFilterChain [http-nio-8084-exec-2] /users/authenticate at position 11 of 11 in additional filter chain; firing Filter: 'FilterSecurityInterceptor'
2024-07-16 23:44:03,517 DEBUG org.springframework.security.web.util.matcher.AntPathRequestMatcher [http-nio-8084-exec-2] Request '/users/authenticate' matched by universal pattern '/**'
2024-07-16 23:44:03,518 DEBUG org.springframework.security.access.intercept.AbstractSecurityInterceptor [http-nio-8084-exec-2] Secure object: FilterInvocation: URL: /users/authenticate; Attributes: [permitAll]
2024-07-16 23:44:03,519 DEBUG org.springframework.security.access.intercept.AbstractSecurityInterceptor [http-nio-8084-exec-2] Previously Authenticated: org.springframework.security.authentication.AnonymousAuthenticationToken@c73240ae: Principal: anonymousUser; Credentials: [PROTECTED]; Authenticated: true; Details: org.springframework.security.web.authentication.WebAuthenticationDetails@b364: RemoteIpAddress: 0:0:0:0:0:0:0:1; SessionId: null; Granted Authorities: ROLE_ANONYMOUS
2024-07-16 23:44:03,535 DEBUG org.springframework.security.access.vote.AffirmativeBased [http-nio-8084-exec-2] Voter: org.springframework.security.web.access.expression.WebExpressionVoter@5f257236, returned: 1
2024-07-16 23:44:03,535 DEBUG org.springframework.security.access.intercept.AbstractSecurityInterceptor [http-nio-8084-exec-2] Authorization successful
2024-07-16 23:44:03,536 DEBUG org.springframework.security.access.intercept.AbstractSecurityInterceptor [http-nio-8084-exec-2] RunAsManager did not change Authentication object
2024-07-16 23:44:03,537 DEBUG org.springframework.security.web.FilterChainProxy$VirtualFilterChain [http-nio-8084-exec-2] /users/authenticate reached end of additional filter chain; proceeding with original chain
2024-07-16 23:44:03,538 WARN com.booking.config.JwtAuthenticationFilter [http-nio-8084-exec-2] Couldn't find bearer string, header will be ignored
2024-07-16 23:44:03,540 DEBUG org.springframework.web.servlet.handler.AbstractHandlerMapping [http-nio-8084-exec-2] Mapped to com.booking.controller.UserController#generateToken(LoginUser)
2024-07-16 23:44:03,571 INFO com.booking.logger.SpringLoggingFilter [http-nio-8084-exec-2] Request: method=POST, uri=/users/authenticate, payload={"userMobile":"Admin","password":"admin"}, audit=true
2024-07-16 23:44:03,578 DEBUG org.apache.juli.logging.DirectJDKLog [http-nio-8084-exec-2] Set encoding to UTF-8
2024-07-16 23:44:03,579 DEBUG org.springframework.core.log.LogFormatUtils [http-nio-8084-exec-2] POST "/users/authenticate", parameters={}
2024-07-16 23:44:03,585 DEBUG org.springframework.web.servlet.handler.AbstractHandlerMapping [http-nio-8084-exec-2] Mapped to com.booking.controller.UserController#generateToken(LoginUser)
2024-07-16 23:44:03,591 DEBUG org.springframework.orm.jpa.support.OpenEntityManagerInViewInterceptor [http-nio-8084-exec-2] Opening JPA EntityManager in OpenEntityManagerInViewInterceptor
2024-07-16 23:44:03,840 DEBUG org.springframework.core.log.LogFormatUtils [http-nio-8084-exec-2] Read "application/json;charset=UTF-8" to [com.booking.model.user.LoginUser@355a2299]
2024-07-16 23:44:03,897 DEBUG org.springframework.security.authentication.ProviderManager [http-nio-8084-exec-2] Authentication attempt using org.springframework.security.authentication.dao.DaoAuthenticationProvider
2024-07-16 23:44:04,244 DEBUG org.hibernate.query.criteria.internal.CriteriaQueryImpl [http-nio-8084-exec-2] Rendered criteria query -> select generatedAlias0 from ClubUser as generatedAlias0 where generatedAlias0.userMobile=:param0
2024-07-16 23:44:04,283 DEBUG org.hibernate.hql.internal.ast.QueryTranslatorImpl [http-nio-8084-exec-2] parse() - HQL: select generatedAlias0 from com.booking.model.user.ClubUser as generatedAlias0 where generatedAlias0.userMobile=:param0
2024-07-16 23:44:04,287 DEBUG org.hibernate.hql.internal.ast.ErrorTracker [http-nio-8084-exec-2] throwQueryException() : no errors
2024-07-16 23:44:04,289 DEBUG org.hibernate.hql.internal.ast.QueryTranslatorImpl [http-nio-8084-exec-2] --- HQL AST ---
 \-[QUERY] Node: 'query'
    +-[SELECT_FROM] Node: 'SELECT_FROM'
    |  +-[FROM] Node: 'from'
    |  |  \-[RANGE] Node: 'RANGE'
    |  |     +-[DOT] Node: '.'
    |  |     |  +-[DOT] Node: '.'
    |  |     |  |  +-[DOT] Node: '.'
    |  |     |  |  |  +-[DOT] Node: '.'
    |  |     |  |  |  |  +-[IDENT] Node: 'com'
    |  |     |  |  |  |  \-[IDENT] Node: 'booking'
    |  |     |  |  |  \-[IDENT] Node: 'model'
    |  |     |  |  \-[IDENT] Node: 'user'
    |  |     |  \-[IDENT] Node: 'ClubUser'
    |  |     \-[ALIAS] Node: 'generatedAlias0'
    |  \-[SELECT] Node: 'select'
    |     \-[IDENT] Node: 'generatedAlias0'
    \-[WHERE] Node: 'where'
       \-[EQ] Node: '='
          +-[DOT] Node: '.'
          |  +-[IDENT] Node: 'generatedAlias0'
          |  \-[IDENT] Node: 'userMobile'
          \-[COLON] Node: ':'
             \-[IDENT] Node: 'param0'

2024-07-16 23:44:04,291 DEBUG org.hibernate.hql.internal.antlr.HqlSqlBaseWalker [http-nio-8084-exec-2] select << begin [level=1, statement=select]
2024-07-16 23:44:04,292 DEBUG org.hibernate.hql.internal.ast.tree.FromElement [http-nio-8084-exec-2] FromClause{level=1} : com.booking.model.user.ClubUser (generatedAlias0) -> clubuser0_
2024-07-16 23:44:04,294 DEBUG org.hibernate.hql.internal.ast.tree.FromReferenceNode [http-nio-8084-exec-2] Resolved : generatedAlias0 -> clubuser0_.user_id
2024-07-16 23:44:04,298 DEBUG org.hibernate.hql.internal.ast.tree.FromReferenceNode [http-nio-8084-exec-2] Resolved : generatedAlias0 -> clubuser0_.user_id
2024-07-16 23:44:04,301 DEBUG org.hibernate.hql.internal.ast.tree.DotNode [http-nio-8084-exec-2] getDataType() : userMobile -> org.hibernate.type.StringType@4062ece5
2024-07-16 23:44:04,304 DEBUG org.hibernate.hql.internal.ast.tree.FromReferenceNode [http-nio-8084-exec-2] Resolved : generatedAlias0.userMobile -> clubuser0_.user_mobile
2024-07-16 23:44:04,307 DEBUG org.hibernate.hql.internal.antlr.HqlSqlBaseWalker [http-nio-8084-exec-2] select : finishing up [level=1, statement=select]
2024-07-16 23:44:04,308 DEBUG org.hibernate.hql.internal.ast.HqlSqlWalker [http-nio-8084-exec-2] processQuery() :  ( SELECT ( {select clause} clubuser0_.user_id ) ( FromClause{level=1} club_user clubuser0_ ) ( where ( = ( clubuser0_.user_mobile clubuser0_.user_id userMobile ) ? ) ) )
2024-07-16 23:44:04,310 DEBUG org.hibernate.hql.internal.ast.util.JoinProcessor [http-nio-8084-exec-2] Tables referenced from query nodes:
 \-QueryNode
    +-SelectClause
    | referencedTables(entity ClubUser): [club_user]
    |  +-IdentNode
    |  | persister: SingleTableEntityPersister(com.booking.model.user.ClubUser)
    |  | originalText: generatedAlias0
    |  \-SqlFragment
    +-FromClause
    |  \-FromElement
    \-SqlNode
       \-BinaryLogicOperatorNode
          +-DotNode
          | persister: SingleTableEntityPersister(com.booking.model.user.ClubUser)
          | path: generatedAlias0.userMobile
          |  +-IdentNode
          |  | persister: SingleTableEntityPersister(com.booking.model.user.ClubUser)
          |  | originalText: generatedAlias0
          |  \-IdentNode
          |    persister: null
          |    originalText: userMobile
          \-ParameterNode

2024-07-16 23:44:04,311 DEBUG org.hibernate.hql.internal.ast.util.JoinProcessor [http-nio-8084-exec-2] Using FROM fragment [club_user clubuser0_]
2024-07-16 23:44:04,312 DEBUG org.hibernate.hql.internal.antlr.HqlSqlBaseWalker [http-nio-8084-exec-2] select >> end [level=1, statement=select]
2024-07-16 23:44:04,315 DEBUG org.hibernate.hql.internal.ast.QueryTranslatorImpl [http-nio-8084-exec-2] --- SQL AST ---
 \-[SELECT] QueryNode: 'SELECT'  querySpaces (club_user)
    +-[SELECT_CLAUSE] SelectClause: '{select clause}'
    |  +-[ALIAS_REF] IdentNode: 'clubuser0_.user_id as user_id1_3_' {alias=generatedAlias0, className=com.booking.model.user.ClubUser, tableAlias=clubuser0_}
    |  \-[SQL_TOKEN] SqlFragment: 'clubuser0_.created_by as created_2_3_, clubuser0_.created_date as created_3_3_, clubuser0_.dob as dob4_3_, clubuser0_.full_name as full_nam5_3_, clubuser0_.membership_number as membersh6_3_, clubuser0_.membership_type as membersh7_3_, clubuser0_.otp as otp8_3_, clubuser0_.status as status9_3_, clubuser0_.user_address as user_ad10_3_, clubuser0_.user_city as user_ci11_3_, clubuser0_.user_email as user_em12_3_, clubuser0_.user_fname as user_fn13_3_, clubuser0_.user_image_url as user_im14_3_, clubuser0_.user_lname as user_ln15_3_, clubuser0_.user_mobile as user_mo16_3_, clubuser0_.user_password as user_pa17_3_, clubuser0_.user_state as user_st18_3_, clubuser0_.validity as validit19_3_'
    +-[FROM] FromClause: 'from' FromClause{level=1, fromElementCounter=1, fromElements=1, fromElementByClassAlias=[generatedAlias0], fromElementByTableAlias=[clubuser0_], fromElementsByPath=[], collectionJoinFromElementsByPath=[], impliedElements=[]}
    |  \-[FROM_FRAGMENT] FromElement: 'club_user clubuser0_' FromElement{explicit,not a collection join,not a fetch join,fetch non-lazy properties,classAlias=generatedAlias0,role=null,tableName=club_user,tableAlias=clubuser0_,origin=null,columns={,className=com.booking.model.user.ClubUser}}
    \-[WHERE] SqlNode: 'where'
       \-[EQ] BinaryLogicOperatorNode: '='
          +-[DOT] DotNode: 'clubuser0_.user_mobile' {propertyName=userMobile,dereferenceType=PRIMITIVE,getPropertyPath=userMobile,path=generatedAlias0.userMobile,tableAlias=clubuser0_,className=com.booking.model.user.ClubUser,classAlias=generatedAlias0}
          |  +-[ALIAS_REF] IdentNode: 'clubuser0_.user_id' {alias=generatedAlias0, className=com.booking.model.user.ClubUser, tableAlias=clubuser0_}
          |  \-[IDENT] IdentNode: 'userMobile' {originalText=userMobile}
          \-[NAMED_PARAM] ParameterNode: '?' {name=param0, expectedType=org.hibernate.type.StringType@4062ece5}

2024-07-16 23:44:04,316 DEBUG org.hibernate.hql.internal.ast.ErrorTracker [http-nio-8084-exec-2] throwQueryException() : no errors
2024-07-16 23:44:04,317 DEBUG org.hibernate.hql.internal.ast.QueryTranslatorImpl [http-nio-8084-exec-2] HQL: select generatedAlias0 from com.booking.model.user.ClubUser as generatedAlias0 where generatedAlias0.userMobile=:param0
2024-07-16 23:44:04,318 DEBUG org.hibernate.hql.internal.ast.QueryTranslatorImpl [http-nio-8084-exec-2] SQL: select clubuser0_.user_id as user_id1_3_, clubuser0_.created_by as created_2_3_, clubuser0_.created_date as created_3_3_, clubuser0_.dob as dob4_3_, clubuser0_.full_name as full_nam5_3_, clubuser0_.membership_number as membersh6_3_, clubuser0_.membership_type as membersh7_3_, clubuser0_.otp as otp8_3_, clubuser0_.status as status9_3_, clubuser0_.user_address as user_ad10_3_, clubuser0_.user_city as user_ci11_3_, clubuser0_.user_email as user_em12_3_, clubuser0_.user_fname as user_fn13_3_, clubuser0_.user_image_url as user_im14_3_, clubuser0_.user_lname as user_ln15_3_, clubuser0_.user_mobile as user_mo16_3_, clubuser0_.user_password as user_pa17_3_, clubuser0_.user_state as user_st18_3_, clubuser0_.validity as validit19_3_ from club_user clubuser0_ where clubuser0_.user_mobile=?
2024-07-16 23:44:04,319 DEBUG org.hibernate.hql.internal.ast.ErrorTracker [http-nio-8084-exec-2] throwQueryException() : no errors
2024-07-16 23:44:04,388 DEBUG org.hibernate.engine.jdbc.spi.SqlStatementLogger [http-nio-8084-exec-2] select clubuser0_.user_id as user_id1_3_, clubuser0_.created_by as created_2_3_, clubuser0_.created_date as created_3_3_, clubuser0_.dob as dob4_3_, clubuser0_.full_name as full_nam5_3_, clubuser0_.membership_number as membersh6_3_, clubuser0_.membership_type as membersh7_3_, clubuser0_.otp as otp8_3_, clubuser0_.status as status9_3_, clubuser0_.user_address as user_ad10_3_, clubuser0_.user_city as user_ci11_3_, clubuser0_.user_email as user_em12_3_, clubuser0_.user_fname as user_fn13_3_, clubuser0_.user_image_url as user_im14_3_, clubuser0_.user_lname as user_ln15_3_, clubuser0_.user_mobile as user_mo16_3_, clubuser0_.user_password as user_pa17_3_, clubuser0_.user_state as user_st18_3_, clubuser0_.validity as validit19_3_ from club_user clubuser0_ where clubuser0_.user_mobile=?
2024-07-16 23:44:04,449 DEBUG org.jboss.logging.DelegatingBasicLogger [http-nio-8084-exec-2] Result set row: 0
2024-07-16 23:44:04,458 DEBUG org.hibernate.loader.Loader [http-nio-8084-exec-2] Result row: EntityKey[com.booking.model.user.ClubUser#24]
2024-07-16 23:44:04,481 DEBUG org.hibernate.engine.internal.TwoPhaseLoad [http-nio-8084-exec-2] Resolving attributes for [com.booking.model.user.ClubUser#24]
2024-07-16 23:44:04,484 DEBUG org.hibernate.engine.internal.TwoPhaseLoad [http-nio-8084-exec-2] Processing attribute `createdBy` : value = Admin
2024-07-16 23:44:04,486 DEBUG org.hibernate.engine.internal.TwoPhaseLoad [http-nio-8084-exec-2] Attribute (`createdBy`)  - enhanced for lazy-loading? - false
2024-07-16 23:44:04,487 DEBUG org.hibernate.engine.internal.TwoPhaseLoad [http-nio-8084-exec-2] Processing attribute `createdDate` : value = 2023-06-03 05:30:00.0
2024-07-16 23:44:04,488 DEBUG org.hibernate.engine.internal.TwoPhaseLoad [http-nio-8084-exec-2] Attribute (`createdDate`)  - enhanced for lazy-loading? - false
2024-07-16 23:44:04,489 DEBUG org.hibernate.engine.internal.TwoPhaseLoad [http-nio-8084-exec-2] Processing attribute `dateofBirth` : value = 2023-06-03 05:30:00.0
2024-07-16 23:44:04,490 DEBUG org.hibernate.engine.internal.TwoPhaseLoad [http-nio-8084-exec-2] Attribute (`dateofBirth`)  - enhanced for lazy-loading? - false
2024-07-16 23:44:04,491 DEBUG org.hibernate.engine.internal.TwoPhaseLoad [http-nio-8084-exec-2] Processing attribute `fullName` : value = null
2024-07-16 23:44:04,491 DEBUG org.hibernate.engine.internal.TwoPhaseLoad [http-nio-8084-exec-2] Attribute (`fullName`)  - enhanced for lazy-loading? - false
2024-07-16 23:44:04,492 DEBUG org.hibernate.engine.internal.TwoPhaseLoad [http-nio-8084-exec-2] Processing attribute `membershipNumber` : value = null
2024-07-16 23:44:04,493 DEBUG org.hibernate.engine.internal.TwoPhaseLoad [http-nio-8084-exec-2] Attribute (`membershipNumber`)  - enhanced for lazy-loading? - false
2024-07-16 23:44:04,494 DEBUG org.hibernate.engine.internal.TwoPhaseLoad [http-nio-8084-exec-2] Processing attribute `membershipType` : value = gold
2024-07-16 23:44:04,494 DEBUG org.hibernate.engine.internal.TwoPhaseLoad [http-nio-8084-exec-2] Attribute (`membershipType`)  - enhanced for lazy-loading? - false
2024-07-16 23:44:04,496 DEBUG org.hibernate.engine.internal.TwoPhaseLoad [http-nio-8084-exec-2] Processing attribute `otp` : value = null
2024-07-16 23:44:04,497 DEBUG org.hibernate.engine.internal.TwoPhaseLoad [http-nio-8084-exec-2] Attribute (`otp`)  - enhanced for lazy-loading? - false
2024-07-16 23:44:04,498 DEBUG org.hibernate.engine.internal.TwoPhaseLoad [http-nio-8084-exec-2] Processing attribute `roles` : value = NOT NULL COLLECTION
2024-07-16 23:44:04,498 DEBUG org.hibernate.engine.internal.TwoPhaseLoad [http-nio-8084-exec-2] Attribute (`roles`)  - enhanced for lazy-loading? - false
2024-07-16 23:44:04,524 DEBUG org.hibernate.engine.internal.TwoPhaseLoad [http-nio-8084-exec-2] Processing attribute `status` : value = null
2024-07-16 23:44:04,525 DEBUG org.hibernate.engine.internal.TwoPhaseLoad [http-nio-8084-exec-2] Attribute (`status`)  - enhanced for lazy-loading? - false
2024-07-16 23:44:04,526 DEBUG org.hibernate.engine.internal.TwoPhaseLoad [http-nio-8084-exec-2] Processing attribute `userAddress` : value = 2/187 A Perungudi
2024-07-16 23:44:04,527 DEBUG org.hibernate.engine.internal.TwoPhaseLoad [http-nio-8084-exec-2] Attribute (`userAddress`)  - enhanced for lazy-loading? - false
2024-07-16 23:44:04,528 DEBUG org.hibernate.engine.internal.TwoPhaseLoad [http-nio-8084-exec-2] Processing attribute `userCity` : value = Chennai
2024-07-16 23:44:04,529 DEBUG org.hibernate.engine.internal.TwoPhaseLoad [http-nio-8084-exec-2] Attribute (`userCity`)  - enhanced for lazy-loading? - false
2024-07-16 23:44:04,530 DEBUG org.hibernate.engine.internal.TwoPhaseLoad [http-nio-8084-exec-2] Processing attribute `userEmail` : value = admin@club.com
2024-07-16 23:44:04,530 DEBUG org.hibernate.engine.internal.TwoPhaseLoad [http-nio-8084-exec-2] Attribute (`userEmail`)  - enhanced for lazy-loading? - false
2024-07-16 23:44:04,531 DEBUG org.hibernate.engine.internal.TwoPhaseLoad [http-nio-8084-exec-2] Processing attribute `userFname` : value = Jay
2024-07-16 23:44:04,532 DEBUG org.hibernate.engine.internal.TwoPhaseLoad [http-nio-8084-exec-2] Attribute (`userFname`)  - enhanced for lazy-loading? - false
2024-07-16 23:44:04,533 DEBUG org.hibernate.engine.internal.TwoPhaseLoad [http-nio-8084-exec-2] Processing attribute `userImageUrl` : value = UsreprofilePicUrl
2024-07-16 23:44:04,534 DEBUG org.hibernate.engine.internal.TwoPhaseLoad [http-nio-8084-exec-2] Attribute (`userImageUrl`)  - enhanced for lazy-loading? - false
2024-07-16 23:44:04,534 DEBUG org.hibernate.engine.internal.TwoPhaseLoad [http-nio-8084-exec-2] Processing attribute `userLname` : value = DEVA
2024-07-16 23:44:04,535 DEBUG org.hibernate.engine.internal.TwoPhaseLoad [http-nio-8084-exec-2] Attribute (`userLname`)  - enhanced for lazy-loading? - false
2024-07-16 23:44:04,536 DEBUG org.hibernate.engine.internal.TwoPhaseLoad [http-nio-8084-exec-2] Processing attribute `userMobile` : value = Admin
2024-07-16 23:44:04,537 DEBUG org.hibernate.engine.internal.TwoPhaseLoad [http-nio-8084-exec-2] Attribute (`userMobile`)  - enhanced for lazy-loading? - false
2024-07-16 23:44:04,538 DEBUG org.hibernate.engine.internal.TwoPhaseLoad [http-nio-8084-exec-2] Processing attribute `userPassword` : value = $2a$10$WM/avP7XPj9DVh7sWG0AzuJAMygBkEN6d9vvUsl8K6Leood/g79OW
2024-07-16 23:44:04,539 DEBUG org.hibernate.engine.internal.TwoPhaseLoad [http-nio-8084-exec-2] Attribute (`userPassword`)  - enhanced for lazy-loading? - false
2024-07-16 23:44:04,540 DEBUG org.hibernate.engine.internal.TwoPhaseLoad [http-nio-8084-exec-2] Processing attribute `userState` : value = TamilNadu
2024-07-16 23:44:04,540 DEBUG org.hibernate.engine.internal.TwoPhaseLoad [http-nio-8084-exec-2] Attribute (`userState`)  - enhanced for lazy-loading? - false
2024-07-16 23:44:04,541 DEBUG org.hibernate.engine.internal.TwoPhaseLoad [http-nio-8084-exec-2] Processing attribute `validity` : value = 2099-06-03 05:30:00.0
2024-07-16 23:44:04,542 DEBUG org.hibernate.engine.internal.TwoPhaseLoad [http-nio-8084-exec-2] Attribute (`validity`)  - enhanced for lazy-loading? - false
2024-07-16 23:44:04,546 DEBUG org.hibernate.engine.internal.TwoPhaseLoad [http-nio-8084-exec-2] Done materializing entity [com.booking.model.user.ClubUser#24]
2024-07-16 23:44:04,554 DEBUG org.hibernate.loader.collection.plan.AbstractLoadPlanBasedCollectionInitializer [http-nio-8084-exec-2] Loading collection: [com.booking.model.user.ClubUser.roles#24]
2024-07-16 23:44:04,555 DEBUG org.hibernate.engine.jdbc.spi.SqlStatementLogger [http-nio-8084-exec-2] select roles0_.user_id as user_id1_6_0_, roles0_.role_id as role_id2_6_0_, roles1_.role_id as role_id1_4_1_, roles1_.name as name2_4_1_, roles1_.role as role3_4_1_ from user_roles roles0_ inner join roles roles1_ on roles0_.role_id=roles1_.role_id where roles0_.user_id=?
2024-07-16 23:44:04,578 DEBUG org.hibernate.loader.plan.exec.process.internal.ResultSetProcessorImpl [http-nio-8084-exec-2] Preparing collection initializer : [com.booking.model.user.ClubUser.roles#24]
2024-07-16 23:44:04,592 DEBUG org.hibernate.loader.plan.exec.process.internal.CollectionReferenceInitializerImpl [http-nio-8084-exec-2] Found row of collection: [com.booking.model.user.ClubUser.roles#24]
2024-07-16 23:44:04,607 DEBUG org.hibernate.engine.internal.TwoPhaseLoad [http-nio-8084-exec-2] Resolving attributes for [com.booking.model.user.Roles#1]
2024-07-16 23:44:04,608 DEBUG org.hibernate.engine.internal.TwoPhaseLoad [http-nio-8084-exec-2] Processing attribute `name` : value = Admin
2024-07-16 23:44:04,609 DEBUG org.hibernate.engine.internal.TwoPhaseLoad [http-nio-8084-exec-2] Attribute (`name`)  - enhanced for lazy-loading? - false
2024-07-16 23:44:04,610 DEBUG org.hibernate.engine.internal.TwoPhaseLoad [http-nio-8084-exec-2] Processing attribute `role` : value = Admin
2024-07-16 23:44:04,611 DEBUG org.hibernate.engine.internal.TwoPhaseLoad [http-nio-8084-exec-2] Attribute (`role`)  - enhanced for lazy-loading? - false
2024-07-16 23:44:04,612 DEBUG org.hibernate.engine.internal.TwoPhaseLoad [http-nio-8084-exec-2] Done materializing entity [com.booking.model.user.Roles#1]
2024-07-16 23:44:04,613 DEBUG org.jboss.logging.DelegatingBasicLogger [http-nio-8084-exec-2] 1 collections were found in result set for role: com.booking.model.user.ClubUser.roles
2024-07-16 23:44:04,614 DEBUG org.hibernate.engine.loading.internal.CollectionLoadContext [http-nio-8084-exec-2] Collection fully initialized: [com.booking.model.user.ClubUser.roles#24]
2024-07-16 23:44:04,615 DEBUG org.jboss.logging.DelegatingBasicLogger [http-nio-8084-exec-2] 1 collections initialized for role: com.booking.model.user.ClubUser.roles
2024-07-16 23:44:04,617 DEBUG org.hibernate.loader.collection.plan.AbstractLoadPlanBasedCollectionInitializer [http-nio-8084-exec-2] Done loading collection
2024-07-16 23:44:05,922 DEBUG org.hibernate.query.criteria.internal.CriteriaQueryImpl [http-nio-8084-exec-2] Rendered criteria query -> select generatedAlias0 from ClubUser as generatedAlias0 where generatedAlias0.userMobile=:param0
2024-07-16 23:44:05,925 DEBUG org.hibernate.engine.jdbc.spi.SqlStatementLogger [http-nio-8084-exec-2] select clubuser0_.user_id as user_id1_3_, clubuser0_.created_by as created_2_3_, clubuser0_.created_date as created_3_3_, clubuser0_.dob as dob4_3_, clubuser0_.full_name as full_nam5_3_, clubuser0_.membership_number as membersh6_3_, clubuser0_.membership_type as membersh7_3_, clubuser0_.otp as otp8_3_, clubuser0_.status as status9_3_, clubuser0_.user_address as user_ad10_3_, clubuser0_.user_city as user_ci11_3_, clubuser0_.user_email as user_em12_3_, clubuser0_.user_fname as user_fn13_3_, clubuser0_.user_image_url as user_im14_3_, clubuser0_.user_lname as user_ln15_3_, clubuser0_.user_mobile as user_mo16_3_, clubuser0_.user_password as user_pa17_3_, clubuser0_.user_state as user_st18_3_, clubuser0_.validity as validit19_3_ from club_user clubuser0_ where clubuser0_.user_mobile=?
2024-07-16 23:44:05,929 DEBUG org.jboss.logging.DelegatingBasicLogger [http-nio-8084-exec-2] Result set row: 0
2024-07-16 23:44:05,931 DEBUG org.hibernate.loader.Loader [http-nio-8084-exec-2] Result row: EntityKey[com.booking.model.user.ClubUser#24]
2024-07-16 23:44:05,987 DEBUG org.springframework.web.servlet.mvc.method.annotation.AbstractMessageConverterMethodProcessor [http-nio-8084-exec-2] Using 'application/json', given [application/json, text/plain, */*] and supported [application/json, application/*+json, application/json, application/*+json]
2024-07-16 23:44:05,989 DEBUG org.springframework.core.log.LogFormatUtils [http-nio-8084-exec-2] Writing [com.booking.model.user.ClubUser@f22e1de]
2024-07-16 23:44:06,059 DEBUG org.springframework.orm.jpa.support.OpenEntityManagerInViewInterceptor [http-nio-8084-exec-2] Closing JPA EntityManager in OpenEntityManagerInViewInterceptor
2024-07-16 23:44:06,065 DEBUG org.springframework.web.servlet.FrameworkServlet [http-nio-8084-exec-2] Completed 200 OK
2024-07-16 23:44:06,068 INFO com.booking.logger.SpringLoggingFilter [http-nio-8084-exec-2] Response(2527 ms): status=200, payload={"userId":24,"createdBy":"Admin","createdDate":"2023-06-03T00:00:00.000+00:00","dateofBirth":"2023-06-03T00:00:00.000+00:00","otp":null,"validity":"2099-06-03T00:00:00.000+00:00","membershipType":"gold","membershipNumber":null,"fullName":null,"userAddress":"2/187 A Perungudi","userCity":"Chennai","userEmail":"admin@club.com","userImageUrl":"UsreprofilePicUrl","userLname":"DEVA","userFname":"Jay","userMobile":"Admin","userPassword":"$2a$10$WM/avP7XPj9DVh7sWG0AzuJAMygBkEN6d9vvUsl8K6Leood/g79OW","userState":"TamilNadu","status":null,"roles":[{"roleId":1,"role":"Admin","name":"Admin"}]}, audit=true
2024-07-16 23:44:06,069 DEBUG org.springframework.security.web.access.ExceptionTranslationFilter [http-nio-8084-exec-2] Chain processed normally
2024-07-16 23:44:06,069 DEBUG org.springframework.security.web.header.writers.HstsHeaderWriter [http-nio-8084-exec-2] Not injecting HSTS header since it did not match the requestMatcher org.springframework.security.web.header.writers.HstsHeaderWriter$SecureRequestMatcher@6f79f99d
2024-07-16 23:44:06,070 DEBUG org.springframework.security.web.context.SecurityContextPersistenceFilter [http-nio-8084-exec-2] SecurityContextHolder now cleared, as request processing completed
2024-07-16 23:44:06,077 DEBUG org.apache.juli.logging.DirectJDKLog [http-nio-8084-exec-2] Socket: [org.apache.tomcat.util.net.NioEndpoint$NioSocketWrapper@6acf5562:org.apache.tomcat.util.net.NioChannel@5ba326cf:java.nio.channels.SocketChannel[connected local=/[0:0:0:0:0:0:0:1]:8084 remote=/[0:0:0:0:0:0:0:1]:53273]], Read from buffer: [0]
2024-07-16 23:44:06,078 DEBUG org.apache.juli.logging.DirectJDKLog [http-nio-8084-exec-2] Socket: [org.apache.tomcat.util.net.NioEndpoint$NioSocketWrapper@6acf5562:org.apache.tomcat.util.net.NioChannel@5ba326cf:java.nio.channels.SocketChannel[connected local=/[0:0:0:0:0:0:0:1]:8084 remote=/[0:0:0:0:0:0:0:1]:53273]], Read direct from socket: [0]
2024-07-16 23:44:06,080 DEBUG org.apache.juli.logging.DirectJDKLog [http-nio-8084-exec-2] Socket: [org.apache.tomcat.util.net.NioEndpoint$NioSocketWrapper@6acf5562:org.apache.tomcat.util.net.NioChannel@5ba326cf:java.nio.channels.SocketChannel[connected local=/[0:0:0:0:0:0:0:1]:8084 remote=/[0:0:0:0:0:0:0:1]:53273]], Status in: [OPEN_READ], State out: [OPEN]
2024-07-16 23:44:06,082 DEBUG org.apache.juli.logging.DirectJDKLog [http-nio-8084-exec-2] Pushed Processor [org.apache.coyote.http11.Http11Processor@29991f17]
2024-07-16 23:44:06,084 DEBUG org.apache.juli.logging.DirectJDKLog [http-nio-8084-exec-2] Registered read interest for [org.apache.tomcat.util.net.NioEndpoint$NioSocketWrapper@6acf5562:org.apache.tomcat.util.net.NioChannel@5ba326cf:java.nio.channels.SocketChannel[connected local=/[0:0:0:0:0:0:0:1]:8084 remote=/[0:0:0:0:0:0:0:1]:53273]]
2024-07-16 23:44:07,041 DEBUG org.apache.juli.logging.DirectJDKLog [http-nio-8084-exec-1] Processing socket [org.apache.tomcat.util.net.NioChannel@5ba326cf:java.nio.channels.SocketChannel[connected local=/[0:0:0:0:0:0:0:1]:8084 remote=/[0:0:0:0:0:0:0:1]:53273]] with status [OPEN_READ]
2024-07-16 23:44:07,042 DEBUG org.apache.juli.logging.DirectJDKLog [http-nio-8084-exec-1] Found processor [null] for socket [org.apache.tomcat.util.net.NioChannel@5ba326cf:java.nio.channels.SocketChannel[connected local=/[0:0:0:0:0:0:0:1]:8084 remote=/[0:0:0:0:0:0:0:1]:53273]]
2024-07-16 23:44:07,044 DEBUG org.apache.juli.logging.DirectJDKLog [http-nio-8084-exec-1] Popped processor [org.apache.coyote.http11.Http11Processor@29991f17] from cache
2024-07-16 23:44:07,045 DEBUG org.apache.juli.logging.DirectJDKLog [http-nio-8084-exec-1] Socket: [org.apache.tomcat.util.net.NioEndpoint$NioSocketWrapper@6acf5562:org.apache.tomcat.util.net.NioChannel@5ba326cf:java.nio.channels.SocketChannel[connected local=/[0:0:0:0:0:0:0:1]:8084 remote=/[0:0:0:0:0:0:0:1]:53273]], Read from buffer: [0]
2024-07-16 23:44:07,046 DEBUG org.apache.juli.logging.DirectJDKLog [http-nio-8084-exec-1] Socket: [org.apache.tomcat.util.net.NioEndpoint$NioSocketWrapper@6acf5562:org.apache.tomcat.util.net.NioChannel@5ba326cf:java.nio.channels.SocketChannel[connected local=/[0:0:0:0:0:0:0:1]:8084 remote=/[0:0:0:0:0:0:0:1]:53273]], Read direct from socket: [516]
2024-07-16 23:44:07,048 DEBUG org.apache.juli.logging.DirectJDKLog [http-nio-8084-Acceptor] Counting up[http-nio-8084-Acceptor] latch=2
2024-07-16 23:44:07,048 DEBUG org.apache.juli.logging.DirectJDKLog [http-nio-8084-exec-1] Received [OPTIONS /slot/listallslot HTTP/1.1
Host: localhost:8084
Connection: keep-alive
Accept: */*
Access-Control-Request-Method: POST
Access-Control-Request-Headers: content-type
Origin: http://localhost:3000
User-Agent: Mozilla/5.0 (Windows NT 10.0; Win64; x64) AppleWebKit/537.36 (KHTML, like Gecko) Chrome/126.0.0.0 Safari/537.36
Sec-Fetch-Mode: cors
Sec-Fetch-Site: same-site
Sec-Fetch-Dest: empty
Referer: http://localhost:3000/
Accept-Encoding: gzip, deflate, br, zstd
Accept-Language: en-US,en;q=0.9

]
2024-07-16 23:44:07,050 DEBUG org.apache.juli.logging.DirectJDKLog [http-nio-8084-exec-3] Processing socket [org.apache.tomcat.util.net.NioChannel@610414a4:java.nio.channels.SocketChannel[connected local=/[0:0:0:0:0:0:0:1]:8084 remote=/[0:0:0:0:0:0:0:1]:53280]] with status [OPEN_READ]
2024-07-16 23:44:07,050 DEBUG org.apache.juli.logging.DirectJDKLog [http-nio-8084-exec-1] Security checking request OPTIONS /slot/listallslot
2024-07-16 23:44:07,051 DEBUG org.apache.juli.logging.DirectJDKLog [http-nio-8084-exec-3] Found processor [null] for socket [org.apache.tomcat.util.net.NioChannel@610414a4:java.nio.channels.SocketChannel[connected local=/[0:0:0:0:0:0:0:1]:8084 remote=/[0:0:0:0:0:0:0:1]:53280]]
2024-07-16 23:44:07,051 DEBUG org.apache.juli.logging.DirectJDKLog [http-nio-8084-exec-1]   No applicable constraints defined
2024-07-16 23:44:07,051 DEBUG org.apache.juli.logging.DirectJDKLog [http-nio-8084-exec-1] Not subject to any constraint
2024-07-16 23:44:07,052 DEBUG org.apache.juli.logging.DirectJDKLog [http-nio-8084-exec-3] Popped processor [null] from cache
2024-07-16 23:44:07,052 DEBUG org.apache.juli.logging.DirectJDKLog [http-nio-8084-exec-3] Register [org.apache.coyote.http11.Http11Processor@6fc3f6f4] as [Tomcat:type=RequestProcessor,worker="http-nio-8084",name=HttpRequest2]
2024-07-16 23:44:07,053 DEBUG org.springframework.security.web.FilterChainProxy$VirtualFilterChain [http-nio-8084-exec-1] /slot/listallslot at position 1 of 11 in additional filter chain; firing Filter: 'WebAsyncManagerIntegrationFilter'
2024-07-16 23:44:07,053 DEBUG org.apache.juli.logging.DirectJDKLog [http-nio-8084-exec-3] Created new processor [org.apache.coyote.http11.Http11Processor@6fc3f6f4]
2024-07-16 23:44:07,053 DEBUG org.apache.juli.logging.DirectJDKLog [http-nio-8084-exec-3] Socket: [org.apache.tomcat.util.net.NioEndpoint$NioSocketWrapper@6bfc7fd4:org.apache.tomcat.util.net.NioChannel@610414a4:java.nio.channels.SocketChannel[connected local=/[0:0:0:0:0:0:0:1]:8084 remote=/[0:0:0:0:0:0:0:1]:53280]], Read from buffer: [0]
2024-07-16 23:44:07,053 DEBUG org.springframework.security.web.FilterChainProxy$VirtualFilterChain [http-nio-8084-exec-1] /slot/listallslot at position 2 of 11 in additional filter chain; firing Filter: 'SecurityContextPersistenceFilter'
2024-07-16 23:44:07,074 DEBUG org.springframework.security.web.FilterChainProxy$VirtualFilterChain [http-nio-8084-exec-1] /slot/listallslot at position 3 of 11 in additional filter chain; firing Filter: 'HeaderWriterFilter'
2024-07-16 23:44:07,075 DEBUG org.apache.juli.logging.DirectJDKLog [http-nio-8084-exec-3] Socket: [org.apache.tomcat.util.net.NioEndpoint$NioSocketWrapper@6bfc7fd4:org.apache.tomcat.util.net.NioChannel@610414a4:java.nio.channels.SocketChannel[connected local=/[0:0:0:0:0:0:0:1]:8084 remote=/[0:0:0:0:0:0:0:1]:53280]], Read direct from socket: [516]
2024-07-16 23:44:07,075 DEBUG org.springframework.security.web.FilterChainProxy$VirtualFilterChain [http-nio-8084-exec-1] /slot/listallslot at position 4 of 11 in additional filter chain; firing Filter: 'CorsFilter'
2024-07-16 23:44:07,076 DEBUG org.apache.juli.logging.DirectJDKLog [http-nio-8084-exec-3] Received [OPTIONS /slot/listallslot HTTP/1.1
Host: localhost:8084
Connection: keep-alive
Accept: */*
Access-Control-Request-Method: POST
Access-Control-Request-Headers: content-type
Origin: http://localhost:3000
User-Agent: Mozilla/5.0 (Windows NT 10.0; Win64; x64) AppleWebKit/537.36 (KHTML, like Gecko) Chrome/126.0.0.0 Safari/537.36
Sec-Fetch-Mode: cors
Sec-Fetch-Site: same-site
Sec-Fetch-Dest: empty
Referer: http://localhost:3000/
Accept-Encoding: gzip, deflate, br, zstd
Accept-Language: en-US,en;q=0.9

]
2024-07-16 23:44:07,077 DEBUG org.springframework.web.servlet.handler.AbstractHandlerMapping [http-nio-8084-exec-1] Mapped to com.booking.controller.SlotController#ListAllSlot(ClubSlot)
2024-07-16 23:44:07,078 DEBUG org.apache.juli.logging.DirectJDKLog [http-nio-8084-exec-3] Set query string encoding to UTF-8
2024-07-16 23:44:07,078 DEBUG org.apache.juli.logging.DirectJDKLog [http-nio-8084-exec-3] Security checking request OPTIONS /slot/listallslot
2024-07-16 23:44:07,079 DEBUG org.apache.juli.logging.DirectJDKLog [http-nio-8084-exec-3]   No applicable constraints defined
2024-07-16 23:44:07,079 DEBUG org.apache.juli.logging.DirectJDKLog [http-nio-8084-exec-3] Not subject to any constraint
2024-07-16 23:44:07,079 DEBUG org.springframework.security.web.header.writers.HstsHeaderWriter [http-nio-8084-exec-1] Not injecting HSTS header since it did not match the requestMatcher org.springframework.security.web.header.writers.HstsHeaderWriter$SecureRequestMatcher@6f79f99d
2024-07-16 23:44:07,080 DEBUG org.springframework.security.web.FilterChainProxy$VirtualFilterChain [http-nio-8084-exec-3] /slot/listallslot at position 1 of 11 in additional filter chain; firing Filter: 'WebAsyncManagerIntegrationFilter'
2024-07-16 23:44:07,081 DEBUG org.springframework.security.web.context.SecurityContextPersistenceFilter [http-nio-8084-exec-1] SecurityContextHolder now cleared, as request processing completed
2024-07-16 23:44:07,081 DEBUG org.springframework.security.web.FilterChainProxy$VirtualFilterChain [http-nio-8084-exec-3] /slot/listallslot at position 2 of 11 in additional filter chain; firing Filter: 'SecurityContextPersistenceFilter'
2024-07-16 23:44:07,081 DEBUG org.springframework.security.web.FilterChainProxy$VirtualFilterChain [http-nio-8084-exec-3] /slot/listallslot at position 3 of 11 in additional filter chain; firing Filter: 'HeaderWriterFilter'
2024-07-16 23:44:07,090 DEBUG org.apache.juli.logging.DirectJDKLog [http-nio-8084-exec-1] Socket: [org.apache.tomcat.util.net.NioEndpoint$NioSocketWrapper@6acf5562:org.apache.tomcat.util.net.NioChannel@5ba326cf:java.nio.channels.SocketChannel[connected local=/[0:0:0:0:0:0:0:1]:8084 remote=/[0:0:0:0:0:0:0:1]:53273]], Read from buffer: [0]
2024-07-16 23:44:07,100 DEBUG org.springframework.security.web.FilterChainProxy$VirtualFilterChain [http-nio-8084-exec-3] /slot/listallslot at position 4 of 11 in additional filter chain; firing Filter: 'CorsFilter'
2024-07-16 23:44:07,101 DEBUG org.apache.juli.logging.DirectJDKLog [http-nio-8084-exec-1] Socket: [org.apache.tomcat.util.net.NioEndpoint$NioSocketWrapper@6acf5562:org.apache.tomcat.util.net.NioChannel@5ba326cf:java.nio.channels.SocketChannel[connected local=/[0:0:0:0:0:0:0:1]:8084 remote=/[0:0:0:0:0:0:0:1]:53273]], Read direct from socket: [643]
2024-07-16 23:44:07,102 DEBUG org.springframework.web.servlet.handler.AbstractHandlerMapping [http-nio-8084-exec-3] Mapped to com.booking.controller.SlotController#ListAllSlot(ClubSlot)
2024-07-16 23:44:07,103 DEBUG org.apache.juli.logging.DirectJDKLog [http-nio-8084-exec-1] Received [POST /slot/listallslot HTTP/1.1
Host: localhost:8084
Connection: keep-alive
Content-Length: 2
sec-ch-ua: "Not/A)Brand";v="8", "Chromium";v="126", "Google Chrome";v="126"
Accept: application/json, text/plain, */*
Content-Type: application/json
sec-ch-ua-mobile: ?0
User-Agent: Mozilla/5.0 (Windows NT 10.0; Win64; x64) AppleWebKit/537.36 (KHTML, like Gecko) Chrome/126.0.0.0 Safari/537.36
sec-ch-ua-platform: "Windows"
Origin: http://localhost:3000
Sec-Fetch-Site: same-site
Sec-Fetch-Mode: cors
Sec-Fetch-Dest: empty
Referer: http://localhost:3000/
Accept-Encoding: gzip, deflate, br, zstd
Accept-Language: en-US,en;q=0.9

{}]
2024-07-16 23:44:07,105 DEBUG org.springframework.security.web.header.writers.HstsHeaderWriter [http-nio-8084-exec-3] Not injecting HSTS header since it did not match the requestMatcher org.springframework.security.web.header.writers.HstsHeaderWriter$SecureRequestMatcher@6f79f99d
2024-07-16 23:44:07,105 DEBUG org.apache.juli.logging.DirectJDKLog [http-nio-8084-exec-1] Security checking request POST /slot/listallslot
2024-07-16 23:44:07,106 DEBUG org.apache.juli.logging.DirectJDKLog [http-nio-8084-exec-1]   No applicable constraints defined
2024-07-16 23:44:07,106 DEBUG org.springframework.security.web.context.SecurityContextPersistenceFilter [http-nio-8084-exec-3] SecurityContextHolder now cleared, as request processing completed
2024-07-16 23:44:07,107 DEBUG org.apache.juli.logging.DirectJDKLog [http-nio-8084-exec-1] Not subject to any constraint
2024-07-16 23:44:07,109 DEBUG org.springframework.security.web.FilterChainProxy$VirtualFilterChain [http-nio-8084-exec-1] /slot/listallslot at position 1 of 11 in additional filter chain; firing Filter: 'WebAsyncManagerIntegrationFilter'
2024-07-16 23:44:07,112 DEBUG org.apache.juli.logging.DirectJDKLog [http-nio-8084-exec-3] Socket: [org.apache.tomcat.util.net.NioEndpoint$NioSocketWrapper@6bfc7fd4:org.apache.tomcat.util.net.NioChannel@610414a4:java.nio.channels.SocketChannel[connected local=/[0:0:0:0:0:0:0:1]:8084 remote=/[0:0:0:0:0:0:0:1]:53280]], Read from buffer: [0]
2024-07-16 23:44:07,112 DEBUG org.springframework.security.web.FilterChainProxy$VirtualFilterChain [http-nio-8084-exec-1] /slot/listallslot at position 2 of 11 in additional filter chain; firing Filter: 'SecurityContextPersistenceFilter'
2024-07-16 23:44:07,113 DEBUG org.apache.juli.logging.DirectJDKLog [http-nio-8084-exec-3] Socket: [org.apache.tomcat.util.net.NioEndpoint$NioSocketWrapper@6bfc7fd4:org.apache.tomcat.util.net.NioChannel@610414a4:java.nio.channels.SocketChannel[connected local=/[0:0:0:0:0:0:0:1]:8084 remote=/[0:0:0:0:0:0:0:1]:53280]], Read direct from socket: [0]
2024-07-16 23:44:07,142 DEBUG org.springframework.security.web.FilterChainProxy$VirtualFilterChain [http-nio-8084-exec-1] /slot/listallslot at position 3 of 11 in additional filter chain; firing Filter: 'HeaderWriterFilter'
2024-07-16 23:44:07,142 DEBUG org.springframework.security.web.FilterChainProxy$VirtualFilterChain [http-nio-8084-exec-1] /slot/listallslot at position 4 of 11 in additional filter chain; firing Filter: 'CorsFilter'
2024-07-16 23:44:07,143 DEBUG org.springframework.web.servlet.handler.AbstractHandlerMapping [http-nio-8084-exec-1] Mapped to com.booking.controller.SlotController#ListAllSlot(ClubSlot)
2024-07-16 23:44:07,146 DEBUG org.springframework.security.web.FilterChainProxy$VirtualFilterChain [http-nio-8084-exec-1] /slot/listallslot at position 5 of 11 in additional filter chain; firing Filter: 'LogoutFilter'
2024-07-16 23:44:07,146 DEBUG org.springframework.security.web.util.matcher.OrRequestMatcher [http-nio-8084-exec-1] Trying to match using Ant [pattern='/logout', GET]
2024-07-16 23:44:07,147 DEBUG org.springframework.security.web.util.matcher.AntPathRequestMatcher [http-nio-8084-exec-1] Request 'POST /slot/listallslot' doesn't match 'GET /logout'
2024-07-16 23:44:07,147 DEBUG org.springframework.security.web.util.matcher.OrRequestMatcher [http-nio-8084-exec-1] Trying to match using Ant [pattern='/logout', POST]
2024-07-16 23:44:07,148 DEBUG org.springframework.security.web.util.matcher.AntPathRequestMatcher [http-nio-8084-exec-1] Checking match of request : '/slot/listallslot'; against '/logout'
2024-07-16 23:44:07,148 DEBUG org.apache.juli.logging.DirectJDKLog [http-nio-8084-exec-3] Socket: [org.apache.tomcat.util.net.NioEndpoint$NioSocketWrapper@6bfc7fd4:org.apache.tomcat.util.net.NioChannel@610414a4:java.nio.channels.SocketChannel[connected local=/[0:0:0:0:0:0:0:1]:8084 remote=/[0:0:0:0:0:0:0:1]:53280]], Status in: [OPEN_READ], State out: [OPEN]
2024-07-16 23:44:07,148 DEBUG org.springframework.security.web.util.matcher.OrRequestMatcher [http-nio-8084-exec-1] Trying to match using Ant [pattern='/logout', PUT]
2024-07-16 23:44:07,149 DEBUG org.apache.juli.logging.DirectJDKLog [http-nio-8084-exec-3] Pushed Processor [org.apache.coyote.http11.Http11Processor@6fc3f6f4]
2024-07-16 23:44:07,149 DEBUG org.springframework.security.web.util.matcher.AntPathRequestMatcher [http-nio-8084-exec-1] Request 'POST /slot/listallslot' doesn't match 'PUT /logout'
2024-07-16 23:44:07,149 DEBUG org.springframework.security.web.util.matcher.OrRequestMatcher [http-nio-8084-exec-1] Trying to match using Ant [pattern='/logout', DELETE]
2024-07-16 23:44:07,150 DEBUG org.apache.juli.logging.DirectJDKLog [http-nio-8084-exec-3] Registered read interest for [org.apache.tomcat.util.net.NioEndpoint$NioSocketWrapper@6bfc7fd4:org.apache.tomcat.util.net.NioChannel@610414a4:java.nio.channels.SocketChannel[connected local=/[0:0:0:0:0:0:0:1]:8084 remote=/[0:0:0:0:0:0:0:1]:53280]]
2024-07-16 23:44:07,150 DEBUG org.springframework.security.web.util.matcher.AntPathRequestMatcher [http-nio-8084-exec-1] Request 'POST /slot/listallslot' doesn't match 'DELETE /logout'
2024-07-16 23:44:07,151 DEBUG org.apache.juli.logging.DirectJDKLog [http-nio-8084-exec-3] Processing socket [org.apache.tomcat.util.net.NioChannel@610414a4:java.nio.channels.SocketChannel[connected local=/[0:0:0:0:0:0:0:1]:8084 remote=/[0:0:0:0:0:0:0:1]:53280]] with status [OPEN_READ]
2024-07-16 23:44:07,165 DEBUG org.springframework.security.web.util.matcher.OrRequestMatcher [http-nio-8084-exec-1] No matches found
2024-07-16 23:44:07,166 DEBUG org.springframework.security.web.FilterChainProxy$VirtualFilterChain [http-nio-8084-exec-1] /slot/listallslot at position 6 of 11 in additional filter chain; firing Filter: 'RequestCacheAwareFilter'
2024-07-16 23:44:07,166 DEBUG org.apache.juli.logging.DirectJDKLog [http-nio-8084-exec-3] Found processor [null] for socket [org.apache.tomcat.util.net.NioChannel@610414a4:java.nio.channels.SocketChannel[connected local=/[0:0:0:0:0:0:0:1]:8084 remote=/[0:0:0:0:0:0:0:1]:53280]]
2024-07-16 23:44:07,167 DEBUG org.springframework.security.web.FilterChainProxy$VirtualFilterChain [http-nio-8084-exec-1] /slot/listallslot at position 7 of 11 in additional filter chain; firing Filter: 'SecurityContextHolderAwareRequestFilter'
2024-07-16 23:44:07,167 DEBUG org.apache.juli.logging.DirectJDKLog [http-nio-8084-exec-3] Popped processor [org.apache.coyote.http11.Http11Processor@6fc3f6f4] from cache
2024-07-16 23:44:07,167 DEBUG org.springframework.security.web.FilterChainProxy$VirtualFilterChain [http-nio-8084-exec-1] /slot/listallslot at position 8 of 11 in additional filter chain; firing Filter: 'AnonymousAuthenticationFilter'
2024-07-16 23:44:07,167 DEBUG org.apache.juli.logging.DirectJDKLog [http-nio-8084-exec-3] Socket: [org.apache.tomcat.util.net.NioEndpoint$NioSocketWrapper@6bfc7fd4:org.apache.tomcat.util.net.NioChannel@610414a4:java.nio.channels.SocketChannel[connected local=/[0:0:0:0:0:0:0:1]:8084 remote=/[0:0:0:0:0:0:0:1]:53280]], Read from buffer: [0]
2024-07-16 23:44:07,167 DEBUG org.springframework.security.web.authentication.AnonymousAuthenticationFilter [http-nio-8084-exec-1] Populated SecurityContextHolder with anonymous token: 'org.springframework.security.authentication.AnonymousAuthenticationToken@c73240ae: Principal: anonymousUser; Credentials: [PROTECTED]; Authenticated: true; Details: org.springframework.security.web.authentication.WebAuthenticationDetails@b364: RemoteIpAddress: 0:0:0:0:0:0:0:1; SessionId: null; Granted Authorities: ROLE_ANONYMOUS'
2024-07-16 23:44:07,168 DEBUG org.springframework.security.web.FilterChainProxy$VirtualFilterChain [http-nio-8084-exec-1] /slot/listallslot at position 9 of 11 in additional filter chain; firing Filter: 'SessionManagementFilter'
2024-07-16 23:44:07,168 DEBUG org.springframework.security.web.FilterChainProxy$VirtualFilterChain [http-nio-8084-exec-1] /slot/listallslot at position 10 of 11 in additional filter chain; firing Filter: 'ExceptionTranslationFilter'
2024-07-16 23:44:07,168 DEBUG org.apache.juli.logging.DirectJDKLog [http-nio-8084-exec-3] Socket: [org.apache.tomcat.util.net.NioEndpoint$NioSocketWrapper@6bfc7fd4:org.apache.tomcat.util.net.NioChannel@610414a4:java.nio.channels.SocketChannel[connected local=/[0:0:0:0:0:0:0:1]:8084 remote=/[0:0:0:0:0:0:0:1]:53280]], Read direct from socket: [643]
2024-07-16 23:44:07,169 DEBUG org.springframework.security.web.FilterChainProxy$VirtualFilterChain [http-nio-8084-exec-1] /slot/listallslot at position 11 of 11 in additional filter chain; firing Filter: 'FilterSecurityInterceptor'
2024-07-16 23:44:07,169 DEBUG org.apache.juli.logging.DirectJDKLog [http-nio-8084-exec-3] Received [POST /slot/listallslot HTTP/1.1
Host: localhost:8084
Connection: keep-alive
Content-Length: 2
sec-ch-ua: "Not/A)Brand";v="8", "Chromium";v="126", "Google Chrome";v="126"
Accept: application/json, text/plain, */*
Content-Type: application/json
sec-ch-ua-mobile: ?0
User-Agent: Mozilla/5.0 (Windows NT 10.0; Win64; x64) AppleWebKit/537.36 (KHTML, like Gecko) Chrome/126.0.0.0 Safari/537.36
sec-ch-ua-platform: "Windows"
Origin: http://localhost:3000
Sec-Fetch-Site: same-site
Sec-Fetch-Mode: cors
Sec-Fetch-Dest: empty
Referer: http://localhost:3000/
Accept-Encoding: gzip, deflate, br, zstd
Accept-Language: en-US,en;q=0.9

{}]
2024-07-16 23:44:07,172 DEBUG org.springframework.security.web.util.matcher.AntPathRequestMatcher [http-nio-8084-exec-1] Request '/slot/listallslot' matched by universal pattern '/**'
2024-07-16 23:44:07,173 DEBUG org.springframework.security.access.intercept.AbstractSecurityInterceptor [http-nio-8084-exec-1] Secure object: FilterInvocation: URL: /slot/listallslot; Attributes: [permitAll]
2024-07-16 23:44:07,173 DEBUG org.springframework.security.access.intercept.AbstractSecurityInterceptor [http-nio-8084-exec-1] Previously Authenticated: org.springframework.security.authentication.AnonymousAuthenticationToken@c73240ae: Principal: anonymousUser; Credentials: [PROTECTED]; Authenticated: true; Details: org.springframework.security.web.authentication.WebAuthenticationDetails@b364: RemoteIpAddress: 0:0:0:0:0:0:0:1; SessionId: null; Granted Authorities: ROLE_ANONYMOUS
2024-07-16 23:44:07,174 DEBUG org.springframework.security.access.vote.AffirmativeBased [http-nio-8084-exec-1] Voter: org.springframework.security.web.access.expression.WebExpressionVoter@5f257236, returned: 1
2024-07-16 23:44:07,175 DEBUG org.springframework.security.access.intercept.AbstractSecurityInterceptor [http-nio-8084-exec-1] Authorization successful
2024-07-16 23:44:07,175 DEBUG org.springframework.security.access.intercept.AbstractSecurityInterceptor [http-nio-8084-exec-1] RunAsManager did not change Authentication object
2024-07-16 23:44:07,176 DEBUG org.springframework.security.web.FilterChainProxy$VirtualFilterChain [http-nio-8084-exec-1] /slot/listallslot reached end of additional filter chain; proceeding with original chain
2024-07-16 23:44:07,177 WARN com.booking.config.JwtAuthenticationFilter [http-nio-8084-exec-1] Couldn't find bearer string, header will be ignored
2024-07-16 23:44:07,178 DEBUG org.springframework.web.servlet.handler.AbstractHandlerMapping [http-nio-8084-exec-1] Mapped to com.booking.controller.SlotController#ListAllSlot(ClubSlot)
2024-07-16 23:44:07,179 DEBUG org.apache.juli.logging.DirectJDKLog [http-nio-8084-exec-3] Security checking request POST /slot/listallslot
2024-07-16 23:44:07,179 INFO com.booking.logger.SpringLoggingFilter [http-nio-8084-exec-1] Request: method=POST, uri=/slot/listallslot, payload={}, audit=true
2024-07-16 23:44:07,179 DEBUG org.apache.juli.logging.DirectJDKLog [http-nio-8084-exec-3]   No applicable constraints defined
2024-07-16 23:44:07,180 DEBUG org.apache.juli.logging.DirectJDKLog [http-nio-8084-exec-3] Not subject to any constraint
2024-07-16 23:44:07,180 DEBUG org.apache.juli.logging.DirectJDKLog [http-nio-8084-exec-1] Set encoding to UTF-8
2024-07-16 23:44:07,180 DEBUG org.springframework.core.log.LogFormatUtils [http-nio-8084-exec-1] POST "/slot/listallslot", parameters={}
2024-07-16 23:44:07,181 DEBUG org.springframework.security.web.FilterChainProxy$VirtualFilterChain [http-nio-8084-exec-3] /slot/listallslot at position 1 of 11 in additional filter chain; firing Filter: 'WebAsyncManagerIntegrationFilter'
2024-07-16 23:44:07,184 DEBUG org.springframework.security.web.FilterChainProxy$VirtualFilterChain [http-nio-8084-exec-3] /slot/listallslot at position 2 of 11 in additional filter chain; firing Filter: 'SecurityContextPersistenceFilter'
2024-07-16 23:44:07,184 DEBUG org.springframework.web.servlet.handler.AbstractHandlerMapping [http-nio-8084-exec-1] Mapped to com.booking.controller.SlotController#ListAllSlot(ClubSlot)
2024-07-16 23:44:07,184 DEBUG org.springframework.security.web.FilterChainProxy$VirtualFilterChain [http-nio-8084-exec-3] /slot/listallslot at position 3 of 11 in additional filter chain; firing Filter: 'HeaderWriterFilter'
2024-07-16 23:44:07,185 DEBUG org.springframework.orm.jpa.support.OpenEntityManagerInViewInterceptor [http-nio-8084-exec-1] Opening JPA EntityManager in OpenEntityManagerInViewInterceptor
2024-07-16 23:44:07,185 DEBUG org.springframework.security.web.FilterChainProxy$VirtualFilterChain [http-nio-8084-exec-3] /slot/listallslot at position 4 of 11 in additional filter chain; firing Filter: 'CorsFilter'
2024-07-16 23:44:07,186 DEBUG org.springframework.web.servlet.handler.AbstractHandlerMapping [http-nio-8084-exec-3] Mapped to com.booking.controller.SlotController#ListAllSlot(ClubSlot)
2024-07-16 23:44:07,195 DEBUG org.springframework.security.web.FilterChainProxy$VirtualFilterChain [http-nio-8084-exec-3] /slot/listallslot at position 5 of 11 in additional filter chain; firing Filter: 'LogoutFilter'
2024-07-16 23:44:07,195 DEBUG org.springframework.security.web.util.matcher.OrRequestMatcher [http-nio-8084-exec-3] Trying to match using Ant [pattern='/logout', GET]
2024-07-16 23:44:07,196 DEBUG org.springframework.security.web.util.matcher.AntPathRequestMatcher [http-nio-8084-exec-3] Request 'POST /slot/listallslot' doesn't match 'GET /logout'
2024-07-16 23:44:07,197 DEBUG org.springframework.security.web.util.matcher.OrRequestMatcher [http-nio-8084-exec-3] Trying to match using Ant [pattern='/logout', POST]
2024-07-16 23:44:07,197 DEBUG org.springframework.security.web.util.matcher.AntPathRequestMatcher [http-nio-8084-exec-3] Checking match of request : '/slot/listallslot'; against '/logout'
2024-07-16 23:44:07,199 DEBUG org.springframework.security.web.util.matcher.OrRequestMatcher [http-nio-8084-exec-3] Trying to match using Ant [pattern='/logout', PUT]
2024-07-16 23:44:07,199 DEBUG org.springframework.security.web.util.matcher.AntPathRequestMatcher [http-nio-8084-exec-3] Request 'POST /slot/listallslot' doesn't match 'PUT /logout'
2024-07-16 23:44:07,200 DEBUG org.springframework.security.web.util.matcher.OrRequestMatcher [http-nio-8084-exec-3] Trying to match using Ant [pattern='/logout', DELETE]
2024-07-16 23:44:07,200 DEBUG org.springframework.security.web.util.matcher.AntPathRequestMatcher [http-nio-8084-exec-3] Request 'POST /slot/listallslot' doesn't match 'DELETE /logout'
2024-07-16 23:44:07,201 DEBUG org.springframework.security.web.util.matcher.OrRequestMatcher [http-nio-8084-exec-3] No matches found
2024-07-16 23:44:07,201 DEBUG org.springframework.security.web.FilterChainProxy$VirtualFilterChain [http-nio-8084-exec-3] /slot/listallslot at position 6 of 11 in additional filter chain; firing Filter: 'RequestCacheAwareFilter'
2024-07-16 23:44:07,204 DEBUG org.springframework.security.web.FilterChainProxy$VirtualFilterChain [http-nio-8084-exec-3] /slot/listallslot at position 7 of 11 in additional filter chain; firing Filter: 'SecurityContextHolderAwareRequestFilter'
2024-07-16 23:44:07,204 DEBUG org.springframework.security.web.FilterChainProxy$VirtualFilterChain [http-nio-8084-exec-3] /slot/listallslot at position 8 of 11 in additional filter chain; firing Filter: 'AnonymousAuthenticationFilter'
2024-07-16 23:44:07,205 DEBUG org.springframework.security.web.authentication.AnonymousAuthenticationFilter [http-nio-8084-exec-3] Populated SecurityContextHolder with anonymous token: 'org.springframework.security.authentication.AnonymousAuthenticationToken@c73240ae: Principal: anonymousUser; Credentials: [PROTECTED]; Authenticated: true; Details: org.springframework.security.web.authentication.WebAuthenticationDetails@b364: RemoteIpAddress: 0:0:0:0:0:0:0:1; SessionId: null; Granted Authorities: ROLE_ANONYMOUS'
2024-07-16 23:44:07,206 DEBUG org.springframework.security.web.FilterChainProxy$VirtualFilterChain [http-nio-8084-exec-3] /slot/listallslot at position 9 of 11 in additional filter chain; firing Filter: 'SessionManagementFilter'
2024-07-16 23:44:07,206 DEBUG org.springframework.security.web.FilterChainProxy$VirtualFilterChain [http-nio-8084-exec-3] /slot/listallslot at position 10 of 11 in additional filter chain; firing Filter: 'ExceptionTranslationFilter'
2024-07-16 23:44:07,207 DEBUG org.springframework.security.web.FilterChainProxy$VirtualFilterChain [http-nio-8084-exec-3] /slot/listallslot at position 11 of 11 in additional filter chain; firing Filter: 'FilterSecurityInterceptor'
2024-07-16 23:44:07,208 DEBUG org.springframework.security.web.util.matcher.AntPathRequestMatcher [http-nio-8084-exec-3] Request '/slot/listallslot' matched by universal pattern '/**'
2024-07-16 23:44:07,208 DEBUG org.springframework.security.access.intercept.AbstractSecurityInterceptor [http-nio-8084-exec-3] Secure object: FilterInvocation: URL: /slot/listallslot; Attributes: [permitAll]
2024-07-16 23:44:07,209 DEBUG org.springframework.security.access.intercept.AbstractSecurityInterceptor [http-nio-8084-exec-3] Previously Authenticated: org.springframework.security.authentication.AnonymousAuthenticationToken@c73240ae: Principal: anonymousUser; Credentials: [PROTECTED]; Authenticated: true; Details: org.springframework.security.web.authentication.WebAuthenticationDetails@b364: RemoteIpAddress: 0:0:0:0:0:0:0:1; SessionId: null; Granted Authorities: ROLE_ANONYMOUS
2024-07-16 23:44:07,210 DEBUG org.springframework.security.access.vote.AffirmativeBased [http-nio-8084-exec-3] Voter: org.springframework.security.web.access.expression.WebExpressionVoter@5f257236, returned: 1
2024-07-16 23:44:07,210 DEBUG org.springframework.security.access.intercept.AbstractSecurityInterceptor [http-nio-8084-exec-3] Authorization successful
2024-07-16 23:44:07,211 DEBUG org.springframework.security.access.intercept.AbstractSecurityInterceptor [http-nio-8084-exec-3] RunAsManager did not change Authentication object
2024-07-16 23:44:07,211 DEBUG org.springframework.security.web.FilterChainProxy$VirtualFilterChain [http-nio-8084-exec-3] /slot/listallslot reached end of additional filter chain; proceeding with original chain
2024-07-16 23:44:07,212 WARN com.booking.config.JwtAuthenticationFilter [http-nio-8084-exec-3] Couldn't find bearer string, header will be ignored
2024-07-16 23:44:07,235 DEBUG org.springframework.core.log.LogFormatUtils [http-nio-8084-exec-1] Read "application/json;charset=UTF-8" to [com.booking.model.slot.ClubSlot@50799ec7]
2024-07-16 23:44:07,237 DEBUG org.springframework.web.servlet.handler.AbstractHandlerMapping [http-nio-8084-exec-3] Mapped to com.booking.controller.SlotController#ListAllSlot(ClubSlot)
2024-07-16 23:44:07,238 INFO com.booking.logger.SpringLoggingFilter [http-nio-8084-exec-3] Request: method=POST, uri=/slot/listallslot, payload={}, audit=true
2024-07-16 23:44:07,239 DEBUG org.apache.juli.logging.DirectJDKLog [http-nio-8084-exec-3] Set encoding to UTF-8
2024-07-16 23:44:07,241 DEBUG org.springframework.core.log.LogFormatUtils [http-nio-8084-exec-3] POST "/slot/listallslot", parameters={}
2024-07-16 23:44:07,246 DEBUG org.springframework.web.servlet.handler.AbstractHandlerMapping [http-nio-8084-exec-3] Mapped to com.booking.controller.SlotController#ListAllSlot(ClubSlot)
2024-07-16 23:44:07,249 DEBUG org.springframework.orm.jpa.support.OpenEntityManagerInViewInterceptor [http-nio-8084-exec-3] Opening JPA EntityManager in OpenEntityManagerInViewInterceptor
2024-07-16 23:44:07,252 DEBUG org.springframework.core.log.LogFormatUtils [http-nio-8084-exec-3] Read "application/json;charset=UTF-8" to [com.booking.model.slot.ClubSlot@2efefccf]
2024-07-16 23:44:07,372 DEBUG org.hibernate.engine.jdbc.spi.SqlStatementLogger [http-nio-8084-exec-3]  select cs.slot_id as slotId, cs.club_name as clubName, cs.created_by as createdBy, cs.created_date as createdDate, cs.player_count as playerCount, cs.primary_booking_id as primaryBookingId, cs.secondary_booking as secondaryBooking, cs.slot_available as slotAvailable, cs.slot_date as slotDate, cs.slot_end_timestmp as slotEndTimestmp, cs.slot_start_timestmp as slotStartTimeStamp, cs.slot_status as slotStatus, cs.tee_time as teeTime from club_slot cs where cs.slot_start_timestmp >? order by cs.slot_start_timestmp asc

2024-07-16 23:44:07,372 DEBUG org.hibernate.engine.jdbc.spi.SqlStatementLogger [http-nio-8084-exec-1]  select cs.slot_id as slotId, cs.club_name as clubName, cs.created_by as createdBy, cs.created_date as createdDate, cs.player_count as playerCount, cs.primary_booking_id as primaryBookingId, cs.secondary_booking as secondaryBooking, cs.slot_available as slotAvailable, cs.slot_date as slotDate, cs.slot_end_timestmp as slotEndTimestmp, cs.slot_start_timestmp as slotStartTimeStamp, cs.slot_status as slotStatus, cs.tee_time as teeTime from club_slot cs where cs.slot_start_timestmp >? order by cs.slot_start_timestmp asc

2024-07-16 23:44:07,406 DEBUG org.springframework.web.servlet.mvc.method.annotation.AbstractMessageConverterMethodProcessor [http-nio-8084-exec-1] Using 'application/json', given [application/json, text/plain, */*] and supported [application/json, application/*+json, application/json, application/*+json]
2024-07-16 23:44:07,406 DEBUG org.springframework.web.servlet.mvc.method.annotation.AbstractMessageConverterMethodProcessor [http-nio-8084-exec-3] Using 'application/json', given [application/json, text/plain, */*] and supported [application/json, application/*+json, application/json, application/*+json]
2024-07-16 23:44:07,407 DEBUG org.springframework.core.log.LogFormatUtils [http-nio-8084-exec-1] Writing [{slotList=[], slotAvalaibity={}}]
2024-07-16 23:44:07,407 DEBUG org.springframework.core.log.LogFormatUtils [http-nio-8084-exec-3] Writing [{slotList=[], slotAvalaibity={}}]
2024-07-16 23:44:07,411 DEBUG org.springframework.orm.jpa.support.OpenEntityManagerInViewInterceptor [http-nio-8084-exec-1] Closing JPA EntityManager in OpenEntityManagerInViewInterceptor
2024-07-16 23:44:07,411 DEBUG org.springframework.orm.jpa.support.OpenEntityManagerInViewInterceptor [http-nio-8084-exec-3] Closing JPA EntityManager in OpenEntityManagerInViewInterceptor
2024-07-16 23:44:07,413 DEBUG org.springframework.web.servlet.FrameworkServlet [http-nio-8084-exec-1] Completed 200 OK
2024-07-16 23:44:07,414 INFO com.booking.logger.SpringLoggingFilter [http-nio-8084-exec-1] Response(235 ms): status=200, payload={"slotList":[],"slotAvalaibity":{}}, audit=true
2024-07-16 23:44:07,413 DEBUG org.springframework.web.servlet.FrameworkServlet [http-nio-8084-exec-3] Completed 200 OK
2024-07-16 23:44:07,415 DEBUG org.springframework.security.web.access.ExceptionTranslationFilter [http-nio-8084-exec-1] Chain processed normally
2024-07-16 23:44:07,415 INFO com.booking.logger.SpringLoggingFilter [http-nio-8084-exec-3] Response(178 ms): status=200, payload={"slotList":[],"slotAvalaibity":{}}, audit=true
2024-07-16 23:44:07,416 DEBUG org.springframework.security.web.header.writers.HstsHeaderWriter [http-nio-8084-exec-1] Not injecting HSTS header since it did not match the requestMatcher org.springframework.security.web.header.writers.HstsHeaderWriter$SecureRequestMatcher@6f79f99d
2024-07-16 23:44:07,416 DEBUG org.springframework.security.web.access.ExceptionTranslationFilter [http-nio-8084-exec-3] Chain processed normally
2024-07-16 23:44:07,416 DEBUG org.springframework.security.web.context.SecurityContextPersistenceFilter [http-nio-8084-exec-1] SecurityContextHolder now cleared, as request processing completed
2024-07-16 23:44:07,416 DEBUG org.springframework.security.web.header.writers.HstsHeaderWriter [http-nio-8084-exec-3] Not injecting HSTS header since it did not match the requestMatcher org.springframework.security.web.header.writers.HstsHeaderWriter$SecureRequestMatcher@6f79f99d
2024-07-16 23:44:07,417 DEBUG org.springframework.security.web.context.SecurityContextPersistenceFilter [http-nio-8084-exec-3] SecurityContextHolder now cleared, as request processing completed
2024-07-16 23:44:07,420 DEBUG org.apache.juli.logging.DirectJDKLog [http-nio-8084-exec-1] Socket: [org.apache.tomcat.util.net.NioEndpoint$NioSocketWrapper@6acf5562:org.apache.tomcat.util.net.NioChannel@5ba326cf:java.nio.channels.SocketChannel[connected local=/[0:0:0:0:0:0:0:1]:8084 remote=/[0:0:0:0:0:0:0:1]:53273]], Read from buffer: [0]
2024-07-16 23:44:07,420 DEBUG org.apache.juli.logging.DirectJDKLog [http-nio-8084-exec-3] Socket: [org.apache.tomcat.util.net.NioEndpoint$NioSocketWrapper@6bfc7fd4:org.apache.tomcat.util.net.NioChannel@610414a4:java.nio.channels.SocketChannel[connected local=/[0:0:0:0:0:0:0:1]:8084 remote=/[0:0:0:0:0:0:0:1]:53280]], Read from buffer: [0]
2024-07-16 23:44:07,421 DEBUG org.apache.juli.logging.DirectJDKLog [http-nio-8084-exec-1] Socket: [org.apache.tomcat.util.net.NioEndpoint$NioSocketWrapper@6acf5562:org.apache.tomcat.util.net.NioChannel@5ba326cf:java.nio.channels.SocketChannel[connected local=/[0:0:0:0:0:0:0:1]:8084 remote=/[0:0:0:0:0:0:0:1]:53273]], Read direct from socket: [0]
2024-07-16 23:44:07,421 DEBUG org.apache.juli.logging.DirectJDKLog [http-nio-8084-exec-3] Socket: [org.apache.tomcat.util.net.NioEndpoint$NioSocketWrapper@6bfc7fd4:org.apache.tomcat.util.net.NioChannel@610414a4:java.nio.channels.SocketChannel[connected local=/[0:0:0:0:0:0:0:1]:8084 remote=/[0:0:0:0:0:0:0:1]:53280]], Read direct from socket: [0]
2024-07-16 23:44:07,422 DEBUG org.apache.juli.logging.DirectJDKLog [http-nio-8084-exec-3] Socket: [org.apache.tomcat.util.net.NioEndpoint$NioSocketWrapper@6bfc7fd4:org.apache.tomcat.util.net.NioChannel@610414a4:java.nio.channels.SocketChannel[connected local=/[0:0:0:0:0:0:0:1]:8084 remote=/[0:0:0:0:0:0:0:1]:53280]], Status in: [OPEN_READ], State out: [OPEN]
2024-07-16 23:44:07,422 DEBUG org.apache.juli.logging.DirectJDKLog [http-nio-8084-exec-1] Socket: [org.apache.tomcat.util.net.NioEndpoint$NioSocketWrapper@6acf5562:org.apache.tomcat.util.net.NioChannel@5ba326cf:java.nio.channels.SocketChannel[connected local=/[0:0:0:0:0:0:0:1]:8084 remote=/[0:0:0:0:0:0:0:1]:53273]], Status in: [OPEN_READ], State out: [OPEN]
2024-07-16 23:44:07,422 DEBUG org.apache.juli.logging.DirectJDKLog [http-nio-8084-exec-1] Pushed Processor [org.apache.coyote.http11.Http11Processor@29991f17]
2024-07-16 23:44:07,423 DEBUG org.apache.juli.logging.DirectJDKLog [http-nio-8084-exec-1] Registered read interest for [org.apache.tomcat.util.net.NioEndpoint$NioSocketWrapper@6acf5562:org.apache.tomcat.util.net.NioChannel@5ba326cf:java.nio.channels.SocketChannel[connected local=/[0:0:0:0:0:0:0:1]:8084 remote=/[0:0:0:0:0:0:0:1]:53273]]
2024-07-16 23:44:07,423 DEBUG org.apache.juli.logging.DirectJDKLog [http-nio-8084-exec-3] Pushed Processor [org.apache.coyote.http11.Http11Processor@6fc3f6f4]
2024-07-16 23:44:07,424 DEBUG org.apache.juli.logging.DirectJDKLog [http-nio-8084-exec-3] Registered read interest for [org.apache.tomcat.util.net.NioEndpoint$NioSocketWrapper@6bfc7fd4:org.apache.tomcat.util.net.NioChannel@610414a4:java.nio.channels.SocketChannel[connected local=/[0:0:0:0:0:0:0:1]:8084 remote=/[0:0:0:0:0:0:0:1]:53280]]
2024-07-16 23:44:11,107 DEBUG sun.rmi.runtime.Log$LoggerLog [RMI TCP Connection(1)-127.0.0.1] RMI TCP Connection(1)-127.0.0.1: (port 53254) connection closed
2024-07-16 23:44:11,108 DEBUG sun.rmi.runtime.Log$LoggerLog [RMI TCP Connection(1)-127.0.0.1] RMI TCP Connection(1)-127.0.0.1: close connection, socket: Socket[addr=/127.0.0.1,port=53261,localport=53254]
2024-07-16 23:44:11,110 DEBUG sun.rmi.runtime.Log$LoggerLog [RMI TCP Connection(1)-127.0.0.1] RMI TCP Connection(1)-127.0.0.1: socket close: Socket[addr=/127.0.0.1,port=53261,localport=53254]
2024-07-16 23:44:11,165 DEBUG sun.rmi.runtime.Log$LoggerLog [RMI TCP Connection(2)-127.0.0.1] RMI TCP Connection(2)-127.0.0.1: (port 53259) connection closed
2024-07-16 23:44:11,167 DEBUG sun.rmi.runtime.Log$LoggerLog [RMI TCP Connection(2)-127.0.0.1] RMI TCP Connection(2)-127.0.0.1: close connection, socket: Socket[addr=/127.0.0.1,port=53262,localport=53259]
2024-07-16 23:44:11,168 DEBUG sun.rmi.runtime.Log$LoggerLog [RMI TCP Connection(2)-127.0.0.1] RMI TCP Connection(2)-127.0.0.1: socket close: Socket[addr=/127.0.0.1,port=53262,localport=53259]
2024-07-16 23:44:18,493 DEBUG com.zaxxer.hikari.pool.HikariPool [HikariPool-1 housekeeper] HikariPool-1 - Pool stats (total=10, active=0, idle=10, waiting=0)
2024-07-16 23:44:18,494 DEBUG com.zaxxer.hikari.pool.HikariPool [HikariPool-1 housekeeper] HikariPool-1 - Fill pool skipped, pool is at sufficient level.
2024-07-16 23:44:37,657 DEBUG org.apache.juli.logging.DirectJDKLog [http-nio-8084-exec-5] Processing socket [org.apache.tomcat.util.net.NioChannel@610414a4:java.nio.channels.SocketChannel[connected local=/[0:0:0:0:0:0:0:1]:8084 remote=/[0:0:0:0:0:0:0:1]:53280]] with status [OPEN_READ]
2024-07-16 23:44:37,658 DEBUG org.apache.juli.logging.DirectJDKLog [http-nio-8084-exec-5] Found processor [null] for socket [org.apache.tomcat.util.net.NioChannel@610414a4:java.nio.channels.SocketChannel[connected local=/[0:0:0:0:0:0:0:1]:8084 remote=/[0:0:0:0:0:0:0:1]:53280]]
2024-07-16 23:44:37,659 DEBUG org.apache.juli.logging.DirectJDKLog [http-nio-8084-exec-5] Popped processor [org.apache.coyote.http11.Http11Processor@6fc3f6f4] from cache
2024-07-16 23:44:37,660 DEBUG org.apache.juli.logging.DirectJDKLog [http-nio-8084-exec-5] Socket: [org.apache.tomcat.util.net.NioEndpoint$NioSocketWrapper@6bfc7fd4:org.apache.tomcat.util.net.NioChannel@610414a4:java.nio.channels.SocketChannel[connected local=/[0:0:0:0:0:0:0:1]:8084 remote=/[0:0:0:0:0:0:0:1]:53280]], Read from buffer: [0]
2024-07-16 23:44:37,661 DEBUG org.apache.juli.logging.DirectJDKLog [http-nio-8084-exec-5] Socket: [org.apache.tomcat.util.net.NioEndpoint$NioSocketWrapper@6bfc7fd4:org.apache.tomcat.util.net.NioChannel@610414a4:java.nio.channels.SocketChannel[connected local=/[0:0:0:0:0:0:0:1]:8084 remote=/[0:0:0:0:0:0:0:1]:53280]], Read direct from socket: [512]
2024-07-16 23:44:37,662 DEBUG org.apache.juli.logging.DirectJDKLog [http-nio-8084-exec-5] Received [OPTIONS /slot/addslot HTTP/1.1
Host: localhost:8084
Connection: keep-alive
Accept: */*
Access-Control-Request-Method: POST
Access-Control-Request-Headers: content-type
Origin: http://localhost:3000
User-Agent: Mozilla/5.0 (Windows NT 10.0; Win64; x64) AppleWebKit/537.36 (KHTML, like Gecko) Chrome/126.0.0.0 Safari/537.36
Sec-Fetch-Mode: cors
Sec-Fetch-Site: same-site
Sec-Fetch-Dest: empty
Referer: http://localhost:3000/
Accept-Encoding: gzip, deflate, br, zstd
Accept-Language: en-US,en;q=0.9

]
2024-07-16 23:44:37,667 DEBUG org.apache.juli.logging.DirectJDKLog [http-nio-8084-exec-5] Security checking request OPTIONS /slot/addslot
2024-07-16 23:44:37,668 DEBUG org.apache.juli.logging.DirectJDKLog [http-nio-8084-exec-5]   No applicable constraints defined
2024-07-16 23:44:37,669 DEBUG org.apache.juli.logging.DirectJDKLog [http-nio-8084-exec-5] Not subject to any constraint
2024-07-16 23:44:37,670 DEBUG org.springframework.security.web.FilterChainProxy$VirtualFilterChain [http-nio-8084-exec-5] /slot/addslot at position 1 of 11 in additional filter chain; firing Filter: 'WebAsyncManagerIntegrationFilter'
2024-07-16 23:44:37,671 DEBUG org.springframework.security.web.FilterChainProxy$VirtualFilterChain [http-nio-8084-exec-5] /slot/addslot at position 2 of 11 in additional filter chain; firing Filter: 'SecurityContextPersistenceFilter'
2024-07-16 23:44:37,672 DEBUG org.springframework.security.web.FilterChainProxy$VirtualFilterChain [http-nio-8084-exec-5] /slot/addslot at position 3 of 11 in additional filter chain; firing Filter: 'HeaderWriterFilter'
2024-07-16 23:44:37,673 DEBUG org.springframework.security.web.FilterChainProxy$VirtualFilterChain [http-nio-8084-exec-5] /slot/addslot at position 4 of 11 in additional filter chain; firing Filter: 'CorsFilter'
2024-07-16 23:44:37,674 DEBUG org.springframework.web.servlet.handler.AbstractHandlerMapping [http-nio-8084-exec-5] Mapped to com.booking.controller.SlotController#AddSlot(ClubSlot)
2024-07-16 23:44:37,676 DEBUG org.springframework.security.web.header.writers.HstsHeaderWriter [http-nio-8084-exec-5] Not injecting HSTS header since it did not match the requestMatcher org.springframework.security.web.header.writers.HstsHeaderWriter$SecureRequestMatcher@6f79f99d
2024-07-16 23:44:37,677 DEBUG org.springframework.security.web.context.SecurityContextPersistenceFilter [http-nio-8084-exec-5] SecurityContextHolder now cleared, as request processing completed
2024-07-16 23:44:37,681 DEBUG org.apache.juli.logging.DirectJDKLog [http-nio-8084-exec-5] Socket: [org.apache.tomcat.util.net.NioEndpoint$NioSocketWrapper@6bfc7fd4:org.apache.tomcat.util.net.NioChannel@610414a4:java.nio.channels.SocketChannel[connected local=/[0:0:0:0:0:0:0:1]:8084 remote=/[0:0:0:0:0:0:0:1]:53280]], Read from buffer: [0]
2024-07-16 23:44:37,682 DEBUG org.apache.juli.logging.DirectJDKLog [http-nio-8084-exec-5] Socket: [org.apache.tomcat.util.net.NioEndpoint$NioSocketWrapper@6bfc7fd4:org.apache.tomcat.util.net.NioChannel@610414a4:java.nio.channels.SocketChannel[connected local=/[0:0:0:0:0:0:0:1]:8084 remote=/[0:0:0:0:0:0:0:1]:53280]], Read direct from socket: [0]
2024-07-16 23:44:37,683 DEBUG org.apache.juli.logging.DirectJDKLog [http-nio-8084-exec-5] Socket: [org.apache.tomcat.util.net.NioEndpoint$NioSocketWrapper@6bfc7fd4:org.apache.tomcat.util.net.NioChannel@610414a4:java.nio.channels.SocketChannel[connected local=/[0:0:0:0:0:0:0:1]:8084 remote=/[0:0:0:0:0:0:0:1]:53280]], Status in: [OPEN_READ], State out: [OPEN]
2024-07-16 23:44:37,684 DEBUG org.apache.juli.logging.DirectJDKLog [http-nio-8084-exec-5] Pushed Processor [org.apache.coyote.http11.Http11Processor@6fc3f6f4]
2024-07-16 23:44:37,686 DEBUG org.apache.juli.logging.DirectJDKLog [http-nio-8084-exec-5] Registered read interest for [org.apache.tomcat.util.net.NioEndpoint$NioSocketWrapper@6bfc7fd4:org.apache.tomcat.util.net.NioChannel@610414a4:java.nio.channels.SocketChannel[connected local=/[0:0:0:0:0:0:0:1]:8084 remote=/[0:0:0:0:0:0:0:1]:53280]]
2024-07-16 23:44:37,687 DEBUG org.apache.juli.logging.DirectJDKLog [http-nio-8084-exec-6] Processing socket [org.apache.tomcat.util.net.NioChannel@610414a4:java.nio.channels.SocketChannel[connected local=/[0:0:0:0:0:0:0:1]:8084 remote=/[0:0:0:0:0:0:0:1]:53280]] with status [OPEN_READ]
2024-07-16 23:44:37,688 DEBUG org.apache.juli.logging.DirectJDKLog [http-nio-8084-exec-6] Found processor [null] for socket [org.apache.tomcat.util.net.NioChannel@610414a4:java.nio.channels.SocketChannel[connected local=/[0:0:0:0:0:0:0:1]:8084 remote=/[0:0:0:0:0:0:0:1]:53280]]
2024-07-16 23:44:37,689 DEBUG org.apache.juli.logging.DirectJDKLog [http-nio-8084-exec-6] Popped processor [org.apache.coyote.http11.Http11Processor@6fc3f6f4] from cache
2024-07-16 23:44:37,690 DEBUG org.apache.juli.logging.DirectJDKLog [http-nio-8084-exec-6] Socket: [org.apache.tomcat.util.net.NioEndpoint$NioSocketWrapper@6bfc7fd4:org.apache.tomcat.util.net.NioChannel@610414a4:java.nio.channels.SocketChannel[connected local=/[0:0:0:0:0:0:0:1]:8084 remote=/[0:0:0:0:0:0:0:1]:53280]], Read from buffer: [0]
2024-07-16 23:44:37,691 DEBUG org.apache.juli.logging.DirectJDKLog [http-nio-8084-exec-6] Socket: [org.apache.tomcat.util.net.NioEndpoint$NioSocketWrapper@6bfc7fd4:org.apache.tomcat.util.net.NioChannel@610414a4:java.nio.channels.SocketChannel[connected local=/[0:0:0:0:0:0:0:1]:8084 remote=/[0:0:0:0:0:0:0:1]:53280]], Read direct from socket: [1035]
2024-07-16 23:44:37,691 DEBUG org.apache.juli.logging.DirectJDKLog [http-nio-8084-exec-6] Received [POST /slot/addslot HTTP/1.1
Host: localhost:8084
Connection: keep-alive
Content-Length: 396
sec-ch-ua: "Not/A)Brand";v="8", "Chromium";v="126", "Google Chrome";v="126"
Accept: application/json, text/plain, */*
Content-Type: application/json
sec-ch-ua-mobile: ?0
User-Agent: Mozilla/5.0 (Windows NT 10.0; Win64; x64) AppleWebKit/537.36 (KHTML, like Gecko) Chrome/126.0.0.0 Safari/537.36
sec-ch-ua-platform: "Windows"
Origin: http://localhost:3000
Sec-Fetch-Site: same-site
Sec-Fetch-Mode: cors
Sec-Fetch-Dest: empty
Referer: http://localhost:3000/
Accept-Encoding: gzip, deflate, br, zstd
Accept-Language: en-US,en;q=0.9

{"createdBy":"Admin","slotDate":"2024-07-17","start":"19:30:00","end":"20:30:00","slotStartTimeStamp":"2024-07-16T19:30:00.000Z","slotEndTimeStamp":"2024-07-16T20:30:00.000Z","createdDate":"2024-07-16T18:14:37.651Z","playerCount":3,"slotStatus":"Created","clubName":"Bhubaneswar Golf Club!","secondaryBooking":"Y","slotDuration":"20","slotAvailable":"Y","teeTime":"T1","slotDays":[1,2,3,4,5,6,7]}]
2024-07-16 23:44:37,694 DEBUG org.apache.juli.logging.DirectJDKLog [http-nio-8084-exec-6] Security checking request POST /slot/addslot
2024-07-16 23:44:37,696 DEBUG org.apache.juli.logging.DirectJDKLog [http-nio-8084-exec-6]   No applicable constraints defined
2024-07-16 23:44:37,696 DEBUG org.apache.juli.logging.DirectJDKLog [http-nio-8084-exec-6] Not subject to any constraint
2024-07-16 23:44:37,697 DEBUG org.springframework.security.web.FilterChainProxy$VirtualFilterChain [http-nio-8084-exec-6] /slot/addslot at position 1 of 11 in additional filter chain; firing Filter: 'WebAsyncManagerIntegrationFilter'
2024-07-16 23:44:37,698 DEBUG org.springframework.security.web.FilterChainProxy$VirtualFilterChain [http-nio-8084-exec-6] /slot/addslot at position 2 of 11 in additional filter chain; firing Filter: 'SecurityContextPersistenceFilter'
2024-07-16 23:44:37,699 DEBUG org.springframework.security.web.FilterChainProxy$VirtualFilterChain [http-nio-8084-exec-6] /slot/addslot at position 3 of 11 in additional filter chain; firing Filter: 'HeaderWriterFilter'
2024-07-16 23:44:37,700 DEBUG org.springframework.security.web.FilterChainProxy$VirtualFilterChain [http-nio-8084-exec-6] /slot/addslot at position 4 of 11 in additional filter chain; firing Filter: 'CorsFilter'
2024-07-16 23:44:37,704 DEBUG org.springframework.web.servlet.handler.AbstractHandlerMapping [http-nio-8084-exec-6] Mapped to com.booking.controller.SlotController#AddSlot(ClubSlot)
2024-07-16 23:44:37,706 DEBUG org.springframework.security.web.FilterChainProxy$VirtualFilterChain [http-nio-8084-exec-6] /slot/addslot at position 5 of 11 in additional filter chain; firing Filter: 'LogoutFilter'
2024-07-16 23:44:37,707 DEBUG org.springframework.security.web.util.matcher.OrRequestMatcher [http-nio-8084-exec-6] Trying to match using Ant [pattern='/logout', GET]
2024-07-16 23:44:37,708 DEBUG org.springframework.security.web.util.matcher.AntPathRequestMatcher [http-nio-8084-exec-6] Request 'POST /slot/addslot' doesn't match 'GET /logout'
2024-07-16 23:44:37,708 DEBUG org.springframework.security.web.util.matcher.OrRequestMatcher [http-nio-8084-exec-6] Trying to match using Ant [pattern='/logout', POST]
2024-07-16 23:44:37,709 DEBUG org.springframework.security.web.util.matcher.AntPathRequestMatcher [http-nio-8084-exec-6] Checking match of request : '/slot/addslot'; against '/logout'
2024-07-16 23:44:37,710 DEBUG org.springframework.security.web.util.matcher.OrRequestMatcher [http-nio-8084-exec-6] Trying to match using Ant [pattern='/logout', PUT]
2024-07-16 23:44:37,710 DEBUG org.springframework.security.web.util.matcher.AntPathRequestMatcher [http-nio-8084-exec-6] Request 'POST /slot/addslot' doesn't match 'PUT /logout'
2024-07-16 23:44:37,711 DEBUG org.springframework.security.web.util.matcher.OrRequestMatcher [http-nio-8084-exec-6] Trying to match using Ant [pattern='/logout', DELETE]
2024-07-16 23:44:37,712 DEBUG org.springframework.security.web.util.matcher.AntPathRequestMatcher [http-nio-8084-exec-6] Request 'POST /slot/addslot' doesn't match 'DELETE /logout'
2024-07-16 23:44:37,713 DEBUG org.springframework.security.web.util.matcher.OrRequestMatcher [http-nio-8084-exec-6] No matches found
2024-07-16 23:44:37,714 DEBUG org.springframework.security.web.FilterChainProxy$VirtualFilterChain [http-nio-8084-exec-6] /slot/addslot at position 6 of 11 in additional filter chain; firing Filter: 'RequestCacheAwareFilter'
2024-07-16 23:44:37,715 DEBUG org.springframework.security.web.FilterChainProxy$VirtualFilterChain [http-nio-8084-exec-6] /slot/addslot at position 7 of 11 in additional filter chain; firing Filter: 'SecurityContextHolderAwareRequestFilter'
2024-07-16 23:44:37,716 DEBUG org.springframework.security.web.FilterChainProxy$VirtualFilterChain [http-nio-8084-exec-6] /slot/addslot at position 8 of 11 in additional filter chain; firing Filter: 'AnonymousAuthenticationFilter'
2024-07-16 23:44:37,717 DEBUG org.springframework.security.web.authentication.AnonymousAuthenticationFilter [http-nio-8084-exec-6] Populated SecurityContextHolder with anonymous token: 'org.springframework.security.authentication.AnonymousAuthenticationToken@c73240ae: Principal: anonymousUser; Credentials: [PROTECTED]; Authenticated: true; Details: org.springframework.security.web.authentication.WebAuthenticationDetails@b364: RemoteIpAddress: 0:0:0:0:0:0:0:1; SessionId: null; Granted Authorities: ROLE_ANONYMOUS'
2024-07-16 23:44:37,718 DEBUG org.springframework.security.web.FilterChainProxy$VirtualFilterChain [http-nio-8084-exec-6] /slot/addslot at position 9 of 11 in additional filter chain; firing Filter: 'SessionManagementFilter'
2024-07-16 23:44:37,719 DEBUG org.springframework.security.web.FilterChainProxy$VirtualFilterChain [http-nio-8084-exec-6] /slot/addslot at position 10 of 11 in additional filter chain; firing Filter: 'ExceptionTranslationFilter'
2024-07-16 23:44:37,719 DEBUG org.springframework.security.web.FilterChainProxy$VirtualFilterChain [http-nio-8084-exec-6] /slot/addslot at position 11 of 11 in additional filter chain; firing Filter: 'FilterSecurityInterceptor'
2024-07-16 23:44:37,720 DEBUG org.springframework.security.web.util.matcher.AntPathRequestMatcher [http-nio-8084-exec-6] Request '/slot/addslot' matched by universal pattern '/**'
2024-07-16 23:44:37,721 DEBUG org.springframework.security.access.intercept.AbstractSecurityInterceptor [http-nio-8084-exec-6] Secure object: FilterInvocation: URL: /slot/addslot; Attributes: [permitAll]
2024-07-16 23:44:37,722 DEBUG org.springframework.security.access.intercept.AbstractSecurityInterceptor [http-nio-8084-exec-6] Previously Authenticated: org.springframework.security.authentication.AnonymousAuthenticationToken@c73240ae: Principal: anonymousUser; Credentials: [PROTECTED]; Authenticated: true; Details: org.springframework.security.web.authentication.WebAuthenticationDetails@b364: RemoteIpAddress: 0:0:0:0:0:0:0:1; SessionId: null; Granted Authorities: ROLE_ANONYMOUS
2024-07-16 23:44:37,728 DEBUG org.springframework.security.access.vote.AffirmativeBased [http-nio-8084-exec-6] Voter: org.springframework.security.web.access.expression.WebExpressionVoter@5f257236, returned: 1
2024-07-16 23:44:37,728 DEBUG org.springframework.security.access.intercept.AbstractSecurityInterceptor [http-nio-8084-exec-6] Authorization successful
2024-07-16 23:44:37,729 DEBUG org.springframework.security.access.intercept.AbstractSecurityInterceptor [http-nio-8084-exec-6] RunAsManager did not change Authentication object
2024-07-16 23:44:37,732 DEBUG org.springframework.security.web.FilterChainProxy$VirtualFilterChain [http-nio-8084-exec-6] /slot/addslot reached end of additional filter chain; proceeding with original chain
2024-07-16 23:44:37,733 WARN com.booking.config.JwtAuthenticationFilter [http-nio-8084-exec-6] Couldn't find bearer string, header will be ignored
2024-07-16 23:44:37,734 DEBUG org.springframework.web.servlet.handler.AbstractHandlerMapping [http-nio-8084-exec-6] Mapped to com.booking.controller.SlotController#AddSlot(ClubSlot)
2024-07-16 23:44:37,735 INFO com.booking.logger.SpringLoggingFilter [http-nio-8084-exec-6] Request: method=POST, uri=/slot/addslot, payload={"createdBy":"Admin","slotDate":"2024-07-17","start":"19:30:00","end":"20:30:00","slotStartTimeStamp":"2024-07-16T19:30:00.000Z","slotEndTimeStamp":"2024-07-16T20:30:00.000Z","createdDate":"2024-07-16T18:14:37.651Z","playerCount":3,"slotStatus":"Created","clubName":"Bhubaneswar Golf Club!","secondaryBooking":"Y","slotDuration":"20","slotAvailable":"Y","teeTime":"T1","slotDays":[1,2,3,4,5,6,7]}, audit=true
2024-07-16 23:44:37,737 DEBUG org.apache.juli.logging.DirectJDKLog [http-nio-8084-exec-6] Set encoding to UTF-8
2024-07-16 23:44:37,737 DEBUG org.springframework.core.log.LogFormatUtils [http-nio-8084-exec-6] POST "/slot/addslot", parameters={}
2024-07-16 23:44:37,738 DEBUG org.springframework.web.servlet.handler.AbstractHandlerMapping [http-nio-8084-exec-6] Mapped to com.booking.controller.SlotController#AddSlot(ClubSlot)
2024-07-16 23:44:37,739 DEBUG org.springframework.orm.jpa.support.OpenEntityManagerInViewInterceptor [http-nio-8084-exec-6] Opening JPA EntityManager in OpenEntityManagerInViewInterceptor
2024-07-16 23:44:37,749 DEBUG org.springframework.core.log.LogFormatUtils [http-nio-8084-exec-6] Read "application/json;charset=UTF-8" to [com.booking.model.slot.ClubSlot@795bc70a]
2024-07-16 23:44:37,758 DEBUG org.springframework.orm.jpa.JpaTransactionManager [http-nio-8084-exec-6] Found thread-bound EntityManager [SessionImpl(273760644<open>)] for JPA transaction
2024-07-16 23:44:37,760 DEBUG org.springframework.transaction.support.AbstractPlatformTransactionManager [http-nio-8084-exec-6] Creating new transaction with name [com.booking.service.impl.SlotServiceImpl.save]: PROPAGATION_REQUIRED,ISOLATION_DEFAULT
2024-07-16 23:44:37,766 DEBUG org.hibernate.engine.transaction.internal.TransactionImpl [http-nio-8084-exec-6] On TransactionImpl creation, JpaCompliance#isJpaTransactionComplianceEnabled == false
2024-07-16 23:44:37,768 DEBUG org.hibernate.engine.transaction.internal.TransactionImpl [http-nio-8084-exec-6] begin
2024-07-16 23:44:37,771 DEBUG org.postgresql.jdbc.PgConnection [http-nio-8084-exec-6]   setAutoCommit = false
2024-07-16 23:44:37,777 DEBUG org.springframework.orm.jpa.JpaTransactionManager [http-nio-8084-exec-6] Exposing JPA transaction as JDBC [org.springframework.orm.jpa.vendor.HibernateJpaDialect$HibernateConnectionHandle@68039a9d]
2024-07-16 23:44:37,788 DEBUG org.hibernate.engine.jdbc.spi.SqlStatementLogger [http-nio-8084-exec-6]  select cs.slot_id as slotId, cs.club_name as clubName, cs.created_by as createdBy, cs.created_date as createdDate, cs.player_count as playerCount, cs.primary_booking_id as primaryBookingId, cs.secondary_booking as secondaryBooking, cs.slot_available as slotAvailable, cs.slot_date as slotDate, cs.slot_end_timestmp as slotEndTimestmp, cs.slot_start_timestmp as slotStartTimeStamp, cs.slot_status as slotStatus, cs.tee_time as teeTime from club_slot cs where cs.slot_start_timestmp >=? and cs.slot_end_timestmp <=? and cs.tee_time =?
2024-07-16 23:44:37,909 DEBUG org.postgresql.Driver [http-nio-8084-exec-6] Connecting with URL: jdbc:postgresql://localhost:5432/Clubdb
2024-07-16 23:44:37,911 DEBUG org.postgresql.jdbc.PgConnection [http-nio-8084-exec-6] PostgreSQL JDBC Driver 42.2.14
2024-07-16 23:44:37,913 DEBUG org.postgresql.jdbc.PgConnection [http-nio-8084-exec-6]   setDefaultFetchSize = 0
2024-07-16 23:44:37,921 DEBUG org.postgresql.jdbc.PgConnection [http-nio-8084-exec-6]   setPrepareThreshold = 5
2024-07-16 23:44:37,923 DEBUG org.postgresql.core.v3.ConnectionFactoryImpl [http-nio-8084-exec-6] Trying to establish a protocol version 3 connection to localhost:5432
2024-07-16 23:44:37,941 DEBUG org.postgresql.core.v3.ConnectionFactoryImpl [http-nio-8084-exec-6] Receive Buffer Size is 65,536
2024-07-16 23:44:37,943 DEBUG org.postgresql.core.v3.ConnectionFactoryImpl [http-nio-8084-exec-6] Send Buffer Size is 65,536
2024-07-16 23:44:38,378 DEBUG org.postgresql.jdbc.PgConnection [http-nio-8084-exec-6]   setAutoCommit = false
2024-07-16 23:44:38,409 DEBUG org.springframework.transaction.support.AbstractPlatformTransactionManager [http-nio-8084-exec-6] Initiating transaction commit
2024-07-16 23:44:38,410 DEBUG org.springframework.orm.jpa.JpaTransactionManager [http-nio-8084-exec-6] Committing JPA transaction on EntityManager [SessionImpl(273760644<open>)]
2024-07-16 23:44:38,411 DEBUG org.hibernate.engine.transaction.internal.TransactionImpl [http-nio-8084-exec-6] committing
2024-07-16 23:44:38,413 DEBUG org.postgresql.jdbc.PgConnection [http-nio-8084-exec-6]   setAutoCommit = true
2024-07-16 23:44:38,415 DEBUG org.springframework.orm.jpa.JpaTransactionManager [http-nio-8084-exec-6] Not closing pre-bound JPA EntityManager after transaction
2024-07-16 23:44:38,418 DEBUG org.springframework.web.servlet.mvc.method.annotation.AbstractMessageConverterMethodProcessor [http-nio-8084-exec-6] Using 'application/json', given [application/json, text/plain, */*] and supported [application/json, application/*+json, application/json, application/*+json]
2024-07-16 23:44:38,420 DEBUG org.springframework.core.log.LogFormatUtils [http-nio-8084-exec-6] Writing [{Status=Success, Message=Slot Record Added successfully, Data=[com.booking.model.slot.ClubSlot@38dd7 (truncated)...]
2024-07-16 23:44:38,443 DEBUG org.springframework.orm.jpa.support.OpenEntityManagerInViewInterceptor [http-nio-8084-exec-6] Closing JPA EntityManager in OpenEntityManagerInViewInterceptor
2024-07-16 23:44:38,444 DEBUG org.springframework.web.servlet.FrameworkServlet [http-nio-8084-exec-6] Completed 200 OK
2024-07-16 23:44:38,445 INFO com.booking.logger.SpringLoggingFilter [http-nio-8084-exec-6] Response(710 ms): status=200, payload={"Status":"Success","Message":"Slot Record Added successfully","Data":[{"slotId":null,"slotDays":[1,2,3,4,5,6,7],"primaryBookingId":null,"playerCount":3,"slotStarted":null,"start":"19:30:00","end":"20:30:00","slotDuration":20,"createdBy":"Admin","clubName":"Bhubaneswar Golf Club!","secondaryBooking":"Y","createdDate":"2024-07-16T18:14:37.651+00:00","slotDate":"2024-07-17","slotStartTimeStamp":"2024-07-16T19:30:00.000+00:00","slotEndTimeStamp":"2024-07-16T19:50:00.000+00:00","slotStatus":"Created","teeTime":"T1","bookingMessage":null,"slotAvailable":"Y"},{"slotId":null,"slotDays":[1,2,3,4,5,6,7],"primaryBookingId":null,"playerCount":3,"slotStarted":null,"start":"19:30:00","end":"20:30:00","slotDuration":20,"createdBy":"Admin","clubName":"Bhubaneswar Golf Club!","secondaryBooking":"Y","createdDate":"2024-07-16T18:14:37.651+00:00","slotDate":"2024-07-17","slotStartTimeStamp":"2024-07-16T19:50:00.000+00:00","slotEndTimeStamp":"2024-07-16T20:10:00.000+00:00","slotStatus":"Created","teeTime":"T1","bookingMessage":null,"slotAvailable":"Y"},{"slotId":null,"slotDays":[1,2,3,4,5,6,7],"primaryBookingId":null,"playerCount":3,"slotStarted":null,"start":"19:30:00","end":"20:30:00","slotDuration":20,"createdBy":"Admin","clubName":"Bhubaneswar Golf Club!","secondaryBooking":"Y","createdDate":"2024-07-16T18:14:37.651+00:00","slotDate":"2024-07-17","slotStartTimeStamp":"2024-07-16T20:10:00.000+00:00","slotEndTimeStamp":"2024-07-16T20:30:00.000+00:00","slotStatus":"Created","teeTime":"T1","bookingMessage":null,"slotAvailable":"Y"},{"slotId":null,"slotDays":[1,2,3,4,5,6,7],"primaryBookingId":null,"playerCount":3,"slotStarted":null,"start":"19:30:00","end":"20:30:00","slotDuration":20,"createdBy":"Admin","clubName":"Bhubaneswar Golf Club!","secondaryBooking":"Y","createdDate":"2024-07-16T18:14:37.651+00:00","slotDate":"2024-07-17","slotStartTimeStamp":"2024-07-16T20:30:00.000+00:00","slotEndTimeStamp":"2024-07-16T20:50:00.000+00:00","slotStatus":"Created","teeTime":"T1","bookingMessage":null,"slotAvailable":"Y"}]}, audit=true
2024-07-16 23:44:38,446 DEBUG org.springframework.security.web.access.ExceptionTranslationFilter [http-nio-8084-exec-6] Chain processed normally
2024-07-16 23:44:38,446 DEBUG org.springframework.security.web.header.writers.HstsHeaderWriter [http-nio-8084-exec-6] Not injecting HSTS header since it did not match the requestMatcher org.springframework.security.web.header.writers.HstsHeaderWriter$SecureRequestMatcher@6f79f99d
2024-07-16 23:44:38,447 DEBUG org.springframework.security.web.context.SecurityContextPersistenceFilter [http-nio-8084-exec-6] SecurityContextHolder now cleared, as request processing completed
2024-07-16 23:44:38,453 DEBUG org.apache.juli.logging.DirectJDKLog [http-nio-8084-exec-6] Socket: [org.apache.tomcat.util.net.NioEndpoint$NioSocketWrapper@6bfc7fd4:org.apache.tomcat.util.net.NioChannel@610414a4:java.nio.channels.SocketChannel[connected local=/[0:0:0:0:0:0:0:1]:8084 remote=/[0:0:0:0:0:0:0:1]:53280]], Read from buffer: [0]
2024-07-16 23:44:38,454 DEBUG org.apache.juli.logging.DirectJDKLog [http-nio-8084-exec-6] Socket: [org.apache.tomcat.util.net.NioEndpoint$NioSocketWrapper@6bfc7fd4:org.apache.tomcat.util.net.NioChannel@610414a4:java.nio.channels.SocketChannel[connected local=/[0:0:0:0:0:0:0:1]:8084 remote=/[0:0:0:0:0:0:0:1]:53280]], Read direct from socket: [0]
2024-07-16 23:44:38,455 DEBUG org.apache.juli.logging.DirectJDKLog [http-nio-8084-exec-6] Socket: [org.apache.tomcat.util.net.NioEndpoint$NioSocketWrapper@6bfc7fd4:org.apache.tomcat.util.net.NioChannel@610414a4:java.nio.channels.SocketChannel[connected local=/[0:0:0:0:0:0:0:1]:8084 remote=/[0:0:0:0:0:0:0:1]:53280]], Status in: [OPEN_READ], State out: [OPEN]
2024-07-16 23:44:38,457 DEBUG org.apache.juli.logging.DirectJDKLog [http-nio-8084-exec-6] Pushed Processor [org.apache.coyote.http11.Http11Processor@6fc3f6f4]
2024-07-16 23:44:38,458 DEBUG org.apache.juli.logging.DirectJDKLog [http-nio-8084-exec-6] Registered read interest for [org.apache.tomcat.util.net.NioEndpoint$NioSocketWrapper@6bfc7fd4:org.apache.tomcat.util.net.NioChannel@610414a4:java.nio.channels.SocketChannel[connected local=/[0:0:0:0:0:0:0:1]:8084 remote=/[0:0:0:0:0:0:0:1]:53280]]
2024-07-16 23:44:38,468 DEBUG org.apache.juli.logging.DirectJDKLog [http-nio-8084-exec-7] Processing socket [org.apache.tomcat.util.net.NioChannel@610414a4:java.nio.channels.SocketChannel[connected local=/[0:0:0:0:0:0:0:1]:8084 remote=/[0:0:0:0:0:0:0:1]:53280]] with status [OPEN_READ]
2024-07-16 23:44:38,469 DEBUG org.apache.juli.logging.DirectJDKLog [http-nio-8084-exec-7] Found processor [null] for socket [org.apache.tomcat.util.net.NioChannel@610414a4:java.nio.channels.SocketChannel[connected local=/[0:0:0:0:0:0:0:1]:8084 remote=/[0:0:0:0:0:0:0:1]:53280]]
2024-07-16 23:44:38,470 DEBUG org.apache.juli.logging.DirectJDKLog [http-nio-8084-exec-7] Popped processor [org.apache.coyote.http11.Http11Processor@6fc3f6f4] from cache
2024-07-16 23:44:38,470 DEBUG org.apache.juli.logging.DirectJDKLog [http-nio-8084-exec-7] Socket: [org.apache.tomcat.util.net.NioEndpoint$NioSocketWrapper@6bfc7fd4:org.apache.tomcat.util.net.NioChannel@610414a4:java.nio.channels.SocketChannel[connected local=/[0:0:0:0:0:0:0:1]:8084 remote=/[0:0:0:0:0:0:0:1]:53280]], Read from buffer: [0]
2024-07-16 23:44:38,471 DEBUG org.apache.juli.logging.DirectJDKLog [http-nio-8084-exec-7] Socket: [org.apache.tomcat.util.net.NioEndpoint$NioSocketWrapper@6bfc7fd4:org.apache.tomcat.util.net.NioChannel@610414a4:java.nio.channels.SocketChannel[connected local=/[0:0:0:0:0:0:0:1]:8084 remote=/[0:0:0:0:0:0:0:1]:53280]], Read direct from socket: [643]
2024-07-16 23:44:38,472 DEBUG org.apache.juli.logging.DirectJDKLog [http-nio-8084-exec-7] Received [POST /slot/listallslot HTTP/1.1
Host: localhost:8084
Connection: keep-alive
Content-Length: 2
sec-ch-ua: "Not/A)Brand";v="8", "Chromium";v="126", "Google Chrome";v="126"
Accept: application/json, text/plain, */*
Content-Type: application/json
sec-ch-ua-mobile: ?0
User-Agent: Mozilla/5.0 (Windows NT 10.0; Win64; x64) AppleWebKit/537.36 (KHTML, like Gecko) Chrome/126.0.0.0 Safari/537.36
sec-ch-ua-platform: "Windows"
Origin: http://localhost:3000
Sec-Fetch-Site: same-site
Sec-Fetch-Mode: cors
Sec-Fetch-Dest: empty
Referer: http://localhost:3000/
Accept-Encoding: gzip, deflate, br, zstd
Accept-Language: en-US,en;q=0.9

{}]
2024-07-16 23:44:38,474 DEBUG org.apache.juli.logging.DirectJDKLog [http-nio-8084-exec-7] Security checking request POST /slot/listallslot
2024-07-16 23:44:38,474 DEBUG org.apache.juli.logging.DirectJDKLog [http-nio-8084-exec-7]   No applicable constraints defined
2024-07-16 23:44:38,475 DEBUG org.apache.juli.logging.DirectJDKLog [http-nio-8084-exec-7] Not subject to any constraint
2024-07-16 23:44:38,476 DEBUG org.springframework.security.web.FilterChainProxy$VirtualFilterChain [http-nio-8084-exec-7] /slot/listallslot at position 1 of 11 in additional filter chain; firing Filter: 'WebAsyncManagerIntegrationFilter'
2024-07-16 23:44:38,477 DEBUG org.springframework.security.web.FilterChainProxy$VirtualFilterChain [http-nio-8084-exec-7] /slot/listallslot at position 2 of 11 in additional filter chain; firing Filter: 'SecurityContextPersistenceFilter'
2024-07-16 23:44:38,481 DEBUG org.springframework.security.web.FilterChainProxy$VirtualFilterChain [http-nio-8084-exec-7] /slot/listallslot at position 3 of 11 in additional filter chain; firing Filter: 'HeaderWriterFilter'
2024-07-16 23:44:38,482 DEBUG org.springframework.security.web.FilterChainProxy$VirtualFilterChain [http-nio-8084-exec-7] /slot/listallslot at position 4 of 11 in additional filter chain; firing Filter: 'CorsFilter'
2024-07-16 23:44:38,484 DEBUG org.springframework.web.servlet.handler.AbstractHandlerMapping [http-nio-8084-exec-7] Mapped to com.booking.controller.SlotController#ListAllSlot(ClubSlot)
2024-07-16 23:44:38,486 DEBUG org.springframework.security.web.FilterChainProxy$VirtualFilterChain [http-nio-8084-exec-7] /slot/listallslot at position 5 of 11 in additional filter chain; firing Filter: 'LogoutFilter'
2024-07-16 23:44:38,496 DEBUG org.springframework.security.web.util.matcher.OrRequestMatcher [http-nio-8084-exec-7] Trying to match using Ant [pattern='/logout', GET]
2024-07-16 23:44:38,497 DEBUG org.springframework.security.web.util.matcher.AntPathRequestMatcher [http-nio-8084-exec-7] Request 'POST /slot/listallslot' doesn't match 'GET /logout'
2024-07-16 23:44:38,497 DEBUG org.springframework.security.web.util.matcher.OrRequestMatcher [http-nio-8084-exec-7] Trying to match using Ant [pattern='/logout', POST]
2024-07-16 23:44:38,498 DEBUG org.springframework.security.web.util.matcher.AntPathRequestMatcher [http-nio-8084-exec-7] Checking match of request : '/slot/listallslot'; against '/logout'
2024-07-16 23:44:38,499 DEBUG org.springframework.security.web.util.matcher.OrRequestMatcher [http-nio-8084-exec-7] Trying to match using Ant [pattern='/logout', PUT]
2024-07-16 23:44:38,499 DEBUG org.springframework.security.web.util.matcher.AntPathRequestMatcher [http-nio-8084-exec-7] Request 'POST /slot/listallslot' doesn't match 'PUT /logout'
2024-07-16 23:44:38,500 DEBUG org.springframework.security.web.util.matcher.OrRequestMatcher [http-nio-8084-exec-7] Trying to match using Ant [pattern='/logout', DELETE]
2024-07-16 23:44:38,501 DEBUG org.springframework.security.web.util.matcher.AntPathRequestMatcher [http-nio-8084-exec-7] Request 'POST /slot/listallslot' doesn't match 'DELETE /logout'
2024-07-16 23:44:38,501 DEBUG org.springframework.security.web.util.matcher.OrRequestMatcher [http-nio-8084-exec-7] No matches found
2024-07-16 23:44:38,502 DEBUG org.springframework.security.web.FilterChainProxy$VirtualFilterChain [http-nio-8084-exec-7] /slot/listallslot at position 6 of 11 in additional filter chain; firing Filter: 'RequestCacheAwareFilter'
2024-07-16 23:44:38,502 DEBUG org.springframework.security.web.FilterChainProxy$VirtualFilterChain [http-nio-8084-exec-7] /slot/listallslot at position 7 of 11 in additional filter chain; firing Filter: 'SecurityContextHolderAwareRequestFilter'
2024-07-16 23:44:38,503 DEBUG org.springframework.security.web.FilterChainProxy$VirtualFilterChain [http-nio-8084-exec-7] /slot/listallslot at position 8 of 11 in additional filter chain; firing Filter: 'AnonymousAuthenticationFilter'
2024-07-16 23:44:38,503 DEBUG org.springframework.security.web.authentication.AnonymousAuthenticationFilter [http-nio-8084-exec-7] Populated SecurityContextHolder with anonymous token: 'org.springframework.security.authentication.AnonymousAuthenticationToken@c73240ae: Principal: anonymousUser; Credentials: [PROTECTED]; Authenticated: true; Details: org.springframework.security.web.authentication.WebAuthenticationDetails@b364: RemoteIpAddress: 0:0:0:0:0:0:0:1; SessionId: null; Granted Authorities: ROLE_ANONYMOUS'
2024-07-16 23:44:38,504 DEBUG org.springframework.security.web.FilterChainProxy$VirtualFilterChain [http-nio-8084-exec-7] /slot/listallslot at position 9 of 11 in additional filter chain; firing Filter: 'SessionManagementFilter'
2024-07-16 23:44:38,504 DEBUG org.springframework.security.web.FilterChainProxy$VirtualFilterChain [http-nio-8084-exec-7] /slot/listallslot at position 10 of 11 in additional filter chain; firing Filter: 'ExceptionTranslationFilter'
2024-07-16 23:44:38,505 DEBUG org.springframework.security.web.FilterChainProxy$VirtualFilterChain [http-nio-8084-exec-7] /slot/listallslot at position 11 of 11 in additional filter chain; firing Filter: 'FilterSecurityInterceptor'
2024-07-16 23:44:38,505 DEBUG org.springframework.security.web.util.matcher.AntPathRequestMatcher [http-nio-8084-exec-7] Request '/slot/listallslot' matched by universal pattern '/**'
2024-07-16 23:44:38,506 DEBUG org.springframework.security.access.intercept.AbstractSecurityInterceptor [http-nio-8084-exec-7] Secure object: FilterInvocation: URL: /slot/listallslot; Attributes: [permitAll]
2024-07-16 23:44:38,506 DEBUG org.springframework.security.access.intercept.AbstractSecurityInterceptor [http-nio-8084-exec-7] Previously Authenticated: org.springframework.security.authentication.AnonymousAuthenticationToken@c73240ae: Principal: anonymousUser; Credentials: [PROTECTED]; Authenticated: true; Details: org.springframework.security.web.authentication.WebAuthenticationDetails@b364: RemoteIpAddress: 0:0:0:0:0:0:0:1; SessionId: null; Granted Authorities: ROLE_ANONYMOUS
2024-07-16 23:44:38,507 DEBUG org.springframework.security.access.vote.AffirmativeBased [http-nio-8084-exec-7] Voter: org.springframework.security.web.access.expression.WebExpressionVoter@5f257236, returned: 1
2024-07-16 23:44:38,508 DEBUG org.springframework.security.access.intercept.AbstractSecurityInterceptor [http-nio-8084-exec-7] Authorization successful
2024-07-16 23:44:38,508 DEBUG org.springframework.security.access.intercept.AbstractSecurityInterceptor [http-nio-8084-exec-7] RunAsManager did not change Authentication object
2024-07-16 23:44:38,509 DEBUG org.springframework.security.web.FilterChainProxy$VirtualFilterChain [http-nio-8084-exec-7] /slot/listallslot reached end of additional filter chain; proceeding with original chain
2024-07-16 23:44:38,509 WARN com.booking.config.JwtAuthenticationFilter [http-nio-8084-exec-7] Couldn't find bearer string, header will be ignored
2024-07-16 23:44:38,511 DEBUG org.springframework.web.servlet.handler.AbstractHandlerMapping [http-nio-8084-exec-7] Mapped to com.booking.controller.SlotController#ListAllSlot(ClubSlot)
2024-07-16 23:44:38,512 INFO com.booking.logger.SpringLoggingFilter [http-nio-8084-exec-7] Request: method=POST, uri=/slot/listallslot, payload={}, audit=true
2024-07-16 23:44:38,513 DEBUG org.apache.juli.logging.DirectJDKLog [http-nio-8084-exec-7] Set encoding to UTF-8
2024-07-16 23:44:38,514 DEBUG org.springframework.core.log.LogFormatUtils [http-nio-8084-exec-7] POST "/slot/listallslot", parameters={}
2024-07-16 23:44:38,515 DEBUG org.springframework.web.servlet.handler.AbstractHandlerMapping [http-nio-8084-exec-7] Mapped to com.booking.controller.SlotController#ListAllSlot(ClubSlot)
2024-07-16 23:44:38,517 DEBUG org.springframework.orm.jpa.support.OpenEntityManagerInViewInterceptor [http-nio-8084-exec-7] Opening JPA EntityManager in OpenEntityManagerInViewInterceptor
2024-07-16 23:44:38,520 DEBUG org.springframework.core.log.LogFormatUtils [http-nio-8084-exec-7] Read "application/json;charset=UTF-8" to [com.booking.model.slot.ClubSlot@74f437f9]
2024-07-16 23:44:38,523 DEBUG org.hibernate.engine.jdbc.spi.SqlStatementLogger [http-nio-8084-exec-7]  select cs.slot_id as slotId, cs.club_name as clubName, cs.created_by as createdBy, cs.created_date as createdDate, cs.player_count as playerCount, cs.primary_booking_id as primaryBookingId, cs.secondary_booking as secondaryBooking, cs.slot_available as slotAvailable, cs.slot_date as slotDate, cs.slot_end_timestmp as slotEndTimestmp, cs.slot_start_timestmp as slotStartTimeStamp, cs.slot_status as slotStatus, cs.tee_time as teeTime from club_slot cs where cs.slot_start_timestmp >? order by cs.slot_start_timestmp asc

2024-07-16 23:44:38,528 DEBUG org.jboss.logging.DelegatingBasicLogger [http-nio-8084-exec-7] Result set row: 0
2024-07-16 23:44:38,529 DEBUG org.hibernate.loader.Loader [http-nio-8084-exec-7] Result row: 
2024-07-16 23:44:38,532 DEBUG org.jboss.logging.DelegatingBasicLogger [http-nio-8084-exec-7] Result set row: 1
2024-07-16 23:44:38,534 DEBUG org.hibernate.loader.Loader [http-nio-8084-exec-7] Result row: 
2024-07-16 23:44:38,535 DEBUG org.jboss.logging.DelegatingBasicLogger [http-nio-8084-exec-7] Result set row: 2
2024-07-16 23:44:38,536 DEBUG org.hibernate.loader.Loader [http-nio-8084-exec-7] Result row: 
2024-07-16 23:44:38,538 DEBUG org.jboss.logging.DelegatingBasicLogger [http-nio-8084-exec-7] Result set row: 3
2024-07-16 23:44:38,539 DEBUG org.hibernate.loader.Loader [http-nio-8084-exec-7] Result row: 
2024-07-16 23:44:38,580 DEBUG org.apache.juli.logging.DirectJDKLog [http-nio-8084-exec-7]     findClass(com.booking.model.slot.ClubSlotModelCustomizer)
2024-07-16 23:44:38,583 DEBUG org.apache.juli.logging.DirectJDKLog [http-nio-8084-exec-7]     --> Returning ClassNotFoundException
2024-07-16 23:44:38,588 DEBUG org.springframework.web.servlet.mvc.method.annotation.AbstractMessageConverterMethodProcessor [http-nio-8084-exec-7] Using 'application/json', given [application/json, text/plain, */*] and supported [application/json, application/*+json, application/json, application/*+json]
2024-07-16 23:44:38,591 DEBUG org.springframework.core.log.LogFormatUtils [http-nio-8084-exec-7] Writing [{slotList=[org.springframework.data.jpa.repository.query.AbstractJpaQuery$TupleConverter$TupleBacked (truncated)...]
2024-07-16 23:44:38,647 DEBUG org.springframework.orm.jpa.support.OpenEntityManagerInViewInterceptor [http-nio-8084-exec-7] Closing JPA EntityManager in OpenEntityManagerInViewInterceptor
2024-07-16 23:44:38,648 DEBUG org.springframework.web.servlet.FrameworkServlet [http-nio-8084-exec-7] Completed 200 OK
2024-07-16 23:44:38,649 INFO com.booking.logger.SpringLoggingFilter [http-nio-8084-exec-7] Response(137 ms): status=200, payload={"slotList":[{"slotDate":"2024-07-17","slotId":728,"secondaryBooking":"Y","primaryBookingId":0,"slotStartTimeStamp":"2024-07-16T19:30:00.000+00:00","playerCount":3,"slotStatus":"Created","teeTime":"T1","slotEndTimeStmp":"2024-07-16T19:50:00.000+00:00","slotDuration":null,"clubName":"Bhubaneswar Golf Club!","slotAvailable":"Y","createdBy":"Admin","createdDate":"2024-07-16T18:14:37.651+00:00"},{"slotDate":"2024-07-17","slotId":729,"secondaryBooking":"Y","primaryBookingId":0,"slotStartTimeStamp":"2024-07-16T19:50:00.000+00:00","playerCount":3,"slotStatus":"Created","teeTime":"T1","slotEndTimeStmp":"2024-07-16T20:10:00.000+00:00","slotDuration":null,"clubName":"Bhubaneswar Golf Club!","slotAvailable":"Y","createdBy":"Admin","createdDate":"2024-07-16T18:14:37.651+00:00"},{"slotDate":"2024-07-17","slotId":730,"secondaryBooking":"Y","primaryBookingId":0,"slotStartTimeStamp":"2024-07-16T20:10:00.000+00:00","playerCount":3,"slotStatus":"Created","teeTime":"T1","slotEndTimeStmp":"2024-07-16T20:30:00.000+00:00","slotDuration":null,"clubName":"Bhubaneswar Golf Club!","slotAvailable":"Y","createdBy":"Admin","createdDate":"2024-07-16T18:14:37.651+00:00"},{"slotDate":"2024-07-17","slotId":731,"secondaryBooking":"Y","primaryBookingId":0,"slotStartTimeStamp":"2024-07-16T20:30:00.000+00:00","playerCount":3,"slotStatus":"Created","teeTime":"T1","slotEndTimeStmp":"2024-07-16T20:50:00.000+00:00","slotDuration":null,"clubName":"Bhubaneswar Golf Club!","slotAvailable":"Y","createdBy":"Admin","createdDate":"2024-07-16T18:14:37.651+00:00"}],"slotAvalaibity":{"17-07-2024":"Y"}}, audit=true
2024-07-16 23:44:38,649 DEBUG org.springframework.security.web.access.ExceptionTranslationFilter [http-nio-8084-exec-7] Chain processed normally
2024-07-16 23:44:38,652 DEBUG org.springframework.security.web.header.writers.HstsHeaderWriter [http-nio-8084-exec-7] Not injecting HSTS header since it did not match the requestMatcher org.springframework.security.web.header.writers.HstsHeaderWriter$SecureRequestMatcher@6f79f99d
2024-07-16 23:44:38,653 DEBUG org.springframework.security.web.context.SecurityContextPersistenceFilter [http-nio-8084-exec-7] SecurityContextHolder now cleared, as request processing completed
2024-07-16 23:44:38,655 DEBUG org.apache.juli.logging.DirectJDKLog [http-nio-8084-exec-7] Socket: [org.apache.tomcat.util.net.NioEndpoint$NioSocketWrapper@6bfc7fd4:org.apache.tomcat.util.net.NioChannel@610414a4:java.nio.channels.SocketChannel[connected local=/[0:0:0:0:0:0:0:1]:8084 remote=/[0:0:0:0:0:0:0:1]:53280]], Read from buffer: [0]
2024-07-16 23:44:38,656 DEBUG org.apache.juli.logging.DirectJDKLog [http-nio-8084-exec-7] Socket: [org.apache.tomcat.util.net.NioEndpoint$NioSocketWrapper@6bfc7fd4:org.apache.tomcat.util.net.NioChannel@610414a4:java.nio.channels.SocketChannel[connected local=/[0:0:0:0:0:0:0:1]:8084 remote=/[0:0:0:0:0:0:0:1]:53280]], Read direct from socket: [0]
2024-07-16 23:44:38,656 DEBUG org.apache.juli.logging.DirectJDKLog [http-nio-8084-exec-7] Socket: [org.apache.tomcat.util.net.NioEndpoint$NioSocketWrapper@6bfc7fd4:org.apache.tomcat.util.net.NioChannel@610414a4:java.nio.channels.SocketChannel[connected local=/[0:0:0:0:0:0:0:1]:8084 remote=/[0:0:0:0:0:0:0:1]:53280]], Status in: [OPEN_READ], State out: [OPEN]
2024-07-16 23:44:38,657 DEBUG org.apache.juli.logging.DirectJDKLog [http-nio-8084-exec-7] Pushed Processor [org.apache.coyote.http11.Http11Processor@6fc3f6f4]
2024-07-16 23:44:38,658 DEBUG org.apache.juli.logging.DirectJDKLog [http-nio-8084-exec-7] Registered read interest for [org.apache.tomcat.util.net.NioEndpoint$NioSocketWrapper@6bfc7fd4:org.apache.tomcat.util.net.NioChannel@610414a4:java.nio.channels.SocketChannel[connected local=/[0:0:0:0:0:0:0:1]:8084 remote=/[0:0:0:0:0:0:0:1]:53280]]
2024-07-16 23:44:41,231 DEBUG sun.rmi.runtime.Log$LoggerLog [RMI TCP Connection(3)-127.0.0.1] RMI TCP Connection(3)-127.0.0.1: accepted socket from [127.0.0.1:53286]
2024-07-16 23:44:41,232 DEBUG sun.rmi.runtime.Log$LoggerLog [RMI TCP Connection(3)-127.0.0.1] RMI TCP Connection(3)-127.0.0.1: (port 53259) op = 80
2024-07-16 23:44:41,233 DEBUG sun.util.logging.internal.LoggingProviderImpl$JULWrapper [RMI TCP Connection(3)-127.0.0.1] connectionId=rmi://127.0.0.1  1
2024-07-16 23:44:48,508 DEBUG com.zaxxer.hikari.pool.HikariPool [HikariPool-1 housekeeper] HikariPool-1 - Pool stats (total=10, active=0, idle=10, waiting=0)
2024-07-16 23:44:48,509 DEBUG com.zaxxer.hikari.pool.HikariPool [HikariPool-1 housekeeper] HikariPool-1 - Fill pool skipped, pool is at sufficient level.
2024-07-16 23:44:49,951 DEBUG org.apache.juli.logging.DirectJDKLog [Catalina-utility-2] Start expire sessions StandardManager at 1721153689950 sessioncount 0
2024-07-16 23:44:49,951 DEBUG org.apache.juli.logging.DirectJDKLog [Catalina-utility-2] End expire sessions StandardManager processingTime 1 expired sessions: 0
2024-07-16 23:44:56,236 DEBUG sun.rmi.runtime.Log$LoggerLog [RMI TCP Connection(3)-127.0.0.1] RMI TCP Connection(3)-127.0.0.1: (port 53259) connection closed
2024-07-16 23:44:56,237 DEBUG sun.rmi.runtime.Log$LoggerLog [RMI TCP Connection(3)-127.0.0.1] RMI TCP Connection(3)-127.0.0.1: close connection, socket: Socket[addr=/127.0.0.1,port=53286,localport=53259]
2024-07-16 23:44:56,239 DEBUG sun.rmi.runtime.Log$LoggerLog [RMI TCP Connection(3)-127.0.0.1] RMI TCP Connection(3)-127.0.0.1: socket close: Socket[addr=/127.0.0.1,port=53286,localport=53259]
2024-07-16 23:45:06,619 DEBUG org.apache.juli.logging.DirectJDKLog [http-nio-8084-exec-8] Processing socket [org.apache.tomcat.util.net.NioChannel@610414a4:java.nio.channels.SocketChannel[connected local=/[0:0:0:0:0:0:0:1]:8084 remote=/[0:0:0:0:0:0:0:1]:53280]] with status [OPEN_READ]
2024-07-16 23:45:06,620 DEBUG org.apache.juli.logging.DirectJDKLog [http-nio-8084-exec-8] Found processor [null] for socket [org.apache.tomcat.util.net.NioChannel@610414a4:java.nio.channels.SocketChannel[connected local=/[0:0:0:0:0:0:0:1]:8084 remote=/[0:0:0:0:0:0:0:1]:53280]]
2024-07-16 23:45:06,621 DEBUG org.apache.juli.logging.DirectJDKLog [http-nio-8084-exec-8] Popped processor [org.apache.coyote.http11.Http11Processor@6fc3f6f4] from cache
2024-07-16 23:45:06,622 DEBUG org.apache.juli.logging.DirectJDKLog [http-nio-8084-exec-8] Socket: [org.apache.tomcat.util.net.NioEndpoint$NioSocketWrapper@6bfc7fd4:org.apache.tomcat.util.net.NioChannel@610414a4:java.nio.channels.SocketChannel[connected local=/[0:0:0:0:0:0:0:1]:8084 remote=/[0:0:0:0:0:0:0:1]:53280]], Read from buffer: [0]
2024-07-16 23:45:06,624 DEBUG org.apache.juli.logging.DirectJDKLog [http-nio-8084-exec-8] Socket: [org.apache.tomcat.util.net.NioEndpoint$NioSocketWrapper@6bfc7fd4:org.apache.tomcat.util.net.NioChannel@610414a4:java.nio.channels.SocketChannel[connected local=/[0:0:0:0:0:0:0:1]:8084 remote=/[0:0:0:0:0:0:0:1]:53280]], Read direct from socket: [514]
2024-07-16 23:45:06,624 DEBUG org.apache.juli.logging.DirectJDKLog [http-nio-8084-exec-8] Received [OPTIONS /slot/blockslot HTTP/1.1
Host: localhost:8084
Connection: keep-alive
Accept: */*
Access-Control-Request-Method: POST
Access-Control-Request-Headers: content-type
Origin: http://localhost:3000
User-Agent: Mozilla/5.0 (Windows NT 10.0; Win64; x64) AppleWebKit/537.36 (KHTML, like Gecko) Chrome/126.0.0.0 Safari/537.36
Sec-Fetch-Mode: cors
Sec-Fetch-Site: same-site
Sec-Fetch-Dest: empty
Referer: http://localhost:3000/
Accept-Encoding: gzip, deflate, br, zstd
Accept-Language: en-US,en;q=0.9

]
2024-07-16 23:45:06,626 DEBUG org.apache.juli.logging.DirectJDKLog [http-nio-8084-exec-8] Security checking request OPTIONS /slot/blockslot
2024-07-16 23:45:06,627 DEBUG org.apache.juli.logging.DirectJDKLog [http-nio-8084-exec-8]   No applicable constraints defined
2024-07-16 23:45:06,628 DEBUG org.apache.juli.logging.DirectJDKLog [http-nio-8084-exec-8] Not subject to any constraint
2024-07-16 23:45:06,629 DEBUG org.springframework.security.web.FilterChainProxy$VirtualFilterChain [http-nio-8084-exec-8] /slot/blockslot at position 1 of 11 in additional filter chain; firing Filter: 'WebAsyncManagerIntegrationFilter'
2024-07-16 23:45:06,630 DEBUG org.springframework.security.web.FilterChainProxy$VirtualFilterChain [http-nio-8084-exec-8] /slot/blockslot at position 2 of 11 in additional filter chain; firing Filter: 'SecurityContextPersistenceFilter'
2024-07-16 23:45:06,631 DEBUG org.springframework.security.web.FilterChainProxy$VirtualFilterChain [http-nio-8084-exec-8] /slot/blockslot at position 3 of 11 in additional filter chain; firing Filter: 'HeaderWriterFilter'
2024-07-16 23:45:06,632 DEBUG org.springframework.security.web.FilterChainProxy$VirtualFilterChain [http-nio-8084-exec-8] /slot/blockslot at position 4 of 11 in additional filter chain; firing Filter: 'CorsFilter'
2024-07-16 23:45:06,634 DEBUG org.springframework.web.servlet.handler.AbstractHandlerMapping [http-nio-8084-exec-8] Mapped to com.booking.controller.SlotController#blockSlot(ClubSlot)
2024-07-16 23:45:06,636 DEBUG org.springframework.security.web.header.writers.HstsHeaderWriter [http-nio-8084-exec-8] Not injecting HSTS header since it did not match the requestMatcher org.springframework.security.web.header.writers.HstsHeaderWriter$SecureRequestMatcher@6f79f99d
2024-07-16 23:45:06,639 DEBUG org.springframework.security.web.context.SecurityContextPersistenceFilter [http-nio-8084-exec-8] SecurityContextHolder now cleared, as request processing completed
2024-07-16 23:45:06,641 DEBUG org.apache.juli.logging.DirectJDKLog [http-nio-8084-exec-8] Socket: [org.apache.tomcat.util.net.NioEndpoint$NioSocketWrapper@6bfc7fd4:org.apache.tomcat.util.net.NioChannel@610414a4:java.nio.channels.SocketChannel[connected local=/[0:0:0:0:0:0:0:1]:8084 remote=/[0:0:0:0:0:0:0:1]:53280]], Read from buffer: [0]
2024-07-16 23:45:06,643 DEBUG org.apache.juli.logging.DirectJDKLog [http-nio-8084-exec-8] Socket: [org.apache.tomcat.util.net.NioEndpoint$NioSocketWrapper@6bfc7fd4:org.apache.tomcat.util.net.NioChannel@610414a4:java.nio.channels.SocketChannel[connected local=/[0:0:0:0:0:0:0:1]:8084 remote=/[0:0:0:0:0:0:0:1]:53280]], Read direct from socket: [0]
2024-07-16 23:45:06,644 DEBUG org.apache.juli.logging.DirectJDKLog [http-nio-8084-exec-8] Socket: [org.apache.tomcat.util.net.NioEndpoint$NioSocketWrapper@6bfc7fd4:org.apache.tomcat.util.net.NioChannel@610414a4:java.nio.channels.SocketChannel[connected local=/[0:0:0:0:0:0:0:1]:8084 remote=/[0:0:0:0:0:0:0:1]:53280]], Status in: [OPEN_READ], State out: [OPEN]
2024-07-16 23:45:06,644 DEBUG org.apache.juli.logging.DirectJDKLog [http-nio-8084-exec-8] Pushed Processor [org.apache.coyote.http11.Http11Processor@6fc3f6f4]
2024-07-16 23:45:06,645 DEBUG org.apache.juli.logging.DirectJDKLog [http-nio-8084-exec-8] Registered read interest for [org.apache.tomcat.util.net.NioEndpoint$NioSocketWrapper@6bfc7fd4:org.apache.tomcat.util.net.NioChannel@610414a4:java.nio.channels.SocketChannel[connected local=/[0:0:0:0:0:0:0:1]:8084 remote=/[0:0:0:0:0:0:0:1]:53280]]
2024-07-16 23:45:06,647 DEBUG org.apache.juli.logging.DirectJDKLog [http-nio-8084-exec-9] Processing socket [org.apache.tomcat.util.net.NioChannel@610414a4:java.nio.channels.SocketChannel[connected local=/[0:0:0:0:0:0:0:1]:8084 remote=/[0:0:0:0:0:0:0:1]:53280]] with status [OPEN_READ]
2024-07-16 23:45:06,647 DEBUG org.apache.juli.logging.DirectJDKLog [http-nio-8084-exec-9] Found processor [null] for socket [org.apache.tomcat.util.net.NioChannel@610414a4:java.nio.channels.SocketChannel[connected local=/[0:0:0:0:0:0:0:1]:8084 remote=/[0:0:0:0:0:0:0:1]:53280]]
2024-07-16 23:45:06,648 DEBUG org.apache.juli.logging.DirectJDKLog [http-nio-8084-exec-9] Popped processor [org.apache.coyote.http11.Http11Processor@6fc3f6f4] from cache
2024-07-16 23:45:06,649 DEBUG org.apache.juli.logging.DirectJDKLog [http-nio-8084-exec-9] Socket: [org.apache.tomcat.util.net.NioEndpoint$NioSocketWrapper@6bfc7fd4:org.apache.tomcat.util.net.NioChannel@610414a4:java.nio.channels.SocketChannel[connected local=/[0:0:0:0:0:0:0:1]:8084 remote=/[0:0:0:0:0:0:0:1]:53280]], Read from buffer: [0]
2024-07-16 23:45:06,650 DEBUG org.apache.juli.logging.DirectJDKLog [http-nio-8084-exec-9] Socket: [org.apache.tomcat.util.net.NioEndpoint$NioSocketWrapper@6bfc7fd4:org.apache.tomcat.util.net.NioChannel@610414a4:java.nio.channels.SocketChannel[connected local=/[0:0:0:0:0:0:0:1]:8084 remote=/[0:0:0:0:0:0:0:1]:53280]], Read direct from socket: [1045]
2024-07-16 23:45:06,651 DEBUG org.apache.juli.logging.DirectJDKLog [http-nio-8084-exec-9] Received [POST /slot/blockslot HTTP/1.1
Host: localhost:8084
Connection: keep-alive
Content-Length: 404
sec-ch-ua: "Not/A)Brand";v="8", "Chromium";v="126", "Google Chrome";v="126"
Accept: application/json, text/plain, */*
Content-Type: application/json
sec-ch-ua-mobile: ?0
User-Agent: Mozilla/5.0 (Windows NT 10.0; Win64; x64) AppleWebKit/537.36 (KHTML, like Gecko) Chrome/126.0.0.0 Safari/537.36
sec-ch-ua-platform: "Windows"
Origin: http://localhost:3000
Sec-Fetch-Site: same-site
Sec-Fetch-Mode: cors
Sec-Fetch-Dest: empty
Referer: http://localhost:3000/
Accept-Encoding: gzip, deflate, br, zstd
Accept-Language: en-US,en;q=0.9

{"createdBy":"Admin","slotDate":"2024-07-17","start":"19:30:00","end":"20:30:00","slotStartTimeStamp":"2024-07-16T19:30:00.000Z","slotEndTimeStamp":"2024-07-16T20:30:00.000Z","createdDate":"2024-07-16T18:15:06.610Z","playerCount":3,"slotStatus":"Blocked for VIP","clubName":"Bhubaneswar Golf Club!","secondaryBooking":"Y","slotDuration":"20","slotAvailable":"Y","teeTime":"T1","slotDays":[1,2,3,4,5,6,7]}]
2024-07-16 23:45:06,680 DEBUG org.apache.juli.logging.DirectJDKLog [http-nio-8084-exec-9] Security checking request POST /slot/blockslot
2024-07-16 23:45:06,681 DEBUG org.apache.juli.logging.DirectJDKLog [http-nio-8084-exec-9]   No applicable constraints defined
2024-07-16 23:45:06,682 DEBUG org.apache.juli.logging.DirectJDKLog [http-nio-8084-exec-9] Not subject to any constraint
2024-07-16 23:45:06,683 DEBUG org.springframework.security.web.FilterChainProxy$VirtualFilterChain [http-nio-8084-exec-9] /slot/blockslot at position 1 of 11 in additional filter chain; firing Filter: 'WebAsyncManagerIntegrationFilter'
2024-07-16 23:45:06,684 DEBUG org.springframework.security.web.FilterChainProxy$VirtualFilterChain [http-nio-8084-exec-9] /slot/blockslot at position 2 of 11 in additional filter chain; firing Filter: 'SecurityContextPersistenceFilter'
2024-07-16 23:45:06,685 DEBUG org.springframework.security.web.FilterChainProxy$VirtualFilterChain [http-nio-8084-exec-9] /slot/blockslot at position 3 of 11 in additional filter chain; firing Filter: 'HeaderWriterFilter'
2024-07-16 23:45:06,685 DEBUG org.springframework.security.web.FilterChainProxy$VirtualFilterChain [http-nio-8084-exec-9] /slot/blockslot at position 4 of 11 in additional filter chain; firing Filter: 'CorsFilter'
2024-07-16 23:45:06,686 DEBUG org.springframework.web.servlet.handler.AbstractHandlerMapping [http-nio-8084-exec-9] Mapped to com.booking.controller.SlotController#blockSlot(ClubSlot)
2024-07-16 23:45:06,690 DEBUG org.springframework.security.web.FilterChainProxy$VirtualFilterChain [http-nio-8084-exec-9] /slot/blockslot at position 5 of 11 in additional filter chain; firing Filter: 'LogoutFilter'
2024-07-16 23:45:06,691 DEBUG org.springframework.security.web.util.matcher.OrRequestMatcher [http-nio-8084-exec-9] Trying to match using Ant [pattern='/logout', GET]
2024-07-16 23:45:06,691 DEBUG org.springframework.security.web.util.matcher.AntPathRequestMatcher [http-nio-8084-exec-9] Request 'POST /slot/blockslot' doesn't match 'GET /logout'
2024-07-16 23:45:06,692 DEBUG org.springframework.security.web.util.matcher.OrRequestMatcher [http-nio-8084-exec-9] Trying to match using Ant [pattern='/logout', POST]
2024-07-16 23:45:06,693 DEBUG org.springframework.security.web.util.matcher.AntPathRequestMatcher [http-nio-8084-exec-9] Checking match of request : '/slot/blockslot'; against '/logout'
2024-07-16 23:45:06,694 DEBUG org.springframework.security.web.util.matcher.OrRequestMatcher [http-nio-8084-exec-9] Trying to match using Ant [pattern='/logout', PUT]
2024-07-16 23:45:06,694 DEBUG org.springframework.security.web.util.matcher.AntPathRequestMatcher [http-nio-8084-exec-9] Request 'POST /slot/blockslot' doesn't match 'PUT /logout'
2024-07-16 23:45:06,695 DEBUG org.springframework.security.web.util.matcher.OrRequestMatcher [http-nio-8084-exec-9] Trying to match using Ant [pattern='/logout', DELETE]
2024-07-16 23:45:06,696 DEBUG org.springframework.security.web.util.matcher.AntPathRequestMatcher [http-nio-8084-exec-9] Request 'POST /slot/blockslot' doesn't match 'DELETE /logout'
2024-07-16 23:45:06,696 DEBUG org.springframework.security.web.util.matcher.OrRequestMatcher [http-nio-8084-exec-9] No matches found
2024-07-16 23:45:06,697 DEBUG org.springframework.security.web.FilterChainProxy$VirtualFilterChain [http-nio-8084-exec-9] /slot/blockslot at position 6 of 11 in additional filter chain; firing Filter: 'RequestCacheAwareFilter'
2024-07-16 23:45:06,697 DEBUG org.springframework.security.web.FilterChainProxy$VirtualFilterChain [http-nio-8084-exec-9] /slot/blockslot at position 7 of 11 in additional filter chain; firing Filter: 'SecurityContextHolderAwareRequestFilter'
2024-07-16 23:45:06,698 DEBUG org.springframework.security.web.FilterChainProxy$VirtualFilterChain [http-nio-8084-exec-9] /slot/blockslot at position 8 of 11 in additional filter chain; firing Filter: 'AnonymousAuthenticationFilter'
2024-07-16 23:45:06,699 DEBUG org.springframework.security.web.authentication.AnonymousAuthenticationFilter [http-nio-8084-exec-9] Populated SecurityContextHolder with anonymous token: 'org.springframework.security.authentication.AnonymousAuthenticationToken@c73240ae: Principal: anonymousUser; Credentials: [PROTECTED]; Authenticated: true; Details: org.springframework.security.web.authentication.WebAuthenticationDetails@b364: RemoteIpAddress: 0:0:0:0:0:0:0:1; SessionId: null; Granted Authorities: ROLE_ANONYMOUS'
2024-07-16 23:45:06,699 DEBUG org.springframework.security.web.FilterChainProxy$VirtualFilterChain [http-nio-8084-exec-9] /slot/blockslot at position 9 of 11 in additional filter chain; firing Filter: 'SessionManagementFilter'
2024-07-16 23:45:06,700 DEBUG org.springframework.security.web.FilterChainProxy$VirtualFilterChain [http-nio-8084-exec-9] /slot/blockslot at position 10 of 11 in additional filter chain; firing Filter: 'ExceptionTranslationFilter'
2024-07-16 23:45:06,700 DEBUG org.springframework.security.web.FilterChainProxy$VirtualFilterChain [http-nio-8084-exec-9] /slot/blockslot at position 11 of 11 in additional filter chain; firing Filter: 'FilterSecurityInterceptor'
2024-07-16 23:45:06,701 DEBUG org.springframework.security.web.util.matcher.AntPathRequestMatcher [http-nio-8084-exec-9] Request '/slot/blockslot' matched by universal pattern '/**'
2024-07-16 23:45:06,701 DEBUG org.springframework.security.access.intercept.AbstractSecurityInterceptor [http-nio-8084-exec-9] Secure object: FilterInvocation: URL: /slot/blockslot; Attributes: [permitAll]
2024-07-16 23:45:06,702 DEBUG org.springframework.security.access.intercept.AbstractSecurityInterceptor [http-nio-8084-exec-9] Previously Authenticated: org.springframework.security.authentication.AnonymousAuthenticationToken@c73240ae: Principal: anonymousUser; Credentials: [PROTECTED]; Authenticated: true; Details: org.springframework.security.web.authentication.WebAuthenticationDetails@b364: RemoteIpAddress: 0:0:0:0:0:0:0:1; SessionId: null; Granted Authorities: ROLE_ANONYMOUS
2024-07-16 23:45:06,703 DEBUG org.springframework.security.access.vote.AffirmativeBased [http-nio-8084-exec-9] Voter: org.springframework.security.web.access.expression.WebExpressionVoter@5f257236, returned: 1
2024-07-16 23:45:06,704 DEBUG org.springframework.security.access.intercept.AbstractSecurityInterceptor [http-nio-8084-exec-9] Authorization successful
2024-07-16 23:45:06,705 DEBUG org.springframework.security.access.intercept.AbstractSecurityInterceptor [http-nio-8084-exec-9] RunAsManager did not change Authentication object
2024-07-16 23:45:06,706 DEBUG org.springframework.security.web.FilterChainProxy$VirtualFilterChain [http-nio-8084-exec-9] /slot/blockslot reached end of additional filter chain; proceeding with original chain
2024-07-16 23:45:06,706 WARN com.booking.config.JwtAuthenticationFilter [http-nio-8084-exec-9] Couldn't find bearer string, header will be ignored
2024-07-16 23:45:06,708 DEBUG org.springframework.web.servlet.handler.AbstractHandlerMapping [http-nio-8084-exec-9] Mapped to com.booking.controller.SlotController#blockSlot(ClubSlot)
2024-07-16 23:45:06,709 INFO com.booking.logger.SpringLoggingFilter [http-nio-8084-exec-9] Request: method=POST, uri=/slot/blockslot, payload={"createdBy":"Admin","slotDate":"2024-07-17","start":"19:30:00","end":"20:30:00","slotStartTimeStamp":"2024-07-16T19:30:00.000Z","slotEndTimeStamp":"2024-07-16T20:30:00.000Z","createdDate":"2024-07-16T18:15:06.610Z","playerCount":3,"slotStatus":"Blocked for VIP","clubName":"Bhubaneswar Golf Club!","secondaryBooking":"Y","slotDuration":"20","slotAvailable":"Y","teeTime":"T1","slotDays":[1,2,3,4,5,6,7]}, audit=true
2024-07-16 23:45:06,710 DEBUG org.apache.juli.logging.DirectJDKLog [http-nio-8084-exec-9] Set encoding to UTF-8
2024-07-16 23:45:06,714 DEBUG org.springframework.core.log.LogFormatUtils [http-nio-8084-exec-9] POST "/slot/blockslot", parameters={}
2024-07-16 23:45:06,715 DEBUG org.springframework.web.servlet.handler.AbstractHandlerMapping [http-nio-8084-exec-9] Mapped to com.booking.controller.SlotController#blockSlot(ClubSlot)
2024-07-16 23:45:06,716 DEBUG org.springframework.orm.jpa.support.OpenEntityManagerInViewInterceptor [http-nio-8084-exec-9] Opening JPA EntityManager in OpenEntityManagerInViewInterceptor
2024-07-16 23:45:06,726 DEBUG org.springframework.core.log.LogFormatUtils [http-nio-8084-exec-9] Read "application/json;charset=UTF-8" to [com.booking.model.slot.ClubSlot@79a7e59c]
2024-07-16 23:45:06,732 DEBUG org.springframework.data.repository.core.support.TransactionalRepositoryProxyPostProcessor$AbstractFallbackTransactionAttributeSource [http-nio-8084-exec-9] Adding transactional method 'findBySlotStartTimeStampRange' with attribute: PROPAGATION_REQUIRED,ISOLATION_DEFAULT
2024-07-16 23:45:06,734 DEBUG org.springframework.orm.jpa.JpaTransactionManager [http-nio-8084-exec-9] Found thread-bound EntityManager [SessionImpl(760758868<open>)] for JPA transaction
2024-07-16 23:45:06,735 DEBUG org.springframework.transaction.support.AbstractPlatformTransactionManager [http-nio-8084-exec-9] Creating new transaction with name [org.springframework.data.jpa.repository.support.SimpleJpaRepository.findBySlotStartTimeStampRange]: PROPAGATION_REQUIRED,ISOLATION_DEFAULT
2024-07-16 23:45:06,736 DEBUG org.hibernate.engine.transaction.internal.TransactionImpl [http-nio-8084-exec-9] On TransactionImpl creation, JpaCompliance#isJpaTransactionComplianceEnabled == false
2024-07-16 23:45:06,737 DEBUG org.hibernate.engine.transaction.internal.TransactionImpl [http-nio-8084-exec-9] begin
2024-07-16 23:45:06,741 DEBUG org.postgresql.jdbc.PgConnection [http-nio-8084-exec-9]   setAutoCommit = false
2024-07-16 23:45:06,743 DEBUG org.springframework.orm.jpa.JpaTransactionManager [http-nio-8084-exec-9] Exposing JPA transaction as JDBC [org.springframework.orm.jpa.vendor.HibernateJpaDialect$HibernateConnectionHandle@13822732]
2024-07-16 23:45:06,748 DEBUG org.springframework.transaction.support.AbstractPlatformTransactionManager [http-nio-8084-exec-9] Initiating transaction rollback
2024-07-16 23:45:06,749 DEBUG org.springframework.orm.jpa.JpaTransactionManager [http-nio-8084-exec-9] Rolling back JPA transaction on EntityManager [SessionImpl(760758868<open>)]
2024-07-16 23:45:06,750 DEBUG org.hibernate.engine.transaction.internal.TransactionImpl [http-nio-8084-exec-9] rolling back
2024-07-16 23:45:06,751 DEBUG org.postgresql.jdbc.PgConnection [http-nio-8084-exec-9] Rollback requested but no transaction in progress
2024-07-16 23:45:06,752 DEBUG org.postgresql.jdbc.PgConnection [http-nio-8084-exec-9]   setAutoCommit = true
2024-07-16 23:45:06,759 DEBUG org.springframework.orm.jpa.JpaTransactionManager [http-nio-8084-exec-9] Not closing pre-bound JPA EntityManager after transaction
2024-07-16 23:45:06,771 DEBUG org.springframework.orm.jpa.support.OpenEntityManagerInViewInterceptor [http-nio-8084-exec-9] Closing JPA EntityManager in OpenEntityManagerInViewInterceptor
2024-07-16 23:45:06,775 DEBUG org.springframework.web.servlet.FrameworkServlet [http-nio-8084-exec-9] Failed to complete request: org.springframework.dao.InvalidDataAccessResourceUsageException: Named parameter not bound : newStatus; nested exception is org.hibernate.QueryException: Named parameter not bound : newStatus
2024-07-16 23:45:06,776 INFO com.booking.logger.SpringLoggingFilter [http-nio-8084-exec-9] Response(68 ms): status=500, payload=, audit=true
2024-07-16 23:45:06,776 DEBUG org.springframework.security.web.header.writers.HstsHeaderWriter [http-nio-8084-exec-9] Not injecting HSTS header since it did not match the requestMatcher org.springframework.security.web.header.writers.HstsHeaderWriter$SecureRequestMatcher@6f79f99d
2024-07-16 23:45:06,777 DEBUG org.springframework.security.web.context.SecurityContextPersistenceFilter [http-nio-8084-exec-9] SecurityContextHolder now cleared, as request processing completed
2024-07-16 23:45:06,778 ERROR org.apache.juli.logging.DirectJDKLog [http-nio-8084-exec-9] Servlet.service() for servlet [dispatcherServlet] in context with path [] threw exception [Request processing failed; nested exception is org.springframework.dao.InvalidDataAccessResourceUsageException: Named parameter not bound : newStatus; nested exception is org.hibernate.QueryException: Named parameter not bound : newStatus] with root cause
org.hibernate.QueryException: Named parameter not bound : newStatus
	at org.hibernate.query.internal.QueryParameterBindingsImpl.verifyParametersBound(QueryParameterBindingsImpl.java:210)
	at org.hibernate.query.internal.AbstractProducedQuery.beforeQuery(AbstractProducedQuery.java:1425)
	at org.hibernate.query.internal.NativeQueryImpl.beforeQuery(NativeQueryImpl.java:249)
	at org.hibernate.query.internal.AbstractProducedQuery.list(AbstractProducedQuery.java:1531)
	at org.hibernate.query.Query.getResultList(Query.java:165)
	at org.springframework.data.jpa.repository.query.JpaQueryExecution$CollectionExecution.doExecute(JpaQueryExecution.java:126)
	at org.springframework.data.jpa.repository.query.JpaQueryExecution.execute(JpaQueryExecution.java:88)
	at org.springframework.data.jpa.repository.query.AbstractJpaQuery.doExecute(AbstractJpaQuery.java:154)
	at org.springframework.data.jpa.repository.query.AbstractJpaQuery.execute(AbstractJpaQuery.java:142)
	at org.springframework.data.repository.core.support.QueryExecutorMethodInterceptor$QueryMethodInvoker.invoke(QueryExecutorMethodInterceptor.java:195)
	at org.springframework.data.repository.core.support.QueryExecutorMethodInterceptor.doInvoke(QueryExecutorMethodInterceptor.java:152)
	at org.springframework.data.repository.core.support.QueryExecutorMethodInterceptor.invoke(QueryExecutorMethodInterceptor.java:130)
	at org.springframework.aop.framework.ReflectiveMethodInvocation.proceed(ReflectiveMethodInvocation.java:186)
	at org.springframework.transaction.interceptor.TransactionAspectSupport.invokeWithinTransaction(TransactionAspectSupport.java:367)
	at org.springframework.transaction.interceptor.TransactionInterceptor.invoke(TransactionInterceptor.java:118)
	at org.springframework.aop.framework.ReflectiveMethodInvocation.proceed(ReflectiveMethodInvocation.java:186)
	at org.springframework.dao.support.PersistenceExceptionTranslationInterceptor.invoke(PersistenceExceptionTranslationInterceptor.java:139)
	at org.springframework.aop.framework.ReflectiveMethodInvocation.proceed(ReflectiveMethodInvocation.java:186)
	at org.springframework.data.jpa.repository.support.CrudMethodMetadataPostProcessor$CrudMethodMetadataPopulatingMethodInterceptor.invoke(CrudMethodMetadataPostProcessor.java:149)
	at org.springframework.aop.framework.ReflectiveMethodInvocation.proceed(ReflectiveMethodInvocation.java:186)
	at org.springframework.aop.interceptor.ExposeInvocationInterceptor.invoke(ExposeInvocationInterceptor.java:95)
	at org.springframework.aop.framework.ReflectiveMethodInvocation.proceed(ReflectiveMethodInvocation.java:186)
	at org.springframework.aop.framework.JdkDynamicAopProxy.invoke(JdkDynamicAopProxy.java:212)
	at jdk.proxy2/jdk.proxy2.$Proxy126.findBySlotStartTimeStampRange(Unknown Source)
	at java.base/jdk.internal.reflect.NativeMethodAccessorImpl.invoke0(Native Method)
	at java.base/jdk.internal.reflect.NativeMethodAccessorImpl.invoke(NativeMethodAccessorImpl.java:77)
	at java.base/jdk.internal.reflect.DelegatingMethodAccessorImpl.invoke(DelegatingMethodAccessorImpl.java:43)
	at java.base/java.lang.reflect.Method.invoke(Method.java:568)
	at org.springframework.aop.support.AopUtils.invokeJoinpointUsingReflection(AopUtils.java:344)
	at org.springframework.aop.framework.JdkDynamicAopProxy.invoke(JdkDynamicAopProxy.java:205)
	at jdk.proxy2/jdk.proxy2.$Proxy87.findBySlotStartTimeStampRange(Unknown Source)
	at com.booking.service.impl.SlotServiceImpl.vipSlot(SlotServiceImpl.java:366)
	at com.booking.service.impl.SlotServiceImpl$$FastClassBySpringCGLIB$$e22bed04.invoke(<generated>)
	at org.springframework.cglib.proxy.MethodProxy.invoke(MethodProxy.java:218)
	at org.springframework.aop.framework.CglibAopProxy$DynamicAdvisedInterceptor.intercept(CglibAopProxy.java:687)
	at com.booking.service.impl.SlotServiceImpl$$EnhancerBySpringCGLIB$$73f83f83.vipSlot(<generated>)
	at com.booking.controller.SlotController.blockSlot(SlotController.java:39)
	at java.base/jdk.internal.reflect.NativeMethodAccessorImpl.invoke0(Native Method)
	at java.base/jdk.internal.reflect.NativeMethodAccessorImpl.invoke(NativeMethodAccessorImpl.java:77)
	at java.base/jdk.internal.reflect.DelegatingMethodAccessorImpl.invoke(DelegatingMethodAccessorImpl.java:43)
	at java.base/java.lang.reflect.Method.invoke(Method.java:568)
	at org.springframework.web.method.support.InvocableHandlerMethod.doInvoke(InvocableHandlerMethod.java:190)
	at org.springframework.web.method.support.InvocableHandlerMethod.invokeForRequest(InvocableHandlerMethod.java:138)
	at org.springframework.web.servlet.mvc.method.annotation.ServletInvocableHandlerMethod.invokeAndHandle(ServletInvocableHandlerMethod.java:105)
	at org.springframework.web.servlet.mvc.method.annotation.RequestMappingHandlerAdapter.invokeHandlerMethod(RequestMappingHandlerAdapter.java:879)
	at org.springframework.web.servlet.mvc.method.annotation.RequestMappingHandlerAdapter.handleInternal(RequestMappingHandlerAdapter.java:793)
	at org.springframework.web.servlet.mvc.method.AbstractHandlerMethodAdapter.handle(AbstractHandlerMethodAdapter.java:87)
	at org.springframework.web.servlet.DispatcherServlet.doDispatch(DispatcherServlet.java:1040)
	at org.springframework.web.servlet.DispatcherServlet.doService(DispatcherServlet.java:943)
	at org.springframework.web.servlet.FrameworkServlet.processRequest(FrameworkServlet.java:1006)
	at org.springframework.web.servlet.FrameworkServlet.doPost(FrameworkServlet.java:909)
	at javax.servlet.http.HttpServlet.service(HttpServlet.java:660)
	at org.springframework.web.servlet.FrameworkServlet.service(FrameworkServlet.java:883)
	at javax.servlet.http.HttpServlet.service(HttpServlet.java:741)
	at org.apache.catalina.core.ApplicationFilterChain.internalDoFilter(ApplicationFilterChain.java:231)
	at org.apache.catalina.core.ApplicationFilterChain.doFilter(ApplicationFilterChain.java:166)
	at org.apache.tomcat.websocket.server.WsFilter.doFilter(WsFilter.java:53)
	at org.apache.catalina.core.ApplicationFilterChain.internalDoFilter(ApplicationFilterChain.java:193)
	at org.apache.catalina.core.ApplicationFilterChain.doFilter(ApplicationFilterChain.java:166)
	at com.booking.logger.SpringLoggingFilter.doFilterInternal(SpringLoggingFilter.java:66)
	at org.springframework.web.filter.OncePerRequestFilter.doFilter(OncePerRequestFilter.java:119)
	at org.apache.catalina.core.ApplicationFilterChain.internalDoFilter(ApplicationFilterChain.java:193)
	at org.apache.catalina.core.ApplicationFilterChain.doFilter(ApplicationFilterChain.java:166)
	at com.booking.config.JwtAuthenticationFilter.doFilterInternal(JwtAuthenticationFilter.java:66)
	at org.springframework.web.filter.OncePerRequestFilter.doFilter(OncePerRequestFilter.java:119)
	at org.apache.catalina.core.ApplicationFilterChain.internalDoFilter(ApplicationFilterChain.java:193)
	at org.apache.catalina.core.ApplicationFilterChain.doFilter(ApplicationFilterChain.java:166)
	at org.springframework.security.web.FilterChainProxy$VirtualFilterChain.doFilter(FilterChainProxy.java:320)
	at org.springframework.security.web.access.intercept.FilterSecurityInterceptor.invoke(FilterSecurityInterceptor.java:126)
	at org.springframework.security.web.access.intercept.FilterSecurityInterceptor.doFilter(FilterSecurityInterceptor.java:90)
	at org.springframework.security.web.FilterChainProxy$VirtualFilterChain.doFilter(FilterChainProxy.java:334)
	at org.springframework.security.web.access.ExceptionTranslationFilter.doFilter(ExceptionTranslationFilter.java:118)
	at org.springframework.security.web.FilterChainProxy$VirtualFilterChain.doFilter(FilterChainProxy.java:334)
	at org.springframework.security.web.session.SessionManagementFilter.doFilter(SessionManagementFilter.java:137)
	at org.springframework.security.web.FilterChainProxy$VirtualFilterChain.doFilter(FilterChainProxy.java:334)
	at org.springframework.security.web.authentication.AnonymousAuthenticationFilter.doFilter(AnonymousAuthenticationFilter.java:111)
	at org.springframework.security.web.FilterChainProxy$VirtualFilterChain.doFilter(FilterChainProxy.java:334)
	at org.springframework.security.web.servletapi.SecurityContextHolderAwareRequestFilter.doFilter(SecurityContextHolderAwareRequestFilter.java:158)
	at org.springframework.security.web.FilterChainProxy$VirtualFilterChain.doFilter(FilterChainProxy.java:334)
	at org.springframework.security.web.savedrequest.RequestCacheAwareFilter.doFilter(RequestCacheAwareFilter.java:63)
	at org.springframework.security.web.FilterChainProxy$VirtualFilterChain.doFilter(FilterChainProxy.java:334)
	at org.springframework.security.web.authentication.logout.LogoutFilter.doFilter(LogoutFilter.java:116)
	at org.springframework.security.web.FilterChainProxy$VirtualFilterChain.doFilter(FilterChainProxy.java:334)
	at org.springframework.web.filter.CorsFilter.doFilterInternal(CorsFilter.java:92)
	at org.springframework.web.filter.OncePerRequestFilter.doFilter(OncePerRequestFilter.java:119)
	at org.springframework.security.web.FilterChainProxy$VirtualFilterChain.doFilter(FilterChainProxy.java:334)
	at org.springframework.security.web.header.HeaderWriterFilter.doHeadersAfter(HeaderWriterFilter.java:92)
	at org.springframework.security.web.header.HeaderWriterFilter.doFilterInternal(HeaderWriterFilter.java:77)
	at org.springframework.web.filter.OncePerRequestFilter.doFilter(OncePerRequestFilter.java:119)
	at org.springframework.security.web.FilterChainProxy$VirtualFilterChain.doFilter(FilterChainProxy.java:334)
	at org.springframework.security.web.context.SecurityContextPersistenceFilter.doFilter(SecurityContextPersistenceFilter.java:105)
	at org.springframework.security.web.FilterChainProxy$VirtualFilterChain.doFilter(FilterChainProxy.java:334)
	at org.springframework.security.web.context.request.async.WebAsyncManagerIntegrationFilter.doFilterInternal(WebAsyncManagerIntegrationFilter.java:56)
	at org.springframework.web.filter.OncePerRequestFilter.doFilter(OncePerRequestFilter.java:119)
	at org.springframework.security.web.FilterChainProxy$VirtualFilterChain.doFilter(FilterChainProxy.java:334)
	at org.springframework.security.web.FilterChainProxy.doFilterInternal(FilterChainProxy.java:215)
	at org.springframework.security.web.FilterChainProxy.doFilter(FilterChainProxy.java:178)
	at org.springframework.web.filter.DelegatingFilterProxy.invokeDelegate(DelegatingFilterProxy.java:358)
	at org.springframework.web.filter.DelegatingFilterProxy.doFilter(DelegatingFilterProxy.java:271)
	at org.apache.catalina.core.ApplicationFilterChain.internalDoFilter(ApplicationFilterChain.java:193)
	at org.apache.catalina.core.ApplicationFilterChain.doFilter(ApplicationFilterChain.java:166)
	at org.springframework.web.filter.RequestContextFilter.doFilterInternal(RequestContextFilter.java:100)
	at org.springframework.web.filter.OncePerRequestFilter.doFilter(OncePerRequestFilter.java:119)
	at org.apache.catalina.core.ApplicationFilterChain.internalDoFilter(ApplicationFilterChain.java:193)
	at org.apache.catalina.core.ApplicationFilterChain.doFilter(ApplicationFilterChain.java:166)
	at org.springframework.web.filter.FormContentFilter.doFilterInternal(FormContentFilter.java:93)
	at org.springframework.web.filter.OncePerRequestFilter.doFilter(OncePerRequestFilter.java:119)
	at org.apache.catalina.core.ApplicationFilterChain.internalDoFilter(ApplicationFilterChain.java:193)
	at org.apache.catalina.core.ApplicationFilterChain.doFilter(ApplicationFilterChain.java:166)
	at org.springframework.web.filter.CharacterEncodingFilter.doFilterInternal(CharacterEncodingFilter.java:201)
	at org.springframework.web.filter.OncePerRequestFilter.doFilter(OncePerRequestFilter.java:119)
	at org.apache.catalina.core.ApplicationFilterChain.internalDoFilter(ApplicationFilterChain.java:193)
	at org.apache.catalina.core.ApplicationFilterChain.doFilter(ApplicationFilterChain.java:166)
	at org.apache.catalina.core.StandardWrapperValve.invoke(StandardWrapperValve.java:202)
	at org.apache.catalina.core.StandardContextValve.invoke(StandardContextValve.java:96)
	at org.apache.catalina.authenticator.AuthenticatorBase.invoke(AuthenticatorBase.java:541)
	at org.apache.catalina.core.StandardHostValve.invoke(StandardHostValve.java:139)
	at org.apache.catalina.valves.ErrorReportValve.invoke(ErrorReportValve.java:92)
	at org.apache.catalina.core.StandardEngineValve.invoke(StandardEngineValve.java:74)
	at org.apache.catalina.connector.CoyoteAdapter.service(CoyoteAdapter.java:343)
	at org.apache.coyote.http11.Http11Processor.service(Http11Processor.java:373)
	at org.apache.coyote.AbstractProcessorLight.process(AbstractProcessorLight.java:65)
	at org.apache.coyote.AbstractProtocol$ConnectionHandler.process(AbstractProtocol.java:868)
	at org.apache.tomcat.util.net.NioEndpoint$SocketProcessor.doRun(NioEndpoint.java:1590)
	at org.apache.tomcat.util.net.SocketProcessorBase.run(SocketProcessorBase.java:49)
	at java.base/java.util.concurrent.ThreadPoolExecutor.runWorker(ThreadPoolExecutor.java:1136)
	at java.base/java.util.concurrent.ThreadPoolExecutor$Worker.run(ThreadPoolExecutor.java:635)
	at org.apache.tomcat.util.threads.TaskThread$WrappingRunnable.run(TaskThread.java:61)
	at java.base/java.lang.Thread.run(Thread.java:833)
2024-07-16 23:45:06,780 DEBUG org.apache.juli.logging.DirectJDKLog [http-nio-8084-exec-9] Processing ErrorPage[errorCode=0, location=/error]
2024-07-16 23:45:06,790 DEBUG org.springframework.security.web.FilterChainProxy$VirtualFilterChain [http-nio-8084-exec-9] /error at position 1 of 11 in additional filter chain; firing Filter: 'WebAsyncManagerIntegrationFilter'
2024-07-16 23:45:06,791 DEBUG org.springframework.security.web.FilterChainProxy$VirtualFilterChain [http-nio-8084-exec-9] /error at position 2 of 11 in additional filter chain; firing Filter: 'SecurityContextPersistenceFilter'
2024-07-16 23:45:06,792 DEBUG org.springframework.security.web.FilterChainProxy$VirtualFilterChain [http-nio-8084-exec-9] /error at position 3 of 11 in additional filter chain; firing Filter: 'HeaderWriterFilter'
2024-07-16 23:45:06,792 DEBUG org.springframework.security.web.FilterChainProxy$VirtualFilterChain [http-nio-8084-exec-9] /error at position 4 of 11 in additional filter chain; firing Filter: 'CorsFilter'
2024-07-16 23:45:06,793 DEBUG org.springframework.security.web.FilterChainProxy$VirtualFilterChain [http-nio-8084-exec-9] /error at position 5 of 11 in additional filter chain; firing Filter: 'LogoutFilter'
2024-07-16 23:45:06,793 DEBUG org.springframework.security.web.util.matcher.OrRequestMatcher [http-nio-8084-exec-9] Trying to match using Ant [pattern='/logout', GET]
2024-07-16 23:45:06,794 DEBUG org.springframework.security.web.util.matcher.AntPathRequestMatcher [http-nio-8084-exec-9] Request 'POST /error' doesn't match 'GET /logout'
2024-07-16 23:45:06,794 DEBUG org.springframework.security.web.util.matcher.OrRequestMatcher [http-nio-8084-exec-9] Trying to match using Ant [pattern='/logout', POST]
2024-07-16 23:45:06,795 DEBUG org.springframework.security.web.util.matcher.AntPathRequestMatcher [http-nio-8084-exec-9] Checking match of request : '/error'; against '/logout'
2024-07-16 23:45:06,795 DEBUG org.springframework.security.web.util.matcher.OrRequestMatcher [http-nio-8084-exec-9] Trying to match using Ant [pattern='/logout', PUT]
2024-07-16 23:45:06,796 DEBUG org.springframework.security.web.util.matcher.AntPathRequestMatcher [http-nio-8084-exec-9] Request 'POST /error' doesn't match 'PUT /logout'
2024-07-16 23:45:06,796 DEBUG org.springframework.security.web.util.matcher.OrRequestMatcher [http-nio-8084-exec-9] Trying to match using Ant [pattern='/logout', DELETE]
2024-07-16 23:45:06,797 DEBUG org.springframework.security.web.util.matcher.AntPathRequestMatcher [http-nio-8084-exec-9] Request 'POST /error' doesn't match 'DELETE /logout'
2024-07-16 23:45:06,797 DEBUG org.springframework.security.web.util.matcher.OrRequestMatcher [http-nio-8084-exec-9] No matches found
2024-07-16 23:45:06,798 DEBUG org.springframework.security.web.FilterChainProxy$VirtualFilterChain [http-nio-8084-exec-9] /error at position 6 of 11 in additional filter chain; firing Filter: 'RequestCacheAwareFilter'
2024-07-16 23:45:06,798 DEBUG org.springframework.security.web.FilterChainProxy$VirtualFilterChain [http-nio-8084-exec-9] /error at position 7 of 11 in additional filter chain; firing Filter: 'SecurityContextHolderAwareRequestFilter'
2024-07-16 23:45:06,799 DEBUG org.springframework.security.web.FilterChainProxy$VirtualFilterChain [http-nio-8084-exec-9] /error at position 8 of 11 in additional filter chain; firing Filter: 'AnonymousAuthenticationFilter'
2024-07-16 23:45:06,799 DEBUG org.springframework.security.web.authentication.AnonymousAuthenticationFilter [http-nio-8084-exec-9] Populated SecurityContextHolder with anonymous token: 'org.springframework.security.authentication.AnonymousAuthenticationToken@c73240ae: Principal: anonymousUser; Credentials: [PROTECTED]; Authenticated: true; Details: org.springframework.security.web.authentication.WebAuthenticationDetails@b364: RemoteIpAddress: 0:0:0:0:0:0:0:1; SessionId: null; Granted Authorities: ROLE_ANONYMOUS'
2024-07-16 23:45:06,800 DEBUG org.springframework.security.web.FilterChainProxy$VirtualFilterChain [http-nio-8084-exec-9] /error at position 9 of 11 in additional filter chain; firing Filter: 'SessionManagementFilter'
2024-07-16 23:45:06,800 DEBUG org.springframework.security.web.FilterChainProxy$VirtualFilterChain [http-nio-8084-exec-9] /error at position 10 of 11 in additional filter chain; firing Filter: 'ExceptionTranslationFilter'
2024-07-16 23:45:06,801 DEBUG org.springframework.security.web.FilterChainProxy$VirtualFilterChain [http-nio-8084-exec-9] /error at position 11 of 11 in additional filter chain; firing Filter: 'FilterSecurityInterceptor'
2024-07-16 23:45:06,801 DEBUG org.springframework.security.web.FilterChainProxy$VirtualFilterChain [http-nio-8084-exec-9] /error reached end of additional filter chain; proceeding with original chain
2024-07-16 23:45:06,802 DEBUG org.springframework.core.log.LogFormatUtils [http-nio-8084-exec-9] "ERROR" dispatch for POST "/error", parameters={}
2024-07-16 23:45:06,814 DEBUG org.springframework.web.servlet.handler.AbstractHandlerMapping [http-nio-8084-exec-9] Mapped to org.springframework.boot.autoconfigure.web.servlet.error.BasicErrorController#error(HttpServletRequest)
2024-07-16 23:45:06,814 DEBUG org.springframework.orm.jpa.support.OpenEntityManagerInViewInterceptor [http-nio-8084-exec-9] Opening JPA EntityManager in OpenEntityManagerInViewInterceptor
2024-07-16 23:45:06,832 DEBUG org.springframework.web.servlet.mvc.method.annotation.AbstractMessageConverterMethodProcessor [http-nio-8084-exec-9] Using 'application/json', given [application/json, text/plain, */*] and supported [application/json, application/*+json, application/json, application/*+json]
2024-07-16 23:45:06,833 DEBUG org.springframework.core.log.LogFormatUtils [http-nio-8084-exec-9] Writing [{timestamp=Tue Jul 16 23:45:06 IST 2024, status=500, error=Internal Server Error, message=, path=/sl (truncated)...]
2024-07-16 23:45:06,851 DEBUG org.springframework.orm.jpa.support.OpenEntityManagerInViewInterceptor [http-nio-8084-exec-9] Closing JPA EntityManager in OpenEntityManagerInViewInterceptor
2024-07-16 23:45:06,852 DEBUG org.springframework.web.servlet.FrameworkServlet [http-nio-8084-exec-9] Exiting from "ERROR" dispatch, status 500
2024-07-16 23:45:06,853 DEBUG org.springframework.security.web.access.ExceptionTranslationFilter [http-nio-8084-exec-9] Chain processed normally
2024-07-16 23:45:06,854 DEBUG org.springframework.security.web.context.SecurityContextPersistenceFilter [http-nio-8084-exec-9] SecurityContextHolder now cleared, as request processing completed
2024-07-16 23:45:06,855 DEBUG org.apache.juli.logging.DirectJDKLog [http-nio-8084-exec-9]  Disabling the response for further output
2024-07-16 23:45:06,863 DEBUG org.apache.juli.logging.DirectJDKLog [http-nio-8084-exec-9] Socket: [org.apache.tomcat.util.net.NioEndpoint$NioSocketWrapper@6bfc7fd4:org.apache.tomcat.util.net.NioChannel@610414a4:java.nio.channels.SocketChannel[connected local=/[0:0:0:0:0:0:0:1]:8084 remote=/[0:0:0:0:0:0:0:1]:53280]], Status in: [OPEN_READ], State out: [CLOSED]
2024-07-16 23:45:06,863 DEBUG org.apache.juli.logging.DirectJDKLog [http-nio-8084-exec-9] Pushed Processor [org.apache.coyote.http11.Http11Processor@6fc3f6f4]
2024-07-16 23:45:06,865 DEBUG org.apache.juli.logging.DirectJDKLog [http-nio-8084-exec-9] Counting down[http-nio-8084-exec-9] latch=2
2024-07-16 23:45:06,867 DEBUG org.apache.juli.logging.DirectJDKLog [http-nio-8084-exec-9] Calling [org.apache.tomcat.util.net.NioEndpoint@63db44aa].closeSocket([org.apache.tomcat.util.net.NioEndpoint$NioSocketWrapper@6bfc7fd4:org.apache.tomcat.util.net.NioChannel@610414a4:java.nio.channels.SocketChannel[connected local=/[0:0:0:0:0:0:0:1]:8084 remote=/[0:0:0:0:0:0:0:1]:53280]])
2024-07-16 23:45:07,658 DEBUG org.apache.juli.logging.DirectJDKLog [http-nio-8084-exec-10] Processing socket [org.apache.tomcat.util.net.NioChannel@5ba326cf:java.nio.channels.SocketChannel[connected local=/[0:0:0:0:0:0:0:1]:8084 remote=/[0:0:0:0:0:0:0:1]:53273]] with status [ERROR]
2024-07-16 23:45:07,662 DEBUG org.apache.juli.logging.DirectJDKLog [http-nio-8084-exec-10] Found processor [null] for socket [org.apache.tomcat.util.net.NioChannel@5ba326cf:java.nio.channels.SocketChannel[connected local=/[0:0:0:0:0:0:0:1]:8084 remote=/[0:0:0:0:0:0:0:1]:53273]]
2024-07-16 23:45:07,663 DEBUG org.apache.juli.logging.DirectJDKLog [http-nio-8084-exec-10] Counting down[http-nio-8084-exec-10] latch=1
2024-07-16 23:45:07,664 DEBUG org.apache.juli.logging.DirectJDKLog [http-nio-8084-exec-10] Calling [org.apache.tomcat.util.net.NioEndpoint@63db44aa].closeSocket([org.apache.tomcat.util.net.NioEndpoint$NioSocketWrapper@6acf5562:org.apache.tomcat.util.net.NioChannel@5ba326cf:java.nio.channels.SocketChannel[connected local=/[0:0:0:0:0:0:0:1]:8084 remote=/[0:0:0:0:0:0:0:1]:53273]])
2024-07-16 23:45:18,523 DEBUG com.zaxxer.hikari.pool.HikariPool [HikariPool-1 housekeeper] HikariPool-1 - Pool stats (total=10, active=0, idle=10, waiting=0)
2024-07-16 23:45:18,524 DEBUG com.zaxxer.hikari.pool.HikariPool [HikariPool-1 housekeeper] HikariPool-1 - Fill pool skipped, pool is at sufficient level.
2024-07-16 23:45:41,247 DEBUG sun.rmi.runtime.Log$LoggerLog [RMI TCP Connection(4)-127.0.0.1] RMI TCP Connection(4)-127.0.0.1: accepted socket from [127.0.0.1:53288]
2024-07-16 23:45:41,249 DEBUG sun.rmi.runtime.Log$LoggerLog [RMI TCP Connection(4)-127.0.0.1] RMI TCP Connection(4)-127.0.0.1: (port 53259) op = 80
2024-07-16 23:45:41,250 DEBUG sun.util.logging.internal.LoggingProviderImpl$JULWrapper [RMI TCP Connection(4)-127.0.0.1] connectionId=rmi://127.0.0.1  1
2024-07-16 23:45:48,537 DEBUG com.zaxxer.hikari.pool.HikariPool [HikariPool-1 housekeeper] HikariPool-1 - Pool stats (total=10, active=0, idle=10, waiting=0)
2024-07-16 23:45:48,538 DEBUG com.zaxxer.hikari.pool.HikariPool [HikariPool-1 housekeeper] HikariPool-1 - Fill pool skipped, pool is at sufficient level.
2024-07-16 23:45:49,998 DEBUG org.apache.juli.logging.DirectJDKLog [Catalina-utility-2] Start expire sessions StandardManager at 1721153749998 sessioncount 0
2024-07-16 23:45:49,999 DEBUG org.apache.juli.logging.DirectJDKLog [Catalina-utility-2] End expire sessions StandardManager processingTime 1 expired sessions: 0
2024-07-16 23:45:56,254 DEBUG sun.rmi.runtime.Log$LoggerLog [RMI TCP Connection(4)-127.0.0.1] RMI TCP Connection(4)-127.0.0.1: (port 53259) connection closed
2024-07-16 23:45:56,255 DEBUG sun.rmi.runtime.Log$LoggerLog [RMI TCP Connection(4)-127.0.0.1] RMI TCP Connection(4)-127.0.0.1: close connection, socket: Socket[addr=/127.0.0.1,port=53288,localport=53259]
2024-07-16 23:45:56,257 DEBUG sun.rmi.runtime.Log$LoggerLog [RMI TCP Connection(4)-127.0.0.1] RMI TCP Connection(4)-127.0.0.1: socket close: Socket[addr=/127.0.0.1,port=53288,localport=53259]
2024-07-16 23:46:18,547 DEBUG com.zaxxer.hikari.pool.HikariPool [HikariPool-1 housekeeper] HikariPool-1 - Pool stats (total=10, active=0, idle=10, waiting=0)
2024-07-16 23:46:18,549 DEBUG com.zaxxer.hikari.pool.HikariPool [HikariPool-1 housekeeper] HikariPool-1 - Fill pool skipped, pool is at sufficient level.
2024-07-16 23:46:41,260 DEBUG sun.rmi.runtime.Log$LoggerLog [RMI TCP Connection(5)-127.0.0.1] RMI TCP Connection(5)-127.0.0.1: accepted socket from [127.0.0.1:53291]
2024-07-16 23:46:41,262 DEBUG sun.rmi.runtime.Log$LoggerLog [RMI TCP Connection(5)-127.0.0.1] RMI TCP Connection(5)-127.0.0.1: (port 53259) op = 80
2024-07-16 23:46:41,263 DEBUG sun.util.logging.internal.LoggingProviderImpl$JULWrapper [RMI TCP Connection(5)-127.0.0.1] connectionId=rmi://127.0.0.1  1
2024-07-16 23:46:48,565 DEBUG com.zaxxer.hikari.pool.HikariPool [HikariPool-1 housekeeper] HikariPool-1 - Pool stats (total=10, active=0, idle=10, waiting=0)
2024-07-16 23:46:48,569 DEBUG com.zaxxer.hikari.pool.HikariPool [HikariPool-1 housekeeper] HikariPool-1 - Fill pool skipped, pool is at sufficient level.
2024-07-16 23:46:51,124 DEBUG org.apache.juli.logging.DirectJDKLog [Catalina-utility-1] Start expire sessions StandardManager at 1721153811124 sessioncount 0
2024-07-16 23:46:51,183 DEBUG org.apache.juli.logging.DirectJDKLog [Catalina-utility-1] End expire sessions StandardManager processingTime 59 expired sessions: 0
2024-07-16 23:46:56,341 DEBUG sun.rmi.runtime.Log$LoggerLog [RMI TCP Connection(5)-127.0.0.1] RMI TCP Connection(5)-127.0.0.1: (port 53259) connection closed
2024-07-16 23:46:56,342 DEBUG sun.rmi.runtime.Log$LoggerLog [RMI TCP Connection(5)-127.0.0.1] RMI TCP Connection(5)-127.0.0.1: close connection, socket: Socket[addr=/127.0.0.1,port=53291,localport=53259]
2024-07-16 23:46:56,345 DEBUG sun.rmi.runtime.Log$LoggerLog [RMI TCP Connection(5)-127.0.0.1] RMI TCP Connection(5)-127.0.0.1: socket close: Socket[addr=/127.0.0.1,port=53291,localport=53259]
2024-07-16 23:46:58,821 DEBUG sun.rmi.runtime.Log$LoggerLog [RMI TCP Connection(6)-127.0.0.1] RMI TCP Connection(6)-127.0.0.1: accepted socket from [127.0.0.1:53292]
2024-07-16 23:46:58,830 DEBUG sun.rmi.runtime.Log$LoggerLog [RMI TCP Connection(6)-127.0.0.1] RMI TCP Connection(6)-127.0.0.1: (port 53254) op = 80
2024-07-16 23:46:58,852 DEBUG sun.rmi.runtime.Log$LoggerLog [RMI TCP Connection(7)-127.0.0.1] RMI TCP Connection(7)-127.0.0.1: accepted socket from [127.0.0.1:53293]
2024-07-16 23:46:58,918 DEBUG sun.rmi.runtime.Log$LoggerLog [RMI TCP Connection(7)-127.0.0.1] RMI TCP Connection(7)-127.0.0.1: (port 53259) op = 80
2024-07-16 23:46:58,919 DEBUG sun.rmi.runtime.Log$LoggerLog [RMI TCP Connection(7)-127.0.0.1] RMI TCP Connection(7)-127.0.0.1: name = "[Ljava.rmi.server.ObjID;", codebase = "", defaultLoader = jdk.internal.loader.ClassLoaders$PlatformClassLoader@4d810a3b
2024-07-16 23:46:58,920 DEBUG sun.rmi.runtime.Log$LoggerLog [RMI TCP Connection(7)-127.0.0.1] RMI TCP Connection(7)-127.0.0.1: name = "java.rmi.server.ObjID", codebase = "", defaultLoader = jdk.internal.loader.ClassLoaders$PlatformClassLoader@4d810a3b
2024-07-16 23:46:58,920 DEBUG sun.rmi.runtime.Log$LoggerLog [RMI TCP Connection(7)-127.0.0.1] RMI TCP Connection(7)-127.0.0.1: name = "java.rmi.server.UID", codebase = "", defaultLoader = jdk.internal.loader.ClassLoaders$PlatformClassLoader@4d810a3b
2024-07-16 23:46:58,921 DEBUG sun.rmi.runtime.Log$LoggerLog [RMI TCP Connection(7)-127.0.0.1] RMI TCP Connection(7)-127.0.0.1: name = "java.rmi.dgc.Lease", codebase = "", defaultLoader = jdk.internal.loader.ClassLoaders$PlatformClassLoader@4d810a3b
2024-07-16 23:46:58,922 DEBUG sun.rmi.runtime.Log$LoggerLog [RMI TCP Connection(7)-127.0.0.1] RMI TCP Connection(7)-127.0.0.1: name = "java.rmi.dgc.VMID", codebase = "", defaultLoader = jdk.internal.loader.ClassLoaders$PlatformClassLoader@4d810a3b
2024-07-16 23:46:58,923 DEBUG sun.rmi.runtime.Log$LoggerLog [RMI TCP Connection(7)-127.0.0.1] RMI TCP Connection(7)-127.0.0.1: name = "[B", codebase = "", defaultLoader = jdk.internal.loader.ClassLoaders$PlatformClassLoader@4d810a3b
2024-07-16 23:46:58,925 DEBUG sun.rmi.runtime.Log$LoggerLog [RMI TCP Connection(6)-127.0.0.1] RMI TCP Connection(6)-127.0.0.1: (port 53254) op = 82
2024-07-16 23:46:58,927 DEBUG sun.rmi.runtime.Log$LoggerLog [RMI TCP Connection(6)-127.0.0.1] RMI TCP Connection(6)-127.0.0.1: (port 53254) op = 84
2024-07-16 23:46:58,928 DEBUG sun.rmi.runtime.Log$LoggerLog [RMI TCP Connection(7)-127.0.0.1] RMI TCP Connection(7)-127.0.0.1: (port 53259) op = 80
2024-07-16 23:46:58,932 DEBUG sun.rmi.runtime.Log$LoggerLog [RMI TCP Connection(7)-127.0.0.1] RMI TCP Connection(7)-127.0.0.1: (port 53259) op = 80
2024-07-16 23:46:58,933 DEBUG sun.rmi.runtime.Log$LoggerLog [RMI TCP Connection(7)-127.0.0.1] RMI TCP Connection(7)-127.0.0.1: name = "[Ljava.rmi.server.ObjID;", codebase = "", defaultLoader = jdk.internal.loader.ClassLoaders$PlatformClassLoader@4d810a3b
2024-07-16 23:46:58,934 DEBUG sun.rmi.runtime.Log$LoggerLog [RMI TCP Connection(7)-127.0.0.1] RMI TCP Connection(7)-127.0.0.1: name = "java.rmi.server.ObjID", codebase = "", defaultLoader = jdk.internal.loader.ClassLoaders$PlatformClassLoader@4d810a3b
2024-07-16 23:46:58,935 DEBUG sun.rmi.runtime.Log$LoggerLog [RMI TCP Connection(7)-127.0.0.1] RMI TCP Connection(7)-127.0.0.1: name = "java.rmi.server.UID", codebase = "", defaultLoader = jdk.internal.loader.ClassLoaders$PlatformClassLoader@4d810a3b
2024-07-16 23:46:58,936 DEBUG sun.rmi.runtime.Log$LoggerLog [RMI TCP Connection(7)-127.0.0.1] RMI TCP Connection(7)-127.0.0.1: name = "java.rmi.dgc.Lease", codebase = "", defaultLoader = jdk.internal.loader.ClassLoaders$PlatformClassLoader@4d810a3b
2024-07-16 23:46:58,937 DEBUG sun.rmi.runtime.Log$LoggerLog [RMI TCP Connection(7)-127.0.0.1] RMI TCP Connection(7)-127.0.0.1: name = "java.rmi.dgc.VMID", codebase = "", defaultLoader = jdk.internal.loader.ClassLoaders$PlatformClassLoader@4d810a3b
2024-07-16 23:46:58,938 DEBUG sun.rmi.runtime.Log$LoggerLog [RMI TCP Connection(7)-127.0.0.1] RMI TCP Connection(7)-127.0.0.1: name = "[B", codebase = "", defaultLoader = jdk.internal.loader.ClassLoaders$PlatformClassLoader@4d810a3b
2024-07-16 23:46:58,945 DEBUG sun.rmi.runtime.Log$LoggerLog [RMI TCP Connection(7)-127.0.0.1] RMI TCP Connection(7)-127.0.0.1: (port 53259) op = 84
2024-07-16 23:46:58,945 DEBUG sun.rmi.runtime.Log$LoggerLog [RMI TCP Connection(7)-127.0.0.1] RMI TCP Connection(7)-127.0.0.1: (port 53259) op = 80
2024-07-16 23:46:58,949 DEBUG sun.rmi.runtime.Log$LoggerLog [RMI TCP Connection(7)-127.0.0.1] RMI TCP Connection(7)-127.0.0.1: (port 53259) op = 80
2024-07-16 23:46:58,950 DEBUG sun.rmi.runtime.Log$LoggerLog [RMI TCP Connection(7)-127.0.0.1] RMI TCP Connection(7)-127.0.0.1: name = "javax.management.ObjectName", codebase = ""
2024-07-16 23:46:58,951 DEBUG sun.rmi.runtime.Log$LoggerLog [RMI TCP Connection(7)-127.0.0.1] RMI TCP Connection(7)-127.0.0.1: name = "java.rmi.MarshalledObject", codebase = ""
2024-07-16 23:46:58,962 DEBUG sun.util.logging.internal.LoggingProviderImpl$JULWrapper [RMI TCP Connection(7)-127.0.0.1] connectionId=rmi://127.0.0.1  2 unwrapping params with MBean extended ClassLoader.
2024-07-16 23:46:58,989 DEBUG sun.util.logging.internal.LoggingProviderImpl$JULWrapper [RMI TCP Connection(7)-127.0.0.1] connectionId=rmi://127.0.0.1  2, name=org.springframework.boot:type=Admin,name=SpringApplication, operationName=shutdown, signature=null
2024-07-16 23:46:58,990 INFO org.springframework.boot.admin.SpringApplicationAdminMXBeanRegistrar$SpringApplicationAdmin [RMI TCP Connection(7)-127.0.0.1] Application shutdown requested.
2024-07-16 23:46:58,993 DEBUG org.springframework.context.support.AbstractApplicationContext [RMI TCP Connection(7)-127.0.0.1] Closing org.springframework.boot.web.servlet.context.AnnotationConfigServletWebServerApplicationContext@5c00384f, started on Tue Jul 16 23:43:42 IST 2024
2024-07-16 23:46:58,997 DEBUG org.springframework.context.support.DefaultLifecycleProcessor$LifecycleGroup [RMI TCP Connection(7)-127.0.0.1] Stopping beans in phase 2147483647
2024-07-16 23:46:59,004 DEBUG org.springframework.context.support.DefaultLifecycleProcessor [RMI TCP Connection(7)-127.0.0.1] Bean 'webServerGracefulShutdown' completed its stop procedure
2024-07-16 23:46:59,004 DEBUG org.springframework.context.support.DefaultLifecycleProcessor$LifecycleGroup [RMI TCP Connection(7)-127.0.0.1] Stopping beans in phase 2147483646
2024-07-16 23:46:59,352 DEBUG org.springframework.context.support.DefaultLifecycleProcessor [RMI TCP Connection(7)-127.0.0.1] Bean 'webServerStartStop' completed its stop procedure
2024-07-16 23:46:59,520 DEBUG org.springframework.jmx.export.MBeanExporter [RMI TCP Connection(7)-127.0.0.1] Unregistering JMX-exposed beans on shutdown
2024-07-16 23:46:59,521 DEBUG org.springframework.jmx.support.MBeanRegistrationSupport [RMI TCP Connection(7)-127.0.0.1] Unregistering JMX-exposed beans
2024-07-16 23:46:59,525 INFO org.springframework.orm.jpa.AbstractEntityManagerFactoryBean [RMI TCP Connection(7)-127.0.0.1] Closing JPA EntityManagerFactory for persistence unit 'default'
2024-07-16 23:46:59,526 DEBUG org.hibernate.internal.SessionFactoryImpl [RMI TCP Connection(7)-127.0.0.1] HHH000031: Closing
2024-07-16 23:46:59,526 DEBUG org.hibernate.type.spi.TypeConfiguration$Scope [RMI TCP Connection(7)-127.0.0.1] Un-scoping TypeConfiguration [org.hibernate.type.spi.TypeConfiguration$Scope@6c928ded] from SessionFactory [org.hibernate.internal.SessionFactoryImpl@4ced222d]
2024-07-16 23:46:59,530 DEBUG org.hibernate.service.internal.AbstractServiceRegistryImpl [RMI TCP Connection(7)-127.0.0.1] Implicitly destroying ServiceRegistry on de-registration of all child ServiceRegistries
2024-07-16 23:46:59,531 DEBUG org.hibernate.boot.registry.internal.BootstrapServiceRegistryImpl [RMI TCP Connection(7)-127.0.0.1] Implicitly destroying Boot-strap registry on de-registration of all child ServiceRegistries
2024-07-16 23:46:59,531 INFO org.springframework.scheduling.concurrent.ExecutorConfigurationSupport [RMI TCP Connection(7)-127.0.0.1] Shutting down ExecutorService 'applicationTaskExecutor'
2024-07-16 23:46:59,532 INFO com.zaxxer.hikari.HikariDataSource [RMI TCP Connection(7)-127.0.0.1] HikariPool-1 - Shutdown initiated...
2024-07-16 23:46:59,533 DEBUG com.zaxxer.hikari.pool.HikariPool [RMI TCP Connection(7)-127.0.0.1] HikariPool-1 - Before shutdown stats (total=10, active=0, idle=10, waiting=0)
2024-07-16 23:46:59,648 DEBUG com.zaxxer.hikari.pool.PoolBase [HikariPool-1 connection closer] HikariPool-1 - Closing connection org.postgresql.jdbc.PgConnection@12952aff: (connection evicted)
2024-07-16 23:46:59,659 DEBUG com.zaxxer.hikari.pool.PoolBase [HikariPool-1 connection closer] HikariPool-1 - Closing connection org.postgresql.jdbc.PgConnection@60d6c109: (connection evicted)
2024-07-16 23:46:59,682 DEBUG com.zaxxer.hikari.pool.PoolBase [HikariPool-1 connection closer] HikariPool-1 - Closing connection org.postgresql.jdbc.PgConnection@25d45377: (connection evicted)
2024-07-16 23:46:59,691 DEBUG com.zaxxer.hikari.pool.PoolBase [HikariPool-1 connection closer] HikariPool-1 - Closing connection org.postgresql.jdbc.PgConnection@42b300f2: (connection evicted)
2024-07-16 23:46:59,703 DEBUG com.zaxxer.hikari.pool.PoolBase [HikariPool-1 connection closer] HikariPool-1 - Closing connection org.postgresql.jdbc.PgConnection@45fbac38: (connection evicted)
2024-07-16 23:46:59,715 DEBUG com.zaxxer.hikari.pool.PoolBase [HikariPool-1 connection closer] HikariPool-1 - Closing connection org.postgresql.jdbc.PgConnection@4d833cb9: (connection evicted)
2024-07-16 23:46:59,725 DEBUG com.zaxxer.hikari.pool.PoolBase [HikariPool-1 connection closer] HikariPool-1 - Closing connection org.postgresql.jdbc.PgConnection@3d95c01: (connection evicted)
2024-07-16 23:46:59,735 DEBUG com.zaxxer.hikari.pool.PoolBase [HikariPool-1 connection closer] HikariPool-1 - Closing connection org.postgresql.jdbc.PgConnection@59b76818: (connection evicted)
2024-07-16 23:46:59,743 DEBUG com.zaxxer.hikari.pool.PoolBase [HikariPool-1 connection closer] HikariPool-1 - Closing connection org.postgresql.jdbc.PgConnection@41b5957a: (connection evicted)
2024-07-16 23:46:59,754 DEBUG com.zaxxer.hikari.pool.PoolBase [HikariPool-1 connection closer] HikariPool-1 - Closing connection org.postgresql.jdbc.PgConnection@15871f01: (connection evicted)
2024-07-16 23:46:59,767 DEBUG com.zaxxer.hikari.pool.HikariPool [RMI TCP Connection(7)-127.0.0.1] HikariPool-1 - After shutdown stats (total=0, active=0, idle=0, waiting=0)
2024-07-16 23:46:59,773 INFO com.zaxxer.hikari.HikariDataSource [RMI TCP Connection(7)-127.0.0.1] HikariPool-1 - Shutdown completed.
2024-07-16 23:47:06,115 DEBUG org.springframework.boot.context.logging.ClasspathLoggingApplicationListener [main] Application started with classpath: unknown
2024-07-16 23:47:06,380 INFO org.springframework.boot.StartupInfoLogger [main] Starting BookingApplication on DESKTOP-3B6KEGU with PID 11348 (D:\Golf Bakend\Club-Backend\target\classes started by Admin in D:\Golf Bakend\Club-Backend)
2024-07-16 23:47:06,383 DEBUG org.springframework.boot.StartupInfoLogger [main] Running with Spring Boot v2.3.1.RELEASE, Spring v5.2.7.RELEASE
2024-07-16 23:47:06,386 DEBUG sun.rmi.runtime.Log$LoggerLog [RMI TCP Connection(2)-127.0.0.1] RMI TCP Connection(2)-127.0.0.1: (port 53302) op = 82
2024-07-16 23:47:06,390 DEBUG sun.rmi.runtime.Log$LoggerLog [RMI TCP Connection(2)-127.0.0.1] RMI TCP Connection(2)-127.0.0.1: (port 53302) op = 80
2024-07-16 23:47:06,390 INFO org.springframework.boot.SpringApplication [main] No active profile set, falling back to default profiles: default
2024-07-16 23:47:06,393 DEBUG sun.rmi.runtime.Log$LoggerLog [RMI TCP Connection(2)-127.0.0.1] RMI TCP Connection(2)-127.0.0.1: name = "javax.management.ObjectName", codebase = ""
2024-07-16 23:47:06,394 DEBUG org.springframework.boot.SpringApplication [main] Loading source class com.booking.BookingApplication
2024-07-16 23:47:06,396 DEBUG sun.util.logging.internal.LoggingProviderImpl$JULWrapper [RMI TCP Connection(2)-127.0.0.1] connectionId=rmi://127.0.0.1  1, name=org.springframework.boot:type=Admin,name=SpringApplication, attribute=Ready
2024-07-16 23:47:06,412 DEBUG sun.rmi.runtime.Log$LoggerLog [RMI TCP Connection(2)-127.0.0.1] RMI TCP Connection(2)-127.0.0.1: [127.0.0.1] exception: 
javax.management.InstanceNotFoundException: org.springframework.boot:type=Admin,name=SpringApplication
	at java.management/com.sun.jmx.interceptor.DefaultMBeanServerInterceptor.getMBean(DefaultMBeanServerInterceptor.java:1088)
	at java.management/com.sun.jmx.interceptor.DefaultMBeanServerInterceptor.getAttribute(DefaultMBeanServerInterceptor.java:640)
	at java.management/com.sun.jmx.mbeanserver.JmxMBeanServer.getAttribute(JmxMBeanServer.java:679)
	at java.management.rmi/javax.management.remote.rmi.RMIConnectionImpl.doOperation(RMIConnectionImpl.java:1449)
	at java.management.rmi/javax.management.remote.rmi.RMIConnectionImpl$PrivilegedOperation.run(RMIConnectionImpl.java:1310)
	at java.management.rmi/javax.management.remote.rmi.RMIConnectionImpl.doPrivilegedOperation(RMIConnectionImpl.java:1405)
	at java.management.rmi/javax.management.remote.rmi.RMIConnectionImpl.getAttribute(RMIConnectionImpl.java:639)
	at java.base/jdk.internal.reflect.NativeMethodAccessorImpl.invoke0(Native Method)
	at java.base/jdk.internal.reflect.NativeMethodAccessorImpl.invoke(NativeMethodAccessorImpl.java:77)
	at java.base/jdk.internal.reflect.DelegatingMethodAccessorImpl.invoke(DelegatingMethodAccessorImpl.java:43)
	at java.base/java.lang.reflect.Method.invoke(Method.java:568)
	at java.rmi/sun.rmi.server.UnicastServerRef.dispatch(UnicastServerRef.java:360)
	at java.rmi/sun.rmi.transport.Transport$1.run(Transport.java:200)
	at java.rmi/sun.rmi.transport.Transport$1.run(Transport.java:197)
	at java.base/java.security.AccessController.doPrivileged(AccessController.java:712)
	at java.rmi/sun.rmi.transport.Transport.serviceCall(Transport.java:196)
	at java.rmi/sun.rmi.transport.tcp.TCPTransport.handleMessages(TCPTransport.java:587)
	at java.rmi/sun.rmi.transport.tcp.TCPTransport$ConnectionHandler.run0(TCPTransport.java:828)
	at java.rmi/sun.rmi.transport.tcp.TCPTransport$ConnectionHandler.lambda$run$0(TCPTransport.java:705)
	at java.base/java.security.AccessController.doPrivileged(AccessController.java:399)
	at java.rmi/sun.rmi.transport.tcp.TCPTransport$ConnectionHandler.run(TCPTransport.java:704)
	at java.base/java.util.concurrent.ThreadPoolExecutor.runWorker(ThreadPoolExecutor.java:1136)
	at java.base/java.util.concurrent.ThreadPoolExecutor$Worker.run(ThreadPoolExecutor.java:635)
	at java.base/java.lang.Thread.run(Thread.java:833)
2024-07-16 23:47:06,601 DEBUG org.springframework.boot.logging.DeferredLog [main] Loaded config file 'file:/D:/Golf%20Bakend/Club-Backend/target/classes/application.properties' (classpath:/application.properties)
2024-07-16 23:47:06,604 DEBUG org.springframework.context.support.AbstractApplicationContext [main] Refreshing org.springframework.boot.web.servlet.context.AnnotationConfigServletWebServerApplicationContext@5c00384f
2024-07-16 23:47:06,668 DEBUG org.springframework.beans.factory.support.DefaultSingletonBeanRegistry [main] Creating shared instance of singleton bean 'org.springframework.context.annotation.internalConfigurationAnnotationProcessor'
2024-07-16 23:47:06,714 DEBUG org.springframework.beans.factory.support.DefaultSingletonBeanRegistry [main] Creating shared instance of singleton bean 'org.springframework.boot.autoconfigure.internalCachingMetadataReaderFactory'
2024-07-16 23:47:06,922 DEBUG sun.rmi.runtime.Log$LoggerLog [RMI TCP Connection(2)-127.0.0.1] RMI TCP Connection(2)-127.0.0.1: (port 53302) op = 82
2024-07-16 23:47:06,924 DEBUG sun.rmi.runtime.Log$LoggerLog [RMI TCP Connection(2)-127.0.0.1] RMI TCP Connection(2)-127.0.0.1: (port 53302) op = 80
2024-07-16 23:47:06,926 DEBUG sun.rmi.runtime.Log$LoggerLog [RMI TCP Connection(2)-127.0.0.1] RMI TCP Connection(2)-127.0.0.1: name = "javax.management.ObjectName", codebase = ""
2024-07-16 23:47:06,928 DEBUG sun.util.logging.internal.LoggingProviderImpl$JULWrapper [RMI TCP Connection(2)-127.0.0.1] connectionId=rmi://127.0.0.1  1, name=org.springframework.boot:type=Admin,name=SpringApplication, attribute=Ready
2024-07-16 23:47:06,930 DEBUG org.springframework.context.annotation.ClassPathScanningCandidateComponentProvider [main] Identified candidate component class: file [D:\Golf Bakend\Club-Backend\target\classes\com\booking\config\TokenProvider.class]
2024-07-16 23:47:06,931 DEBUG sun.rmi.runtime.Log$LoggerLog [RMI TCP Connection(2)-127.0.0.1] RMI TCP Connection(2)-127.0.0.1: [127.0.0.1] exception: 
javax.management.InstanceNotFoundException: org.springframework.boot:type=Admin,name=SpringApplication
	at java.management/com.sun.jmx.interceptor.DefaultMBeanServerInterceptor.getMBean(DefaultMBeanServerInterceptor.java:1088)
	at java.management/com.sun.jmx.interceptor.DefaultMBeanServerInterceptor.getAttribute(DefaultMBeanServerInterceptor.java:640)
	at java.management/com.sun.jmx.mbeanserver.JmxMBeanServer.getAttribute(JmxMBeanServer.java:679)
	at java.management.rmi/javax.management.remote.rmi.RMIConnectionImpl.doOperation(RMIConnectionImpl.java:1449)
	at java.management.rmi/javax.management.remote.rmi.RMIConnectionImpl$PrivilegedOperation.run(RMIConnectionImpl.java:1310)
	at java.management.rmi/javax.management.remote.rmi.RMIConnectionImpl.doPrivilegedOperation(RMIConnectionImpl.java:1405)
	at java.management.rmi/javax.management.remote.rmi.RMIConnectionImpl.getAttribute(RMIConnectionImpl.java:639)
	at java.base/jdk.internal.reflect.NativeMethodAccessorImpl.invoke0(Native Method)
	at java.base/jdk.internal.reflect.NativeMethodAccessorImpl.invoke(NativeMethodAccessorImpl.java:77)
	at java.base/jdk.internal.reflect.DelegatingMethodAccessorImpl.invoke(DelegatingMethodAccessorImpl.java:43)
	at java.base/java.lang.reflect.Method.invoke(Method.java:568)
	at java.rmi/sun.rmi.server.UnicastServerRef.dispatch(UnicastServerRef.java:360)
	at java.rmi/sun.rmi.transport.Transport$1.run(Transport.java:200)
	at java.rmi/sun.rmi.transport.Transport$1.run(Transport.java:197)
	at java.base/java.security.AccessController.doPrivileged(AccessController.java:712)
	at java.rmi/sun.rmi.transport.Transport.serviceCall(Transport.java:196)
	at java.rmi/sun.rmi.transport.tcp.TCPTransport.handleMessages(TCPTransport.java:587)
	at java.rmi/sun.rmi.transport.tcp.TCPTransport$ConnectionHandler.run0(TCPTransport.java:828)
	at java.rmi/sun.rmi.transport.tcp.TCPTransport$ConnectionHandler.lambda$run$0(TCPTransport.java:705)
	at java.base/java.security.AccessController.doPrivileged(AccessController.java:399)
	at java.rmi/sun.rmi.transport.tcp.TCPTransport$ConnectionHandler.run(TCPTransport.java:704)
	at java.base/java.util.concurrent.ThreadPoolExecutor.runWorker(ThreadPoolExecutor.java:1136)
	at java.base/java.util.concurrent.ThreadPoolExecutor$Worker.run(ThreadPoolExecutor.java:635)
	at java.base/java.lang.Thread.run(Thread.java:833)
2024-07-16 23:47:06,934 DEBUG org.springframework.context.annotation.ClassPathScanningCandidateComponentProvider [main] Identified candidate component class: file [D:\Golf Bakend\Club-Backend\target\classes\com\booking\config\UnauthorizedEntryPoint.class]
2024-07-16 23:47:06,970 DEBUG org.springframework.context.annotation.ClassPathScanningCandidateComponentProvider [main] Identified candidate component class: file [D:\Golf Bakend\Club-Backend\target\classes\com\booking\config\WebSecurityConfig.class]
2024-07-16 23:47:07,006 DEBUG org.springframework.context.annotation.ClassPathScanningCandidateComponentProvider [main] Identified candidate component class: file [D:\Golf Bakend\Club-Backend\target\classes\com\booking\controller\BookingController.class]
2024-07-16 23:47:07,011 DEBUG org.springframework.context.annotation.ClassPathScanningCandidateComponentProvider [main] Identified candidate component class: file [D:\Golf Bakend\Club-Backend\target\classes\com\booking\controller\ConfigController.class]
2024-07-16 23:47:07,016 DEBUG org.springframework.context.annotation.ClassPathScanningCandidateComponentProvider [main] Identified candidate component class: file [D:\Golf Bakend\Club-Backend\target\classes\com\booking\controller\SlotController.class]
2024-07-16 23:47:07,024 DEBUG org.springframework.context.annotation.ClassPathScanningCandidateComponentProvider [main] Identified candidate component class: file [D:\Golf Bakend\Club-Backend\target\classes\com\booking\controller\UserController.class]
2024-07-16 23:47:07,029 DEBUG org.springframework.context.annotation.ClassPathScanningCandidateComponentProvider [main] Ignored because not a concrete top-level class: file [D:\Golf Bakend\Club-Backend\target\classes\com\booking\dao\ClubConfigDao.class]
2024-07-16 23:47:07,042 DEBUG org.springframework.context.annotation.ClassPathScanningCandidateComponentProvider [main] Ignored because not a concrete top-level class: file [D:\Golf Bakend\Club-Backend\target\classes\com\booking\dao\ClubSlotBookingDao.class]
2024-07-16 23:47:07,047 DEBUG org.springframework.context.annotation.ClassPathScanningCandidateComponentProvider [main] Ignored because not a concrete top-level class: file [D:\Golf Bakend\Club-Backend\target\classes\com\booking\dao\ClubSlotDao.class]
2024-07-16 23:47:07,049 DEBUG org.springframework.context.annotation.ClassPathScanningCandidateComponentProvider [main] Ignored because not a concrete top-level class: file [D:\Golf Bakend\Club-Backend\target\classes\com\booking\dao\RoleDao.class]
2024-07-16 23:47:07,051 DEBUG org.springframework.context.annotation.ClassPathScanningCandidateComponentProvider [main] Ignored because not a concrete top-level class: file [D:\Golf Bakend\Club-Backend\target\classes\com\booking\dao\UserBookingDao.class]
2024-07-16 23:47:07,056 DEBUG org.springframework.context.annotation.ClassPathScanningCandidateComponentProvider [main] Ignored because not a concrete top-level class: file [D:\Golf Bakend\Club-Backend\target\classes\com\booking\dao\UserDao.class]
2024-07-16 23:47:07,083 DEBUG org.springframework.context.annotation.ClassPathScanningCandidateComponentProvider [main] Identified candidate component class: file [D:\Golf Bakend\Club-Backend\target\classes\com\booking\logger\SpringLoggingAutoConfiguration.class]
2024-07-16 23:47:07,155 DEBUG org.springframework.context.annotation.ClassPathScanningCandidateComponentProvider [main] Identified candidate component class: file [D:\Golf Bakend\Club-Backend\target\classes\com\booking\service\RestHandler.class]
2024-07-16 23:47:07,163 DEBUG org.springframework.context.annotation.ClassPathScanningCandidateComponentProvider [main] Identified candidate component class: file [D:\Golf Bakend\Club-Backend\target\classes\com\booking\service\impl\BookingServiceImpl.class]
2024-07-16 23:47:07,166 DEBUG org.springframework.context.annotation.ClassPathScanningCandidateComponentProvider [main] Identified candidate component class: file [D:\Golf Bakend\Club-Backend\target\classes\com\booking\service\impl\OtpServiceImpl.class]
2024-07-16 23:47:07,168 DEBUG org.springframework.context.annotation.ClassPathScanningCandidateComponentProvider [main] Identified candidate component class: file [D:\Golf Bakend\Club-Backend\target\classes\com\booking\service\impl\RoleServiceImpl.class]
2024-07-16 23:47:07,178 DEBUG org.springframework.context.annotation.ClassPathScanningCandidateComponentProvider [main] Identified candidate component class: file [D:\Golf Bakend\Club-Backend\target\classes\com\booking\service\impl\SlotServiceImpl.class]
2024-07-16 23:47:07,180 DEBUG org.springframework.context.annotation.ClassPathScanningCandidateComponentProvider [main] Identified candidate component class: file [D:\Golf Bakend\Club-Backend\target\classes\com\booking\service\impl\UserServiceImpl.class]
2024-07-16 23:47:07,192 DEBUG org.springframework.context.annotation.ClassPathScanningCandidateComponentProvider [main] Identified candidate component class: file [D:\Golf Bakend\Club-Backend\target\classes\com\booking\util\ChecksumUtil.class]
2024-07-16 23:47:07,196 DEBUG org.springframework.context.annotation.ClassPathScanningCandidateComponentProvider [main] Identified candidate component class: file [D:\Golf Bakend\Club-Backend\target\classes\com\booking\util\EmailService.class]
2024-07-16 23:47:07,200 DEBUG org.springframework.context.annotation.ClassPathScanningCandidateComponentProvider [main] Identified candidate component class: file [D:\Golf Bakend\Club-Backend\target\classes\com\booking\util\MailUtility.class]
2024-07-16 23:47:07,201 DEBUG org.springframework.context.annotation.ClassPathScanningCandidateComponentProvider [main] Identified candidate component class: file [D:\Golf Bakend\Club-Backend\target\classes\com\booking\util\SendEmailSmtp.class]
2024-07-16 23:47:07,440 DEBUG sun.rmi.runtime.Log$LoggerLog [RMI TCP Connection(2)-127.0.0.1] RMI TCP Connection(2)-127.0.0.1: (port 53302) op = 82
2024-07-16 23:47:07,443 DEBUG sun.rmi.runtime.Log$LoggerLog [RMI TCP Connection(2)-127.0.0.1] RMI TCP Connection(2)-127.0.0.1: (port 53302) op = 80
2024-07-16 23:47:07,445 DEBUG sun.rmi.runtime.Log$LoggerLog [RMI TCP Connection(2)-127.0.0.1] RMI TCP Connection(2)-127.0.0.1: name = "javax.management.ObjectName", codebase = ""
2024-07-16 23:47:07,446 DEBUG sun.util.logging.internal.LoggingProviderImpl$JULWrapper [RMI TCP Connection(2)-127.0.0.1] connectionId=rmi://127.0.0.1  1, name=org.springframework.boot:type=Admin,name=SpringApplication, attribute=Ready
2024-07-16 23:47:07,449 DEBUG sun.rmi.runtime.Log$LoggerLog [RMI TCP Connection(2)-127.0.0.1] RMI TCP Connection(2)-127.0.0.1: [127.0.0.1] exception: 
javax.management.InstanceNotFoundException: org.springframework.boot:type=Admin,name=SpringApplication
	at java.management/com.sun.jmx.interceptor.DefaultMBeanServerInterceptor.getMBean(DefaultMBeanServerInterceptor.java:1088)
	at java.management/com.sun.jmx.interceptor.DefaultMBeanServerInterceptor.getAttribute(DefaultMBeanServerInterceptor.java:640)
	at java.management/com.sun.jmx.mbeanserver.JmxMBeanServer.getAttribute(JmxMBeanServer.java:679)
	at java.management.rmi/javax.management.remote.rmi.RMIConnectionImpl.doOperation(RMIConnectionImpl.java:1449)
	at java.management.rmi/javax.management.remote.rmi.RMIConnectionImpl$PrivilegedOperation.run(RMIConnectionImpl.java:1310)
	at java.management.rmi/javax.management.remote.rmi.RMIConnectionImpl.doPrivilegedOperation(RMIConnectionImpl.java:1405)
	at java.management.rmi/javax.management.remote.rmi.RMIConnectionImpl.getAttribute(RMIConnectionImpl.java:639)
	at java.base/jdk.internal.reflect.NativeMethodAccessorImpl.invoke0(Native Method)
	at java.base/jdk.internal.reflect.NativeMethodAccessorImpl.invoke(NativeMethodAccessorImpl.java:77)
	at java.base/jdk.internal.reflect.DelegatingMethodAccessorImpl.invoke(DelegatingMethodAccessorImpl.java:43)
	at java.base/java.lang.reflect.Method.invoke(Method.java:568)
	at java.rmi/sun.rmi.server.UnicastServerRef.dispatch(UnicastServerRef.java:360)
	at java.rmi/sun.rmi.transport.Transport$1.run(Transport.java:200)
	at java.rmi/sun.rmi.transport.Transport$1.run(Transport.java:197)
	at java.base/java.security.AccessController.doPrivileged(AccessController.java:712)
	at java.rmi/sun.rmi.transport.Transport.serviceCall(Transport.java:196)
	at java.rmi/sun.rmi.transport.tcp.TCPTransport.handleMessages(TCPTransport.java:587)
	at java.rmi/sun.rmi.transport.tcp.TCPTransport$ConnectionHandler.run0(TCPTransport.java:828)
	at java.rmi/sun.rmi.transport.tcp.TCPTransport$ConnectionHandler.lambda$run$0(TCPTransport.java:705)
	at java.base/java.security.AccessController.doPrivileged(AccessController.java:399)
	at java.rmi/sun.rmi.transport.tcp.TCPTransport$ConnectionHandler.run(TCPTransport.java:704)
	at java.base/java.util.concurrent.ThreadPoolExecutor.runWorker(ThreadPoolExecutor.java:1136)
	at java.base/java.util.concurrent.ThreadPoolExecutor$Worker.run(ThreadPoolExecutor.java:635)
	at java.base/java.lang.Thread.run(Thread.java:833)
2024-07-16 23:47:07,958 DEBUG sun.rmi.runtime.Log$LoggerLog [RMI TCP Connection(2)-127.0.0.1] RMI TCP Connection(2)-127.0.0.1: (port 53302) op = 82
2024-07-16 23:47:07,960 DEBUG sun.rmi.runtime.Log$LoggerLog [RMI TCP Connection(2)-127.0.0.1] RMI TCP Connection(2)-127.0.0.1: (port 53302) op = 80
2024-07-16 23:47:07,962 DEBUG sun.rmi.runtime.Log$LoggerLog [RMI TCP Connection(2)-127.0.0.1] RMI TCP Connection(2)-127.0.0.1: name = "javax.management.ObjectName", codebase = ""
2024-07-16 23:47:07,964 DEBUG sun.util.logging.internal.LoggingProviderImpl$JULWrapper [RMI TCP Connection(2)-127.0.0.1] connectionId=rmi://127.0.0.1  1, name=org.springframework.boot:type=Admin,name=SpringApplication, attribute=Ready
2024-07-16 23:47:07,967 DEBUG sun.rmi.runtime.Log$LoggerLog [RMI TCP Connection(2)-127.0.0.1] RMI TCP Connection(2)-127.0.0.1: [127.0.0.1] exception: 
javax.management.InstanceNotFoundException: org.springframework.boot:type=Admin,name=SpringApplication
	at java.management/com.sun.jmx.interceptor.DefaultMBeanServerInterceptor.getMBean(DefaultMBeanServerInterceptor.java:1088)
	at java.management/com.sun.jmx.interceptor.DefaultMBeanServerInterceptor.getAttribute(DefaultMBeanServerInterceptor.java:640)
	at java.management/com.sun.jmx.mbeanserver.JmxMBeanServer.getAttribute(JmxMBeanServer.java:679)
	at java.management.rmi/javax.management.remote.rmi.RMIConnectionImpl.doOperation(RMIConnectionImpl.java:1449)
	at java.management.rmi/javax.management.remote.rmi.RMIConnectionImpl$PrivilegedOperation.run(RMIConnectionImpl.java:1310)
	at java.management.rmi/javax.management.remote.rmi.RMIConnectionImpl.doPrivilegedOperation(RMIConnectionImpl.java:1405)
	at java.management.rmi/javax.management.remote.rmi.RMIConnectionImpl.getAttribute(RMIConnectionImpl.java:639)
	at java.base/jdk.internal.reflect.NativeMethodAccessorImpl.invoke0(Native Method)
	at java.base/jdk.internal.reflect.NativeMethodAccessorImpl.invoke(NativeMethodAccessorImpl.java:77)
	at java.base/jdk.internal.reflect.DelegatingMethodAccessorImpl.invoke(DelegatingMethodAccessorImpl.java:43)
	at java.base/java.lang.reflect.Method.invoke(Method.java:568)
	at java.rmi/sun.rmi.server.UnicastServerRef.dispatch(UnicastServerRef.java:360)
	at java.rmi/sun.rmi.transport.Transport$1.run(Transport.java:200)
	at java.rmi/sun.rmi.transport.Transport$1.run(Transport.java:197)
	at java.base/java.security.AccessController.doPrivileged(AccessController.java:712)
	at java.rmi/sun.rmi.transport.Transport.serviceCall(Transport.java:196)
	at java.rmi/sun.rmi.transport.tcp.TCPTransport.handleMessages(TCPTransport.java:587)
	at java.rmi/sun.rmi.transport.tcp.TCPTransport$ConnectionHandler.run0(TCPTransport.java:828)
	at java.rmi/sun.rmi.transport.tcp.TCPTransport$ConnectionHandler.lambda$run$0(TCPTransport.java:705)
	at java.base/java.security.AccessController.doPrivileged(AccessController.java:399)
	at java.rmi/sun.rmi.transport.tcp.TCPTransport$ConnectionHandler.run(TCPTransport.java:704)
	at java.base/java.util.concurrent.ThreadPoolExecutor.runWorker(ThreadPoolExecutor.java:1136)
	at java.base/java.util.concurrent.ThreadPoolExecutor$Worker.run(ThreadPoolExecutor.java:635)
	at java.base/java.lang.Thread.run(Thread.java:833)
2024-07-16 23:47:07,973 DEBUG org.springframework.core.env.PropertySourcesPropertyResolver [main] Found key 'spring.jmx.enabled' in PropertySource 'configurationProperties' with value of type String
2024-07-16 23:47:07,981 DEBUG org.springframework.core.env.PropertySourcesPropertyResolver [main] Found key 'spring.application.admin.enabled' in PropertySource 'configurationProperties' with value of type String
2024-07-16 23:47:08,134 DEBUG org.springframework.core.env.PropertySourcesPropertyResolver [main] Found key 'spring.jmx.enabled' in PropertySource 'configurationProperties' with value of type String
2024-07-16 23:47:08,157 DEBUG org.springframework.core.env.PropertySourcesPropertyResolver [main] Found key 'spring.datasource.url' in PropertySource 'configurationProperties' with value of type String
2024-07-16 23:47:08,460 DEBUG org.springframework.core.env.PropertySourcesPropertyResolver [main] Found key 'spring.mail.host' in PropertySource 'configurationProperties' with value of type String
2024-07-16 23:47:08,471 DEBUG org.springframework.core.env.PropertySourcesPropertyResolver [main] Found key 'spring.mail.host' in PropertySource 'configurationProperties' with value of type String
2024-07-16 23:47:08,474 DEBUG sun.rmi.runtime.Log$LoggerLog [RMI TCP Connection(2)-127.0.0.1] RMI TCP Connection(2)-127.0.0.1: (port 53302) op = 82
2024-07-16 23:47:08,476 DEBUG sun.rmi.runtime.Log$LoggerLog [RMI TCP Connection(2)-127.0.0.1] RMI TCP Connection(2)-127.0.0.1: (port 53302) op = 80
2024-07-16 23:47:08,477 DEBUG sun.rmi.runtime.Log$LoggerLog [RMI TCP Connection(2)-127.0.0.1] RMI TCP Connection(2)-127.0.0.1: name = "javax.management.ObjectName", codebase = ""
2024-07-16 23:47:08,479 DEBUG sun.util.logging.internal.LoggingProviderImpl$JULWrapper [RMI TCP Connection(2)-127.0.0.1] connectionId=rmi://127.0.0.1  1, name=org.springframework.boot:type=Admin,name=SpringApplication, attribute=Ready
2024-07-16 23:47:08,481 DEBUG sun.rmi.runtime.Log$LoggerLog [RMI TCP Connection(2)-127.0.0.1] RMI TCP Connection(2)-127.0.0.1: [127.0.0.1] exception: 
javax.management.InstanceNotFoundException: org.springframework.boot:type=Admin,name=SpringApplication
	at java.management/com.sun.jmx.interceptor.DefaultMBeanServerInterceptor.getMBean(DefaultMBeanServerInterceptor.java:1088)
	at java.management/com.sun.jmx.interceptor.DefaultMBeanServerInterceptor.getAttribute(DefaultMBeanServerInterceptor.java:640)
	at java.management/com.sun.jmx.mbeanserver.JmxMBeanServer.getAttribute(JmxMBeanServer.java:679)
	at java.management.rmi/javax.management.remote.rmi.RMIConnectionImpl.doOperation(RMIConnectionImpl.java:1449)
	at java.management.rmi/javax.management.remote.rmi.RMIConnectionImpl$PrivilegedOperation.run(RMIConnectionImpl.java:1310)
	at java.management.rmi/javax.management.remote.rmi.RMIConnectionImpl.doPrivilegedOperation(RMIConnectionImpl.java:1405)
	at java.management.rmi/javax.management.remote.rmi.RMIConnectionImpl.getAttribute(RMIConnectionImpl.java:639)
	at java.base/jdk.internal.reflect.NativeMethodAccessorImpl.invoke0(Native Method)
	at java.base/jdk.internal.reflect.NativeMethodAccessorImpl.invoke(NativeMethodAccessorImpl.java:77)
	at java.base/jdk.internal.reflect.DelegatingMethodAccessorImpl.invoke(DelegatingMethodAccessorImpl.java:43)
	at java.base/java.lang.reflect.Method.invoke(Method.java:568)
	at java.rmi/sun.rmi.server.UnicastServerRef.dispatch(UnicastServerRef.java:360)
	at java.rmi/sun.rmi.transport.Transport$1.run(Transport.java:200)
	at java.rmi/sun.rmi.transport.Transport$1.run(Transport.java:197)
	at java.base/java.security.AccessController.doPrivileged(AccessController.java:712)
	at java.rmi/sun.rmi.transport.Transport.serviceCall(Transport.java:196)
	at java.rmi/sun.rmi.transport.tcp.TCPTransport.handleMessages(TCPTransport.java:587)
	at java.rmi/sun.rmi.transport.tcp.TCPTransport$ConnectionHandler.run0(TCPTransport.java:828)
	at java.rmi/sun.rmi.transport.tcp.TCPTransport$ConnectionHandler.lambda$run$0(TCPTransport.java:705)
	at java.base/java.security.AccessController.doPrivileged(AccessController.java:399)
	at java.rmi/sun.rmi.transport.tcp.TCPTransport$ConnectionHandler.run(TCPTransport.java:704)
	at java.base/java.util.concurrent.ThreadPoolExecutor.runWorker(ThreadPoolExecutor.java:1136)
	at java.base/java.util.concurrent.ThreadPoolExecutor$Worker.run(ThreadPoolExecutor.java:635)
	at java.base/java.lang.Thread.run(Thread.java:833)
2024-07-16 23:47:08,991 DEBUG sun.rmi.runtime.Log$LoggerLog [RMI TCP Connection(2)-127.0.0.1] RMI TCP Connection(2)-127.0.0.1: (port 53302) op = 82
2024-07-16 23:47:08,994 DEBUG sun.rmi.runtime.Log$LoggerLog [RMI TCP Connection(2)-127.0.0.1] RMI TCP Connection(2)-127.0.0.1: (port 53302) op = 80
2024-07-16 23:47:08,995 DEBUG sun.rmi.runtime.Log$LoggerLog [RMI TCP Connection(2)-127.0.0.1] RMI TCP Connection(2)-127.0.0.1: name = "javax.management.ObjectName", codebase = ""
2024-07-16 23:47:08,997 DEBUG sun.util.logging.internal.LoggingProviderImpl$JULWrapper [RMI TCP Connection(2)-127.0.0.1] connectionId=rmi://127.0.0.1  1, name=org.springframework.boot:type=Admin,name=SpringApplication, attribute=Ready
2024-07-16 23:47:08,999 DEBUG sun.rmi.runtime.Log$LoggerLog [RMI TCP Connection(2)-127.0.0.1] RMI TCP Connection(2)-127.0.0.1: [127.0.0.1] exception: 
javax.management.InstanceNotFoundException: org.springframework.boot:type=Admin,name=SpringApplication
	at java.management/com.sun.jmx.interceptor.DefaultMBeanServerInterceptor.getMBean(DefaultMBeanServerInterceptor.java:1088)
	at java.management/com.sun.jmx.interceptor.DefaultMBeanServerInterceptor.getAttribute(DefaultMBeanServerInterceptor.java:640)
	at java.management/com.sun.jmx.mbeanserver.JmxMBeanServer.getAttribute(JmxMBeanServer.java:679)
	at java.management.rmi/javax.management.remote.rmi.RMIConnectionImpl.doOperation(RMIConnectionImpl.java:1449)
	at java.management.rmi/javax.management.remote.rmi.RMIConnectionImpl$PrivilegedOperation.run(RMIConnectionImpl.java:1310)
	at java.management.rmi/javax.management.remote.rmi.RMIConnectionImpl.doPrivilegedOperation(RMIConnectionImpl.java:1405)
	at java.management.rmi/javax.management.remote.rmi.RMIConnectionImpl.getAttribute(RMIConnectionImpl.java:639)
	at java.base/jdk.internal.reflect.NativeMethodAccessorImpl.invoke0(Native Method)
	at java.base/jdk.internal.reflect.NativeMethodAccessorImpl.invoke(NativeMethodAccessorImpl.java:77)
	at java.base/jdk.internal.reflect.DelegatingMethodAccessorImpl.invoke(DelegatingMethodAccessorImpl.java:43)
	at java.base/java.lang.reflect.Method.invoke(Method.java:568)
	at java.rmi/sun.rmi.server.UnicastServerRef.dispatch(UnicastServerRef.java:360)
	at java.rmi/sun.rmi.transport.Transport$1.run(Transport.java:200)
	at java.rmi/sun.rmi.transport.Transport$1.run(Transport.java:197)
	at java.base/java.security.AccessController.doPrivileged(AccessController.java:712)
	at java.rmi/sun.rmi.transport.Transport.serviceCall(Transport.java:196)
	at java.rmi/sun.rmi.transport.tcp.TCPTransport.handleMessages(TCPTransport.java:587)
	at java.rmi/sun.rmi.transport.tcp.TCPTransport$ConnectionHandler.run0(TCPTransport.java:828)
	at java.rmi/sun.rmi.transport.tcp.TCPTransport$ConnectionHandler.lambda$run$0(TCPTransport.java:705)
	at java.base/java.security.AccessController.doPrivileged(AccessController.java:399)
	at java.rmi/sun.rmi.transport.tcp.TCPTransport$ConnectionHandler.run(TCPTransport.java:704)
	at java.base/java.util.concurrent.ThreadPoolExecutor.runWorker(ThreadPoolExecutor.java:1136)
	at java.base/java.util.concurrent.ThreadPoolExecutor$Worker.run(ThreadPoolExecutor.java:635)
	at java.base/java.lang.Thread.run(Thread.java:833)
2024-07-16 23:47:09,069 DEBUG org.springframework.core.env.PropertySourcesPropertyResolver [main] Found key 'spring.jmx.enabled' in PropertySource 'configurationProperties' with value of type String
2024-07-16 23:47:09,099 DEBUG org.springframework.core.env.PropertySourcesPropertyResolver [main] Found key 'spring.application.admin.enabled' in PropertySource 'configurationProperties' with value of type String
2024-07-16 23:47:09,133 DEBUG org.springframework.core.env.PropertySourcesPropertyResolver [main] Found key 'spring.jmx.enabled' in PropertySource 'configurationProperties' with value of type String
2024-07-16 23:47:09,281 INFO org.springframework.data.repository.config.RepositoryConfigurationDelegate [main] Bootstrapping Spring Data JPA repositories in DEFERRED mode.
2024-07-16 23:47:09,323 DEBUG org.springframework.beans.factory.support.DefaultSingletonBeanRegistry [main] Creating shared instance of singleton bean 'org.springframework.boot.autoconfigure.AutoConfigurationPackages'
2024-07-16 23:47:09,344 DEBUG org.springframework.boot.autoconfigure.AutoConfigurationPackages$BasePackages [main] @EnableAutoConfiguration was declared on a class in the package 'com.booking'. Automatic @Repository and @Entity scanning is enabled.
2024-07-16 23:47:09,349 DEBUG org.springframework.data.repository.config.RepositoryConfigurationDelegate [main] Scanning for JPA repositories in packages com.booking.
2024-07-16 23:47:09,411 DEBUG org.springframework.context.annotation.ClassPathScanningCandidateComponentProvider [main] Identified candidate component class: file [D:\Golf Bakend\Club-Backend\target\classes\com\booking\dao\ClubConfigDao.class]
2024-07-16 23:47:09,412 DEBUG org.springframework.context.annotation.ClassPathScanningCandidateComponentProvider [main] Identified candidate component class: file [D:\Golf Bakend\Club-Backend\target\classes\com\booking\dao\ClubSlotBookingDao.class]
2024-07-16 23:47:09,413 DEBUG org.springframework.context.annotation.ClassPathScanningCandidateComponentProvider [main] Identified candidate component class: file [D:\Golf Bakend\Club-Backend\target\classes\com\booking\dao\ClubSlotDao.class]
2024-07-16 23:47:09,413 DEBUG org.springframework.context.annotation.ClassPathScanningCandidateComponentProvider [main] Identified candidate component class: file [D:\Golf Bakend\Club-Backend\target\classes\com\booking\dao\RoleDao.class]
2024-07-16 23:47:09,415 DEBUG org.springframework.context.annotation.ClassPathScanningCandidateComponentProvider [main] Identified candidate component class: file [D:\Golf Bakend\Club-Backend\target\classes\com\booking\dao\UserBookingDao.class]
2024-07-16 23:47:09,416 DEBUG org.springframework.context.annotation.ClassPathScanningCandidateComponentProvider [main] Identified candidate component class: file [D:\Golf Bakend\Club-Backend\target\classes\com\booking\dao\UserDao.class]
2024-07-16 23:47:09,508 DEBUG sun.rmi.runtime.Log$LoggerLog [RMI TCP Connection(2)-127.0.0.1] RMI TCP Connection(2)-127.0.0.1: (port 53302) op = 82
2024-07-16 23:47:09,510 DEBUG sun.rmi.runtime.Log$LoggerLog [RMI TCP Connection(2)-127.0.0.1] RMI TCP Connection(2)-127.0.0.1: (port 53302) op = 80
2024-07-16 23:47:09,514 DEBUG sun.rmi.runtime.Log$LoggerLog [RMI TCP Connection(2)-127.0.0.1] RMI TCP Connection(2)-127.0.0.1: name = "javax.management.ObjectName", codebase = ""
2024-07-16 23:47:09,515 DEBUG sun.util.logging.internal.LoggingProviderImpl$JULWrapper [RMI TCP Connection(2)-127.0.0.1] connectionId=rmi://127.0.0.1  1, name=org.springframework.boot:type=Admin,name=SpringApplication, attribute=Ready
2024-07-16 23:47:09,519 DEBUG sun.rmi.runtime.Log$LoggerLog [RMI TCP Connection(2)-127.0.0.1] RMI TCP Connection(2)-127.0.0.1: [127.0.0.1] exception: 
javax.management.InstanceNotFoundException: org.springframework.boot:type=Admin,name=SpringApplication
	at java.management/com.sun.jmx.interceptor.DefaultMBeanServerInterceptor.getMBean(DefaultMBeanServerInterceptor.java:1088)
	at java.management/com.sun.jmx.interceptor.DefaultMBeanServerInterceptor.getAttribute(DefaultMBeanServerInterceptor.java:640)
	at java.management/com.sun.jmx.mbeanserver.JmxMBeanServer.getAttribute(JmxMBeanServer.java:679)
	at java.management.rmi/javax.management.remote.rmi.RMIConnectionImpl.doOperation(RMIConnectionImpl.java:1449)
	at java.management.rmi/javax.management.remote.rmi.RMIConnectionImpl$PrivilegedOperation.run(RMIConnectionImpl.java:1310)
	at java.management.rmi/javax.management.remote.rmi.RMIConnectionImpl.doPrivilegedOperation(RMIConnectionImpl.java:1405)
	at java.management.rmi/javax.management.remote.rmi.RMIConnectionImpl.getAttribute(RMIConnectionImpl.java:639)
	at java.base/jdk.internal.reflect.NativeMethodAccessorImpl.invoke0(Native Method)
	at java.base/jdk.internal.reflect.NativeMethodAccessorImpl.invoke(NativeMethodAccessorImpl.java:77)
	at java.base/jdk.internal.reflect.DelegatingMethodAccessorImpl.invoke(DelegatingMethodAccessorImpl.java:43)
	at java.base/java.lang.reflect.Method.invoke(Method.java:568)
	at java.rmi/sun.rmi.server.UnicastServerRef.dispatch(UnicastServerRef.java:360)
	at java.rmi/sun.rmi.transport.Transport$1.run(Transport.java:200)
	at java.rmi/sun.rmi.transport.Transport$1.run(Transport.java:197)
	at java.base/java.security.AccessController.doPrivileged(AccessController.java:712)
	at java.rmi/sun.rmi.transport.Transport.serviceCall(Transport.java:196)
	at java.rmi/sun.rmi.transport.tcp.TCPTransport.handleMessages(TCPTransport.java:587)
	at java.rmi/sun.rmi.transport.tcp.TCPTransport$ConnectionHandler.run0(TCPTransport.java:828)
	at java.rmi/sun.rmi.transport.tcp.TCPTransport$ConnectionHandler.lambda$run$0(TCPTransport.java:705)
	at java.base/java.security.AccessController.doPrivileged(AccessController.java:399)
	at java.rmi/sun.rmi.transport.tcp.TCPTransport$ConnectionHandler.run(TCPTransport.java:704)
	at java.base/java.util.concurrent.ThreadPoolExecutor.runWorker(ThreadPoolExecutor.java:1136)
	at java.base/java.util.concurrent.ThreadPoolExecutor$Worker.run(ThreadPoolExecutor.java:635)
	at java.base/java.lang.Thread.run(Thread.java:833)
2024-07-16 23:47:09,582 DEBUG org.springframework.context.annotation.ClassPathScanningCandidateComponentProvider [main] Identified candidate component class: file [D:\Golf Bakend\Club-Backend\target\classes\com\booking\service\impl\BookingServiceImpl.class]
2024-07-16 23:47:09,588 DEBUG org.springframework.context.annotation.ClassPathScanningCandidateComponentProvider [main] Identified candidate component class: file [D:\Golf Bakend\Club-Backend\target\classes\com\booking\service\impl\OtpServiceImpl.class]
2024-07-16 23:47:09,588 DEBUG org.springframework.context.annotation.ClassPathScanningCandidateComponentProvider [main] Identified candidate component class: file [D:\Golf Bakend\Club-Backend\target\classes\com\booking\service\impl\RoleServiceImpl.class]
2024-07-16 23:47:09,589 DEBUG org.springframework.context.annotation.ClassPathScanningCandidateComponentProvider [main] Identified candidate component class: file [D:\Golf Bakend\Club-Backend\target\classes\com\booking\service\impl\SlotServiceImpl.class]
2024-07-16 23:47:09,591 DEBUG org.springframework.context.annotation.ClassPathScanningCandidateComponentProvider [main] Identified candidate component class: file [D:\Golf Bakend\Club-Backend\target\classes\com\booking\service\impl\UserServiceImpl.class]
2024-07-16 23:47:09,654 DEBUG org.springframework.data.repository.config.RepositoryConfigurationDelegate [main] Registering deferred repository initialization listener.
2024-07-16 23:47:09,658 INFO org.springframework.data.repository.config.RepositoryConfigurationDelegate [main] Finished Spring Data repository scanning in 307ms. Found 6 JPA repository interfaces.
2024-07-16 23:47:09,802 DEBUG org.springframework.core.env.PropertySourcesPropertyResolver [main] Found key 'spring.mail.host' in PropertySource 'configurationProperties' with value of type String
2024-07-16 23:47:10,037 DEBUG sun.rmi.runtime.Log$LoggerLog [RMI TCP Connection(2)-127.0.0.1] RMI TCP Connection(2)-127.0.0.1: (port 53302) op = 82
2024-07-16 23:47:10,042 DEBUG sun.rmi.runtime.Log$LoggerLog [RMI TCP Connection(2)-127.0.0.1] RMI TCP Connection(2)-127.0.0.1: (port 53302) op = 80
2024-07-16 23:47:10,044 DEBUG sun.rmi.runtime.Log$LoggerLog [RMI TCP Connection(2)-127.0.0.1] RMI TCP Connection(2)-127.0.0.1: name = "javax.management.ObjectName", codebase = ""
2024-07-16 23:47:10,045 DEBUG sun.util.logging.internal.LoggingProviderImpl$JULWrapper [RMI TCP Connection(2)-127.0.0.1] connectionId=rmi://127.0.0.1  1, name=org.springframework.boot:type=Admin,name=SpringApplication, attribute=Ready
2024-07-16 23:47:10,049 DEBUG sun.rmi.runtime.Log$LoggerLog [RMI TCP Connection(2)-127.0.0.1] RMI TCP Connection(2)-127.0.0.1: [127.0.0.1] exception: 
javax.management.InstanceNotFoundException: org.springframework.boot:type=Admin,name=SpringApplication
	at java.management/com.sun.jmx.interceptor.DefaultMBeanServerInterceptor.getMBean(DefaultMBeanServerInterceptor.java:1088)
	at java.management/com.sun.jmx.interceptor.DefaultMBeanServerInterceptor.getAttribute(DefaultMBeanServerInterceptor.java:640)
	at java.management/com.sun.jmx.mbeanserver.JmxMBeanServer.getAttribute(JmxMBeanServer.java:679)
	at java.management.rmi/javax.management.remote.rmi.RMIConnectionImpl.doOperation(RMIConnectionImpl.java:1449)
	at java.management.rmi/javax.management.remote.rmi.RMIConnectionImpl$PrivilegedOperation.run(RMIConnectionImpl.java:1310)
	at java.management.rmi/javax.management.remote.rmi.RMIConnectionImpl.doPrivilegedOperation(RMIConnectionImpl.java:1405)
	at java.management.rmi/javax.management.remote.rmi.RMIConnectionImpl.getAttribute(RMIConnectionImpl.java:639)
	at java.base/jdk.internal.reflect.NativeMethodAccessorImpl.invoke0(Native Method)
	at java.base/jdk.internal.reflect.NativeMethodAccessorImpl.invoke(NativeMethodAccessorImpl.java:77)
	at java.base/jdk.internal.reflect.DelegatingMethodAccessorImpl.invoke(DelegatingMethodAccessorImpl.java:43)
	at java.base/java.lang.reflect.Method.invoke(Method.java:568)
	at java.rmi/sun.rmi.server.UnicastServerRef.dispatch(UnicastServerRef.java:360)
	at java.rmi/sun.rmi.transport.Transport$1.run(Transport.java:200)
	at java.rmi/sun.rmi.transport.Transport$1.run(Transport.java:197)
	at java.base/java.security.AccessController.doPrivileged(AccessController.java:712)
	at java.rmi/sun.rmi.transport.Transport.serviceCall(Transport.java:196)
	at java.rmi/sun.rmi.transport.tcp.TCPTransport.handleMessages(TCPTransport.java:587)
	at java.rmi/sun.rmi.transport.tcp.TCPTransport$ConnectionHandler.run0(TCPTransport.java:828)
	at java.rmi/sun.rmi.transport.tcp.TCPTransport$ConnectionHandler.lambda$run$0(TCPTransport.java:705)
	at java.base/java.security.AccessController.doPrivileged(AccessController.java:399)
	at java.rmi/sun.rmi.transport.tcp.TCPTransport$ConnectionHandler.run(TCPTransport.java:704)
	at java.base/java.util.concurrent.ThreadPoolExecutor.runWorker(ThreadPoolExecutor.java:1136)
	at java.base/java.util.concurrent.ThreadPoolExecutor$Worker.run(ThreadPoolExecutor.java:635)
	at java.base/java.lang.Thread.run(Thread.java:833)
2024-07-16 23:47:10,406 DEBUG org.springframework.beans.factory.support.DefaultSingletonBeanRegistry [main] Creating shared instance of singleton bean 'propertySourcesPlaceholderConfigurer'
2024-07-16 23:47:10,431 DEBUG org.springframework.beans.factory.support.DefaultSingletonBeanRegistry [main] Creating shared instance of singleton bean 'org.springframework.boot.context.properties.ConfigurationPropertiesBeanDefinitionValidator'
2024-07-16 23:47:10,432 DEBUG org.springframework.beans.factory.support.DefaultSingletonBeanRegistry [main] Creating shared instance of singleton bean 'emBeanDefinitionRegistrarPostProcessor'
2024-07-16 23:47:10,559 DEBUG sun.rmi.runtime.Log$LoggerLog [RMI TCP Connection(2)-127.0.0.1] RMI TCP Connection(2)-127.0.0.1: (port 53302) op = 82
2024-07-16 23:47:10,561 DEBUG sun.rmi.runtime.Log$LoggerLog [RMI TCP Connection(2)-127.0.0.1] RMI TCP Connection(2)-127.0.0.1: (port 53302) op = 80
2024-07-16 23:47:10,562 DEBUG sun.rmi.runtime.Log$LoggerLog [RMI TCP Connection(2)-127.0.0.1] RMI TCP Connection(2)-127.0.0.1: name = "javax.management.ObjectName", codebase = ""
2024-07-16 23:47:10,563 DEBUG sun.util.logging.internal.LoggingProviderImpl$JULWrapper [RMI TCP Connection(2)-127.0.0.1] connectionId=rmi://127.0.0.1  1, name=org.springframework.boot:type=Admin,name=SpringApplication, attribute=Ready
2024-07-16 23:47:10,563 DEBUG sun.rmi.runtime.Log$LoggerLog [RMI TCP Connection(2)-127.0.0.1] RMI TCP Connection(2)-127.0.0.1: [127.0.0.1] exception: 
javax.management.InstanceNotFoundException: org.springframework.boot:type=Admin,name=SpringApplication
	at java.management/com.sun.jmx.interceptor.DefaultMBeanServerInterceptor.getMBean(DefaultMBeanServerInterceptor.java:1088)
	at java.management/com.sun.jmx.interceptor.DefaultMBeanServerInterceptor.getAttribute(DefaultMBeanServerInterceptor.java:640)
	at java.management/com.sun.jmx.mbeanserver.JmxMBeanServer.getAttribute(JmxMBeanServer.java:679)
	at java.management.rmi/javax.management.remote.rmi.RMIConnectionImpl.doOperation(RMIConnectionImpl.java:1449)
	at java.management.rmi/javax.management.remote.rmi.RMIConnectionImpl$PrivilegedOperation.run(RMIConnectionImpl.java:1310)
	at java.management.rmi/javax.management.remote.rmi.RMIConnectionImpl.doPrivilegedOperation(RMIConnectionImpl.java:1405)
	at java.management.rmi/javax.management.remote.rmi.RMIConnectionImpl.getAttribute(RMIConnectionImpl.java:639)
	at java.base/jdk.internal.reflect.NativeMethodAccessorImpl.invoke0(Native Method)
	at java.base/jdk.internal.reflect.NativeMethodAccessorImpl.invoke(NativeMethodAccessorImpl.java:77)
	at java.base/jdk.internal.reflect.DelegatingMethodAccessorImpl.invoke(DelegatingMethodAccessorImpl.java:43)
	at java.base/java.lang.reflect.Method.invoke(Method.java:568)
	at java.rmi/sun.rmi.server.UnicastServerRef.dispatch(UnicastServerRef.java:360)
	at java.rmi/sun.rmi.transport.Transport$1.run(Transport.java:200)
	at java.rmi/sun.rmi.transport.Transport$1.run(Transport.java:197)
	at java.base/java.security.AccessController.doPrivileged(AccessController.java:712)
	at java.rmi/sun.rmi.transport.Transport.serviceCall(Transport.java:196)
	at java.rmi/sun.rmi.transport.tcp.TCPTransport.handleMessages(TCPTransport.java:587)
	at java.rmi/sun.rmi.transport.tcp.TCPTransport$ConnectionHandler.run0(TCPTransport.java:828)
	at java.rmi/sun.rmi.transport.tcp.TCPTransport$ConnectionHandler.lambda$run$0(TCPTransport.java:705)
	at java.base/java.security.AccessController.doPrivileged(AccessController.java:399)
	at java.rmi/sun.rmi.transport.tcp.TCPTransport$ConnectionHandler.run(TCPTransport.java:704)
	at java.base/java.util.concurrent.ThreadPoolExecutor.runWorker(ThreadPoolExecutor.java:1136)
	at java.base/java.util.concurrent.ThreadPoolExecutor$Worker.run(ThreadPoolExecutor.java:635)
	at java.base/java.lang.Thread.run(Thread.java:833)
2024-07-16 23:47:10,757 DEBUG org.springframework.beans.factory.support.DefaultSingletonBeanRegistry [main] Creating shared instance of singleton bean 'org.springframework.context.event.internalEventListenerProcessor'
2024-07-16 23:47:10,759 DEBUG org.springframework.beans.factory.support.DefaultSingletonBeanRegistry [main] Creating shared instance of singleton bean 'conversionServicePostProcessor'
2024-07-16 23:47:10,762 DEBUG org.springframework.beans.factory.support.DefaultSingletonBeanRegistry [main] Creating shared instance of singleton bean 'preserveErrorControllerTargetClassPostProcessor'
2024-07-16 23:47:10,764 DEBUG org.springframework.beans.factory.support.DefaultSingletonBeanRegistry [main] Creating shared instance of singleton bean 'org.springframework.context.event.internalEventListenerFactory'
2024-07-16 23:47:10,765 DEBUG org.springframework.beans.factory.support.DefaultSingletonBeanRegistry [main] Creating shared instance of singleton bean 'org.springframework.transaction.config.internalTransactionalEventListenerFactory'
2024-07-16 23:47:10,792 DEBUG org.springframework.beans.factory.support.DefaultSingletonBeanRegistry [main] Creating shared instance of singleton bean 'org.springframework.context.annotation.internalAutowiredAnnotationProcessor'
2024-07-16 23:47:10,795 DEBUG org.springframework.beans.factory.support.DefaultSingletonBeanRegistry [main] Creating shared instance of singleton bean 'org.springframework.context.annotation.internalCommonAnnotationProcessor'
2024-07-16 23:47:10,801 DEBUG org.springframework.beans.factory.support.DefaultSingletonBeanRegistry [main] Creating shared instance of singleton bean 'org.springframework.context.annotation.internalPersistenceAnnotationProcessor'
2024-07-16 23:47:10,802 DEBUG org.springframework.beans.factory.support.DefaultSingletonBeanRegistry [main] Creating shared instance of singleton bean 'org.springframework.boot.context.properties.ConfigurationPropertiesBindingPostProcessor'
2024-07-16 23:47:10,802 DEBUG org.springframework.beans.factory.support.DefaultSingletonBeanRegistry [main] Creating shared instance of singleton bean 'org.springframework.boot.context.internalConfigurationPropertiesBinder'
2024-07-16 23:47:10,802 DEBUG org.springframework.beans.factory.support.DefaultSingletonBeanRegistry [main] Creating shared instance of singleton bean 'org.springframework.boot.context.internalConfigurationPropertiesBinderFactory'
2024-07-16 23:47:10,809 DEBUG org.springframework.beans.factory.support.DefaultSingletonBeanRegistry [main] Creating shared instance of singleton bean 'org.springframework.aop.config.internalAutoProxyCreator'
2024-07-16 23:47:10,894 DEBUG org.springframework.beans.factory.support.DefaultSingletonBeanRegistry [main] Creating shared instance of singleton bean 'dataSourceInitializerPostProcessor'
2024-07-16 23:47:10,929 DEBUG org.springframework.beans.factory.support.DefaultSingletonBeanRegistry [main] Creating shared instance of singleton bean 'persistenceExceptionTranslationPostProcessor'
2024-07-16 23:47:10,933 DEBUG org.springframework.beans.factory.support.ConstructorResolver [main] Autowiring by type from bean name 'persistenceExceptionTranslationPostProcessor' via factory method to bean named 'environment'
2024-07-16 23:47:10,945 DEBUG org.springframework.beans.factory.support.DefaultSingletonBeanRegistry [main] Creating shared instance of singleton bean 'webServerFactoryCustomizerBeanPostProcessor'
2024-07-16 23:47:10,947 DEBUG org.springframework.beans.factory.support.DefaultSingletonBeanRegistry [main] Creating shared instance of singleton bean 'errorPageRegistrarBeanPostProcessor'
2024-07-16 23:47:10,948 DEBUG org.springframework.beans.factory.support.DefaultSingletonBeanRegistry [main] Creating shared instance of singleton bean 'dataSourceInitializedPublisher'
2024-07-16 23:47:10,953 DEBUG org.springframework.beans.factory.support.DefaultSingletonBeanRegistry [main] Creating shared instance of singleton bean 'projectingArgumentResolverBeanPostProcessor'
2024-07-16 23:47:10,957 DEBUG org.springframework.beans.factory.support.DefaultSingletonBeanRegistry [main] Creating shared instance of singleton bean 'metaDataSourceAdvisor'
2024-07-16 23:47:10,962 DEBUG org.springframework.beans.factory.support.DefaultSingletonBeanRegistry [main] Creating shared instance of singleton bean 'methodSecurityMetadataSource'
2024-07-16 23:47:10,965 DEBUG org.springframework.beans.factory.support.DefaultSingletonBeanRegistry [main] Creating shared instance of singleton bean 'org.springframework.security.config.annotation.method.configuration.GlobalMethodSecurityConfiguration'
2024-07-16 23:47:10,966 DEBUG org.springframework.beans.factory.support.DefaultSingletonBeanRegistry [main] Creating shared instance of singleton bean 'org.springframework.transaction.config.internalTransactionAdvisor'
2024-07-16 23:47:10,967 DEBUG org.springframework.beans.factory.support.DefaultSingletonBeanRegistry [main] Creating shared instance of singleton bean 'org.springframework.transaction.annotation.ProxyTransactionManagementConfiguration'
2024-07-16 23:47:11,012 DEBUG org.springframework.beans.factory.support.DefaultSingletonBeanRegistry [main] Creating shared instance of singleton bean 'transactionAttributeSource'
2024-07-16 23:47:11,025 DEBUG org.springframework.beans.factory.support.DefaultSingletonBeanRegistry [main] Creating shared instance of singleton bean 'transactionInterceptor'
2024-07-16 23:47:11,027 DEBUG org.springframework.beans.factory.support.ConstructorResolver [main] Autowiring by type from bean name 'transactionInterceptor' via factory method to bean named 'transactionAttributeSource'
2024-07-16 23:47:11,037 DEBUG org.springframework.beans.factory.support.ConstructorResolver [main] Autowiring by type from bean name 'org.springframework.transaction.config.internalTransactionAdvisor' via factory method to bean named 'transactionAttributeSource'
2024-07-16 23:47:11,038 DEBUG org.springframework.beans.factory.support.ConstructorResolver [main] Autowiring by type from bean name 'org.springframework.transaction.config.internalTransactionAdvisor' via factory method to bean named 'transactionInterceptor'
2024-07-16 23:47:11,069 DEBUG sun.rmi.runtime.Log$LoggerLog [RMI TCP Connection(2)-127.0.0.1] RMI TCP Connection(2)-127.0.0.1: (port 53302) op = 82
2024-07-16 23:47:11,072 DEBUG sun.rmi.runtime.Log$LoggerLog [RMI TCP Connection(2)-127.0.0.1] RMI TCP Connection(2)-127.0.0.1: (port 53302) op = 80
2024-07-16 23:47:11,072 DEBUG org.springframework.beans.factory.support.DefaultSingletonBeanRegistry [main] Creating shared instance of singleton bean 'objectPostProcessor'
2024-07-16 23:47:11,073 DEBUG sun.rmi.runtime.Log$LoggerLog [RMI TCP Connection(2)-127.0.0.1] RMI TCP Connection(2)-127.0.0.1: name = "javax.management.ObjectName", codebase = ""
2024-07-16 23:47:11,073 DEBUG org.springframework.beans.factory.support.DefaultSingletonBeanRegistry [main] Creating shared instance of singleton bean 'org.springframework.security.config.annotation.configuration.ObjectPostProcessorConfiguration'
2024-07-16 23:47:11,073 DEBUG sun.util.logging.internal.LoggingProviderImpl$JULWrapper [RMI TCP Connection(2)-127.0.0.1] connectionId=rmi://127.0.0.1  1, name=org.springframework.boot:type=Admin,name=SpringApplication, attribute=Ready
2024-07-16 23:47:11,075 DEBUG sun.rmi.runtime.Log$LoggerLog [RMI TCP Connection(2)-127.0.0.1] RMI TCP Connection(2)-127.0.0.1: [127.0.0.1] exception: 
javax.management.InstanceNotFoundException: org.springframework.boot:type=Admin,name=SpringApplication
	at java.management/com.sun.jmx.interceptor.DefaultMBeanServerInterceptor.getMBean(DefaultMBeanServerInterceptor.java:1088)
	at java.management/com.sun.jmx.interceptor.DefaultMBeanServerInterceptor.getAttribute(DefaultMBeanServerInterceptor.java:640)
	at java.management/com.sun.jmx.mbeanserver.JmxMBeanServer.getAttribute(JmxMBeanServer.java:679)
	at java.management.rmi/javax.management.remote.rmi.RMIConnectionImpl.doOperation(RMIConnectionImpl.java:1449)
	at java.management.rmi/javax.management.remote.rmi.RMIConnectionImpl$PrivilegedOperation.run(RMIConnectionImpl.java:1310)
	at java.management.rmi/javax.management.remote.rmi.RMIConnectionImpl.doPrivilegedOperation(RMIConnectionImpl.java:1405)
	at java.management.rmi/javax.management.remote.rmi.RMIConnectionImpl.getAttribute(RMIConnectionImpl.java:639)
	at java.base/jdk.internal.reflect.NativeMethodAccessorImpl.invoke0(Native Method)
	at java.base/jdk.internal.reflect.NativeMethodAccessorImpl.invoke(NativeMethodAccessorImpl.java:77)
	at java.base/jdk.internal.reflect.DelegatingMethodAccessorImpl.invoke(DelegatingMethodAccessorImpl.java:43)
	at java.base/java.lang.reflect.Method.invoke(Method.java:568)
	at java.rmi/sun.rmi.server.UnicastServerRef.dispatch(UnicastServerRef.java:360)
	at java.rmi/sun.rmi.transport.Transport$1.run(Transport.java:200)
	at java.rmi/sun.rmi.transport.Transport$1.run(Transport.java:197)
	at java.base/java.security.AccessController.doPrivileged(AccessController.java:712)
	at java.rmi/sun.rmi.transport.Transport.serviceCall(Transport.java:196)
	at java.rmi/sun.rmi.transport.tcp.TCPTransport.handleMessages(TCPTransport.java:587)
	at java.rmi/sun.rmi.transport.tcp.TCPTransport$ConnectionHandler.run0(TCPTransport.java:828)
	at java.rmi/sun.rmi.transport.tcp.TCPTransport$ConnectionHandler.lambda$run$0(TCPTransport.java:705)
	at java.base/java.security.AccessController.doPrivileged(AccessController.java:399)
	at java.rmi/sun.rmi.transport.tcp.TCPTransport$ConnectionHandler.run(TCPTransport.java:704)
	at java.base/java.util.concurrent.ThreadPoolExecutor.runWorker(ThreadPoolExecutor.java:1136)
	at java.base/java.util.concurrent.ThreadPoolExecutor$Worker.run(ThreadPoolExecutor.java:635)
	at java.base/java.lang.Thread.run(Thread.java:833)
2024-07-16 23:47:11,080 DEBUG org.springframework.beans.factory.support.ConstructorResolver [main] Autowiring by type from bean name 'objectPostProcessor' via factory method to bean named 'org.springframework.beans.factory.support.DefaultListableBeanFactory@6de54b40'
2024-07-16 23:47:11,086 INFO org.springframework.context.support.PostProcessorRegistrationDelegate$BeanPostProcessorChecker [main] Bean 'org.springframework.security.access.expression.method.DefaultMethodSecurityExpressionHandler@fb2e3fd' of type [org.springframework.security.access.expression.method.DefaultMethodSecurityExpressionHandler] is not eligible for getting processed by all BeanPostProcessors (for example: not eligible for auto-proxying)
2024-07-16 23:47:11,112 INFO org.springframework.context.support.PostProcessorRegistrationDelegate$BeanPostProcessorChecker [main] Bean 'methodSecurityMetadataSource' of type [org.springframework.security.access.method.DelegatingMethodSecurityMetadataSource] is not eligible for getting processed by all BeanPostProcessors (for example: not eligible for auto-proxying)
2024-07-16 23:47:11,166 DEBUG org.springframework.ui.context.support.UiApplicationContextUtils [main] Unable to locate ThemeSource with name 'themeSource': using default [org.springframework.ui.context.support.ResourceBundleThemeSource@120d3fd]
2024-07-16 23:47:11,168 DEBUG org.springframework.beans.factory.support.DefaultSingletonBeanRegistry [main] Creating shared instance of singleton bean 'tomcatServletWebServerFactory'
2024-07-16 23:47:11,168 DEBUG org.springframework.beans.factory.support.DefaultSingletonBeanRegistry [main] Creating shared instance of singleton bean 'org.springframework.boot.autoconfigure.web.servlet.ServletWebServerFactoryConfiguration$EmbeddedTomcat'
2024-07-16 23:47:11,222 DEBUG org.apache.juli.logging.DirectJDKLog [main] The Apache Tomcat Native library could not be found using names [tcnative-1, libtcnative-1] on the java.library.path [C:\STS\sts-4.17.2.RELEASE\plugins\org.eclipse.justj.openjdk.hotspot.jre.full.win32.x86_64_17.0.6.v20230125-1136\jre\bin;C:\Windows\Sun\Java\bin;C:\Windows\system32;C:\Windows;C:/STS/sts-4.17.2.RELEASE//plugins/org.eclipse.justj.openjdk.hotspot.jre.full.win32.x86_64_17.0.6.v20230125-1136/jre/bin/server;C:/STS/sts-4.17.2.RELEASE//plugins/org.eclipse.justj.openjdk.hotspot.jre.full.win32.x86_64_17.0.6.v20230125-1136/jre/bin;C:\Program Files\Common Files\Oracle\Java\javapath;C:\Windows\system32;C:\Windows;C:\Windows\System32\Wbem;C:\Windows\System32\WindowsPowerShell\v1.0\;C:\Windows\System32\OpenSSH\;C:\Program Files\Git\cmd;C:\Program Files\MySQL\MySQL Server 8.0\bin;C:\Program Files\nodejs\;C:\Program Files\MongoDB\Server\6.0\bin;D:\mongodb shell\mongosh-1.8.2-win32-x64\bin;D:\STS\EcommerceProduct\src\test\java\com\TESTCONTAINERS_;C:\STS\sts-4.17.2.RELEASE\Docker_host;C:\Program Files\Docker\Docker;C:\Program Files\Docker\Docker\resources\bin;D:\SQlite3\sqlite-tools-win-x64-3450200;C:\Program Files\PowerShell\7\;C:\Program Files\MySQL\MySQL Shell 8.0\bin\;C:\Users\Admin\AppData\Local\Microsoft\WindowsApps;C:\Users\Admin\AppData\Local\Programs\Microsoft VS Code\bin;C:\Users\Admin\AppData\Roaming\npm;C:\Users\Admin\AppData\Local\GitHubDesktop\bin;C:\Program Files\PostgreSQL\15\bin;;C:\STS\sts-4.17.2.RELEASE;;.]. The errors reported were [Can't load library: D:\Golf Bakend\Club-Backend\bin\tcnative-1.dll, Can't load library: D:\Golf Bakend\Club-Backend\bin\libtcnative-1.dll, no tcnative-1 in java.library.path: C:\STS\sts-4.17.2.RELEASE\plugins\org.eclipse.justj.openjdk.hotspot.jre.full.win32.x86_64_17.0.6.v20230125-1136\jre\bin;C:\Windows\Sun\Java\bin;C:\Windows\system32;C:\Windows;C:/STS/sts-4.17.2.RELEASE//plugins/org.eclipse.justj.openjdk.hotspot.jre.full.win32.x86_64_17.0.6.v20230125-1136/jre/bin/server;C:/STS/sts-4.17.2.RELEASE//plugins/org.eclipse.justj.openjdk.hotspot.jre.full.win32.x86_64_17.0.6.v20230125-1136/jre/bin;C:\Program Files\Common Files\Oracle\Java\javapath;C:\Windows\system32;C:\Windows;C:\Windows\System32\Wbem;C:\Windows\System32\WindowsPowerShell\v1.0\;C:\Windows\System32\OpenSSH\;C:\Program Files\Git\cmd;C:\Program Files\MySQL\MySQL Server 8.0\bin;C:\Program Files\nodejs\;C:\Program Files\MongoDB\Server\6.0\bin;D:\mongodb shell\mongosh-1.8.2-win32-x64\bin;D:\STS\EcommerceProduct\src\test\java\com\TESTCONTAINERS_;C:\STS\sts-4.17.2.RELEASE\Docker_host;C:\Program Files\Docker\Docker;C:\Program Files\Docker\Docker\resources\bin;D:\SQlite3\sqlite-tools-win-x64-3450200;C:\Program Files\PowerShell\7\;C:\Program Files\MySQL\MySQL Shell 8.0\bin\;C:\Users\Admin\AppData\Local\Microsoft\WindowsApps;C:\Users\Admin\AppData\Local\Programs\Microsoft VS Code\bin;C:\Users\Admin\AppData\Roaming\npm;C:\Users\Admin\AppData\Local\GitHubDesktop\bin;C:\Program Files\PostgreSQL\15\bin;;C:\STS\sts-4.17.2.RELEASE;;., no libtcnative-1 in java.library.path: C:\STS\sts-4.17.2.RELEASE\plugins\org.eclipse.justj.openjdk.hotspot.jre.full.win32.x86_64_17.0.6.v20230125-1136\jre\bin;C:\Windows\Sun\Java\bin;C:\Windows\system32;C:\Windows;C:/STS/sts-4.17.2.RELEASE//plugins/org.eclipse.justj.openjdk.hotspot.jre.full.win32.x86_64_17.0.6.v20230125-1136/jre/bin/server;C:/STS/sts-4.17.2.RELEASE//plugins/org.eclipse.justj.openjdk.hotspot.jre.full.win32.x86_64_17.0.6.v20230125-1136/jre/bin;C:\Program Files\Common Files\Oracle\Java\javapath;C:\Windows\system32;C:\Windows;C:\Windows\System32\Wbem;C:\Windows\System32\WindowsPowerShell\v1.0\;C:\Windows\System32\OpenSSH\;C:\Program Files\Git\cmd;C:\Program Files\MySQL\MySQL Server 8.0\bin;C:\Program Files\nodejs\;C:\Program Files\MongoDB\Server\6.0\bin;D:\mongodb shell\mongosh-1.8.2-win32-x64\bin;D:\STS\EcommerceProduct\src\test\java\com\TESTCONTAINERS_;C:\STS\sts-4.17.2.RELEASE\Docker_host;C:\Program Files\Docker\Docker;C:\Program Files\Docker\Docker\resources\bin;D:\SQlite3\sqlite-tools-win-x64-3450200;C:\Program Files\PowerShell\7\;C:\Program Files\MySQL\MySQL Shell 8.0\bin\;C:\Users\Admin\AppData\Local\Microsoft\WindowsApps;C:\Users\Admin\AppData\Local\Programs\Microsoft VS Code\bin;C:\Users\Admin\AppData\Roaming\npm;C:\Users\Admin\AppData\Local\GitHubDesktop\bin;C:\Program Files\PostgreSQL\15\bin;;C:\STS\sts-4.17.2.RELEASE;;.]
org.apache.tomcat.jni.LibraryNotFoundError: Can't load library: D:\Golf Bakend\Club-Backend\bin\tcnative-1.dll, Can't load library: D:\Golf Bakend\Club-Backend\bin\libtcnative-1.dll, no tcnative-1 in java.library.path: C:\STS\sts-4.17.2.RELEASE\plugins\org.eclipse.justj.openjdk.hotspot.jre.full.win32.x86_64_17.0.6.v20230125-1136\jre\bin;C:\Windows\Sun\Java\bin;C:\Windows\system32;C:\Windows;C:/STS/sts-4.17.2.RELEASE//plugins/org.eclipse.justj.openjdk.hotspot.jre.full.win32.x86_64_17.0.6.v20230125-1136/jre/bin/server;C:/STS/sts-4.17.2.RELEASE//plugins/org.eclipse.justj.openjdk.hotspot.jre.full.win32.x86_64_17.0.6.v20230125-1136/jre/bin;C:\Program Files\Common Files\Oracle\Java\javapath;C:\Windows\system32;C:\Windows;C:\Windows\System32\Wbem;C:\Windows\System32\WindowsPowerShell\v1.0\;C:\Windows\System32\OpenSSH\;C:\Program Files\Git\cmd;C:\Program Files\MySQL\MySQL Server 8.0\bin;C:\Program Files\nodejs\;C:\Program Files\MongoDB\Server\6.0\bin;D:\mongodb shell\mongosh-1.8.2-win32-x64\bin;D:\STS\EcommerceProduct\src\test\java\com\TESTCONTAINERS_;C:\STS\sts-4.17.2.RELEASE\Docker_host;C:\Program Files\Docker\Docker;C:\Program Files\Docker\Docker\resources\bin;D:\SQlite3\sqlite-tools-win-x64-3450200;C:\Program Files\PowerShell\7\;C:\Program Files\MySQL\MySQL Shell 8.0\bin\;C:\Users\Admin\AppData\Local\Microsoft\WindowsApps;C:\Users\Admin\AppData\Local\Programs\Microsoft VS Code\bin;C:\Users\Admin\AppData\Roaming\npm;C:\Users\Admin\AppData\Local\GitHubDesktop\bin;C:\Program Files\PostgreSQL\15\bin;;C:\STS\sts-4.17.2.RELEASE;;., no libtcnative-1 in java.library.path: C:\STS\sts-4.17.2.RELEASE\plugins\org.eclipse.justj.openjdk.hotspot.jre.full.win32.x86_64_17.0.6.v20230125-1136\jre\bin;C:\Windows\Sun\Java\bin;C:\Windows\system32;C:\Windows;C:/STS/sts-4.17.2.RELEASE//plugins/org.eclipse.justj.openjdk.hotspot.jre.full.win32.x86_64_17.0.6.v20230125-1136/jre/bin/server;C:/STS/sts-4.17.2.RELEASE//plugins/org.eclipse.justj.openjdk.hotspot.jre.full.win32.x86_64_17.0.6.v20230125-1136/jre/bin;C:\Program Files\Common Files\Oracle\Java\javapath;C:\Windows\system32;C:\Windows;C:\Windows\System32\Wbem;C:\Windows\System32\WindowsPowerShell\v1.0\;C:\Windows\System32\OpenSSH\;C:\Program Files\Git\cmd;C:\Program Files\MySQL\MySQL Server 8.0\bin;C:\Program Files\nodejs\;C:\Program Files\MongoDB\Server\6.0\bin;D:\mongodb shell\mongosh-1.8.2-win32-x64\bin;D:\STS\EcommerceProduct\src\test\java\com\TESTCONTAINERS_;C:\STS\sts-4.17.2.RELEASE\Docker_host;C:\Program Files\Docker\Docker;C:\Program Files\Docker\Docker\resources\bin;D:\SQlite3\sqlite-tools-win-x64-3450200;C:\Program Files\PowerShell\7\;C:\Program Files\MySQL\MySQL Shell 8.0\bin\;C:\Users\Admin\AppData\Local\Microsoft\WindowsApps;C:\Users\Admin\AppData\Local\Programs\Microsoft VS Code\bin;C:\Users\Admin\AppData\Roaming\npm;C:\Users\Admin\AppData\Local\GitHubDesktop\bin;C:\Program Files\PostgreSQL\15\bin;;C:\STS\sts-4.17.2.RELEASE;;.
	at org.apache.tomcat.jni.Library.<init>(Library.java:102)
	at org.apache.tomcat.jni.Library.initialize(Library.java:206)
	at org.apache.catalina.core.AprLifecycleListener.init(AprLifecycleListener.java:198)
	at org.apache.catalina.core.AprLifecycleListener.isAprAvailable(AprLifecycleListener.java:107)
	at org.springframework.boot.web.embedded.tomcat.TomcatServletWebServerFactory.getDefaultLifecycleListeners(TomcatServletWebServerFactory.java:168)
	at org.springframework.boot.web.embedded.tomcat.TomcatServletWebServerFactory.<init>(TomcatServletWebServerFactory.java:119)
	at org.springframework.boot.autoconfigure.web.servlet.ServletWebServerFactoryConfiguration$EmbeddedTomcat.tomcatServletWebServerFactory(ServletWebServerFactoryConfiguration.java:75)
	at java.base/jdk.internal.reflect.NativeMethodAccessorImpl.invoke0(Native Method)
	at java.base/jdk.internal.reflect.NativeMethodAccessorImpl.invoke(NativeMethodAccessorImpl.java:77)
	at java.base/jdk.internal.reflect.DelegatingMethodAccessorImpl.invoke(DelegatingMethodAccessorImpl.java:43)
	at java.base/java.lang.reflect.Method.invoke(Method.java:568)
	at org.springframework.beans.factory.support.SimpleInstantiationStrategy.instantiate(SimpleInstantiationStrategy.java:154)
	at org.springframework.beans.factory.support.ConstructorResolver.instantiate(ConstructorResolver.java:650)
	at org.springframework.beans.factory.support.ConstructorResolver.instantiateUsingFactoryMethod(ConstructorResolver.java:635)
	at org.springframework.beans.factory.support.AbstractAutowireCapableBeanFactory.instantiateUsingFactoryMethod(AbstractAutowireCapableBeanFactory.java:1338)
	at org.springframework.beans.factory.support.AbstractAutowireCapableBeanFactory.createBeanInstance(AbstractAutowireCapableBeanFactory.java:1177)
	at org.springframework.beans.factory.support.AbstractAutowireCapableBeanFactory.doCreateBean(AbstractAutowireCapableBeanFactory.java:557)
	at org.springframework.beans.factory.support.AbstractAutowireCapableBeanFactory.createBean(AbstractAutowireCapableBeanFactory.java:517)
	at org.springframework.beans.factory.support.AbstractBeanFactory.lambda$doGetBean$0(AbstractBeanFactory.java:323)
	at org.springframework.beans.factory.support.DefaultSingletonBeanRegistry.getSingleton(DefaultSingletonBeanRegistry.java:226)
	at org.springframework.beans.factory.support.AbstractBeanFactory.doGetBean(AbstractBeanFactory.java:321)
	at org.springframework.beans.factory.support.AbstractBeanFactory.getBean(AbstractBeanFactory.java:207)
	at org.springframework.boot.web.servlet.context.ServletWebServerApplicationContext.getWebServerFactory(ServletWebServerApplicationContext.java:212)
	at org.springframework.boot.web.servlet.context.ServletWebServerApplicationContext.createWebServer(ServletWebServerApplicationContext.java:177)
	at org.springframework.boot.web.servlet.context.ServletWebServerApplicationContext.onRefresh(ServletWebServerApplicationContext.java:158)
	at org.springframework.context.support.AbstractApplicationContext.refresh(AbstractApplicationContext.java:545)
	at org.springframework.boot.web.servlet.context.ServletWebServerApplicationContext.refresh(ServletWebServerApplicationContext.java:143)
	at org.springframework.boot.SpringApplication.refresh(SpringApplication.java:758)
	at org.springframework.boot.SpringApplication.refresh(SpringApplication.java:750)
	at org.springframework.boot.SpringApplication.refreshContext(SpringApplication.java:397)
	at org.springframework.boot.SpringApplication.run(SpringApplication.java:315)
	at org.springframework.boot.SpringApplication.run(SpringApplication.java:1237)
	at org.springframework.boot.SpringApplication.run(SpringApplication.java:1226)
	at com.booking.BookingApplication.main(BookingApplication.java:12)
2024-07-16 23:47:11,268 DEBUG org.springframework.beans.factory.support.DefaultSingletonBeanRegistry [main] Creating shared instance of singleton bean 'websocketServletWebServerCustomizer'
2024-07-16 23:47:11,268 DEBUG org.springframework.beans.factory.support.DefaultSingletonBeanRegistry [main] Creating shared instance of singleton bean 'org.springframework.boot.autoconfigure.websocket.servlet.WebSocketServletAutoConfiguration$TomcatWebSocketConfiguration'
2024-07-16 23:47:11,274 DEBUG org.springframework.beans.factory.support.DefaultSingletonBeanRegistry [main] Creating shared instance of singleton bean 'servletWebServerFactoryCustomizer'
2024-07-16 23:47:11,274 DEBUG org.springframework.beans.factory.support.DefaultSingletonBeanRegistry [main] Creating shared instance of singleton bean 'org.springframework.boot.autoconfigure.web.servlet.ServletWebServerFactoryAutoConfiguration'
2024-07-16 23:47:11,279 DEBUG org.springframework.beans.factory.support.DefaultSingletonBeanRegistry [main] Creating shared instance of singleton bean 'server-org.springframework.boot.autoconfigure.web.ServerProperties'
2024-07-16 23:47:11,326 DEBUG org.springframework.beans.factory.support.DefaultSingletonBeanRegistry [main] Creating shared instance of singleton bean 'org.springframework.boot.context.properties.BoundConfigurationProperties'
2024-07-16 23:47:11,368 DEBUG org.springframework.beans.factory.support.ConstructorResolver [main] Autowiring by type from bean name 'servletWebServerFactoryCustomizer' via factory method to bean named 'server-org.springframework.boot.autoconfigure.web.ServerProperties'
2024-07-16 23:47:11,373 DEBUG org.springframework.beans.factory.support.DefaultSingletonBeanRegistry [main] Creating shared instance of singleton bean 'tomcatServletWebServerFactoryCustomizer'
2024-07-16 23:47:11,375 DEBUG org.springframework.beans.factory.support.ConstructorResolver [main] Autowiring by type from bean name 'tomcatServletWebServerFactoryCustomizer' via factory method to bean named 'server-org.springframework.boot.autoconfigure.web.ServerProperties'
2024-07-16 23:47:11,380 DEBUG org.springframework.beans.factory.support.DefaultSingletonBeanRegistry [main] Creating shared instance of singleton bean 'tomcatWebServerFactoryCustomizer'
2024-07-16 23:47:11,381 DEBUG org.springframework.beans.factory.support.DefaultSingletonBeanRegistry [main] Creating shared instance of singleton bean 'org.springframework.boot.autoconfigure.web.embedded.EmbeddedWebServerFactoryCustomizerAutoConfiguration$TomcatWebServerFactoryCustomizerConfiguration'
2024-07-16 23:47:11,385 DEBUG org.springframework.beans.factory.support.ConstructorResolver [main] Autowiring by type from bean name 'tomcatWebServerFactoryCustomizer' via factory method to bean named 'environment'
2024-07-16 23:47:11,385 DEBUG org.springframework.beans.factory.support.ConstructorResolver [main] Autowiring by type from bean name 'tomcatWebServerFactoryCustomizer' via factory method to bean named 'server-org.springframework.boot.autoconfigure.web.ServerProperties'
2024-07-16 23:47:11,393 DEBUG org.springframework.beans.factory.support.DefaultSingletonBeanRegistry [main] Creating shared instance of singleton bean 'localeCharsetMappingsCustomizer'
2024-07-16 23:47:11,394 DEBUG org.springframework.beans.factory.support.DefaultSingletonBeanRegistry [main] Creating shared instance of singleton bean 'org.springframework.boot.autoconfigure.web.servlet.HttpEncodingAutoConfiguration'
2024-07-16 23:47:11,396 DEBUG org.springframework.beans.factory.support.ConstructorResolver [main] Autowiring by type from bean name 'org.springframework.boot.autoconfigure.web.servlet.HttpEncodingAutoConfiguration' via constructor to bean named 'server-org.springframework.boot.autoconfigure.web.ServerProperties'
2024-07-16 23:47:11,483 DEBUG org.springframework.beans.factory.support.DefaultSingletonBeanRegistry [main] Creating shared instance of singleton bean 'errorPageCustomizer'
2024-07-16 23:47:11,484 DEBUG org.springframework.beans.factory.support.DefaultSingletonBeanRegistry [main] Creating shared instance of singleton bean 'org.springframework.boot.autoconfigure.web.servlet.error.ErrorMvcAutoConfiguration'
2024-07-16 23:47:11,486 DEBUG org.springframework.beans.factory.support.ConstructorResolver [main] Autowiring by type from bean name 'org.springframework.boot.autoconfigure.web.servlet.error.ErrorMvcAutoConfiguration' via constructor to bean named 'server-org.springframework.boot.autoconfigure.web.ServerProperties'
2024-07-16 23:47:11,489 DEBUG org.springframework.beans.factory.support.DefaultSingletonBeanRegistry [main] Creating shared instance of singleton bean 'dispatcherServletRegistration'
2024-07-16 23:47:11,490 DEBUG org.springframework.beans.factory.support.DefaultSingletonBeanRegistry [main] Creating shared instance of singleton bean 'org.springframework.boot.autoconfigure.web.servlet.DispatcherServletAutoConfiguration$DispatcherServletRegistrationConfiguration'
2024-07-16 23:47:11,493 DEBUG org.springframework.beans.factory.support.DefaultSingletonBeanRegistry [main] Creating shared instance of singleton bean 'dispatcherServlet'
2024-07-16 23:47:11,495 DEBUG org.springframework.beans.factory.support.DefaultSingletonBeanRegistry [main] Creating shared instance of singleton bean 'org.springframework.boot.autoconfigure.web.servlet.DispatcherServletAutoConfiguration$DispatcherServletConfiguration'
2024-07-16 23:47:11,498 DEBUG org.springframework.beans.factory.support.DefaultSingletonBeanRegistry [main] Creating shared instance of singleton bean 'spring.mvc-org.springframework.boot.autoconfigure.web.servlet.WebMvcProperties'
2024-07-16 23:47:11,521 DEBUG org.springframework.beans.factory.support.ConstructorResolver [main] Autowiring by type from bean name 'dispatcherServlet' via factory method to bean named 'spring.mvc-org.springframework.boot.autoconfigure.web.servlet.WebMvcProperties'
2024-07-16 23:47:11,564 DEBUG org.springframework.beans.factory.support.ConstructorResolver [main] Autowiring by type from bean name 'dispatcherServletRegistration' via factory method to bean named 'dispatcherServlet'
2024-07-16 23:47:11,565 DEBUG org.springframework.beans.factory.support.ConstructorResolver [main] Autowiring by type from bean name 'dispatcherServletRegistration' via factory method to bean named 'spring.mvc-org.springframework.boot.autoconfigure.web.servlet.WebMvcProperties'
2024-07-16 23:47:11,568 DEBUG org.springframework.beans.factory.support.DefaultSingletonBeanRegistry [main] Creating shared instance of singleton bean 'multipartConfigElement'
2024-07-16 23:47:11,570 DEBUG org.springframework.beans.factory.support.DefaultSingletonBeanRegistry [main] Creating shared instance of singleton bean 'org.springframework.boot.autoconfigure.web.servlet.MultipartAutoConfiguration'
2024-07-16 23:47:11,572 DEBUG org.springframework.beans.factory.support.DefaultSingletonBeanRegistry [main] Creating shared instance of singleton bean 'spring.servlet.multipart-org.springframework.boot.autoconfigure.web.servlet.MultipartProperties'
2024-07-16 23:47:11,580 DEBUG sun.rmi.runtime.Log$LoggerLog [RMI TCP Connection(2)-127.0.0.1] RMI TCP Connection(2)-127.0.0.1: (port 53302) op = 82
2024-07-16 23:47:11,583 DEBUG sun.rmi.runtime.Log$LoggerLog [RMI TCP Connection(2)-127.0.0.1] RMI TCP Connection(2)-127.0.0.1: (port 53302) op = 80
2024-07-16 23:47:11,583 DEBUG sun.rmi.runtime.Log$LoggerLog [RMI TCP Connection(2)-127.0.0.1] RMI TCP Connection(2)-127.0.0.1: name = "javax.management.ObjectName", codebase = ""
2024-07-16 23:47:11,584 DEBUG sun.util.logging.internal.LoggingProviderImpl$JULWrapper [RMI TCP Connection(2)-127.0.0.1] connectionId=rmi://127.0.0.1  1, name=org.springframework.boot:type=Admin,name=SpringApplication, attribute=Ready
2024-07-16 23:47:11,587 DEBUG sun.rmi.runtime.Log$LoggerLog [RMI TCP Connection(2)-127.0.0.1] RMI TCP Connection(2)-127.0.0.1: [127.0.0.1] exception: 
javax.management.InstanceNotFoundException: org.springframework.boot:type=Admin,name=SpringApplication
	at java.management/com.sun.jmx.interceptor.DefaultMBeanServerInterceptor.getMBean(DefaultMBeanServerInterceptor.java:1088)
	at java.management/com.sun.jmx.interceptor.DefaultMBeanServerInterceptor.getAttribute(DefaultMBeanServerInterceptor.java:640)
	at java.management/com.sun.jmx.mbeanserver.JmxMBeanServer.getAttribute(JmxMBeanServer.java:679)
	at java.management.rmi/javax.management.remote.rmi.RMIConnectionImpl.doOperation(RMIConnectionImpl.java:1449)
	at java.management.rmi/javax.management.remote.rmi.RMIConnectionImpl$PrivilegedOperation.run(RMIConnectionImpl.java:1310)
	at java.management.rmi/javax.management.remote.rmi.RMIConnectionImpl.doPrivilegedOperation(RMIConnectionImpl.java:1405)
	at java.management.rmi/javax.management.remote.rmi.RMIConnectionImpl.getAttribute(RMIConnectionImpl.java:639)
	at java.base/jdk.internal.reflect.NativeMethodAccessorImpl.invoke0(Native Method)
	at java.base/jdk.internal.reflect.NativeMethodAccessorImpl.invoke(NativeMethodAccessorImpl.java:77)
	at java.base/jdk.internal.reflect.DelegatingMethodAccessorImpl.invoke(DelegatingMethodAccessorImpl.java:43)
	at java.base/java.lang.reflect.Method.invoke(Method.java:568)
	at java.rmi/sun.rmi.server.UnicastServerRef.dispatch(UnicastServerRef.java:360)
	at java.rmi/sun.rmi.transport.Transport$1.run(Transport.java:200)
	at java.rmi/sun.rmi.transport.Transport$1.run(Transport.java:197)
	at java.base/java.security.AccessController.doPrivileged(AccessController.java:712)
	at java.rmi/sun.rmi.transport.Transport.serviceCall(Transport.java:196)
	at java.rmi/sun.rmi.transport.tcp.TCPTransport.handleMessages(TCPTransport.java:587)
	at java.rmi/sun.rmi.transport.tcp.TCPTransport$ConnectionHandler.run0(TCPTransport.java:828)
	at java.rmi/sun.rmi.transport.tcp.TCPTransport$ConnectionHandler.lambda$run$0(TCPTransport.java:705)
	at java.base/java.security.AccessController.doPrivileged(AccessController.java:399)
	at java.rmi/sun.rmi.transport.tcp.TCPTransport$ConnectionHandler.run(TCPTransport.java:704)
	at java.base/java.util.concurrent.ThreadPoolExecutor.runWorker(ThreadPoolExecutor.java:1136)
	at java.base/java.util.concurrent.ThreadPoolExecutor$Worker.run(ThreadPoolExecutor.java:635)
	at java.base/java.lang.Thread.run(Thread.java:833)
2024-07-16 23:47:11,589 DEBUG org.springframework.beans.factory.support.ConstructorResolver [main] Autowiring by type from bean name 'org.springframework.boot.autoconfigure.web.servlet.MultipartAutoConfiguration' via constructor to bean named 'spring.servlet.multipart-org.springframework.boot.autoconfigure.web.servlet.MultipartProperties'
2024-07-16 23:47:11,601 DEBUG org.springframework.beans.factory.support.ConstructorResolver [main] Autowiring by type from bean name 'errorPageCustomizer' via factory method to bean named 'dispatcherServletRegistration'
2024-07-16 23:47:11,751 DEBUG org.apache.juli.logging.DirectJDKLog [main] IntrospectionUtils: setProperty(class org.apache.coyote.http11.Http11NioProtocol port=8084)
2024-07-16 23:47:11,773 DEBUG org.apache.juli.logging.DirectJDKLog [main] IntrospectionUtils: setProperty(class org.apache.coyote.http11.Http11NioProtocol bindOnInit=false)
2024-07-16 23:47:11,774 DEBUG org.apache.juli.logging.DirectJDKLog [main] IntrospectionUtils: setProperty(class org.apache.tomcat.util.net.NioEndpoint bindOnInit=false)
2024-07-16 23:47:11,782 DEBUG org.apache.juli.logging.DirectJDKLog [main] IntrospectionUtils: setProperty(class org.apache.coyote.http11.Http11NioProtocol maxPostSize=2097152)
2024-07-16 23:47:11,783 DEBUG org.apache.juli.logging.DirectJDKLog [main] IntrospectionUtils: setProperty(class org.apache.tomcat.util.net.NioEndpoint maxPostSize=2097152)
2024-07-16 23:47:11,817 DEBUG org.apache.juli.logging.DirectJDKLog [main] Add child StandardHost[localhost] StandardEngine[Tomcat]
2024-07-16 23:47:11,818 DEBUG org.springframework.boot.web.servlet.server.DocumentRoot [main] Code archive: C:\Users\Admin\.m2\repository\org\springframework\boot\spring-boot\2.3.1.RELEASE\spring-boot-2.3.1.RELEASE.jar
2024-07-16 23:47:11,818 DEBUG org.springframework.boot.web.servlet.server.DocumentRoot [main] Code archive: C:\Users\Admin\.m2\repository\org\springframework\boot\spring-boot\2.3.1.RELEASE\spring-boot-2.3.1.RELEASE.jar
2024-07-16 23:47:11,818 DEBUG org.springframework.boot.web.servlet.server.DocumentRoot [main] None of the document roots [src/main/webapp, public, static] point to a directory and will be ignored.
2024-07-16 23:47:11,873 DEBUG org.apache.juli.logging.DirectJDKLog [main] Add child StandardWrapper[default] TomcatEmbeddedContext[]
2024-07-16 23:47:11,878 DEBUG org.apache.juli.logging.DirectJDKLog [main] Add child TomcatEmbeddedContext[] StandardEngine[Tomcat].StandardHost[localhost]
2024-07-16 23:47:11,892 INFO org.springframework.boot.web.embedded.tomcat.TomcatWebServer [main] Tomcat initialized with port(s): 8084 (http)
2024-07-16 23:47:11,895 DEBUG org.apache.juli.logging.DirectJDKLog [main] Setting state for [StandardServer[-1]] to [INITIALIZING]
2024-07-16 23:47:11,906 DEBUG org.apache.juli.logging.DirectJDKLog [main] Setting state for [org.apache.catalina.deploy.NamingResourcesImpl@1e79d43] to [INITIALIZING]
2024-07-16 23:47:11,907 DEBUG org.apache.juli.logging.DirectJDKLog [main] Setting state for [org.apache.catalina.deploy.NamingResourcesImpl@1e79d43] to [INITIALIZED]
2024-07-16 23:47:11,908 DEBUG org.apache.juli.logging.DirectJDKLog [main] Setting state for [StandardService[Tomcat]] to [INITIALIZING]
2024-07-16 23:47:11,909 DEBUG org.apache.juli.logging.DirectJDKLog [main] Setting state for [StandardEngine[Tomcat]] to [INITIALIZING]
2024-07-16 23:47:11,910 DEBUG org.apache.juli.logging.DirectJDKLog [main] Setting state for [StandardEngine[Tomcat]] to [INITIALIZED]
2024-07-16 23:47:11,912 DEBUG org.apache.juli.logging.DirectJDKLog [main] Setting state for [org.apache.catalina.mapper.MapperListener@36aab105] to [INITIALIZING]
2024-07-16 23:47:11,912 DEBUG org.apache.juli.logging.DirectJDKLog [main] Setting state for [org.apache.catalina.mapper.MapperListener@36aab105] to [INITIALIZED]
2024-07-16 23:47:11,914 DEBUG org.apache.juli.logging.DirectJDKLog [main] Setting state for [Connector[HTTP/1.1-8084]] to [INITIALIZING]
2024-07-16 23:47:11,922 DEBUG org.apache.juli.logging.DirectJDKLog [main] IntrospectionUtils: setProperty(class org.apache.coyote.http11.Http11NioProtocol parseBodyMethods=POST)
2024-07-16 23:47:11,924 DEBUG org.apache.juli.logging.DirectJDKLog [main] IntrospectionUtils: setProperty(class org.apache.tomcat.util.net.NioEndpoint parseBodyMethods=POST)
2024-07-16 23:47:11,925 INFO org.apache.juli.logging.DirectJDKLog [main] Initializing ProtocolHandler ["http-nio-8084"]
2024-07-16 23:47:11,926 DEBUG org.apache.juli.logging.DirectJDKLog [main] Setting state for [Connector[HTTP/1.1-8084]] to [INITIALIZED]
2024-07-16 23:47:11,926 DEBUG org.apache.juli.logging.DirectJDKLog [main] Setting state for [StandardService[Tomcat]] to [INITIALIZED]
2024-07-16 23:47:11,927 DEBUG org.apache.juli.logging.DirectJDKLog [main] Setting state for [StandardServer[-1]] to [INITIALIZED]
2024-07-16 23:47:11,927 DEBUG org.apache.juli.logging.DirectJDKLog [main] Setting state for [StandardServer[-1]] to [STARTING_PREP]
2024-07-16 23:47:11,928 DEBUG org.apache.juli.logging.DirectJDKLog [main] Setting state for [StandardServer[-1]] to [STARTING]
2024-07-16 23:47:11,929 DEBUG org.apache.juli.logging.DirectJDKLog [main] Setting state for [org.apache.catalina.deploy.NamingResourcesImpl@1e79d43] to [STARTING_PREP]
2024-07-16 23:47:11,930 DEBUG org.apache.juli.logging.DirectJDKLog [main] Setting state for [org.apache.catalina.deploy.NamingResourcesImpl@1e79d43] to [STARTING]
2024-07-16 23:47:11,931 DEBUG org.apache.juli.logging.DirectJDKLog [main] Setting state for [org.apache.catalina.deploy.NamingResourcesImpl@1e79d43] to [STARTED]
2024-07-16 23:47:11,933 DEBUG org.apache.juli.logging.DirectJDKLog [main] Setting state for [StandardService[Tomcat]] to [STARTING_PREP]
2024-07-16 23:47:11,933 INFO org.apache.juli.logging.DirectJDKLog [main] Starting service [Tomcat]
2024-07-16 23:47:11,934 DEBUG org.apache.juli.logging.DirectJDKLog [main] Setting state for [StandardService[Tomcat]] to [STARTING]
2024-07-16 23:47:11,935 DEBUG org.apache.juli.logging.DirectJDKLog [main] Setting state for [StandardEngine[Tomcat]] to [STARTING_PREP]
2024-07-16 23:47:11,936 INFO org.apache.juli.logging.DirectJDKLog [main] Starting Servlet engine: [Apache Tomcat/9.0.36]
2024-07-16 23:47:11,938 DEBUG org.apache.juli.logging.DirectJDKLog [main] Setting state for [SimpleRealm[StandardEngine[Tomcat]]] to [INITIALIZING]
2024-07-16 23:47:11,939 DEBUG org.apache.juli.logging.DirectJDKLog [main] Setting state for [SimpleRealm[StandardEngine[Tomcat]]] to [INITIALIZED]
2024-07-16 23:47:11,940 DEBUG org.apache.juli.logging.DirectJDKLog [main] Setting state for [SimpleRealm[StandardEngine[Tomcat]]] to [STARTING_PREP]
2024-07-16 23:47:11,941 DEBUG org.apache.juli.logging.DirectJDKLog [main] Setting state for [SimpleRealm[StandardEngine[Tomcat]]] to [STARTING]
2024-07-16 23:47:11,942 DEBUG org.apache.juli.logging.DirectJDKLog [main] Setting state for [SimpleRealm[StandardEngine[Tomcat]]] to [STARTED]
2024-07-16 23:47:11,943 DEBUG org.apache.juli.logging.DirectJDKLog [main] Setting state for [StandardEngine[Tomcat].StandardHost[localhost]] to [INITIALIZING]
2024-07-16 23:47:11,944 DEBUG org.apache.juli.logging.DirectJDKLog [main] Setting state for [StandardEngine[Tomcat].StandardHost[localhost]] to [INITIALIZED]
2024-07-16 23:47:11,945 DEBUG org.apache.juli.logging.DirectJDKLog [main] Setting state for [StandardEngine[Tomcat].StandardHost[localhost]] to [STARTING_PREP]
2024-07-16 23:47:11,947 DEBUG org.apache.juli.logging.DirectJDKLog [main] Setting state for [StandardEngine[Tomcat].StandardHost[localhost].TomcatEmbeddedContext[]] to [INITIALIZING]
2024-07-16 23:47:11,947 DEBUG org.apache.juli.logging.DirectJDKLog [main] Setting state for [StandardEngine[Tomcat].StandardHost[localhost].TomcatEmbeddedContext[]] to [INITIALIZED]
2024-07-16 23:47:11,948 DEBUG org.apache.juli.logging.DirectJDKLog [main] Setting state for [StandardEngine[Tomcat].StandardHost[localhost].TomcatEmbeddedContext[]] to [STARTING_PREP]
2024-07-16 23:47:11,951 DEBUG org.apache.juli.logging.DirectJDKLog [main] Starting ROOT
2024-07-16 23:47:11,969 DEBUG org.apache.juli.logging.DirectJDKLog [main] Configuring default Resources
2024-07-16 23:47:11,980 DEBUG org.apache.juli.logging.DirectJDKLog [main] Setting state for [org.apache.catalina.webresources.StandardRoot@3520963d] to [INITIALIZING]
2024-07-16 23:47:11,985 DEBUG org.apache.juli.logging.DirectJDKLog [main] Setting state for [org.apache.catalina.webresources.StandardRoot@3520963d] to [INITIALIZED]
2024-07-16 23:47:11,986 DEBUG org.apache.juli.logging.DirectJDKLog [main] Setting state for [org.apache.catalina.webresources.StandardRoot@3520963d] to [STARTING_PREP]
2024-07-16 23:47:12,018 DEBUG org.apache.juli.logging.DirectJDKLog [main] Setting state for [org.apache.catalina.webresources.DirResourceSet@16a2ed51] to [INITIALIZING]
2024-07-16 23:47:12,022 DEBUG org.apache.juli.logging.DirectJDKLog [main] Setting state for [org.apache.catalina.webresources.DirResourceSet@16a2ed51] to [INITIALIZED]
2024-07-16 23:47:12,022 DEBUG org.apache.juli.logging.DirectJDKLog [main] Setting state for [org.apache.catalina.webresources.DirResourceSet@16a2ed51] to [STARTING_PREP]
2024-07-16 23:47:12,024 DEBUG org.apache.juli.logging.DirectJDKLog [main] Setting state for [org.apache.catalina.webresources.DirResourceSet@16a2ed51] to [STARTING]
2024-07-16 23:47:12,025 DEBUG org.apache.juli.logging.DirectJDKLog [main] Setting state for [org.apache.catalina.webresources.DirResourceSet@16a2ed51] to [STARTED]
2024-07-16 23:47:12,026 DEBUG org.apache.juli.logging.DirectJDKLog [main] Setting state for [org.apache.catalina.webresources.StandardRoot@3520963d] to [STARTING]
2024-07-16 23:47:12,028 DEBUG org.apache.juli.logging.DirectJDKLog [main] Setting state for [org.apache.catalina.webresources.StandardRoot@3520963d] to [STARTED]
2024-07-16 23:47:12,091 DEBUG sun.rmi.runtime.Log$LoggerLog [RMI TCP Connection(2)-127.0.0.1] RMI TCP Connection(2)-127.0.0.1: (port 53302) op = 82
2024-07-16 23:47:12,092 DEBUG sun.rmi.runtime.Log$LoggerLog [RMI TCP Connection(2)-127.0.0.1] RMI TCP Connection(2)-127.0.0.1: (port 53302) op = 80
2024-07-16 23:47:12,094 DEBUG sun.rmi.runtime.Log$LoggerLog [RMI TCP Connection(2)-127.0.0.1] RMI TCP Connection(2)-127.0.0.1: name = "javax.management.ObjectName", codebase = ""
2024-07-16 23:47:12,096 DEBUG sun.util.logging.internal.LoggingProviderImpl$JULWrapper [RMI TCP Connection(2)-127.0.0.1] connectionId=rmi://127.0.0.1  1, name=org.springframework.boot:type=Admin,name=SpringApplication, attribute=Ready
2024-07-16 23:47:12,099 DEBUG sun.rmi.runtime.Log$LoggerLog [RMI TCP Connection(2)-127.0.0.1] RMI TCP Connection(2)-127.0.0.1: [127.0.0.1] exception: 
javax.management.InstanceNotFoundException: org.springframework.boot:type=Admin,name=SpringApplication
	at java.management/com.sun.jmx.interceptor.DefaultMBeanServerInterceptor.getMBean(DefaultMBeanServerInterceptor.java:1088)
	at java.management/com.sun.jmx.interceptor.DefaultMBeanServerInterceptor.getAttribute(DefaultMBeanServerInterceptor.java:640)
	at java.management/com.sun.jmx.mbeanserver.JmxMBeanServer.getAttribute(JmxMBeanServer.java:679)
	at java.management.rmi/javax.management.remote.rmi.RMIConnectionImpl.doOperation(RMIConnectionImpl.java:1449)
	at java.management.rmi/javax.management.remote.rmi.RMIConnectionImpl$PrivilegedOperation.run(RMIConnectionImpl.java:1310)
	at java.management.rmi/javax.management.remote.rmi.RMIConnectionImpl.doPrivilegedOperation(RMIConnectionImpl.java:1405)
	at java.management.rmi/javax.management.remote.rmi.RMIConnectionImpl.getAttribute(RMIConnectionImpl.java:639)
	at java.base/jdk.internal.reflect.NativeMethodAccessorImpl.invoke0(Native Method)
	at java.base/jdk.internal.reflect.NativeMethodAccessorImpl.invoke(NativeMethodAccessorImpl.java:77)
	at java.base/jdk.internal.reflect.DelegatingMethodAccessorImpl.invoke(DelegatingMethodAccessorImpl.java:43)
	at java.base/java.lang.reflect.Method.invoke(Method.java:568)
	at java.rmi/sun.rmi.server.UnicastServerRef.dispatch(UnicastServerRef.java:360)
	at java.rmi/sun.rmi.transport.Transport$1.run(Transport.java:200)
	at java.rmi/sun.rmi.transport.Transport$1.run(Transport.java:197)
	at java.base/java.security.AccessController.doPrivileged(AccessController.java:712)
	at java.rmi/sun.rmi.transport.Transport.serviceCall(Transport.java:196)
	at java.rmi/sun.rmi.transport.tcp.TCPTransport.handleMessages(TCPTransport.java:587)
	at java.rmi/sun.rmi.transport.tcp.TCPTransport$ConnectionHandler.run0(TCPTransport.java:828)
	at java.rmi/sun.rmi.transport.tcp.TCPTransport$ConnectionHandler.lambda$run$0(TCPTransport.java:705)
	at java.base/java.security.AccessController.doPrivileged(AccessController.java:399)
	at java.rmi/sun.rmi.transport.tcp.TCPTransport$ConnectionHandler.run(TCPTransport.java:704)
	at java.base/java.util.concurrent.ThreadPoolExecutor.runWorker(ThreadPoolExecutor.java:1136)
	at java.base/java.util.concurrent.ThreadPoolExecutor$Worker.run(ThreadPoolExecutor.java:635)
	at java.base/java.lang.Thread.run(Thread.java:833)
2024-07-16 23:47:12,210 DEBUG org.apache.juli.logging.DirectJDKLog [main] Processing standard container startup
2024-07-16 23:47:12,211 DEBUG org.apache.juli.logging.DirectJDKLog [main] Setting state for [WebappLoader[StandardEngine[Tomcat].StandardHost[localhost].TomcatEmbeddedContext[]]] to [INITIALIZING]
2024-07-16 23:47:12,212 DEBUG org.apache.juli.logging.DirectJDKLog [main] Setting state for [WebappLoader[StandardEngine[Tomcat].StandardHost[localhost].TomcatEmbeddedContext[]]] to [INITIALIZED]
2024-07-16 23:47:12,214 DEBUG org.apache.juli.logging.DirectJDKLog [main] Setting state for [WebappLoader[StandardEngine[Tomcat].StandardHost[localhost].TomcatEmbeddedContext[]]] to [STARTING_PREP]
2024-07-16 23:47:12,216 DEBUG org.apache.juli.logging.DirectJDKLog [main] Starting this Loader
2024-07-16 23:47:12,229 DEBUG org.apache.juli.logging.DirectJDKLog [main] Setting state for [WebappLoader[StandardEngine[Tomcat].StandardHost[localhost].TomcatEmbeddedContext[]]] to [STARTING]
2024-07-16 23:47:12,229 DEBUG org.apache.juli.logging.DirectJDKLog [main] Setting state for [WebappLoader[StandardEngine[Tomcat].StandardHost[localhost].TomcatEmbeddedContext[]]] to [STARTED]
2024-07-16 23:47:12,230 DEBUG org.apache.juli.logging.DirectJDKLog [main] IntrospectionUtils: setProperty(class org.springframework.boot.web.embedded.tomcat.TomcatEmbeddedWebappClassLoader clearReferencesRmiTargets=false)
2024-07-16 23:47:12,233 DEBUG org.apache.juli.logging.DirectJDKLog [main] IntrospectionUtils: setProperty(class org.springframework.boot.web.embedded.tomcat.TomcatEmbeddedWebappClassLoader clearReferencesStopThreads=false)
2024-07-16 23:47:12,233 DEBUG org.apache.juli.logging.DirectJDKLog [main] IntrospectionUtils: setProperty(class org.springframework.boot.web.embedded.tomcat.TomcatEmbeddedWebappClassLoader clearReferencesStopTimerThreads=false)
2024-07-16 23:47:12,234 DEBUG org.apache.juli.logging.DirectJDKLog [main] IntrospectionUtils: setProperty(class org.springframework.boot.web.embedded.tomcat.TomcatEmbeddedWebappClassLoader clearReferencesHttpClientKeepAliveThread=true)
2024-07-16 23:47:12,236 DEBUG org.apache.juli.logging.DirectJDKLog [main] IntrospectionUtils: setProperty(class org.springframework.boot.web.embedded.tomcat.TomcatEmbeddedWebappClassLoader clearReferencesObjectStreamClassCaches=false)
2024-07-16 23:47:12,237 DEBUG org.apache.juli.logging.DirectJDKLog [main] IntrospectionUtils: setProperty(class org.springframework.boot.web.embedded.tomcat.TomcatEmbeddedWebappClassLoader clearReferencesObjectStreamClassCaches=false)
2024-07-16 23:47:12,237 DEBUG org.apache.juli.logging.DirectJDKLog [main] IntrospectionUtils: setProperty(class org.springframework.boot.web.embedded.tomcat.TomcatEmbeddedWebappClassLoader clearReferencesThreadLocals=false)
2024-07-16 23:47:12,353 DEBUG org.apache.juli.logging.DirectJDKLog [main] Setting state for [StandardEngine[Tomcat].StandardHost[localhost].TomcatEmbeddedContext[].StandardWrapper[default]] to [INITIALIZING]
2024-07-16 23:47:12,356 DEBUG org.apache.juli.logging.DirectJDKLog [main] Setting state for [StandardEngine[Tomcat].StandardHost[localhost].TomcatEmbeddedContext[].StandardWrapper[default]] to [INITIALIZED]
2024-07-16 23:47:12,357 DEBUG org.apache.juli.logging.DirectJDKLog [main] Setting state for [StandardEngine[Tomcat].StandardHost[localhost].TomcatEmbeddedContext[].StandardWrapper[default]] to [STARTING_PREP]
2024-07-16 23:47:12,358 DEBUG org.apache.juli.logging.DirectJDKLog [main] Setting state for [StandardPipeline[StandardEngine[Tomcat].StandardHost[localhost].TomcatEmbeddedContext[].StandardWrapper[default]]] to [INITIALIZING]
2024-07-16 23:47:12,359 DEBUG org.apache.juli.logging.DirectJDKLog [main] Setting state for [StandardPipeline[StandardEngine[Tomcat].StandardHost[localhost].TomcatEmbeddedContext[].StandardWrapper[default]]] to [INITIALIZED]
2024-07-16 23:47:12,359 DEBUG org.apache.juli.logging.DirectJDKLog [main] Setting state for [StandardPipeline[StandardEngine[Tomcat].StandardHost[localhost].TomcatEmbeddedContext[].StandardWrapper[default]]] to [STARTING_PREP]
2024-07-16 23:47:12,360 DEBUG org.apache.juli.logging.DirectJDKLog [main] Setting state for [StandardWrapperValve[StandardEngine[Tomcat].StandardHost[localhost].TomcatEmbeddedContext[].StandardWrapper[default]]] to [INITIALIZING]
2024-07-16 23:47:12,360 DEBUG org.apache.juli.logging.DirectJDKLog [main] Setting state for [StandardWrapperValve[StandardEngine[Tomcat].StandardHost[localhost].TomcatEmbeddedContext[].StandardWrapper[default]]] to [INITIALIZED]
2024-07-16 23:47:12,361 DEBUG org.apache.juli.logging.DirectJDKLog [main] Setting state for [StandardWrapperValve[StandardEngine[Tomcat].StandardHost[localhost].TomcatEmbeddedContext[].StandardWrapper[default]]] to [STARTING_PREP]
2024-07-16 23:47:12,362 DEBUG org.apache.juli.logging.DirectJDKLog [main] Setting state for [StandardWrapperValve[StandardEngine[Tomcat].StandardHost[localhost].TomcatEmbeddedContext[].StandardWrapper[default]]] to [STARTING]
2024-07-16 23:47:12,362 DEBUG org.apache.juli.logging.DirectJDKLog [main] Setting state for [StandardWrapperValve[StandardEngine[Tomcat].StandardHost[localhost].TomcatEmbeddedContext[].StandardWrapper[default]]] to [STARTED]
2024-07-16 23:47:12,363 DEBUG org.apache.juli.logging.DirectJDKLog [main] Setting state for [StandardPipeline[StandardEngine[Tomcat].StandardHost[localhost].TomcatEmbeddedContext[].StandardWrapper[default]]] to [STARTING]
2024-07-16 23:47:12,363 DEBUG org.apache.juli.logging.DirectJDKLog [main] Setting state for [StandardPipeline[StandardEngine[Tomcat].StandardHost[localhost].TomcatEmbeddedContext[].StandardWrapper[default]]] to [STARTED]
2024-07-16 23:47:12,364 DEBUG org.apache.juli.logging.DirectJDKLog [main] Setting state for [StandardEngine[Tomcat].StandardHost[localhost].TomcatEmbeddedContext[].StandardWrapper[default]] to [STARTING]
2024-07-16 23:47:12,365 DEBUG org.apache.juli.logging.DirectJDKLog [main] Setting state for [StandardEngine[Tomcat].StandardHost[localhost].TomcatEmbeddedContext[].StandardWrapper[default]] to [STARTED]
2024-07-16 23:47:12,365 DEBUG org.apache.juli.logging.DirectJDKLog [main] Setting state for [StandardPipeline[StandardEngine[Tomcat].StandardHost[localhost].TomcatEmbeddedContext[]]] to [INITIALIZING]
2024-07-16 23:47:12,366 DEBUG org.apache.juli.logging.DirectJDKLog [main] Setting state for [StandardPipeline[StandardEngine[Tomcat].StandardHost[localhost].TomcatEmbeddedContext[]]] to [INITIALIZED]
2024-07-16 23:47:12,366 DEBUG org.apache.juli.logging.DirectJDKLog [main] Setting state for [StandardPipeline[StandardEngine[Tomcat].StandardHost[localhost].TomcatEmbeddedContext[]]] to [STARTING_PREP]
2024-07-16 23:47:12,367 DEBUG org.apache.juli.logging.DirectJDKLog [main] Setting state for [NonLoginAuthenticator[StandardEngine[Tomcat].StandardHost[localhost].TomcatEmbeddedContext[]]] to [INITIALIZING]
2024-07-16 23:47:12,368 DEBUG org.apache.juli.logging.DirectJDKLog [main] Setting state for [NonLoginAuthenticator[StandardEngine[Tomcat].StandardHost[localhost].TomcatEmbeddedContext[]]] to [INITIALIZED]
2024-07-16 23:47:12,369 DEBUG org.apache.juli.logging.DirectJDKLog [main] Setting state for [NonLoginAuthenticator[StandardEngine[Tomcat].StandardHost[localhost].TomcatEmbeddedContext[]]] to [STARTING_PREP]
2024-07-16 23:47:12,371 DEBUG org.apache.juli.logging.DirectJDKLog [main] No SingleSignOn Valve is present
2024-07-16 23:47:12,372 DEBUG org.apache.juli.logging.DirectJDKLog [main] Setting state for [NonLoginAuthenticator[StandardEngine[Tomcat].StandardHost[localhost].TomcatEmbeddedContext[]]] to [STARTING]
2024-07-16 23:47:12,373 DEBUG org.apache.juli.logging.DirectJDKLog [main] Setting state for [NonLoginAuthenticator[StandardEngine[Tomcat].StandardHost[localhost].TomcatEmbeddedContext[]]] to [STARTED]
2024-07-16 23:47:12,373 DEBUG org.apache.juli.logging.DirectJDKLog [main] Setting state for [StandardContextValve[StandardEngine[Tomcat].StandardHost[localhost].TomcatEmbeddedContext[]]] to [INITIALIZING]
2024-07-16 23:47:12,374 DEBUG org.apache.juli.logging.DirectJDKLog [main] Setting state for [StandardContextValve[StandardEngine[Tomcat].StandardHost[localhost].TomcatEmbeddedContext[]]] to [INITIALIZED]
2024-07-16 23:47:12,375 DEBUG org.apache.juli.logging.DirectJDKLog [main] Setting state for [StandardContextValve[StandardEngine[Tomcat].StandardHost[localhost].TomcatEmbeddedContext[]]] to [STARTING_PREP]
2024-07-16 23:47:12,375 DEBUG org.apache.juli.logging.DirectJDKLog [main] Setting state for [StandardContextValve[StandardEngine[Tomcat].StandardHost[localhost].TomcatEmbeddedContext[]]] to [STARTING]
2024-07-16 23:47:12,376 DEBUG org.apache.juli.logging.DirectJDKLog [main] Setting state for [StandardContextValve[StandardEngine[Tomcat].StandardHost[localhost].TomcatEmbeddedContext[]]] to [STARTED]
2024-07-16 23:47:12,376 DEBUG org.apache.juli.logging.DirectJDKLog [main] Setting state for [StandardPipeline[StandardEngine[Tomcat].StandardHost[localhost].TomcatEmbeddedContext[]]] to [STARTING]
2024-07-16 23:47:12,377 DEBUG org.apache.juli.logging.DirectJDKLog [main] Setting state for [StandardPipeline[StandardEngine[Tomcat].StandardHost[localhost].TomcatEmbeddedContext[]]] to [STARTED]
2024-07-16 23:47:12,377 DEBUG org.apache.juli.logging.DirectJDKLog [main] No manager found. Checking if cluster manager should be used. Cluster configured: [false], Application distributable: [false]
2024-07-16 23:47:12,389 DEBUG org.apache.juli.logging.DirectJDKLog [main] Configured a manager of class [org.apache.catalina.session.StandardManager]
2024-07-16 23:47:12,391 DEBUG org.apache.juli.logging.DirectJDKLog [main] Setting state for [org.apache.catalina.deploy.NamingResourcesImpl@1f43cab7] to [INITIALIZING]
2024-07-16 23:47:12,392 DEBUG org.apache.juli.logging.DirectJDKLog [main] Setting state for [org.apache.catalina.deploy.NamingResourcesImpl@1f43cab7] to [INITIALIZED]
2024-07-16 23:47:12,393 DEBUG org.apache.juli.logging.DirectJDKLog [main] Setting state for [org.apache.catalina.deploy.NamingResourcesImpl@1f43cab7] to [STARTING_PREP]
2024-07-16 23:47:12,394 DEBUG org.apache.juli.logging.DirectJDKLog [main] Setting state for [org.apache.catalina.deploy.NamingResourcesImpl@1f43cab7] to [STARTING]
2024-07-16 23:47:12,394 DEBUG org.apache.juli.logging.DirectJDKLog [main] Setting state for [org.apache.catalina.deploy.NamingResourcesImpl@1f43cab7] to [STARTED]
2024-07-16 23:47:12,408 INFO org.apache.juli.logging.DirectJDKLog [main] Initializing Spring embedded WebApplicationContext
2024-07-16 23:47:12,408 DEBUG org.springframework.boot.web.servlet.context.ServletWebServerApplicationContext [main] Published root WebApplicationContext as ServletContext attribute with name [org.springframework.web.context.WebApplicationContext.ROOT]
2024-07-16 23:47:12,408 INFO org.springframework.boot.web.servlet.context.ServletWebServerApplicationContext [main] Root WebApplicationContext: initialization completed in 5804 ms
2024-07-16 23:47:12,416 DEBUG org.springframework.beans.factory.support.DefaultSingletonBeanRegistry [main] Creating shared instance of singleton bean 'securityFilterChainRegistration'
2024-07-16 23:47:12,417 DEBUG org.springframework.beans.factory.support.DefaultSingletonBeanRegistry [main] Creating shared instance of singleton bean 'org.springframework.boot.autoconfigure.security.servlet.SecurityFilterAutoConfiguration'
2024-07-16 23:47:12,424 DEBUG org.springframework.beans.factory.support.DefaultSingletonBeanRegistry [main] Creating shared instance of singleton bean 'spring.security-org.springframework.boot.autoconfigure.security.SecurityProperties'
2024-07-16 23:47:12,435 DEBUG org.springframework.beans.factory.support.ConstructorResolver [main] Autowiring by type from bean name 'securityFilterChainRegistration' via factory method to bean named 'spring.security-org.springframework.boot.autoconfigure.security.SecurityProperties'
2024-07-16 23:47:12,450 DEBUG org.springframework.beans.factory.support.DefaultSingletonBeanRegistry [main] Creating shared instance of singleton bean 'authenticationTokenFilterBean'
2024-07-16 23:47:12,451 DEBUG org.springframework.beans.factory.support.DefaultSingletonBeanRegistry [main] Creating shared instance of singleton bean 'webSecurityConfig'
2024-07-16 23:47:12,464 DEBUG org.apache.juli.logging.DirectJDKLog [main]     findClass(java.lang.ObjectCustomizer)
2024-07-16 23:47:12,468 DEBUG org.apache.juli.logging.DirectJDKLog [main]     --> Returning ClassNotFoundException
2024-07-16 23:47:12,470 DEBUG org.apache.juli.logging.DirectJDKLog [main]     findClass(org.springframework.security.config.annotation.web.configuration.WebSecurityConfigurerAdapterCustomizer)
2024-07-16 23:47:12,472 DEBUG org.apache.juli.logging.DirectJDKLog [main]     --> Returning ClassNotFoundException
2024-07-16 23:47:12,476 DEBUG org.apache.juli.logging.DirectJDKLog [main]     findClass(com.booking.config.WebSecurityConfigCustomizer)
2024-07-16 23:47:12,477 DEBUG org.apache.juli.logging.DirectJDKLog [main]     --> Returning ClassNotFoundException
2024-07-16 23:47:12,487 DEBUG org.apache.juli.logging.DirectJDKLog [main]     findClass(com.booking.config.WebSecurityConfig$$EnhancerBySpringCGLIB$$c5bd92aeCustomizer)
2024-07-16 23:47:12,488 DEBUG org.apache.juli.logging.DirectJDKLog [main]     --> Returning ClassNotFoundException
2024-07-16 23:47:12,494 DEBUG org.apache.juli.logging.DirectJDKLog [main]     findClass(org.springframework.context.annotation.ConfigurationClassEnhancer$EnhancedConfigurationCustomizer)
2024-07-16 23:47:12,495 DEBUG org.apache.juli.logging.DirectJDKLog [main]     --> Returning ClassNotFoundException
2024-07-16 23:47:12,500 DEBUG org.apache.juli.logging.DirectJDKLog [main]     findClass(org.springframework.beans.factory.BeanFactoryAwareCustomizer)
2024-07-16 23:47:12,503 DEBUG org.apache.juli.logging.DirectJDKLog [main]     --> Returning ClassNotFoundException
2024-07-16 23:47:12,506 DEBUG org.apache.juli.logging.DirectJDKLog [main]     findClass(org.springframework.beans.factory.AwareCustomizer)
2024-07-16 23:47:12,508 DEBUG org.apache.juli.logging.DirectJDKLog [main]     --> Returning ClassNotFoundException
2024-07-16 23:47:12,510 DEBUG org.apache.juli.logging.DirectJDKLog [main]     findClass(org.springframework.security.config.annotation.web.WebSecurityConfigurerCustomizer)
2024-07-16 23:47:12,511 DEBUG org.apache.juli.logging.DirectJDKLog [main]     --> Returning ClassNotFoundException
2024-07-16 23:47:12,514 DEBUG org.apache.juli.logging.DirectJDKLog [main]     findClass(org.springframework.security.config.annotation.SecurityConfigurerCustomizer)
2024-07-16 23:47:12,517 DEBUG org.apache.juli.logging.DirectJDKLog [main]     --> Returning ClassNotFoundException
2024-07-16 23:47:12,520 DEBUG org.springframework.beans.factory.support.DefaultSingletonBeanRegistry [main] Creating shared instance of singleton bean 'userService'
2024-07-16 23:47:12,534 DEBUG org.springframework.beans.factory.support.DefaultSingletonBeanRegistry [main] Creating shared instance of singleton bean 'entityManagerFactory'
2024-07-16 23:47:12,536 DEBUG org.springframework.beans.factory.support.DefaultSingletonBeanRegistry [main] Creating shared instance of singleton bean 'org.springframework.boot.autoconfigure.orm.jpa.HibernateJpaConfiguration'
2024-07-16 23:47:12,539 DEBUG org.springframework.beans.factory.support.DefaultSingletonBeanRegistry [main] Creating shared instance of singleton bean 'dataSource'
2024-07-16 23:47:12,539 DEBUG org.springframework.beans.factory.support.DefaultSingletonBeanRegistry [main] Creating shared instance of singleton bean 'org.springframework.boot.autoconfigure.jdbc.DataSourceConfiguration$Hikari'
2024-07-16 23:47:12,543 DEBUG org.springframework.beans.factory.support.DefaultSingletonBeanRegistry [main] Creating shared instance of singleton bean 'spring.datasource-org.springframework.boot.autoconfigure.jdbc.DataSourceProperties'
2024-07-16 23:47:12,570 DEBUG org.springframework.beans.factory.support.ConstructorResolver [main] Autowiring by type from bean name 'dataSource' via factory method to bean named 'spring.datasource-org.springframework.boot.autoconfigure.jdbc.DataSourceProperties'
2024-07-16 23:47:12,601 DEBUG com.zaxxer.hikari.HikariConfig [main] Driver class org.postgresql.Driver found in Thread context class loader TomcatEmbeddedWebappClassLoader
  context: ROOT
  delegate: true
----------> Parent Classloader:
jdk.internal.loader.ClassLoaders$AppClassLoader@2f333739

2024-07-16 23:47:12,605 DEBUG sun.rmi.runtime.Log$LoggerLog [RMI TCP Connection(2)-127.0.0.1] RMI TCP Connection(2)-127.0.0.1: (port 53302) op = 82
2024-07-16 23:47:12,607 DEBUG sun.rmi.runtime.Log$LoggerLog [RMI TCP Connection(2)-127.0.0.1] RMI TCP Connection(2)-127.0.0.1: (port 53302) op = 80
2024-07-16 23:47:12,608 DEBUG sun.rmi.runtime.Log$LoggerLog [RMI TCP Connection(2)-127.0.0.1] RMI TCP Connection(2)-127.0.0.1: name = "javax.management.ObjectName", codebase = ""
2024-07-16 23:47:12,611 DEBUG sun.util.logging.internal.LoggingProviderImpl$JULWrapper [RMI TCP Connection(2)-127.0.0.1] connectionId=rmi://127.0.0.1  1, name=org.springframework.boot:type=Admin,name=SpringApplication, attribute=Ready
2024-07-16 23:47:12,613 DEBUG sun.rmi.runtime.Log$LoggerLog [RMI TCP Connection(2)-127.0.0.1] RMI TCP Connection(2)-127.0.0.1: [127.0.0.1] exception: 
javax.management.InstanceNotFoundException: org.springframework.boot:type=Admin,name=SpringApplication
	at java.management/com.sun.jmx.interceptor.DefaultMBeanServerInterceptor.getMBean(DefaultMBeanServerInterceptor.java:1088)
	at java.management/com.sun.jmx.interceptor.DefaultMBeanServerInterceptor.getAttribute(DefaultMBeanServerInterceptor.java:640)
	at java.management/com.sun.jmx.mbeanserver.JmxMBeanServer.getAttribute(JmxMBeanServer.java:679)
	at java.management.rmi/javax.management.remote.rmi.RMIConnectionImpl.doOperation(RMIConnectionImpl.java:1449)
	at java.management.rmi/javax.management.remote.rmi.RMIConnectionImpl$PrivilegedOperation.run(RMIConnectionImpl.java:1310)
	at java.management.rmi/javax.management.remote.rmi.RMIConnectionImpl.doPrivilegedOperation(RMIConnectionImpl.java:1405)
	at java.management.rmi/javax.management.remote.rmi.RMIConnectionImpl.getAttribute(RMIConnectionImpl.java:639)
	at java.base/jdk.internal.reflect.NativeMethodAccessorImpl.invoke0(Native Method)
	at java.base/jdk.internal.reflect.NativeMethodAccessorImpl.invoke(NativeMethodAccessorImpl.java:77)
	at java.base/jdk.internal.reflect.DelegatingMethodAccessorImpl.invoke(DelegatingMethodAccessorImpl.java:43)
	at java.base/java.lang.reflect.Method.invoke(Method.java:568)
	at java.rmi/sun.rmi.server.UnicastServerRef.dispatch(UnicastServerRef.java:360)
	at java.rmi/sun.rmi.transport.Transport$1.run(Transport.java:200)
	at java.rmi/sun.rmi.transport.Transport$1.run(Transport.java:197)
	at java.base/java.security.AccessController.doPrivileged(AccessController.java:712)
	at java.rmi/sun.rmi.transport.Transport.serviceCall(Transport.java:196)
	at java.rmi/sun.rmi.transport.tcp.TCPTransport.handleMessages(TCPTransport.java:587)
	at java.rmi/sun.rmi.transport.tcp.TCPTransport$ConnectionHandler.run0(TCPTransport.java:828)
	at java.rmi/sun.rmi.transport.tcp.TCPTransport$ConnectionHandler.lambda$run$0(TCPTransport.java:705)
	at java.base/java.security.AccessController.doPrivileged(AccessController.java:399)
	at java.rmi/sun.rmi.transport.tcp.TCPTransport$ConnectionHandler.run(TCPTransport.java:704)
	at java.base/java.util.concurrent.ThreadPoolExecutor.runWorker(ThreadPoolExecutor.java:1136)
	at java.base/java.util.concurrent.ThreadPoolExecutor$Worker.run(ThreadPoolExecutor.java:635)
	at java.base/java.lang.Thread.run(Thread.java:833)
2024-07-16 23:47:12,656 DEBUG org.springframework.beans.factory.support.DefaultSingletonBeanRegistry [main] Creating shared instance of singleton bean 'org.springframework.boot.autoconfigure.jdbc.DataSourceInitializerInvoker'
2024-07-16 23:47:12,661 DEBUG org.springframework.beans.factory.support.ConstructorResolver [main] Autowiring by type from bean name 'org.springframework.boot.autoconfigure.jdbc.DataSourceInitializerInvoker' via constructor to bean named 'spring.datasource-org.springframework.boot.autoconfigure.jdbc.DataSourceProperties'
2024-07-16 23:47:12,662 DEBUG org.springframework.beans.factory.support.ConstructorResolver [main] Autowiring by type from bean name 'org.springframework.boot.autoconfigure.jdbc.DataSourceInitializerInvoker' via constructor to bean named 'org.springframework.boot.web.servlet.context.AnnotationConfigServletWebServerApplicationContext@5c00384f'
2024-07-16 23:47:12,676 DEBUG org.springframework.beans.factory.support.DefaultSingletonBeanRegistry [main] Creating shared instance of singleton bean 'spring.jpa-org.springframework.boot.autoconfigure.orm.jpa.JpaProperties'
2024-07-16 23:47:12,704 DEBUG org.springframework.beans.factory.support.DefaultSingletonBeanRegistry [main] Creating shared instance of singleton bean 'spring.jpa.hibernate-org.springframework.boot.autoconfigure.orm.jpa.HibernateProperties'
2024-07-16 23:47:12,710 DEBUG org.springframework.beans.factory.support.ConstructorResolver [main] Autowiring by type from bean name 'org.springframework.boot.autoconfigure.orm.jpa.HibernateJpaConfiguration' via constructor to bean named 'dataSource'
2024-07-16 23:47:12,711 DEBUG org.springframework.beans.factory.support.ConstructorResolver [main] Autowiring by type from bean name 'org.springframework.boot.autoconfigure.orm.jpa.HibernateJpaConfiguration' via constructor to bean named 'spring.jpa-org.springframework.boot.autoconfigure.orm.jpa.JpaProperties'
2024-07-16 23:47:12,713 DEBUG org.springframework.beans.factory.support.ConstructorResolver [main] Autowiring by type from bean name 'org.springframework.boot.autoconfigure.orm.jpa.HibernateJpaConfiguration' via constructor to bean named 'org.springframework.beans.factory.support.DefaultListableBeanFactory@6de54b40'
2024-07-16 23:47:12,714 DEBUG org.springframework.beans.factory.support.ConstructorResolver [main] Autowiring by type from bean name 'org.springframework.boot.autoconfigure.orm.jpa.HibernateJpaConfiguration' via constructor to bean named 'spring.jpa.hibernate-org.springframework.boot.autoconfigure.orm.jpa.HibernateProperties'
2024-07-16 23:47:12,718 DEBUG org.springframework.beans.factory.support.DefaultSingletonBeanRegistry [main] Creating shared instance of singleton bean 'hikariPoolDataSourceMetadataProvider'
2024-07-16 23:47:12,719 DEBUG org.springframework.beans.factory.support.DefaultSingletonBeanRegistry [main] Creating shared instance of singleton bean 'org.springframework.boot.autoconfigure.jdbc.metadata.DataSourcePoolMetadataProvidersConfiguration$HikariPoolDataSourceMetadataProviderConfiguration'
2024-07-16 23:47:12,737 DEBUG org.springframework.beans.factory.support.DefaultSingletonBeanRegistry [main] Creating shared instance of singleton bean 'entityManagerFactoryBuilder'
2024-07-16 23:47:12,739 DEBUG org.springframework.beans.factory.support.DefaultSingletonBeanRegistry [main] Creating shared instance of singleton bean 'jpaVendorAdapter'
2024-07-16 23:47:12,889 DEBUG org.apache.juli.logging.DirectJDKLog [main]     findClass(org.slf4j.helpers.Log4jLoggerFactory)
2024-07-16 23:47:12,892 DEBUG org.apache.juli.logging.DirectJDKLog [main]     --> Returning ClassNotFoundException
2024-07-16 23:47:12,916 DEBUG org.jboss.logging.LoggerProviders [main] Logging Provider: org.jboss.logging.Log4j2LoggerProvider
2024-07-16 23:47:12,924 DEBUG org.springframework.beans.factory.support.ConstructorResolver [main] Autowiring by type from bean name 'entityManagerFactoryBuilder' via factory method to bean named 'jpaVendorAdapter'
2024-07-16 23:47:12,927 DEBUG org.springframework.beans.factory.support.DefaultSingletonBeanRegistry [main] Creating shared instance of singleton bean 'entityManagerFactoryBootstrapExecutorCustomizer'
2024-07-16 23:47:12,928 DEBUG org.springframework.beans.factory.support.DefaultSingletonBeanRegistry [main] Creating shared instance of singleton bean 'org.springframework.boot.autoconfigure.data.jpa.JpaRepositoriesAutoConfiguration'
2024-07-16 23:47:12,931 DEBUG org.springframework.beans.factory.support.DefaultSingletonBeanRegistry [main] Creating shared instance of singleton bean 'applicationTaskExecutor'
2024-07-16 23:47:12,932 DEBUG org.springframework.beans.factory.support.DefaultSingletonBeanRegistry [main] Creating shared instance of singleton bean 'org.springframework.boot.autoconfigure.task.TaskExecutionAutoConfiguration'
2024-07-16 23:47:12,936 DEBUG org.springframework.beans.factory.support.DefaultSingletonBeanRegistry [main] Creating shared instance of singleton bean 'taskExecutorBuilder'
2024-07-16 23:47:12,939 DEBUG org.springframework.beans.factory.support.DefaultSingletonBeanRegistry [main] Creating shared instance of singleton bean 'spring.task.execution-org.springframework.boot.autoconfigure.task.TaskExecutionProperties'
2024-07-16 23:47:12,946 DEBUG org.springframework.beans.factory.support.ConstructorResolver [main] Autowiring by type from bean name 'taskExecutorBuilder' via factory method to bean named 'spring.task.execution-org.springframework.boot.autoconfigure.task.TaskExecutionProperties'
2024-07-16 23:47:12,952 DEBUG org.springframework.beans.factory.support.ConstructorResolver [main] Autowiring by type from bean name 'applicationTaskExecutor' via factory method to bean named 'taskExecutorBuilder'
2024-07-16 23:47:12,960 INFO org.springframework.scheduling.concurrent.ExecutorConfigurationSupport [main] Initializing ExecutorService 'applicationTaskExecutor'
2024-07-16 23:47:12,968 DEBUG org.springframework.beans.factory.support.ConstructorResolver [main] Autowiring by type from bean name 'entityManagerFactoryBootstrapExecutorCustomizer' via factory method to bean named 'applicationTaskExecutor'
2024-07-16 23:47:12,976 DEBUG org.springframework.beans.factory.support.ConstructorResolver [main] Autowiring by type from bean name 'entityManagerFactory' via factory method to bean named 'entityManagerFactoryBuilder'
2024-07-16 23:47:12,992 DEBUG org.springframework.jdbc.datasource.DataSourceUtils [main] Fetching JDBC Connection from DataSource
2024-07-16 23:47:12,995 WARN com.zaxxer.hikari.HikariConfig [main] HikariPool-1 - maxLifetime is less than 30000ms, setting to default 1800000ms.
2024-07-16 23:47:12,995 DEBUG com.zaxxer.hikari.HikariConfig [main] HikariPool-1 - configuration:
2024-07-16 23:47:12,999 DEBUG com.zaxxer.hikari.HikariConfig [main] allowPoolSuspension.............false
2024-07-16 23:47:13,000 DEBUG com.zaxxer.hikari.HikariConfig [main] autoCommit......................true
2024-07-16 23:47:13,001 DEBUG com.zaxxer.hikari.HikariConfig [main] catalog.........................none
2024-07-16 23:47:13,003 DEBUG com.zaxxer.hikari.HikariConfig [main] connectionInitSql...............none
2024-07-16 23:47:13,004 DEBUG com.zaxxer.hikari.HikariConfig [main] connectionTestQuery.............none
2024-07-16 23:47:13,004 DEBUG com.zaxxer.hikari.HikariConfig [main] connectionTimeout...............30000
2024-07-16 23:47:13,005 DEBUG com.zaxxer.hikari.HikariConfig [main] dataSource......................none
2024-07-16 23:47:13,006 DEBUG com.zaxxer.hikari.HikariConfig [main] dataSourceClassName.............none
2024-07-16 23:47:13,007 DEBUG com.zaxxer.hikari.HikariConfig [main] dataSourceJNDI..................none
2024-07-16 23:47:13,008 DEBUG com.zaxxer.hikari.HikariConfig [main] dataSourceProperties............{password=<masked>}
2024-07-16 23:47:13,010 DEBUG com.zaxxer.hikari.HikariConfig [main] driverClassName................."org.postgresql.Driver"
2024-07-16 23:47:13,010 DEBUG com.zaxxer.hikari.HikariConfig [main] exceptionOverrideClassName......none
2024-07-16 23:47:13,010 DEBUG com.zaxxer.hikari.HikariConfig [main] healthCheckProperties...........{}
2024-07-16 23:47:13,010 DEBUG com.zaxxer.hikari.HikariConfig [main] healthCheckRegistry.............none
2024-07-16 23:47:13,010 DEBUG com.zaxxer.hikari.HikariConfig [main] idleTimeout.....................600000
2024-07-16 23:47:13,011 DEBUG com.zaxxer.hikari.HikariConfig [main] initializationFailTimeout.......1
2024-07-16 23:47:13,011 DEBUG com.zaxxer.hikari.HikariConfig [main] isolateInternalQueries..........false
2024-07-16 23:47:13,012 DEBUG com.zaxxer.hikari.HikariConfig [main] jdbcUrl.........................jdbc:postgresql://localhost:5432/Clubdb
2024-07-16 23:47:13,013 DEBUG com.zaxxer.hikari.HikariConfig [main] leakDetectionThreshold..........0
2024-07-16 23:47:13,013 DEBUG com.zaxxer.hikari.HikariConfig [main] maxLifetime.....................1800000
2024-07-16 23:47:13,014 DEBUG com.zaxxer.hikari.HikariConfig [main] maximumPoolSize.................10
2024-07-16 23:47:13,014 DEBUG com.zaxxer.hikari.HikariConfig [main] metricRegistry..................none
2024-07-16 23:47:13,015 DEBUG com.zaxxer.hikari.HikariConfig [main] metricsTrackerFactory...........none
2024-07-16 23:47:13,017 DEBUG com.zaxxer.hikari.HikariConfig [main] minimumIdle.....................10
2024-07-16 23:47:13,017 DEBUG com.zaxxer.hikari.HikariConfig [main] password........................<masked>
2024-07-16 23:47:13,018 DEBUG com.zaxxer.hikari.HikariConfig [main] poolName........................"HikariPool-1"
2024-07-16 23:47:13,018 DEBUG com.zaxxer.hikari.HikariConfig [main] readOnly........................false
2024-07-16 23:47:13,019 DEBUG com.zaxxer.hikari.HikariConfig [main] registerMbeans..................false
2024-07-16 23:47:13,019 DEBUG com.zaxxer.hikari.HikariConfig [main] scheduledExecutor...............none
2024-07-16 23:47:13,020 DEBUG com.zaxxer.hikari.HikariConfig [main] schema..........................none
2024-07-16 23:47:13,020 DEBUG com.zaxxer.hikari.HikariConfig [main] threadFactory...................internal
2024-07-16 23:47:13,021 DEBUG com.zaxxer.hikari.HikariConfig [main] transactionIsolation............default
2024-07-16 23:47:13,021 DEBUG com.zaxxer.hikari.HikariConfig [main] username........................"postgres"
2024-07-16 23:47:13,021 DEBUG com.zaxxer.hikari.HikariConfig [main] validationTimeout...............5000
2024-07-16 23:47:13,022 INFO com.zaxxer.hikari.HikariDataSource [main] HikariPool-1 - Starting...
2024-07-16 23:47:13,055 DEBUG org.postgresql.Driver [main] Loading driver configuration via classloader jdk.internal.loader.ClassLoaders$AppClassLoader@2f333739
2024-07-16 23:47:13,056 DEBUG org.postgresql.Driver [main] Connecting with URL: jdbc:postgresql://localhost:5432/Clubdb
2024-07-16 23:47:13,082 DEBUG org.postgresql.jdbc.PgConnection [main] PostgreSQL JDBC Driver 42.2.14
2024-07-16 23:47:13,086 DEBUG org.postgresql.jdbc.PgConnection [main]   setDefaultFetchSize = 0
2024-07-16 23:47:13,087 DEBUG org.postgresql.jdbc.PgConnection [main]   setPrepareThreshold = 5
2024-07-16 23:47:13,103 DEBUG org.postgresql.core.v3.ConnectionFactoryImpl [main] Trying to establish a protocol version 3 connection to localhost:5432
2024-07-16 23:47:13,117 DEBUG sun.rmi.runtime.Log$LoggerLog [RMI TCP Connection(2)-127.0.0.1] RMI TCP Connection(2)-127.0.0.1: (port 53302) op = 82
2024-07-16 23:47:13,120 DEBUG sun.rmi.runtime.Log$LoggerLog [RMI TCP Connection(2)-127.0.0.1] RMI TCP Connection(2)-127.0.0.1: (port 53302) op = 80
2024-07-16 23:47:13,121 DEBUG sun.rmi.runtime.Log$LoggerLog [RMI TCP Connection(2)-127.0.0.1] RMI TCP Connection(2)-127.0.0.1: name = "javax.management.ObjectName", codebase = ""
2024-07-16 23:47:13,123 DEBUG sun.util.logging.internal.LoggingProviderImpl$JULWrapper [RMI TCP Connection(2)-127.0.0.1] connectionId=rmi://127.0.0.1  1, name=org.springframework.boot:type=Admin,name=SpringApplication, attribute=Ready
2024-07-16 23:47:13,124 DEBUG sun.rmi.runtime.Log$LoggerLog [RMI TCP Connection(2)-127.0.0.1] RMI TCP Connection(2)-127.0.0.1: [127.0.0.1] exception: 
javax.management.InstanceNotFoundException: org.springframework.boot:type=Admin,name=SpringApplication
	at java.management/com.sun.jmx.interceptor.DefaultMBeanServerInterceptor.getMBean(DefaultMBeanServerInterceptor.java:1088)
	at java.management/com.sun.jmx.interceptor.DefaultMBeanServerInterceptor.getAttribute(DefaultMBeanServerInterceptor.java:640)
	at java.management/com.sun.jmx.mbeanserver.JmxMBeanServer.getAttribute(JmxMBeanServer.java:679)
	at java.management.rmi/javax.management.remote.rmi.RMIConnectionImpl.doOperation(RMIConnectionImpl.java:1449)
	at java.management.rmi/javax.management.remote.rmi.RMIConnectionImpl$PrivilegedOperation.run(RMIConnectionImpl.java:1310)
	at java.management.rmi/javax.management.remote.rmi.RMIConnectionImpl.doPrivilegedOperation(RMIConnectionImpl.java:1405)
	at java.management.rmi/javax.management.remote.rmi.RMIConnectionImpl.getAttribute(RMIConnectionImpl.java:639)
	at java.base/jdk.internal.reflect.GeneratedMethodAccessor29.invoke(Unknown Source)
	at java.base/jdk.internal.reflect.DelegatingMethodAccessorImpl.invoke(DelegatingMethodAccessorImpl.java:43)
	at java.base/java.lang.reflect.Method.invoke(Method.java:568)
	at java.rmi/sun.rmi.server.UnicastServerRef.dispatch(UnicastServerRef.java:360)
	at java.rmi/sun.rmi.transport.Transport$1.run(Transport.java:200)
	at java.rmi/sun.rmi.transport.Transport$1.run(Transport.java:197)
	at java.base/java.security.AccessController.doPrivileged(AccessController.java:712)
	at java.rmi/sun.rmi.transport.Transport.serviceCall(Transport.java:196)
	at java.rmi/sun.rmi.transport.tcp.TCPTransport.handleMessages(TCPTransport.java:587)
	at java.rmi/sun.rmi.transport.tcp.TCPTransport$ConnectionHandler.run0(TCPTransport.java:828)
	at java.rmi/sun.rmi.transport.tcp.TCPTransport$ConnectionHandler.lambda$run$0(TCPTransport.java:705)
	at java.base/java.security.AccessController.doPrivileged(AccessController.java:399)
	at java.rmi/sun.rmi.transport.tcp.TCPTransport$ConnectionHandler.run(TCPTransport.java:704)
	at java.base/java.util.concurrent.ThreadPoolExecutor.runWorker(ThreadPoolExecutor.java:1136)
	at java.base/java.util.concurrent.ThreadPoolExecutor$Worker.run(ThreadPoolExecutor.java:635)
	at java.base/java.lang.Thread.run(Thread.java:833)
2024-07-16 23:47:13,134 DEBUG org.postgresql.core.v3.ConnectionFactoryImpl [main] Receive Buffer Size is 65,536
2024-07-16 23:47:13,136 DEBUG org.postgresql.core.v3.ConnectionFactoryImpl [main] Send Buffer Size is 65,536
2024-07-16 23:47:13,562 DEBUG com.zaxxer.hikari.pool.HikariPool [main] HikariPool-1 - Added connection org.postgresql.jdbc.PgConnection@480cbe2e
2024-07-16 23:47:13,567 INFO com.zaxxer.hikari.HikariDataSource [main] HikariPool-1 - Start completed.
2024-07-16 23:47:13,629 DEBUG sun.rmi.runtime.Log$LoggerLog [RMI TCP Connection(2)-127.0.0.1] RMI TCP Connection(2)-127.0.0.1: (port 53302) op = 82
2024-07-16 23:47:13,631 DEBUG sun.rmi.runtime.Log$LoggerLog [RMI TCP Connection(2)-127.0.0.1] RMI TCP Connection(2)-127.0.0.1: (port 53302) op = 80
2024-07-16 23:47:13,632 DEBUG sun.rmi.runtime.Log$LoggerLog [RMI TCP Connection(2)-127.0.0.1] RMI TCP Connection(2)-127.0.0.1: name = "javax.management.ObjectName", codebase = ""
2024-07-16 23:47:13,634 DEBUG sun.util.logging.internal.LoggingProviderImpl$JULWrapper [RMI TCP Connection(2)-127.0.0.1] connectionId=rmi://127.0.0.1  1, name=org.springframework.boot:type=Admin,name=SpringApplication, attribute=Ready
2024-07-16 23:47:13,636 DEBUG sun.rmi.runtime.Log$LoggerLog [RMI TCP Connection(2)-127.0.0.1] RMI TCP Connection(2)-127.0.0.1: [127.0.0.1] exception: 
javax.management.InstanceNotFoundException: org.springframework.boot:type=Admin,name=SpringApplication
	at java.management/com.sun.jmx.interceptor.DefaultMBeanServerInterceptor.getMBean(DefaultMBeanServerInterceptor.java:1088)
	at java.management/com.sun.jmx.interceptor.DefaultMBeanServerInterceptor.getAttribute(DefaultMBeanServerInterceptor.java:640)
	at java.management/com.sun.jmx.mbeanserver.JmxMBeanServer.getAttribute(JmxMBeanServer.java:679)
	at java.management.rmi/javax.management.remote.rmi.RMIConnectionImpl.doOperation(RMIConnectionImpl.java:1449)
	at java.management.rmi/javax.management.remote.rmi.RMIConnectionImpl$PrivilegedOperation.run(RMIConnectionImpl.java:1310)
	at java.management.rmi/javax.management.remote.rmi.RMIConnectionImpl.doPrivilegedOperation(RMIConnectionImpl.java:1405)
	at java.management.rmi/javax.management.remote.rmi.RMIConnectionImpl.getAttribute(RMIConnectionImpl.java:639)
	at java.base/jdk.internal.reflect.GeneratedMethodAccessor29.invoke(Unknown Source)
	at java.base/jdk.internal.reflect.DelegatingMethodAccessorImpl.invoke(DelegatingMethodAccessorImpl.java:43)
	at java.base/java.lang.reflect.Method.invoke(Method.java:568)
	at java.rmi/sun.rmi.server.UnicastServerRef.dispatch(UnicastServerRef.java:360)
	at java.rmi/sun.rmi.transport.Transport$1.run(Transport.java:200)
	at java.rmi/sun.rmi.transport.Transport$1.run(Transport.java:197)
	at java.base/java.security.AccessController.doPrivileged(AccessController.java:712)
	at java.rmi/sun.rmi.transport.Transport.serviceCall(Transport.java:196)
	at java.rmi/sun.rmi.transport.tcp.TCPTransport.handleMessages(TCPTransport.java:587)
	at java.rmi/sun.rmi.transport.tcp.TCPTransport$ConnectionHandler.run0(TCPTransport.java:828)
	at java.rmi/sun.rmi.transport.tcp.TCPTransport$ConnectionHandler.lambda$run$0(TCPTransport.java:705)
	at java.base/java.security.AccessController.doPrivileged(AccessController.java:399)
	at java.rmi/sun.rmi.transport.tcp.TCPTransport$ConnectionHandler.run(TCPTransport.java:704)
	at java.base/java.util.concurrent.ThreadPoolExecutor.runWorker(ThreadPoolExecutor.java:1136)
	at java.base/java.util.concurrent.ThreadPoolExecutor$Worker.run(ThreadPoolExecutor.java:635)
	at java.base/java.lang.Thread.run(Thread.java:833)
2024-07-16 23:47:13,667 DEBUG com.zaxxer.hikari.pool.HikariPool [HikariPool-1 housekeeper] HikariPool-1 - Pool stats (total=1, active=0, idle=1, waiting=0)
2024-07-16 23:47:13,670 DEBUG org.postgresql.Driver [HikariPool-1 connection adder] Connecting with URL: jdbc:postgresql://localhost:5432/Clubdb
2024-07-16 23:47:13,671 DEBUG org.postgresql.jdbc.PgConnection [HikariPool-1 connection adder] PostgreSQL JDBC Driver 42.2.14
2024-07-16 23:47:13,674 DEBUG org.postgresql.jdbc.PgConnection [HikariPool-1 connection adder]   setDefaultFetchSize = 0
2024-07-16 23:47:13,676 DEBUG org.postgresql.jdbc.PgConnection [HikariPool-1 connection adder]   setPrepareThreshold = 5
2024-07-16 23:47:13,677 DEBUG org.postgresql.core.v3.ConnectionFactoryImpl [HikariPool-1 connection adder] Trying to establish a protocol version 3 connection to localhost:5432
2024-07-16 23:47:13,680 DEBUG org.postgresql.core.v3.ConnectionFactoryImpl [HikariPool-1 connection adder] Receive Buffer Size is 65,536
2024-07-16 23:47:13,681 DEBUG org.postgresql.core.v3.ConnectionFactoryImpl [HikariPool-1 connection adder] Send Buffer Size is 65,536
2024-07-16 23:47:13,752 DEBUG org.springframework.orm.jpa.LocalContainerEntityManagerFactoryBean [task-1] Building JPA container EntityManagerFactory for persistence unit 'default'
2024-07-16 23:47:13,846 DEBUG org.hibernate.jpa.internal.util.LogHelper [task-1] PersistenceUnitInfo [
	name: default
	persistence provider classname: null
	classloader: jdk.internal.loader.ClassLoaders$AppClassLoader@2f333739
	excludeUnlistedClasses: true
	JTA datasource: null
	Non JTA datasource: HikariDataSource (HikariPool-1)
	Transaction type: RESOURCE_LOCAL
	PU root URL: file:/D:/Golf%20Bakend/Club-Backend/target/classes/
	Shared Cache Mode: UNSPECIFIED
	Validation Mode: AUTO
	Jar files URLs []
	Managed classes names [
		com.booking.model.slot.ClubSlot
		com.booking.model.slot.ClubSlotBooking
		com.booking.model.slot.UserBooking
		com.booking.model.user.ClubConfig
		com.booking.model.user.ClubUser
		com.booking.model.user.Roles]
	Mapping files names []
	Properties []
2024-07-16 23:47:13,864 DEBUG org.springframework.beans.factory.support.DefaultSingletonBeanRegistry [main] Creating shared instance of singleton bean 'roleService'
2024-07-16 23:47:13,867 DEBUG org.springframework.data.repository.config.RepositoryConfigurationDelegate$LazyRepositoryInjectionPointResolver [main] Creating lazy injection proxy for com.booking.dao.RoleDao…
2024-07-16 23:47:13,901 DEBUG org.springframework.data.repository.config.RepositoryConfigurationDelegate$LazyRepositoryInjectionPointResolver [main] Creating lazy injection proxy for com.booking.dao.UserDao…
2024-07-16 23:47:13,905 DEBUG org.hibernate.integrator.internal.IntegratorServiceImpl [task-1] Adding Integrator [org.hibernate.cfg.beanvalidation.BeanValidationIntegrator].
2024-07-16 23:47:13,912 DEBUG org.hibernate.integrator.internal.IntegratorServiceImpl [task-1] Adding Integrator [org.hibernate.secure.spi.JaccIntegrator].
2024-07-16 23:47:13,915 DEBUG org.springframework.beans.factory.support.DefaultSingletonBeanRegistry [main] Creating shared instance of singleton bean 'emailService'
2024-07-16 23:47:13,918 DEBUG org.hibernate.integrator.internal.IntegratorServiceImpl [task-1] Adding Integrator [org.hibernate.cache.internal.CollectionCacheInvalidator].
2024-07-16 23:47:13,923 DEBUG org.springframework.core.env.PropertySourcesPropertyResolver [main] Found key 'spring.mail.host' in PropertySource 'configurationProperties' with value of type String
2024-07-16 23:47:13,924 DEBUG org.springframework.core.env.PropertySourcesPropertyResolver [main] Found key 'spring.mail.host' in PropertySource 'environmentProperties' with value of type String
2024-07-16 23:47:13,927 DEBUG org.springframework.core.env.PropertySourcesPropertyResolver [main] Found key 'spring.mail.properties.mail.smtp.auth' in PropertySource 'configurationProperties' with value of type String
2024-07-16 23:47:13,928 DEBUG org.springframework.core.env.PropertySourcesPropertyResolver [main] Found key 'spring.mail.properties.mail.smtp.auth' in PropertySource 'environmentProperties' with value of type String
2024-07-16 23:47:13,931 DEBUG org.springframework.core.env.PropertySourcesPropertyResolver [main] Found key 'spring.mail.port' in PropertySource 'configurationProperties' with value of type String
2024-07-16 23:47:13,932 DEBUG org.springframework.core.env.PropertySourcesPropertyResolver [main] Found key 'spring.mail.port' in PropertySource 'environmentProperties' with value of type String
2024-07-16 23:47:13,934 DEBUG org.springframework.core.env.PropertySourcesPropertyResolver [main] Found key 'spring.mail.properties.mail.smtp.starttls.enable' in PropertySource 'configurationProperties' with value of type String
2024-07-16 23:47:13,935 DEBUG org.springframework.core.env.PropertySourcesPropertyResolver [main] Found key 'spring.mail.properties.mail.smtp.starttls.enable' in PropertySource 'environmentProperties' with value of type String
2024-07-16 23:47:13,938 DEBUG org.springframework.core.env.PropertySourcesPropertyResolver [main] Found key 'spring.mail.dvp.from' in PropertySource 'configurationProperties' with value of type String
2024-07-16 23:47:13,939 DEBUG org.springframework.core.env.PropertySourcesPropertyResolver [main] Found key 'spring.mail.dvp.from' in PropertySource 'environmentProperties' with value of type String
2024-07-16 23:47:13,943 DEBUG org.springframework.core.env.PropertySourcesPropertyResolver [main] Found key 'spring.mail.fmea.password' in PropertySource 'configurationProperties' with value of type String
2024-07-16 23:47:13,944 DEBUG org.springframework.core.env.PropertySourcesPropertyResolver [main] Found key 'spring.mail.fmea.password' in PropertySource 'environmentProperties' with value of type String
2024-07-16 23:47:13,950 DEBUG org.springframework.beans.factory.support.DefaultSingletonBeanRegistry [main] Creating shared instance of singleton bean 'sendEmailSmtp'
2024-07-16 23:47:13,953 DEBUG com.zaxxer.hikari.pool.HikariPool$PoolEntryCreator [HikariPool-1 connection adder] HikariPool-1 - Added connection org.postgresql.jdbc.PgConnection@26573764
2024-07-16 23:47:13,953 DEBUG org.postgresql.Driver [HikariPool-1 connection adder] Connecting with URL: jdbc:postgresql://localhost:5432/Clubdb
2024-07-16 23:47:13,955 DEBUG org.postgresql.jdbc.PgConnection [HikariPool-1 connection adder] PostgreSQL JDBC Driver 42.2.14
2024-07-16 23:47:13,956 DEBUG org.postgresql.jdbc.PgConnection [HikariPool-1 connection adder]   setDefaultFetchSize = 0
2024-07-16 23:47:13,956 DEBUG org.postgresql.jdbc.PgConnection [HikariPool-1 connection adder]   setPrepareThreshold = 5
2024-07-16 23:47:13,956 DEBUG org.springframework.core.env.PropertySourcesPropertyResolver [main] Found key 'spring.env.name' in PropertySource 'configurationProperties' with value of type String
2024-07-16 23:47:13,956 DEBUG org.postgresql.core.v3.ConnectionFactoryImpl [HikariPool-1 connection adder] Trying to establish a protocol version 3 connection to localhost:5432
2024-07-16 23:47:13,956 DEBUG org.springframework.core.env.PropertySourcesPropertyResolver [main] Found key 'spring.env.name' in PropertySource 'environmentProperties' with value of type String
2024-07-16 23:47:13,960 DEBUG org.postgresql.core.v3.ConnectionFactoryImpl [HikariPool-1 connection adder] Receive Buffer Size is 65,536
2024-07-16 23:47:13,961 DEBUG org.postgresql.core.v3.ConnectionFactoryImpl [HikariPool-1 connection adder] Send Buffer Size is 65,536
2024-07-16 23:47:13,964 DEBUG org.springframework.data.repository.config.RepositoryConfigurationDelegate$LazyRepositoryInjectionPointResolver [main] Creating lazy injection proxy for com.booking.dao.UserBookingDao…
2024-07-16 23:47:13,981 DEBUG org.springframework.beans.factory.support.DefaultSingletonBeanRegistry [main] Creating shared instance of singleton bean 'otpServiceImpl'
2024-07-16 23:47:13,984 DEBUG org.springframework.data.repository.config.RepositoryConfigurationDelegate$LazyRepositoryInjectionPointResolver [main] Creating lazy injection proxy for com.booking.dao.UserDao…
2024-07-16 23:47:13,989 DEBUG org.springframework.beans.factory.support.DefaultSingletonBeanRegistry [main] Creating shared instance of singleton bean 'encoder'
2024-07-16 23:47:14,135 INFO org.hibernate.Version [task-1] HHH000412: Hibernate ORM core version 5.4.17.Final
2024-07-16 23:47:14,140 DEBUG org.apache.juli.logging.DirectJDKLog [task-1] getResourceAsStream(hibernate.properties)
2024-07-16 23:47:14,141 DEBUG org.apache.juli.logging.DirectJDKLog [task-1]   Delegating to parent classloader jdk.internal.loader.ClassLoaders$AppClassLoader@2f333739
2024-07-16 23:47:14,143 DEBUG sun.rmi.runtime.Log$LoggerLog [RMI TCP Connection(2)-127.0.0.1] RMI TCP Connection(2)-127.0.0.1: (port 53302) op = 82
2024-07-16 23:47:14,143 DEBUG sun.rmi.runtime.Log$LoggerLog [RMI TCP Connection(2)-127.0.0.1] RMI TCP Connection(2)-127.0.0.1: (port 53302) op = 80
2024-07-16 23:47:14,145 DEBUG org.apache.juli.logging.DirectJDKLog [task-1]   Searching local repositories
2024-07-16 23:47:14,146 DEBUG sun.rmi.runtime.Log$LoggerLog [RMI TCP Connection(2)-127.0.0.1] RMI TCP Connection(2)-127.0.0.1: name = "javax.management.ObjectName", codebase = ""
2024-07-16 23:47:14,147 DEBUG sun.util.logging.internal.LoggingProviderImpl$JULWrapper [RMI TCP Connection(2)-127.0.0.1] connectionId=rmi://127.0.0.1  1, name=org.springframework.boot:type=Admin,name=SpringApplication, attribute=Ready
2024-07-16 23:47:14,149 DEBUG sun.rmi.runtime.Log$LoggerLog [RMI TCP Connection(2)-127.0.0.1] RMI TCP Connection(2)-127.0.0.1: [127.0.0.1] exception: 
javax.management.InstanceNotFoundException: org.springframework.boot:type=Admin,name=SpringApplication
	at java.management/com.sun.jmx.interceptor.DefaultMBeanServerInterceptor.getMBean(DefaultMBeanServerInterceptor.java:1088)
	at java.management/com.sun.jmx.interceptor.DefaultMBeanServerInterceptor.getAttribute(DefaultMBeanServerInterceptor.java:640)
	at java.management/com.sun.jmx.mbeanserver.JmxMBeanServer.getAttribute(JmxMBeanServer.java:679)
	at java.management.rmi/javax.management.remote.rmi.RMIConnectionImpl.doOperation(RMIConnectionImpl.java:1449)
	at java.management.rmi/javax.management.remote.rmi.RMIConnectionImpl$PrivilegedOperation.run(RMIConnectionImpl.java:1310)
	at java.management.rmi/javax.management.remote.rmi.RMIConnectionImpl.doPrivilegedOperation(RMIConnectionImpl.java:1405)
	at java.management.rmi/javax.management.remote.rmi.RMIConnectionImpl.getAttribute(RMIConnectionImpl.java:639)
	at java.base/jdk.internal.reflect.GeneratedMethodAccessor29.invoke(Unknown Source)
	at java.base/jdk.internal.reflect.DelegatingMethodAccessorImpl.invoke(DelegatingMethodAccessorImpl.java:43)
	at java.base/java.lang.reflect.Method.invoke(Method.java:568)
	at java.rmi/sun.rmi.server.UnicastServerRef.dispatch(UnicastServerRef.java:360)
	at java.rmi/sun.rmi.transport.Transport$1.run(Transport.java:200)
	at java.rmi/sun.rmi.transport.Transport$1.run(Transport.java:197)
	at java.base/java.security.AccessController.doPrivileged(AccessController.java:712)
	at java.rmi/sun.rmi.transport.Transport.serviceCall(Transport.java:196)
	at java.rmi/sun.rmi.transport.tcp.TCPTransport.handleMessages(TCPTransport.java:587)
	at java.rmi/sun.rmi.transport.tcp.TCPTransport$ConnectionHandler.run0(TCPTransport.java:828)
	at java.rmi/sun.rmi.transport.tcp.TCPTransport$ConnectionHandler.lambda$run$0(TCPTransport.java:705)
	at java.base/java.security.AccessController.doPrivileged(AccessController.java:399)
	at java.rmi/sun.rmi.transport.tcp.TCPTransport$ConnectionHandler.run(TCPTransport.java:704)
	at java.base/java.util.concurrent.ThreadPoolExecutor.runWorker(ThreadPoolExecutor.java:1136)
	at java.base/java.util.concurrent.ThreadPoolExecutor$Worker.run(ThreadPoolExecutor.java:635)
	at java.base/java.lang.Thread.run(Thread.java:833)
2024-07-16 23:47:14,152 DEBUG org.apache.juli.logging.DirectJDKLog [task-1]   --> Resource not found, returning null
2024-07-16 23:47:14,154 DEBUG org.hibernate.cfg.Environment [task-1] HHH000206: hibernate.properties not found
2024-07-16 23:47:14,155 DEBUG org.springframework.beans.factory.support.DefaultSingletonBeanRegistry [main] Creating shared instance of singleton bean 'org.springframework.security.config.annotation.authentication.configuration.AuthenticationConfiguration'
2024-07-16 23:47:14,158 DEBUG org.apache.juli.logging.DirectJDKLog [main]     findClass(java.lang.ObjectCustomizer)
2024-07-16 23:47:14,161 DEBUG org.apache.juli.logging.DirectJDKLog [main]     --> Returning ClassNotFoundException
2024-07-16 23:47:14,167 DEBUG org.apache.juli.logging.DirectJDKLog [main]     findClass(org.springframework.security.config.annotation.authentication.configuration.AuthenticationConfigurationCustomizer)
2024-07-16 23:47:14,170 DEBUG org.apache.juli.logging.DirectJDKLog [main]     --> Returning ClassNotFoundException
2024-07-16 23:47:14,183 DEBUG org.springframework.beans.factory.support.DefaultSingletonBeanRegistry [main] Creating shared instance of singleton bean 'enableGlobalAuthenticationAutowiredConfigurer'
2024-07-16 23:47:14,191 DEBUG org.springframework.beans.factory.support.ConstructorResolver [main] Autowiring by type from bean name 'enableGlobalAuthenticationAutowiredConfigurer' via factory method to bean named 'org.springframework.boot.web.servlet.context.AnnotationConfigServletWebServerApplicationContext@5c00384f'
2024-07-16 23:47:14,199 DEBUG org.springframework.beans.factory.support.DefaultSingletonBeanRegistry [main] Creating shared instance of singleton bean 'initializeUserDetailsBeanManagerConfigurer'
2024-07-16 23:47:14,204 DEBUG org.springframework.beans.factory.support.ConstructorResolver [main] Autowiring by type from bean name 'initializeUserDetailsBeanManagerConfigurer' via factory method to bean named 'org.springframework.boot.web.servlet.context.AnnotationConfigServletWebServerApplicationContext@5c00384f'
2024-07-16 23:47:14,211 DEBUG org.springframework.beans.factory.support.DefaultSingletonBeanRegistry [main] Creating shared instance of singleton bean 'initializeAuthenticationProviderBeanManagerConfigurer'
2024-07-16 23:47:14,213 DEBUG org.springframework.beans.factory.support.ConstructorResolver [main] Autowiring by type from bean name 'initializeAuthenticationProviderBeanManagerConfigurer' via factory method to bean named 'org.springframework.boot.web.servlet.context.AnnotationConfigServletWebServerApplicationContext@5c00384f'
2024-07-16 23:47:14,230 DEBUG org.springframework.beans.factory.support.DefaultSingletonBeanRegistry [main] Creating shared instance of singleton bean 'mvcContentNegotiationManager'
2024-07-16 23:47:14,232 DEBUG com.zaxxer.hikari.pool.HikariPool$PoolEntryCreator [HikariPool-1 connection adder] HikariPool-1 - Added connection org.postgresql.jdbc.PgConnection@6355adca
2024-07-16 23:47:14,233 DEBUG org.postgresql.Driver [HikariPool-1 connection adder] Connecting with URL: jdbc:postgresql://localhost:5432/Clubdb
2024-07-16 23:47:14,233 DEBUG org.springframework.beans.factory.support.DefaultSingletonBeanRegistry [main] Creating shared instance of singleton bean 'org.springframework.boot.autoconfigure.web.servlet.WebMvcAutoConfiguration$EnableWebMvcConfiguration'
2024-07-16 23:47:14,233 DEBUG org.postgresql.jdbc.PgConnection [HikariPool-1 connection adder] PostgreSQL JDBC Driver 42.2.14
2024-07-16 23:47:14,234 DEBUG org.postgresql.jdbc.PgConnection [HikariPool-1 connection adder]   setDefaultFetchSize = 0
2024-07-16 23:47:14,235 DEBUG org.postgresql.jdbc.PgConnection [HikariPool-1 connection adder]   setPrepareThreshold = 5
2024-07-16 23:47:14,235 DEBUG org.postgresql.core.v3.ConnectionFactoryImpl [HikariPool-1 connection adder] Trying to establish a protocol version 3 connection to localhost:5432
2024-07-16 23:47:14,238 DEBUG org.postgresql.core.v3.ConnectionFactoryImpl [HikariPool-1 connection adder] Receive Buffer Size is 65,536
2024-07-16 23:47:14,239 DEBUG org.postgresql.core.v3.ConnectionFactoryImpl [HikariPool-1 connection adder] Send Buffer Size is 65,536
2024-07-16 23:47:14,237 DEBUG org.springframework.beans.factory.support.DefaultSingletonBeanRegistry [main] Creating shared instance of singleton bean 'spring.resources-org.springframework.boot.autoconfigure.web.ResourceProperties'
2024-07-16 23:47:14,264 DEBUG org.springframework.beans.factory.support.ConstructorResolver [main] Autowiring by type from bean name 'org.springframework.boot.autoconfigure.web.servlet.WebMvcAutoConfiguration$EnableWebMvcConfiguration' via constructor to bean named 'spring.resources-org.springframework.boot.autoconfigure.web.ResourceProperties'
2024-07-16 23:47:14,266 DEBUG org.springframework.beans.factory.support.ConstructorResolver [main] Autowiring by type from bean name 'org.springframework.boot.autoconfigure.web.servlet.WebMvcAutoConfiguration$EnableWebMvcConfiguration' via constructor to bean named 'org.springframework.beans.factory.support.DefaultListableBeanFactory@6de54b40'
2024-07-16 23:47:14,281 DEBUG org.apache.juli.logging.DirectJDKLog [main]     findClass(java.lang.ObjectCustomizer)
2024-07-16 23:47:14,284 DEBUG org.apache.juli.logging.DirectJDKLog [main]     --> Returning ClassNotFoundException
2024-07-16 23:47:14,289 DEBUG org.apache.juli.logging.DirectJDKLog [main]     findClass(org.springframework.web.servlet.config.annotation.WebMvcConfigurationSupportCustomizer)
2024-07-16 23:47:14,292 DEBUG org.apache.juli.logging.DirectJDKLog [main]     --> Returning ClassNotFoundException
2024-07-16 23:47:14,313 DEBUG org.apache.juli.logging.DirectJDKLog [main]     findClass(org.springframework.web.servlet.config.annotation.DelegatingWebMvcConfigurationCustomizer)
2024-07-16 23:47:14,315 DEBUG org.apache.juli.logging.DirectJDKLog [main]     --> Returning ClassNotFoundException
2024-07-16 23:47:14,320 DEBUG org.apache.juli.logging.DirectJDKLog [main]     findClass(org.springframework.boot.autoconfigure.web.servlet.WebMvcAutoConfiguration$EnableWebMvcConfigurationCustomizer)
2024-07-16 23:47:14,322 DEBUG org.apache.juli.logging.DirectJDKLog [main]     --> Returning ClassNotFoundException
2024-07-16 23:47:14,330 DEBUG org.apache.juli.logging.DirectJDKLog [main]     findClass(org.springframework.context.ResourceLoaderAwareCustomizer)
2024-07-16 23:47:14,334 DEBUG org.apache.juli.logging.DirectJDKLog [main]     --> Returning ClassNotFoundException
2024-07-16 23:47:14,336 DEBUG org.apache.juli.logging.DirectJDKLog [main]     findClass(org.springframework.beans.factory.AwareCustomizer)
2024-07-16 23:47:14,339 DEBUG org.apache.juli.logging.DirectJDKLog [main]     --> Returning ClassNotFoundException
2024-07-16 23:47:14,342 DEBUG org.apache.juli.logging.DirectJDKLog [main]     findClass(org.springframework.context.ApplicationContextAwareCustomizer)
2024-07-16 23:47:14,344 DEBUG org.apache.juli.logging.DirectJDKLog [main]     --> Returning ClassNotFoundException
2024-07-16 23:47:14,348 DEBUG org.apache.juli.logging.DirectJDKLog [main]     findClass(org.springframework.beans.factory.AwareCustomizer)
2024-07-16 23:47:14,352 DEBUG org.apache.juli.logging.DirectJDKLog [main]     --> Returning ClassNotFoundException
2024-07-16 23:47:14,356 DEBUG org.apache.juli.logging.DirectJDKLog [main]     findClass(org.springframework.web.context.ServletContextAwareCustomizer)
2024-07-16 23:47:14,359 DEBUG org.apache.juli.logging.DirectJDKLog [main]     --> Returning ClassNotFoundException
2024-07-16 23:47:14,362 DEBUG org.apache.juli.logging.DirectJDKLog [main]     findClass(org.springframework.beans.factory.AwareCustomizer)
2024-07-16 23:47:14,364 DEBUG org.apache.juli.logging.DirectJDKLog [main]     --> Returning ClassNotFoundException
2024-07-16 23:47:14,369 DEBUG org.springframework.beans.factory.support.DefaultSingletonBeanRegistry [main] Creating shared instance of singleton bean 'org.springframework.security.config.annotation.web.configuration.WebMvcSecurityConfiguration'
2024-07-16 23:47:14,376 DEBUG org.springframework.beans.factory.support.DefaultSingletonBeanRegistry [main] Creating shared instance of singleton bean 'org.springframework.boot.autoconfigure.web.servlet.WebMvcAutoConfiguration$WebMvcAutoConfigurationAdapter'
2024-07-16 23:47:14,383 DEBUG org.springframework.beans.factory.support.ConstructorResolver [main] Autowiring by type from bean name 'org.springframework.boot.autoconfigure.web.servlet.WebMvcAutoConfiguration$WebMvcAutoConfigurationAdapter' via constructor to bean named 'spring.resources-org.springframework.boot.autoconfigure.web.ResourceProperties'
2024-07-16 23:47:14,385 DEBUG org.springframework.beans.factory.support.ConstructorResolver [main] Autowiring by type from bean name 'org.springframework.boot.autoconfigure.web.servlet.WebMvcAutoConfiguration$WebMvcAutoConfigurationAdapter' via constructor to bean named 'spring.mvc-org.springframework.boot.autoconfigure.web.servlet.WebMvcProperties'
2024-07-16 23:47:14,386 DEBUG org.springframework.beans.factory.support.ConstructorResolver [main] Autowiring by type from bean name 'org.springframework.boot.autoconfigure.web.servlet.WebMvcAutoConfiguration$WebMvcAutoConfigurationAdapter' via constructor to bean named 'org.springframework.beans.factory.support.DefaultListableBeanFactory@6de54b40'
2024-07-16 23:47:14,397 DEBUG org.springframework.beans.factory.support.DefaultSingletonBeanRegistry [main] Creating shared instance of singleton bean 'openEntityManagerInViewInterceptorConfigurer'
2024-07-16 23:47:14,398 DEBUG org.springframework.beans.factory.support.DefaultSingletonBeanRegistry [main] Creating shared instance of singleton bean 'org.springframework.boot.autoconfigure.orm.jpa.JpaBaseConfiguration$JpaWebConfiguration'
2024-07-16 23:47:14,400 DEBUG org.springframework.beans.factory.support.ConstructorResolver [main] Autowiring by type from bean name 'org.springframework.boot.autoconfigure.orm.jpa.JpaBaseConfiguration$JpaWebConfiguration' via constructor to bean named 'spring.jpa-org.springframework.boot.autoconfigure.orm.jpa.JpaProperties'
2024-07-16 23:47:14,405 DEBUG org.springframework.beans.factory.support.DefaultSingletonBeanRegistry [main] Creating shared instance of singleton bean 'openEntityManagerInViewInterceptor'
2024-07-16 23:47:14,407 WARN org.springframework.boot.autoconfigure.orm.jpa.JpaBaseConfiguration$JpaWebConfiguration [main] spring.jpa.open-in-view is enabled by default. Therefore, database queries may be performed during view rendering. Explicitly configure spring.jpa.open-in-view to disable this warning
2024-07-16 23:47:14,434 DEBUG org.springframework.beans.factory.support.ConstructorResolver [main] Autowiring by type from bean name 'openEntityManagerInViewInterceptorConfigurer' via factory method to bean named 'openEntityManagerInViewInterceptor'
2024-07-16 23:47:14,441 DEBUG org.springframework.beans.factory.support.DefaultSingletonBeanRegistry [main] Creating shared instance of singleton bean 'org.springframework.data.web.config.SpringDataWebConfiguration'
2024-07-16 23:47:14,443 DEBUG org.springframework.core.LocalVariableTableParameterNameDiscoverer [main] Cannot find '.class' file for class [class org.springframework.data.web.config.SpringDataWebConfiguration$$EnhancerBySpringCGLIB$$72605a10] - unable to determine constructor/method parameter names
2024-07-16 23:47:14,448 DEBUG org.springframework.beans.factory.support.ConstructorResolver [main] Autowiring by type from bean name 'org.springframework.data.web.config.SpringDataWebConfiguration' via constructor to bean named 'org.springframework.boot.web.servlet.context.AnnotationConfigServletWebServerApplicationContext@5c00384f'
2024-07-16 23:47:14,454 DEBUG org.springframework.beans.factory.support.DefaultSingletonBeanRegistry [main] Creating shared instance of singleton bean 'pageableCustomizer'
2024-07-16 23:47:14,455 DEBUG org.springframework.beans.factory.support.DefaultSingletonBeanRegistry [main] Creating shared instance of singleton bean 'org.springframework.boot.autoconfigure.data.web.SpringDataWebAutoConfiguration'
2024-07-16 23:47:14,458 DEBUG org.springframework.beans.factory.support.DefaultSingletonBeanRegistry [main] Creating shared instance of singleton bean 'spring.data.web-org.springframework.boot.autoconfigure.data.web.SpringDataWebProperties'
2024-07-16 23:47:14,466 DEBUG org.springframework.beans.factory.support.ConstructorResolver [main] Autowiring by type from bean name 'org.springframework.boot.autoconfigure.data.web.SpringDataWebAutoConfiguration' via constructor to bean named 'spring.data.web-org.springframework.boot.autoconfigure.data.web.SpringDataWebProperties'
2024-07-16 23:47:14,476 DEBUG org.springframework.beans.factory.support.DefaultSingletonBeanRegistry [main] Creating shared instance of singleton bean 'sortCustomizer'
2024-07-16 23:47:14,479 DEBUG com.zaxxer.hikari.pool.HikariPool$PoolEntryCreator [HikariPool-1 connection adder] HikariPool-1 - Added connection org.postgresql.jdbc.PgConnection@4d0f9d13
2024-07-16 23:47:14,480 DEBUG org.postgresql.Driver [HikariPool-1 connection adder] Connecting with URL: jdbc:postgresql://localhost:5432/Clubdb
2024-07-16 23:47:14,481 DEBUG org.postgresql.jdbc.PgConnection [HikariPool-1 connection adder] PostgreSQL JDBC Driver 42.2.14
2024-07-16 23:47:14,481 DEBUG org.postgresql.jdbc.PgConnection [HikariPool-1 connection adder]   setDefaultFetchSize = 0
2024-07-16 23:47:14,484 DEBUG org.postgresql.jdbc.PgConnection [HikariPool-1 connection adder]   setPrepareThreshold = 5
2024-07-16 23:47:14,484 DEBUG org.postgresql.core.v3.ConnectionFactoryImpl [HikariPool-1 connection adder] Trying to establish a protocol version 3 connection to localhost:5432
2024-07-16 23:47:14,487 DEBUG org.postgresql.core.v3.ConnectionFactoryImpl [HikariPool-1 connection adder] Receive Buffer Size is 65,536
2024-07-16 23:47:14,488 DEBUG org.postgresql.core.v3.ConnectionFactoryImpl [HikariPool-1 connection adder] Send Buffer Size is 65,536
2024-07-16 23:47:14,584 DEBUG org.springframework.beans.factory.support.DefaultSingletonBeanRegistry [main] Creating shared instance of singleton bean 'unauthorizedEntryPoint'
2024-07-16 23:47:14,595 DEBUG org.springframework.core.env.PropertySourcesPropertyResolver [main] Found key 'jwt.header.string' in PropertySource 'configurationProperties' with value of type String
2024-07-16 23:47:14,596 DEBUG org.springframework.core.env.PropertySourcesPropertyResolver [main] Found key 'jwt.header.string' in PropertySource 'environmentProperties' with value of type String
2024-07-16 23:47:14,599 DEBUG org.springframework.core.env.PropertySourcesPropertyResolver [main] Found key 'jwt.token.prefix' in PropertySource 'configurationProperties' with value of type String
2024-07-16 23:47:14,600 DEBUG org.springframework.core.env.PropertySourcesPropertyResolver [main] Found key 'jwt.token.prefix' in PropertySource 'environmentProperties' with value of type String
2024-07-16 23:47:14,604 DEBUG org.springframework.beans.factory.support.DefaultSingletonBeanRegistry [main] Creating shared instance of singleton bean 'tokenProvider'
2024-07-16 23:47:14,610 DEBUG org.springframework.core.env.PropertySourcesPropertyResolver [main] Found key 'jwt.token.validity' in PropertySource 'configurationProperties' with value of type String
2024-07-16 23:47:14,612 DEBUG org.springframework.core.env.PropertySourcesPropertyResolver [main] Found key 'jwt.token.validity' in PropertySource 'environmentProperties' with value of type String
2024-07-16 23:47:14,616 DEBUG org.springframework.core.env.PropertySourcesPropertyResolver [main] Found key 'jwt.signing.key' in PropertySource 'configurationProperties' with value of type String
2024-07-16 23:47:14,617 DEBUG org.springframework.core.env.PropertySourcesPropertyResolver [main] Found key 'jwt.signing.key' in PropertySource 'environmentProperties' with value of type String
2024-07-16 23:47:14,619 DEBUG org.springframework.core.env.PropertySourcesPropertyResolver [main] Found key 'jwt.authorities.key' in PropertySource 'configurationProperties' with value of type String
2024-07-16 23:47:14,620 DEBUG org.springframework.core.env.PropertySourcesPropertyResolver [main] Found key 'jwt.authorities.key' in PropertySource 'environmentProperties' with value of type String
2024-07-16 23:47:14,634 DEBUG org.springframework.beans.factory.support.DefaultSingletonBeanRegistry [main] Creating shared instance of singleton bean 'loggingFilter'
2024-07-16 23:47:14,635 DEBUG org.springframework.beans.factory.support.DefaultSingletonBeanRegistry [main] Creating shared instance of singleton bean 'springLoggingAutoConfiguration'
2024-07-16 23:47:14,643 DEBUG org.springframework.beans.factory.support.DefaultSingletonBeanRegistry [main] Creating shared instance of singleton bean 'restTemplate'
2024-07-16 23:47:14,706 DEBUG sun.rmi.runtime.Log$LoggerLog [RMI TCP Connection(2)-127.0.0.1] RMI TCP Connection(2)-127.0.0.1: (port 53302) op = 82
2024-07-16 23:47:14,707 DEBUG sun.rmi.runtime.Log$LoggerLog [RMI TCP Connection(2)-127.0.0.1] RMI TCP Connection(2)-127.0.0.1: (port 53302) op = 80
2024-07-16 23:47:14,708 DEBUG sun.rmi.runtime.Log$LoggerLog [RMI TCP Connection(2)-127.0.0.1] RMI TCP Connection(2)-127.0.0.1: name = "javax.management.ObjectName", codebase = ""
2024-07-16 23:47:14,709 DEBUG sun.util.logging.internal.LoggingProviderImpl$JULWrapper [RMI TCP Connection(2)-127.0.0.1] connectionId=rmi://127.0.0.1  1, name=org.springframework.boot:type=Admin,name=SpringApplication, attribute=Ready
2024-07-16 23:47:14,711 DEBUG sun.rmi.runtime.Log$LoggerLog [RMI TCP Connection(2)-127.0.0.1] RMI TCP Connection(2)-127.0.0.1: [127.0.0.1] exception: 
javax.management.InstanceNotFoundException: org.springframework.boot:type=Admin,name=SpringApplication
	at java.management/com.sun.jmx.interceptor.DefaultMBeanServerInterceptor.getMBean(DefaultMBeanServerInterceptor.java:1088)
	at java.management/com.sun.jmx.interceptor.DefaultMBeanServerInterceptor.getAttribute(DefaultMBeanServerInterceptor.java:640)
	at java.management/com.sun.jmx.mbeanserver.JmxMBeanServer.getAttribute(JmxMBeanServer.java:679)
	at java.management.rmi/javax.management.remote.rmi.RMIConnectionImpl.doOperation(RMIConnectionImpl.java:1449)
	at java.management.rmi/javax.management.remote.rmi.RMIConnectionImpl$PrivilegedOperation.run(RMIConnectionImpl.java:1310)
	at java.management.rmi/javax.management.remote.rmi.RMIConnectionImpl.doPrivilegedOperation(RMIConnectionImpl.java:1405)
	at java.management.rmi/javax.management.remote.rmi.RMIConnectionImpl.getAttribute(RMIConnectionImpl.java:639)
	at java.base/jdk.internal.reflect.GeneratedMethodAccessor29.invoke(Unknown Source)
	at java.base/jdk.internal.reflect.DelegatingMethodAccessorImpl.invoke(DelegatingMethodAccessorImpl.java:43)
	at java.base/java.lang.reflect.Method.invoke(Method.java:568)
	at java.rmi/sun.rmi.server.UnicastServerRef.dispatch(UnicastServerRef.java:360)
	at java.rmi/sun.rmi.transport.Transport$1.run(Transport.java:200)
	at java.rmi/sun.rmi.transport.Transport$1.run(Transport.java:197)
	at java.base/java.security.AccessController.doPrivileged(AccessController.java:712)
	at java.rmi/sun.rmi.transport.Transport.serviceCall(Transport.java:196)
	at java.rmi/sun.rmi.transport.tcp.TCPTransport.handleMessages(TCPTransport.java:587)
	at java.rmi/sun.rmi.transport.tcp.TCPTransport$ConnectionHandler.run0(TCPTransport.java:828)
	at java.rmi/sun.rmi.transport.tcp.TCPTransport$ConnectionHandler.lambda$run$0(TCPTransport.java:705)
	at java.base/java.security.AccessController.doPrivileged(AccessController.java:399)
	at java.rmi/sun.rmi.transport.tcp.TCPTransport$ConnectionHandler.run(TCPTransport.java:704)
	at java.base/java.util.concurrent.ThreadPoolExecutor.runWorker(ThreadPoolExecutor.java:1136)
	at java.base/java.util.concurrent.ThreadPoolExecutor$Worker.run(ThreadPoolExecutor.java:635)
	at java.base/java.lang.Thread.run(Thread.java:833)
2024-07-16 23:47:14,715 DEBUG org.hibernate.service.spi.ServiceBinding [task-1] Overriding existing service binding [org.hibernate.secure.spi.JaccService]
2024-07-16 23:47:14,733 DEBUG com.zaxxer.hikari.pool.HikariPool$PoolEntryCreator [HikariPool-1 connection adder] HikariPool-1 - Added connection org.postgresql.jdbc.PgConnection@37a5285
2024-07-16 23:47:14,734 DEBUG org.postgresql.Driver [HikariPool-1 connection adder] Connecting with URL: jdbc:postgresql://localhost:5432/Clubdb
2024-07-16 23:47:14,735 DEBUG org.postgresql.jdbc.PgConnection [HikariPool-1 connection adder] PostgreSQL JDBC Driver 42.2.14
2024-07-16 23:47:14,735 DEBUG org.postgresql.jdbc.PgConnection [HikariPool-1 connection adder]   setDefaultFetchSize = 0
2024-07-16 23:47:14,736 DEBUG org.postgresql.jdbc.PgConnection [HikariPool-1 connection adder]   setPrepareThreshold = 5
2024-07-16 23:47:14,737 DEBUG org.postgresql.core.v3.ConnectionFactoryImpl [HikariPool-1 connection adder] Trying to establish a protocol version 3 connection to localhost:5432
2024-07-16 23:47:14,739 DEBUG org.postgresql.core.v3.ConnectionFactoryImpl [HikariPool-1 connection adder] Receive Buffer Size is 65,536
2024-07-16 23:47:14,740 DEBUG org.postgresql.core.v3.ConnectionFactoryImpl [HikariPool-1 connection adder] Send Buffer Size is 65,536
2024-07-16 23:47:14,766 DEBUG org.hibernate.cache.internal.RegionFactoryInitiator [task-1] Cannot default RegionFactory based on registered strategies as `[]` RegionFactory strategies were registered
2024-07-16 23:47:14,771 DEBUG org.hibernate.cache.internal.RegionFactoryInitiator [task-1] Cache region factory : org.hibernate.cache.internal.NoCachingRegionFactory
2024-07-16 23:47:14,778 DEBUG org.springframework.beans.factory.support.DefaultSingletonBeanRegistry [main] Creating shared instance of singleton bean 'generator'
2024-07-16 23:47:14,862 INFO org.hibernate.annotations.common.reflection.java.JavaReflectionManager [task-1] HCANN000001: Hibernate Commons Annotations {5.1.0.Final}
2024-07-16 23:47:14,865 DEBUG org.springframework.beans.factory.support.DefaultSingletonBeanRegistry [main] Creating shared instance of singleton bean 'requestContextFilter'
2024-07-16 23:47:14,878 DEBUG org.springframework.beans.factory.support.DefaultSingletonBeanRegistry [main] Creating shared instance of singleton bean 'formContentFilter'
2024-07-16 23:47:14,878 DEBUG org.springframework.beans.factory.support.DefaultSingletonBeanRegistry [main] Creating shared instance of singleton bean 'org.springframework.boot.autoconfigure.web.servlet.WebMvcAutoConfiguration'
2024-07-16 23:47:14,900 DEBUG org.springframework.beans.factory.support.DefaultSingletonBeanRegistry [main] Creating shared instance of singleton bean 'characterEncodingFilter'
2024-07-16 23:47:14,943 DEBUG org.springframework.boot.web.servlet.ServletContextInitializerBeans [main] Mapping filters: springSecurityFilterChain urls=[/*] order=-100, characterEncodingFilter urls=[/*] order=-2147483648, formContentFilter urls=[/*] order=-9900, requestContextFilter urls=[/*] order=-105, authenticationTokenFilterBean urls=[/*] order=2147483647, loggingFilter urls=[/*] order=2147483647
2024-07-16 23:47:14,944 DEBUG org.springframework.boot.web.servlet.ServletContextInitializerBeans [main] Mapping servlets: dispatcherServlet urls=[/]
2024-07-16 23:47:14,952 DEBUG org.apache.juli.logging.DirectJDKLog [main] Add child StandardWrapper[dispatcherServlet] StandardEngine[Tomcat].StandardHost[localhost].TomcatEmbeddedContext[]
2024-07-16 23:47:14,953 DEBUG org.apache.juli.logging.DirectJDKLog [main] Setting state for [StandardEngine[Tomcat].StandardHost[localhost].TomcatEmbeddedContext[].StandardWrapper[dispatcherServlet]] to [INITIALIZING]
2024-07-16 23:47:14,955 DEBUG org.apache.juli.logging.DirectJDKLog [main] Setting state for [StandardEngine[Tomcat].StandardHost[localhost].TomcatEmbeddedContext[].StandardWrapper[dispatcherServlet]] to [INITIALIZED]
2024-07-16 23:47:14,956 DEBUG org.apache.juli.logging.DirectJDKLog [main] Setting state for [StandardEngine[Tomcat].StandardHost[localhost].TomcatEmbeddedContext[].StandardWrapper[dispatcherServlet]] to [STARTING_PREP]
2024-07-16 23:47:14,957 DEBUG org.apache.juli.logging.DirectJDKLog [main] Setting state for [StandardPipeline[StandardEngine[Tomcat].StandardHost[localhost].TomcatEmbeddedContext[].StandardWrapper[dispatcherServlet]]] to [INITIALIZING]
2024-07-16 23:47:14,958 DEBUG org.apache.juli.logging.DirectJDKLog [main] Setting state for [StandardPipeline[StandardEngine[Tomcat].StandardHost[localhost].TomcatEmbeddedContext[].StandardWrapper[dispatcherServlet]]] to [INITIALIZED]
2024-07-16 23:47:14,959 DEBUG org.apache.juli.logging.DirectJDKLog [main] Setting state for [StandardPipeline[StandardEngine[Tomcat].StandardHost[localhost].TomcatEmbeddedContext[].StandardWrapper[dispatcherServlet]]] to [STARTING_PREP]
2024-07-16 23:47:14,959 DEBUG org.apache.juli.logging.DirectJDKLog [main] Setting state for [StandardWrapperValve[StandardEngine[Tomcat].StandardHost[localhost].TomcatEmbeddedContext[].StandardWrapper[dispatcherServlet]]] to [INITIALIZING]
2024-07-16 23:47:14,965 DEBUG org.apache.juli.logging.DirectJDKLog [main] Setting state for [StandardWrapperValve[StandardEngine[Tomcat].StandardHost[localhost].TomcatEmbeddedContext[].StandardWrapper[dispatcherServlet]]] to [INITIALIZED]
2024-07-16 23:47:14,967 DEBUG org.apache.juli.logging.DirectJDKLog [main] Setting state for [StandardWrapperValve[StandardEngine[Tomcat].StandardHost[localhost].TomcatEmbeddedContext[].StandardWrapper[dispatcherServlet]]] to [STARTING_PREP]
2024-07-16 23:47:14,968 DEBUG org.apache.juli.logging.DirectJDKLog [main] Setting state for [StandardWrapperValve[StandardEngine[Tomcat].StandardHost[localhost].TomcatEmbeddedContext[].StandardWrapper[dispatcherServlet]]] to [STARTING]
2024-07-16 23:47:14,968 DEBUG org.apache.juli.logging.DirectJDKLog [main] Setting state for [StandardWrapperValve[StandardEngine[Tomcat].StandardHost[localhost].TomcatEmbeddedContext[].StandardWrapper[dispatcherServlet]]] to [STARTED]
2024-07-16 23:47:14,970 DEBUG org.apache.juli.logging.DirectJDKLog [main] Setting state for [StandardPipeline[StandardEngine[Tomcat].StandardHost[localhost].TomcatEmbeddedContext[].StandardWrapper[dispatcherServlet]]] to [STARTING]
2024-07-16 23:47:14,971 DEBUG org.apache.juli.logging.DirectJDKLog [main] Setting state for [StandardPipeline[StandardEngine[Tomcat].StandardHost[localhost].TomcatEmbeddedContext[].StandardWrapper[dispatcherServlet]]] to [STARTED]
2024-07-16 23:47:14,972 DEBUG org.apache.juli.logging.DirectJDKLog [main] Setting state for [StandardEngine[Tomcat].StandardHost[localhost].TomcatEmbeddedContext[].StandardWrapper[dispatcherServlet]] to [STARTING]
2024-07-16 23:47:14,972 DEBUG org.apache.juli.logging.DirectJDKLog [main] Setting state for [StandardEngine[Tomcat].StandardHost[localhost].TomcatEmbeddedContext[].StandardWrapper[dispatcherServlet]] to [STARTED]
2024-07-16 23:47:14,975 DEBUG org.apache.juli.logging.DirectJDKLog [main] Configuring application event listeners
2024-07-16 23:47:14,975 DEBUG org.apache.juli.logging.DirectJDKLog [main]  Configuring event listener class 'org.apache.tomcat.websocket.server.WsContextListener'
2024-07-16 23:47:14,979 DEBUG org.hibernate.type.BasicTypeRegistry [task-1] Adding type registration boolean -> org.hibernate.type.BooleanType@64e7813b
2024-07-16 23:47:14,979 DEBUG org.hibernate.type.BasicTypeRegistry [task-1] Adding type registration boolean -> org.hibernate.type.BooleanType@64e7813b
2024-07-16 23:47:14,979 DEBUG org.apache.juli.logging.DirectJDKLog [main] Sending application start events
2024-07-16 23:47:14,981 DEBUG org.hibernate.type.BasicTypeRegistry [task-1] Adding type registration java.lang.Boolean -> org.hibernate.type.BooleanType@64e7813b
2024-07-16 23:47:14,983 DEBUG org.hibernate.type.BasicTypeRegistry [task-1] Adding type registration numeric_boolean -> org.hibernate.type.NumericBooleanType@29d98da3
2024-07-16 23:47:14,984 DEBUG org.hibernate.type.BasicTypeRegistry [task-1] Adding type registration true_false -> org.hibernate.type.TrueFalseType@5a4511dc
2024-07-16 23:47:14,987 DEBUG org.hibernate.type.BasicTypeRegistry [task-1] Adding type registration yes_no -> org.hibernate.type.YesNoType@473735f2
2024-07-16 23:47:14,991 DEBUG org.hibernate.type.BasicTypeRegistry [task-1] Adding type registration byte -> org.hibernate.type.ByteType@79963e75
2024-07-16 23:47:14,992 DEBUG org.hibernate.type.BasicTypeRegistry [task-1] Adding type registration byte -> org.hibernate.type.ByteType@79963e75
2024-07-16 23:47:14,992 DEBUG org.hibernate.type.BasicTypeRegistry [task-1] Adding type registration java.lang.Byte -> org.hibernate.type.ByteType@79963e75
2024-07-16 23:47:14,996 DEBUG org.hibernate.type.BasicTypeRegistry [task-1] Adding type registration character -> org.hibernate.type.CharacterType@ae5424a
2024-07-16 23:47:14,999 DEBUG org.hibernate.type.BasicTypeRegistry [task-1] Adding type registration char -> org.hibernate.type.CharacterType@ae5424a
2024-07-16 23:47:14,999 DEBUG org.hibernate.type.BasicTypeRegistry [task-1] Adding type registration java.lang.Character -> org.hibernate.type.CharacterType@ae5424a
2024-07-16 23:47:15,004 DEBUG org.hibernate.type.BasicTypeRegistry [task-1] Adding type registration short -> org.hibernate.type.ShortType@2fbe32c4
2024-07-16 23:47:15,005 DEBUG org.hibernate.type.BasicTypeRegistry [task-1] Adding type registration short -> org.hibernate.type.ShortType@2fbe32c4
2024-07-16 23:47:15,006 DEBUG org.hibernate.type.BasicTypeRegistry [task-1] Adding type registration java.lang.Short -> org.hibernate.type.ShortType@2fbe32c4
2024-07-16 23:47:15,010 DEBUG org.hibernate.type.BasicTypeRegistry [task-1] Adding type registration integer -> org.hibernate.type.IntegerType@7dea37da
2024-07-16 23:47:15,011 DEBUG org.hibernate.type.BasicTypeRegistry [task-1] Adding type registration int -> org.hibernate.type.IntegerType@7dea37da
2024-07-16 23:47:15,012 DEBUG org.hibernate.type.BasicTypeRegistry [task-1] Adding type registration java.lang.Integer -> org.hibernate.type.IntegerType@7dea37da
2024-07-16 23:47:15,015 DEBUG org.hibernate.type.BasicTypeRegistry [task-1] Adding type registration long -> org.hibernate.type.LongType@692619c7
2024-07-16 23:47:15,016 DEBUG org.hibernate.type.BasicTypeRegistry [task-1] Adding type registration long -> org.hibernate.type.LongType@692619c7
2024-07-16 23:47:15,017 DEBUG org.hibernate.type.BasicTypeRegistry [task-1] Adding type registration java.lang.Long -> org.hibernate.type.LongType@692619c7
2024-07-16 23:47:15,020 DEBUG org.hibernate.type.BasicTypeRegistry [task-1] Adding type registration float -> org.hibernate.type.FloatType@5005da42
2024-07-16 23:47:15,021 DEBUG org.hibernate.type.BasicTypeRegistry [task-1] Adding type registration float -> org.hibernate.type.FloatType@5005da42
2024-07-16 23:47:15,021 DEBUG org.hibernate.type.BasicTypeRegistry [task-1] Adding type registration java.lang.Float -> org.hibernate.type.FloatType@5005da42
2024-07-16 23:47:15,023 DEBUG org.hibernate.type.BasicTypeRegistry [task-1] Adding type registration double -> org.hibernate.type.DoubleType@558ba992
2024-07-16 23:47:15,025 DEBUG org.hibernate.type.BasicTypeRegistry [task-1] Adding type registration double -> org.hibernate.type.DoubleType@558ba992
2024-07-16 23:47:15,025 DEBUG org.hibernate.type.BasicTypeRegistry [task-1] Adding type registration java.lang.Double -> org.hibernate.type.DoubleType@558ba992
2024-07-16 23:47:15,029 DEBUG org.hibernate.type.BasicTypeRegistry [task-1] Adding type registration big_decimal -> org.hibernate.type.BigDecimalType@15ff6494
2024-07-16 23:47:15,030 DEBUG org.hibernate.type.BasicTypeRegistry [task-1] Adding type registration java.math.BigDecimal -> org.hibernate.type.BigDecimalType@15ff6494
2024-07-16 23:47:15,033 DEBUG org.hibernate.type.BasicTypeRegistry [task-1] Adding type registration big_integer -> org.hibernate.type.BigIntegerType@59579c76
2024-07-16 23:47:15,034 DEBUG org.hibernate.type.BasicTypeRegistry [task-1] Adding type registration java.math.BigInteger -> org.hibernate.type.BigIntegerType@59579c76
2024-07-16 23:47:15,034 DEBUG org.apache.juli.logging.DirectJDKLog [main] Setting state for [StandardManager[StandardEngine[Tomcat].StandardHost[localhost].TomcatEmbeddedContext[]]] to [INITIALIZING]
2024-07-16 23:47:15,034 DEBUG org.apache.juli.logging.DirectJDKLog [main] Setting state for [StandardManager[StandardEngine[Tomcat].StandardHost[localhost].TomcatEmbeddedContext[]]] to [INITIALIZED]
2024-07-16 23:47:15,035 DEBUG org.apache.juli.logging.DirectJDKLog [main] Setting state for [StandardManager[StandardEngine[Tomcat].StandardHost[localhost].TomcatEmbeddedContext[]]] to [STARTING_PREP]
2024-07-16 23:47:15,039 DEBUG org.hibernate.type.BasicTypeRegistry [task-1] Adding type registration string -> org.hibernate.type.StringType@52933f2c
2024-07-16 23:47:15,041 DEBUG org.hibernate.type.BasicTypeRegistry [task-1] Adding type registration java.lang.String -> org.hibernate.type.StringType@52933f2c
2024-07-16 23:47:15,042 DEBUG org.hibernate.type.BasicTypeRegistry [task-1] Adding type registration nstring -> org.hibernate.type.StringNVarcharType@1e70030e
2024-07-16 23:47:15,044 DEBUG org.hibernate.type.BasicTypeRegistry [task-1] Adding type registration ncharacter -> org.hibernate.type.CharacterNCharType@38e1fd67
2024-07-16 23:47:15,049 DEBUG org.hibernate.type.BasicTypeRegistry [task-1] Adding type registration url -> org.hibernate.type.UrlType@5c00e067
2024-07-16 23:47:15,051 DEBUG org.hibernate.type.BasicTypeRegistry [task-1] Adding type registration java.net.URL -> org.hibernate.type.UrlType@5c00e067
2024-07-16 23:47:15,051 DEBUG org.apache.juli.logging.DirectJDKLog [main] Setting state for [org.springframework.boot.web.embedded.tomcat.LazySessionIdGenerator@1332dec4] to [INITIALIZING]
2024-07-16 23:47:15,052 DEBUG org.apache.juli.logging.DirectJDKLog [main] Setting state for [org.springframework.boot.web.embedded.tomcat.LazySessionIdGenerator@1332dec4] to [INITIALIZED]
2024-07-16 23:47:15,052 DEBUG org.apache.juli.logging.DirectJDKLog [main] Setting state for [org.springframework.boot.web.embedded.tomcat.LazySessionIdGenerator@1332dec4] to [STARTING_PREP]
2024-07-16 23:47:15,053 DEBUG org.apache.juli.logging.DirectJDKLog [main] Setting state for [org.springframework.boot.web.embedded.tomcat.LazySessionIdGenerator@1332dec4] to [STARTING]
2024-07-16 23:47:15,057 DEBUG org.apache.juli.logging.DirectJDKLog [main] Setting state for [org.springframework.boot.web.embedded.tomcat.LazySessionIdGenerator@1332dec4] to [STARTED]
2024-07-16 23:47:15,058 DEBUG org.apache.juli.logging.DirectJDKLog [main] Start: Loading persisted sessions
2024-07-16 23:47:15,059 DEBUG org.apache.juli.logging.DirectJDKLog [main] Loading persisted sessions from [SESSIONS.ser]
2024-07-16 23:47:15,061 DEBUG org.apache.juli.logging.DirectJDKLog [main] No persisted data file found
2024-07-16 23:47:15,062 DEBUG org.apache.juli.logging.DirectJDKLog [main] Setting state for [StandardManager[StandardEngine[Tomcat].StandardHost[localhost].TomcatEmbeddedContext[]]] to [STARTING]
2024-07-16 23:47:15,063 DEBUG org.apache.juli.logging.DirectJDKLog [main] Setting state for [StandardManager[StandardEngine[Tomcat].StandardHost[localhost].TomcatEmbeddedContext[]]] to [STARTED]
2024-07-16 23:47:15,063 DEBUG org.apache.juli.logging.DirectJDKLog [main] Starting filters
2024-07-16 23:47:15,065 DEBUG org.apache.juli.logging.DirectJDKLog [main]  Starting filter 'requestContextFilter'
2024-07-16 23:47:15,065 DEBUG org.hibernate.type.BasicTypeRegistry [task-1] Adding type registration Duration -> org.hibernate.type.DurationType@f900ffd
2024-07-16 23:47:15,067 DEBUG org.hibernate.type.BasicTypeRegistry [task-1] Adding type registration java.time.Duration -> org.hibernate.type.DurationType@f900ffd
2024-07-16 23:47:15,069 DEBUG org.springframework.web.filter.GenericFilterBean [main] Filter 'requestContextFilter' configured for use
2024-07-16 23:47:15,070 DEBUG org.apache.juli.logging.DirectJDKLog [main]  Starting filter 'Tomcat WebSocket (JSR356) Filter'
2024-07-16 23:47:15,070 DEBUG org.hibernate.type.BasicTypeRegistry [task-1] Adding type registration Instant -> org.hibernate.type.InstantType@322ebbfb
2024-07-16 23:47:15,071 DEBUG org.hibernate.type.BasicTypeRegistry [task-1] Adding type registration java.time.Instant -> org.hibernate.type.InstantType@322ebbfb
2024-07-16 23:47:15,071 DEBUG org.apache.juli.logging.DirectJDKLog [main]  Starting filter 'loggingFilter'
2024-07-16 23:47:15,072 DEBUG org.springframework.web.filter.GenericFilterBean [main] Filter 'loggingFilter' configured for use
2024-07-16 23:47:15,074 DEBUG org.apache.juli.logging.DirectJDKLog [main]  Starting filter 'characterEncodingFilter'
2024-07-16 23:47:15,074 DEBUG org.springframework.web.filter.GenericFilterBean [main] Filter 'characterEncodingFilter' configured for use
2024-07-16 23:47:15,075 DEBUG org.apache.juli.logging.DirectJDKLog [main]  Starting filter 'springSecurityFilterChain'
2024-07-16 23:47:15,075 DEBUG org.hibernate.type.BasicTypeRegistry [task-1] Adding type registration LocalDateTime -> org.hibernate.type.LocalDateTimeType@693acd4f
2024-07-16 23:47:15,076 DEBUG org.hibernate.type.BasicTypeRegistry [task-1] Adding type registration java.time.LocalDateTime -> org.hibernate.type.LocalDateTimeType@693acd4f
2024-07-16 23:47:15,076 DEBUG org.springframework.web.filter.GenericFilterBean [main] Filter 'springSecurityFilterChain' configured for use
2024-07-16 23:47:15,076 DEBUG org.apache.juli.logging.DirectJDKLog [main]  Starting filter 'formContentFilter'
2024-07-16 23:47:15,076 DEBUG org.springframework.web.filter.GenericFilterBean [main] Filter 'formContentFilter' configured for use
2024-07-16 23:47:15,077 DEBUG org.apache.juli.logging.DirectJDKLog [main]  Starting filter 'authenticationTokenFilterBean'
2024-07-16 23:47:15,077 DEBUG org.springframework.web.filter.GenericFilterBean [main] Filter 'authenticationTokenFilterBean' configured for use
2024-07-16 23:47:15,078 DEBUG org.apache.juli.logging.DirectJDKLog [main] Starting completed
2024-07-16 23:47:15,079 DEBUG org.apache.juli.logging.DirectJDKLog [main] Setting state for [StandardEngine[Tomcat].StandardHost[localhost].TomcatEmbeddedContext[]] to [STARTING]
2024-07-16 23:47:15,079 DEBUG org.hibernate.type.BasicTypeRegistry [task-1] Adding type registration LocalDate -> org.hibernate.type.LocalDateType@42b75b0b
2024-07-16 23:47:15,081 DEBUG org.apache.juli.logging.DirectJDKLog [main] Setting state for [StandardEngine[Tomcat].StandardHost[localhost].TomcatEmbeddedContext[]] to [STARTED]
2024-07-16 23:47:15,081 DEBUG org.hibernate.type.BasicTypeRegistry [task-1] Adding type registration java.time.LocalDate -> org.hibernate.type.LocalDateType@42b75b0b
2024-07-16 23:47:15,082 DEBUG org.apache.juli.logging.DirectJDKLog [main] Setting state for [StandardPipeline[StandardEngine[Tomcat].StandardHost[localhost]]] to [INITIALIZING]
2024-07-16 23:47:15,082 DEBUG org.apache.juli.logging.DirectJDKLog [main] Setting state for [StandardPipeline[StandardEngine[Tomcat].StandardHost[localhost]]] to [INITIALIZED]
2024-07-16 23:47:15,083 DEBUG org.apache.juli.logging.DirectJDKLog [main] Setting state for [StandardPipeline[StandardEngine[Tomcat].StandardHost[localhost]]] to [STARTING_PREP]
2024-07-16 23:47:15,084 DEBUG org.apache.juli.logging.DirectJDKLog [main] Setting state for [ErrorReportValve[StandardEngine[Tomcat].StandardHost[localhost]]] to [INITIALIZING]
2024-07-16 23:47:15,084 DEBUG org.hibernate.type.BasicTypeRegistry [task-1] Adding type registration LocalTime -> org.hibernate.type.LocalTimeType@603e5abd
2024-07-16 23:47:15,086 DEBUG org.hibernate.type.BasicTypeRegistry [task-1] Adding type registration java.time.LocalTime -> org.hibernate.type.LocalTimeType@603e5abd
2024-07-16 23:47:15,086 DEBUG org.apache.juli.logging.DirectJDKLog [main] Setting state for [ErrorReportValve[StandardEngine[Tomcat].StandardHost[localhost]]] to [INITIALIZED]
2024-07-16 23:47:15,087 DEBUG org.apache.juli.logging.DirectJDKLog [main] Setting state for [ErrorReportValve[StandardEngine[Tomcat].StandardHost[localhost]]] to [STARTING_PREP]
2024-07-16 23:47:15,089 DEBUG org.apache.juli.logging.DirectJDKLog [main] Setting state for [ErrorReportValve[StandardEngine[Tomcat].StandardHost[localhost]]] to [STARTING]
2024-07-16 23:47:15,089 DEBUG org.apache.juli.logging.DirectJDKLog [main] Setting state for [ErrorReportValve[StandardEngine[Tomcat].StandardHost[localhost]]] to [STARTED]
2024-07-16 23:47:15,089 DEBUG org.apache.juli.logging.DirectJDKLog [main] Setting state for [StandardHostValve[StandardEngine[Tomcat].StandardHost[localhost]]] to [INITIALIZING]
2024-07-16 23:47:15,091 DEBUG org.apache.juli.logging.DirectJDKLog [main] Setting state for [StandardHostValve[StandardEngine[Tomcat].StandardHost[localhost]]] to [INITIALIZED]
2024-07-16 23:47:15,095 DEBUG org.apache.juli.logging.DirectJDKLog [main] Setting state for [StandardHostValve[StandardEngine[Tomcat].StandardHost[localhost]]] to [STARTING_PREP]
2024-07-16 23:47:15,096 DEBUG org.apache.juli.logging.DirectJDKLog [main] Setting state for [StandardHostValve[StandardEngine[Tomcat].StandardHost[localhost]]] to [STARTING]
2024-07-16 23:47:15,098 DEBUG org.apache.juli.logging.DirectJDKLog [main] Setting state for [StandardHostValve[StandardEngine[Tomcat].StandardHost[localhost]]] to [STARTED]
2024-07-16 23:47:15,100 DEBUG org.apache.juli.logging.DirectJDKLog [main] Setting state for [StandardPipeline[StandardEngine[Tomcat].StandardHost[localhost]]] to [STARTING]
2024-07-16 23:47:15,101 DEBUG org.apache.juli.logging.DirectJDKLog [main] Setting state for [StandardPipeline[StandardEngine[Tomcat].StandardHost[localhost]]] to [STARTED]
2024-07-16 23:47:15,102 DEBUG org.apache.juli.logging.DirectJDKLog [main] Setting state for [StandardEngine[Tomcat].StandardHost[localhost]] to [STARTING]
2024-07-16 23:47:15,102 DEBUG com.zaxxer.hikari.pool.HikariPool$PoolEntryCreator [HikariPool-1 connection adder] HikariPool-1 - Added connection org.postgresql.jdbc.PgConnection@56f14ee0
2024-07-16 23:47:15,102 DEBUG org.postgresql.Driver [HikariPool-1 connection adder] Connecting with URL: jdbc:postgresql://localhost:5432/Clubdb
2024-07-16 23:47:15,102 DEBUG org.apache.juli.logging.DirectJDKLog [main] Setting state for [StandardEngine[Tomcat].StandardHost[localhost]] to [STARTED]
2024-07-16 23:47:15,104 DEBUG org.postgresql.jdbc.PgConnection [HikariPool-1 connection adder] PostgreSQL JDBC Driver 42.2.14
2024-07-16 23:47:15,104 DEBUG org.apache.juli.logging.DirectJDKLog [main] Setting state for [StandardPipeline[StandardEngine[Tomcat]]] to [INITIALIZING]
2024-07-16 23:47:15,105 DEBUG org.postgresql.jdbc.PgConnection [HikariPool-1 connection adder]   setDefaultFetchSize = 0
2024-07-16 23:47:15,104 DEBUG org.hibernate.type.BasicTypeRegistry [task-1] Adding type registration OffsetDateTime -> org.hibernate.type.OffsetDateTimeType@5ce98860
2024-07-16 23:47:15,105 DEBUG org.apache.juli.logging.DirectJDKLog [main] Setting state for [StandardPipeline[StandardEngine[Tomcat]]] to [INITIALIZED]
2024-07-16 23:47:15,105 DEBUG org.hibernate.type.BasicTypeRegistry [task-1] Adding type registration java.time.OffsetDateTime -> org.hibernate.type.OffsetDateTimeType@5ce98860
2024-07-16 23:47:15,105 DEBUG org.postgresql.jdbc.PgConnection [HikariPool-1 connection adder]   setPrepareThreshold = 5
2024-07-16 23:47:15,105 DEBUG org.postgresql.core.v3.ConnectionFactoryImpl [HikariPool-1 connection adder] Trying to establish a protocol version 3 connection to localhost:5432
2024-07-16 23:47:15,105 DEBUG org.apache.juli.logging.DirectJDKLog [main] Setting state for [StandardPipeline[StandardEngine[Tomcat]]] to [STARTING_PREP]
2024-07-16 23:47:15,107 DEBUG org.apache.juli.logging.DirectJDKLog [main] Setting state for [StandardEngineValve[StandardEngine[Tomcat]]] to [INITIALIZING]
2024-07-16 23:47:15,108 DEBUG org.apache.juli.logging.DirectJDKLog [main] Setting state for [StandardEngineValve[StandardEngine[Tomcat]]] to [INITIALIZED]
2024-07-16 23:47:15,108 DEBUG org.postgresql.core.v3.ConnectionFactoryImpl [HikariPool-1 connection adder] Receive Buffer Size is 65,536
2024-07-16 23:47:15,108 DEBUG org.apache.juli.logging.DirectJDKLog [main] Setting state for [StandardEngineValve[StandardEngine[Tomcat]]] to [STARTING_PREP]
2024-07-16 23:47:15,109 DEBUG org.apache.juli.logging.DirectJDKLog [main] Setting state for [StandardEngineValve[StandardEngine[Tomcat]]] to [STARTING]
2024-07-16 23:47:15,109 DEBUG org.apache.juli.logging.DirectJDKLog [main] Setting state for [StandardEngineValve[StandardEngine[Tomcat]]] to [STARTED]
2024-07-16 23:47:15,109 DEBUG org.postgresql.core.v3.ConnectionFactoryImpl [HikariPool-1 connection adder] Send Buffer Size is 65,536
2024-07-16 23:47:15,111 DEBUG org.hibernate.type.BasicTypeRegistry [task-1] Adding type registration OffsetTime -> org.hibernate.type.OffsetTimeType@8dd4b17
2024-07-16 23:47:15,111 DEBUG org.apache.juli.logging.DirectJDKLog [main] Setting state for [StandardPipeline[StandardEngine[Tomcat]]] to [STARTING]
2024-07-16 23:47:15,111 DEBUG org.hibernate.type.BasicTypeRegistry [task-1] Adding type registration java.time.OffsetTime -> org.hibernate.type.OffsetTimeType@8dd4b17
2024-07-16 23:47:15,111 DEBUG org.apache.juli.logging.DirectJDKLog [main] Setting state for [StandardPipeline[StandardEngine[Tomcat]]] to [STARTED]
2024-07-16 23:47:15,111 DEBUG org.apache.juli.logging.DirectJDKLog [main] Setting state for [StandardEngine[Tomcat]] to [STARTING]
2024-07-16 23:47:15,117 DEBUG org.apache.juli.logging.DirectJDKLog [main] Setting state for [StandardEngine[Tomcat]] to [STARTED]
2024-07-16 23:47:15,117 DEBUG org.hibernate.type.BasicTypeRegistry [task-1] Adding type registration ZonedDateTime -> org.hibernate.type.ZonedDateTimeType@3b83680b
2024-07-16 23:47:15,118 DEBUG org.apache.juli.logging.DirectJDKLog [main] Setting state for [org.apache.catalina.mapper.MapperListener@36aab105] to [STARTING_PREP]
2024-07-16 23:47:15,118 DEBUG org.hibernate.type.BasicTypeRegistry [task-1] Adding type registration java.time.ZonedDateTime -> org.hibernate.type.ZonedDateTimeType@3b83680b
2024-07-16 23:47:15,118 DEBUG org.apache.juli.logging.DirectJDKLog [main] Setting state for [org.apache.catalina.mapper.MapperListener@36aab105] to [STARTING]
2024-07-16 23:47:15,121 DEBUG org.apache.juli.logging.DirectJDKLog [main] Registered host [localhost]
2024-07-16 23:47:15,122 DEBUG org.apache.juli.logging.DirectJDKLog [main] Register Wrapper [default] in Context [] for service [StandardService[Tomcat]]
2024-07-16 23:47:15,122 DEBUG org.hibernate.type.BasicTypeRegistry [task-1] Adding type registration date -> org.hibernate.type.DateType@2d4cac33
2024-07-16 23:47:15,123 DEBUG org.hibernate.type.BasicTypeRegistry [task-1] Adding type registration java.sql.Date -> org.hibernate.type.DateType@2d4cac33
2024-07-16 23:47:15,124 DEBUG org.apache.juli.logging.DirectJDKLog [main] Register Wrapper [dispatcherServlet] in Context [] for service [StandardService[Tomcat]]
2024-07-16 23:47:15,125 DEBUG org.apache.juli.logging.DirectJDKLog [main] Register Context [] for service [StandardService[Tomcat]]
2024-07-16 23:47:15,126 DEBUG org.apache.juli.logging.DirectJDKLog [main] Register host [localhost] at domain [null] for service [StandardService[Tomcat]]
2024-07-16 23:47:15,127 DEBUG org.hibernate.type.BasicTypeRegistry [task-1] Adding type registration time -> org.hibernate.type.TimeType@5b2fc637
2024-07-16 23:47:15,127 DEBUG org.apache.juli.logging.DirectJDKLog [main] Setting state for [org.apache.catalina.mapper.MapperListener@36aab105] to [STARTED]
2024-07-16 23:47:15,127 DEBUG org.hibernate.type.BasicTypeRegistry [task-1] Adding type registration java.sql.Time -> org.hibernate.type.TimeType@5b2fc637
2024-07-16 23:47:15,127 DEBUG org.apache.juli.logging.DirectJDKLog [main] Setting state for [StandardService[Tomcat]] to [STARTED]
2024-07-16 23:47:15,128 DEBUG org.apache.juli.logging.DirectJDKLog [main] Setting state for [StandardServer[-1]] to [STARTED]
2024-07-16 23:47:15,131 DEBUG org.hibernate.type.BasicTypeRegistry [task-1] Adding type registration timestamp -> org.hibernate.type.TimestampType@1a203693
2024-07-16 23:47:15,131 DEBUG org.hibernate.type.BasicTypeRegistry [task-1] Adding type registration java.sql.Timestamp -> org.hibernate.type.TimestampType@1a203693
2024-07-16 23:47:15,131 DEBUG org.hibernate.type.BasicTypeRegistry [task-1] Adding type registration java.util.Date -> org.hibernate.type.TimestampType@1a203693
2024-07-16 23:47:15,134 DEBUG org.hibernate.type.BasicTypeRegistry [task-1] Adding type registration dbtimestamp -> org.hibernate.type.DbTimestampType@4cab1b41
2024-07-16 23:47:15,137 DEBUG org.hibernate.type.BasicTypeRegistry [task-1] Adding type registration calendar -> org.hibernate.type.CalendarType@6ab71fd6
2024-07-16 23:47:15,138 DEBUG org.hibernate.type.BasicTypeRegistry [task-1] Adding type registration java.util.Calendar -> org.hibernate.type.CalendarType@6ab71fd6
2024-07-16 23:47:15,139 DEBUG org.hibernate.type.BasicTypeRegistry [task-1] Adding type registration java.util.GregorianCalendar -> org.hibernate.type.CalendarType@6ab71fd6
2024-07-16 23:47:15,144 DEBUG org.hibernate.type.BasicTypeRegistry [task-1] Adding type registration calendar_date -> org.hibernate.type.CalendarDateType@535638d1
2024-07-16 23:47:15,147 DEBUG org.hibernate.type.BasicTypeRegistry [task-1] Adding type registration calendar_time -> org.hibernate.type.CalendarTimeType@2cc6082f
2024-07-16 23:47:15,150 DEBUG org.hibernate.type.BasicTypeRegistry [task-1] Adding type registration locale -> org.hibernate.type.LocaleType@f6ed2b2
2024-07-16 23:47:15,151 DEBUG org.hibernate.type.BasicTypeRegistry [task-1] Adding type registration java.util.Locale -> org.hibernate.type.LocaleType@f6ed2b2
2024-07-16 23:47:15,151 DEBUG org.springframework.beans.factory.support.DefaultSingletonBeanRegistry [main] Creating shared instance of singleton bean 'bookingApplication'
2024-07-16 23:47:15,154 DEBUG org.hibernate.type.BasicTypeRegistry [task-1] Adding type registration currency -> org.hibernate.type.CurrencyType@1c4e8442
2024-07-16 23:47:15,155 DEBUG org.springframework.beans.factory.support.DefaultSingletonBeanRegistry [main] Creating shared instance of singleton bean 'bookingController'
2024-07-16 23:47:15,155 DEBUG org.hibernate.type.BasicTypeRegistry [task-1] Adding type registration java.util.Currency -> org.hibernate.type.CurrencyType@1c4e8442
2024-07-16 23:47:15,157 DEBUG org.hibernate.type.BasicTypeRegistry [task-1] Adding type registration timezone -> org.hibernate.type.TimeZoneType@10935532
2024-07-16 23:47:15,158 DEBUG org.hibernate.type.BasicTypeRegistry [task-1] Adding type registration java.util.TimeZone -> org.hibernate.type.TimeZoneType@10935532
2024-07-16 23:47:15,160 DEBUG org.springframework.beans.factory.support.DefaultSingletonBeanRegistry [main] Creating shared instance of singleton bean 'BookingService'
2024-07-16 23:47:15,160 DEBUG org.hibernate.type.BasicTypeRegistry [task-1] Adding type registration class -> org.hibernate.type.ClassType@4809d72e
2024-07-16 23:47:15,161 DEBUG org.hibernate.type.BasicTypeRegistry [task-1] Adding type registration java.lang.Class -> org.hibernate.type.ClassType@4809d72e
2024-07-16 23:47:15,165 DEBUG org.hibernate.type.BasicTypeRegistry [task-1] Adding type registration uuid-binary -> org.hibernate.type.UUIDBinaryType@7aff2a2d
2024-07-16 23:47:15,165 DEBUG org.hibernate.type.BasicTypeRegistry [task-1] Adding type registration java.util.UUID -> org.hibernate.type.UUIDBinaryType@7aff2a2d
2024-07-16 23:47:15,165 DEBUG org.springframework.data.repository.config.RepositoryConfigurationDelegate$LazyRepositoryInjectionPointResolver [main] Creating lazy injection proxy for com.booking.dao.ClubSlotBookingDao…
2024-07-16 23:47:15,168 DEBUG org.hibernate.type.BasicTypeRegistry [task-1] Adding type registration uuid-char -> org.hibernate.type.UUIDCharType@36ca74ef
2024-07-16 23:47:15,172 DEBUG org.hibernate.type.BasicTypeRegistry [task-1] Adding type registration binary -> org.hibernate.type.BinaryType@5bc84ffb
2024-07-16 23:47:15,172 DEBUG org.hibernate.type.BasicTypeRegistry [task-1] Adding type registration byte[] -> org.hibernate.type.BinaryType@5bc84ffb
2024-07-16 23:47:15,173 DEBUG org.hibernate.type.BasicTypeRegistry [task-1] Adding type registration [B -> org.hibernate.type.BinaryType@5bc84ffb
2024-07-16 23:47:15,176 DEBUG org.hibernate.type.BasicTypeRegistry [task-1] Adding type registration wrapper-binary -> org.hibernate.type.WrapperBinaryType@6a6919da
2024-07-16 23:47:15,176 DEBUG org.hibernate.type.BasicTypeRegistry [task-1] Adding type registration Byte[] -> org.hibernate.type.WrapperBinaryType@6a6919da
2024-07-16 23:47:15,176 DEBUG org.hibernate.type.BasicTypeRegistry [task-1] Adding type registration [Ljava.lang.Byte; -> org.hibernate.type.WrapperBinaryType@6a6919da
2024-07-16 23:47:15,192 DEBUG org.springframework.data.repository.config.RepositoryConfigurationDelegate$LazyRepositoryInjectionPointResolver [main] Creating lazy injection proxy for com.booking.dao.ClubSlotDao…
2024-07-16 23:47:15,195 DEBUG org.hibernate.type.BasicTypeRegistry [task-1] Adding type registration row_version -> org.hibernate.type.RowVersionType@6bc155d3
2024-07-16 23:47:15,197 DEBUG org.hibernate.type.BasicTypeRegistry [task-1] Adding type registration image -> org.hibernate.type.ImageType@43f93104
2024-07-16 23:47:15,203 DEBUG org.springframework.data.repository.config.RepositoryConfigurationDelegate$LazyRepositoryInjectionPointResolver [main] Creating lazy injection proxy for com.booking.dao.UserDao…
2024-07-16 23:47:15,204 DEBUG org.hibernate.type.BasicTypeRegistry [task-1] Adding type registration characters -> org.hibernate.type.CharArrayType@3b06c61d
2024-07-16 23:47:15,206 DEBUG org.hibernate.type.BasicTypeRegistry [task-1] Adding type registration char[] -> org.hibernate.type.CharArrayType@3b06c61d
2024-07-16 23:47:15,206 DEBUG org.springframework.data.repository.config.RepositoryConfigurationDelegate$LazyRepositoryInjectionPointResolver [main] Creating lazy injection proxy for com.booking.dao.UserBookingDao…
2024-07-16 23:47:15,207 DEBUG org.hibernate.type.BasicTypeRegistry [task-1] Adding type registration [C -> org.hibernate.type.CharArrayType@3b06c61d
2024-07-16 23:47:15,211 DEBUG org.hibernate.type.BasicTypeRegistry [task-1] Adding type registration wrapper-characters -> org.hibernate.type.CharacterArrayType@14304513
2024-07-16 23:47:15,211 DEBUG org.hibernate.type.BasicTypeRegistry [task-1] Adding type registration [Ljava.lang.Character; -> org.hibernate.type.CharacterArrayType@14304513
2024-07-16 23:47:15,213 DEBUG org.hibernate.type.BasicTypeRegistry [task-1] Adding type registration Character[] -> org.hibernate.type.CharacterArrayType@14304513
2024-07-16 23:47:15,214 DEBUG org.springframework.beans.factory.support.DefaultSingletonBeanRegistry [main] Creating shared instance of singleton bean 'configController'
2024-07-16 23:47:15,215 DEBUG sun.rmi.runtime.Log$LoggerLog [RMI TCP Connection(2)-127.0.0.1] RMI TCP Connection(2)-127.0.0.1: (port 53302) op = 82
2024-07-16 23:47:15,217 DEBUG sun.rmi.runtime.Log$LoggerLog [RMI TCP Connection(2)-127.0.0.1] RMI TCP Connection(2)-127.0.0.1: (port 53302) op = 80
2024-07-16 23:47:15,218 DEBUG sun.rmi.runtime.Log$LoggerLog [RMI TCP Connection(2)-127.0.0.1] RMI TCP Connection(2)-127.0.0.1: name = "javax.management.ObjectName", codebase = ""
2024-07-16 23:47:15,218 DEBUG sun.util.logging.internal.LoggingProviderImpl$JULWrapper [RMI TCP Connection(2)-127.0.0.1] connectionId=rmi://127.0.0.1  1, name=org.springframework.boot:type=Admin,name=SpringApplication, attribute=Ready
2024-07-16 23:47:15,218 DEBUG org.springframework.data.repository.config.RepositoryConfigurationDelegate$LazyRepositoryInjectionPointResolver [main] Creating lazy injection proxy for com.booking.dao.ClubConfigDao…
2024-07-16 23:47:15,219 DEBUG sun.rmi.runtime.Log$LoggerLog [RMI TCP Connection(2)-127.0.0.1] RMI TCP Connection(2)-127.0.0.1: [127.0.0.1] exception: 
javax.management.InstanceNotFoundException: org.springframework.boot:type=Admin,name=SpringApplication
	at java.management/com.sun.jmx.interceptor.DefaultMBeanServerInterceptor.getMBean(DefaultMBeanServerInterceptor.java:1088)
	at java.management/com.sun.jmx.interceptor.DefaultMBeanServerInterceptor.getAttribute(DefaultMBeanServerInterceptor.java:640)
	at java.management/com.sun.jmx.mbeanserver.JmxMBeanServer.getAttribute(JmxMBeanServer.java:679)
	at java.management.rmi/javax.management.remote.rmi.RMIConnectionImpl.doOperation(RMIConnectionImpl.java:1449)
	at java.management.rmi/javax.management.remote.rmi.RMIConnectionImpl$PrivilegedOperation.run(RMIConnectionImpl.java:1310)
	at java.management.rmi/javax.management.remote.rmi.RMIConnectionImpl.doPrivilegedOperation(RMIConnectionImpl.java:1405)
	at java.management.rmi/javax.management.remote.rmi.RMIConnectionImpl.getAttribute(RMIConnectionImpl.java:639)
	at java.base/jdk.internal.reflect.GeneratedMethodAccessor29.invoke(Unknown Source)
	at java.base/jdk.internal.reflect.DelegatingMethodAccessorImpl.invoke(DelegatingMethodAccessorImpl.java:43)
	at java.base/java.lang.reflect.Method.invoke(Method.java:568)
	at java.rmi/sun.rmi.server.UnicastServerRef.dispatch(UnicastServerRef.java:360)
	at java.rmi/sun.rmi.transport.Transport$1.run(Transport.java:200)
	at java.rmi/sun.rmi.transport.Transport$1.run(Transport.java:197)
	at java.base/java.security.AccessController.doPrivileged(AccessController.java:712)
	at java.rmi/sun.rmi.transport.Transport.serviceCall(Transport.java:196)
	at java.rmi/sun.rmi.transport.tcp.TCPTransport.handleMessages(TCPTransport.java:587)
	at java.rmi/sun.rmi.transport.tcp.TCPTransport$ConnectionHandler.run0(TCPTransport.java:828)
	at java.rmi/sun.rmi.transport.tcp.TCPTransport$ConnectionHandler.lambda$run$0(TCPTransport.java:705)
	at java.base/java.security.AccessController.doPrivileged(AccessController.java:399)
	at java.rmi/sun.rmi.transport.tcp.TCPTransport$ConnectionHandler.run(TCPTransport.java:704)
	at java.base/java.util.concurrent.ThreadPoolExecutor.runWorker(ThreadPoolExecutor.java:1136)
	at java.base/java.util.concurrent.ThreadPoolExecutor$Worker.run(ThreadPoolExecutor.java:635)
	at java.base/java.lang.Thread.run(Thread.java:833)
2024-07-16 23:47:15,223 DEBUG org.hibernate.type.BasicTypeRegistry [task-1] Adding type registration text -> org.hibernate.type.TextType@22ce2888
2024-07-16 23:47:15,225 DEBUG org.hibernate.type.BasicTypeRegistry [task-1] Adding type registration ntext -> org.hibernate.type.NTextType@6f10d6d8
2024-07-16 23:47:15,230 DEBUG org.hibernate.type.BasicTypeRegistry [task-1] Adding type registration blob -> org.hibernate.type.BlobType@51a7d3f5
2024-07-16 23:47:15,232 DEBUG org.hibernate.type.BasicTypeRegistry [task-1] Adding type registration java.sql.Blob -> org.hibernate.type.BlobType@51a7d3f5
2024-07-16 23:47:15,233 DEBUG org.hibernate.type.BasicTypeRegistry [task-1] Adding type registration materialized_blob -> org.hibernate.type.MaterializedBlobType@68acef71
2024-07-16 23:47:15,237 DEBUG org.hibernate.type.BasicTypeRegistry [task-1] Adding type registration clob -> org.hibernate.type.ClobType@4bee4e65
2024-07-16 23:47:15,238 DEBUG org.hibernate.type.BasicTypeRegistry [task-1] Adding type registration java.sql.Clob -> org.hibernate.type.ClobType@4bee4e65
2024-07-16 23:47:15,242 DEBUG org.hibernate.type.BasicTypeRegistry [task-1] Adding type registration nclob -> org.hibernate.type.NClobType@2a87bf36
2024-07-16 23:47:15,250 DEBUG org.springframework.beans.factory.support.DefaultSingletonBeanRegistry [main] Creating shared instance of singleton bean 'slotController'
2024-07-16 23:47:15,253 DEBUG org.hibernate.type.BasicTypeRegistry [task-1] Adding type registration java.sql.NClob -> org.hibernate.type.NClobType@2a87bf36
2024-07-16 23:47:15,255 DEBUG org.springframework.beans.factory.support.DefaultSingletonBeanRegistry [main] Creating shared instance of singleton bean 'SlotService'
2024-07-16 23:47:15,255 DEBUG org.hibernate.type.BasicTypeRegistry [task-1] Adding type registration materialized_clob -> org.hibernate.type.MaterializedClobType@49097921
2024-07-16 23:47:15,260 DEBUG org.hibernate.type.BasicTypeRegistry [task-1] Adding type registration materialized_nclob -> org.hibernate.type.MaterializedNClobType@71d78ac2
2024-07-16 23:47:15,264 DEBUG org.springframework.data.repository.config.RepositoryConfigurationDelegate$LazyRepositoryInjectionPointResolver [main] Creating lazy injection proxy for com.booking.dao.ClubSlotDao…
2024-07-16 23:47:15,266 DEBUG org.springframework.data.repository.config.RepositoryConfigurationDelegate$LazyRepositoryInjectionPointResolver [main] Creating lazy injection proxy for com.booking.dao.ClubSlotBookingDao…
2024-07-16 23:47:15,267 DEBUG org.hibernate.type.BasicTypeRegistry [task-1] Adding type registration serializable -> org.hibernate.type.SerializableType@50b247c3
2024-07-16 23:47:15,267 DEBUG org.springframework.data.repository.config.RepositoryConfigurationDelegate$LazyRepositoryInjectionPointResolver [main] Creating lazy injection proxy for com.booking.dao.ClubConfigDao…
2024-07-16 23:47:15,268 DEBUG org.springframework.data.repository.config.RepositoryConfigurationDelegate$LazyRepositoryInjectionPointResolver [main] Creating lazy injection proxy for com.booking.dao.UserBookingDao…
2024-07-16 23:47:15,270 DEBUG org.springframework.core.env.PropertySourcesPropertyResolver [main] Found key 'jpa.datasource.url' in PropertySource 'configurationProperties' with value of type String
2024-07-16 23:47:15,271 DEBUG org.springframework.core.env.PropertySourcesPropertyResolver [main] Found key 'jpa.datasource.url' in PropertySource 'environmentProperties' with value of type String
2024-07-16 23:47:15,274 DEBUG org.springframework.core.env.PropertySourcesPropertyResolver [main] Found key 'spring.datasource.username' in PropertySource 'configurationProperties' with value of type String
2024-07-16 23:47:15,274 DEBUG org.springframework.core.env.PropertySourcesPropertyResolver [main] Found key 'spring.datasource.username' in PropertySource 'environmentProperties' with value of type String
2024-07-16 23:47:15,276 DEBUG org.springframework.core.env.PropertySourcesPropertyResolver [main] Found key 'spring.datasource.password' in PropertySource 'configurationProperties' with value of type String
2024-07-16 23:47:15,277 DEBUG org.springframework.core.env.PropertySourcesPropertyResolver [main] Found key 'spring.datasource.password' in PropertySource 'environmentProperties' with value of type String
2024-07-16 23:47:15,278 DEBUG org.hibernate.type.BasicTypeRegistry [task-1] Adding type registration object -> org.hibernate.type.ObjectType@53ae819f
2024-07-16 23:47:15,279 DEBUG org.hibernate.type.BasicTypeRegistry [task-1] Adding type registration java.lang.Object -> org.hibernate.type.ObjectType@53ae819f
2024-07-16 23:47:15,281 DEBUG org.hibernate.type.BasicTypeRegistry [task-1] Adding type registration imm_date -> org.hibernate.type.AdaptedImmutableType@514ae81c
2024-07-16 23:47:15,281 DEBUG org.hibernate.type.BasicTypeRegistry [task-1] Adding type registration imm_time -> org.hibernate.type.AdaptedImmutableType@6b2df66a
2024-07-16 23:47:15,282 DEBUG org.hibernate.type.BasicTypeRegistry [task-1] Adding type registration imm_timestamp -> org.hibernate.type.AdaptedImmutableType@14a6aa5b
2024-07-16 23:47:15,282 DEBUG org.hibernate.type.BasicTypeRegistry [task-1] Adding type registration imm_dbtimestamp -> org.hibernate.type.AdaptedImmutableType@1b0f3b49
2024-07-16 23:47:15,284 DEBUG org.hibernate.type.BasicTypeRegistry [task-1] Adding type registration imm_calendar -> org.hibernate.type.AdaptedImmutableType@1d032a3c
2024-07-16 23:47:15,284 DEBUG org.hibernate.type.BasicTypeRegistry [task-1] Adding type registration imm_calendar_date -> org.hibernate.type.AdaptedImmutableType@19190150
2024-07-16 23:47:15,285 DEBUG org.hibernate.type.BasicTypeRegistry [task-1] Adding type registration imm_binary -> org.hibernate.type.AdaptedImmutableType@38cc845a
2024-07-16 23:47:15,285 DEBUG org.hibernate.type.BasicTypeRegistry [task-1] Adding type registration imm_serializable -> org.hibernate.type.AdaptedImmutableType@5afb2579
2024-07-16 23:47:15,361 DEBUG org.hibernate.boot.internal.BootstrapContextImpl [task-1] Injecting JPA temp ClassLoader [org.springframework.instrument.classloading.SimpleThrowawayClassLoader@272775e9] into BootstrapContext; was [null]
2024-07-16 23:47:15,361 DEBUG org.hibernate.boot.internal.ClassLoaderAccessImpl [task-1] ClassLoaderAccessImpl#injectTempClassLoader(org.springframework.instrument.classloading.SimpleThrowawayClassLoader@272775e9) [was null]
2024-07-16 23:47:15,370 DEBUG org.hibernate.boot.internal.BootstrapContextImpl [task-1] Injecting ScanEnvironment [org.hibernate.jpa.boot.internal.StandardJpaScanEnvironmentImpl@4f1fec75] into BootstrapContext; was [null]
2024-07-16 23:47:15,370 DEBUG org.hibernate.boot.internal.BootstrapContextImpl [task-1] Injecting ScanOptions [org.hibernate.boot.archive.scan.internal.StandardScanOptions@3337753b] into BootstrapContext; was [org.hibernate.boot.archive.scan.internal.StandardScanOptions@51bd8faa]
2024-07-16 23:47:15,388 DEBUG org.springframework.beans.factory.support.DefaultSingletonBeanRegistry [main] Creating shared instance of singleton bean 'userController'
2024-07-16 23:47:15,399 DEBUG org.springframework.beans.factory.support.DefaultSingletonBeanRegistry [main] Creating shared instance of singleton bean 'authenticationManagerBean'
2024-07-16 23:47:15,406 DEBUG org.springframework.data.repository.config.RepositoryConfigurationDelegate$LazyRepositoryInjectionPointResolver [main] Creating lazy injection proxy for com.booking.dao.UserDao…
2024-07-16 23:47:15,407 DEBUG org.hibernate.boot.internal.BootstrapContextImpl [task-1] Injecting JPA temp ClassLoader [null] into BootstrapContext; was [org.springframework.instrument.classloading.SimpleThrowawayClassLoader@272775e9]
2024-07-16 23:47:15,407 DEBUG org.hibernate.boot.internal.ClassLoaderAccessImpl [task-1] ClassLoaderAccessImpl#injectTempClassLoader(null) [was org.springframework.instrument.classloading.SimpleThrowawayClassLoader@272775e9]
2024-07-16 23:47:15,409 DEBUG org.springframework.data.repository.config.RepositoryConfigurationDelegate$LazyRepositoryInjectionPointResolver [main] Creating lazy injection proxy for com.booking.dao.ClubConfigDao…
2024-07-16 23:47:15,411 DEBUG org.springframework.security.access.prepost.PrePostAnnotationSecurityMetadataSource [main] @org.springframework.security.access.prepost.PreAuthorize("hasRole(\'USER\')") found on specific method: public java.lang.String com.booking.controller.UserController.userPing()
2024-07-16 23:47:15,424 DEBUG com.zaxxer.hikari.pool.HikariPool$PoolEntryCreator [HikariPool-1 connection adder] HikariPool-1 - Added connection org.postgresql.jdbc.PgConnection@67dd5d95
2024-07-16 23:47:15,447 DEBUG org.postgresql.Driver [HikariPool-1 connection adder] Connecting with URL: jdbc:postgresql://localhost:5432/Clubdb
2024-07-16 23:47:15,447 DEBUG org.postgresql.jdbc.PgConnection [HikariPool-1 connection adder] PostgreSQL JDBC Driver 42.2.14
2024-07-16 23:47:15,448 DEBUG org.postgresql.jdbc.PgConnection [HikariPool-1 connection adder]   setDefaultFetchSize = 0
2024-07-16 23:47:15,448 DEBUG org.postgresql.jdbc.PgConnection [HikariPool-1 connection adder]   setPrepareThreshold = 5
2024-07-16 23:47:15,448 DEBUG org.postgresql.core.v3.ConnectionFactoryImpl [HikariPool-1 connection adder] Trying to establish a protocol version 3 connection to localhost:5432
2024-07-16 23:47:15,451 DEBUG org.postgresql.core.v3.ConnectionFactoryImpl [HikariPool-1 connection adder] Receive Buffer Size is 65,536
2024-07-16 23:47:15,452 DEBUG org.postgresql.core.v3.ConnectionFactoryImpl [HikariPool-1 connection adder] Send Buffer Size is 65,536
2024-07-16 23:47:15,452 DEBUG org.hibernate.id.factory.internal.DefaultIdentifierGeneratorFactory [task-1] Registering IdentifierGenerator strategy [uuid2] -> [org.hibernate.id.UUIDGenerator]
2024-07-16 23:47:15,453 DEBUG org.hibernate.id.factory.internal.DefaultIdentifierGeneratorFactory [task-1] Registering IdentifierGenerator strategy [guid] -> [org.hibernate.id.GUIDGenerator]
2024-07-16 23:47:15,456 DEBUG org.hibernate.id.factory.internal.DefaultIdentifierGeneratorFactory [task-1] Registering IdentifierGenerator strategy [uuid] -> [org.hibernate.id.UUIDHexGenerator]
2024-07-16 23:47:15,456 DEBUG org.hibernate.id.factory.internal.DefaultIdentifierGeneratorFactory [task-1] Registering IdentifierGenerator strategy [uuid.hex] -> [org.hibernate.id.UUIDHexGenerator]
2024-07-16 23:47:15,456 DEBUG org.hibernate.id.factory.internal.DefaultIdentifierGeneratorFactory [task-1] Registering IdentifierGenerator strategy [assigned] -> [org.hibernate.id.Assigned]
2024-07-16 23:47:15,459 DEBUG org.hibernate.id.factory.internal.DefaultIdentifierGeneratorFactory [task-1] Registering IdentifierGenerator strategy [identity] -> [org.hibernate.id.IdentityGenerator]
2024-07-16 23:47:15,460 DEBUG org.hibernate.id.factory.internal.DefaultIdentifierGeneratorFactory [task-1] Registering IdentifierGenerator strategy [select] -> [org.hibernate.id.SelectGenerator]
2024-07-16 23:47:15,464 DEBUG org.hibernate.id.factory.internal.DefaultIdentifierGeneratorFactory [task-1] Registering IdentifierGenerator strategy [sequence] -> [org.hibernate.id.enhanced.SequenceStyleGenerator]
2024-07-16 23:47:15,468 DEBUG org.hibernate.id.factory.internal.DefaultIdentifierGeneratorFactory [task-1] Registering IdentifierGenerator strategy [seqhilo] -> [org.hibernate.id.SequenceHiLoGenerator]
2024-07-16 23:47:15,469 DEBUG org.hibernate.id.factory.internal.DefaultIdentifierGeneratorFactory [task-1] Registering IdentifierGenerator strategy [increment] -> [org.hibernate.id.IncrementGenerator]
2024-07-16 23:47:15,470 DEBUG org.hibernate.id.factory.internal.DefaultIdentifierGeneratorFactory [task-1] Registering IdentifierGenerator strategy [foreign] -> [org.hibernate.id.ForeignGenerator]
2024-07-16 23:47:15,471 DEBUG org.hibernate.id.factory.internal.DefaultIdentifierGeneratorFactory [task-1] Registering IdentifierGenerator strategy [sequence-identity] -> [org.hibernate.id.SequenceIdentityGenerator]
2024-07-16 23:47:15,471 DEBUG org.hibernate.id.factory.internal.DefaultIdentifierGeneratorFactory [task-1] Registering IdentifierGenerator strategy [enhanced-sequence] -> [org.hibernate.id.enhanced.SequenceStyleGenerator]
2024-07-16 23:47:15,475 DEBUG org.hibernate.id.factory.internal.DefaultIdentifierGeneratorFactory [task-1] Registering IdentifierGenerator strategy [enhanced-table] -> [org.hibernate.id.enhanced.TableGenerator]
2024-07-16 23:47:15,505 DEBUG org.springframework.security.access.method.DelegatingMethodSecurityMetadataSource [main] Caching method [CacheKey[com.booking.controller.UserController; public java.lang.String com.booking.controller.UserController.userPing()]] with attributes [[authorize: 'hasRole('USER')', filter: 'null', filterTarget: 'null']]
2024-07-16 23:47:15,507 DEBUG org.springframework.beans.factory.support.DefaultSingletonBeanRegistry [main] Creating shared instance of singleton bean 'methodSecurityInterceptor'
2024-07-16 23:47:15,516 DEBUG org.springframework.beans.factory.support.ConstructorResolver [main] Autowiring by type from bean name 'methodSecurityInterceptor' via factory method to bean named 'methodSecurityMetadataSource'
2024-07-16 23:47:15,531 INFO org.hibernate.dialect.Dialect [task-1] HHH000400: Using dialect: org.hibernate.dialect.PostgreSQLDialect
2024-07-16 23:47:15,560 DEBUG org.springframework.security.access.intercept.AbstractSecurityInterceptor [main] Validated configuration attributes
2024-07-16 23:47:15,574 DEBUG org.hibernate.engine.jdbc.env.spi.IdentifierHelperBuilder [task-1] IdentifierCaseStrategy for both quoted and unquoted identifiers was set to the same strategy [MIXED]; that will likely lead to problems in schema update and validation if using quoted identifiers
2024-07-16 23:47:15,583 DEBUG org.springframework.beans.factory.support.DefaultSingletonBeanRegistry [main] Creating shared instance of singleton bean 'restHandler'
2024-07-16 23:47:15,586 DEBUG org.springframework.core.env.PropertySourcesPropertyResolver [main] Found key 'razorpay.url' in PropertySource 'configurationProperties' with value of type String
2024-07-16 23:47:15,586 DEBUG org.springframework.core.env.PropertySourcesPropertyResolver [main] Found key 'razorpay.url' in PropertySource 'environmentProperties' with value of type String
2024-07-16 23:47:15,587 DEBUG org.springframework.core.env.PropertySourcesPropertyResolver [main] Found key 'razorpay.razorPayKey' in PropertySource 'applicationConfig: [classpath:/application.properties]' with value of type String
2024-07-16 23:47:15,589 DEBUG org.springframework.core.env.PropertySourcesPropertyResolver [main] Found key 'razorpay.razorPayKey' in PropertySource 'environmentProperties' with value of type String
2024-07-16 23:47:15,590 DEBUG org.hibernate.engine.jdbc.env.internal.LobCreatorBuilderImpl [task-1] HHH000422: Disabling contextual LOB creation as connection was null
2024-07-16 23:47:15,594 DEBUG org.springframework.core.env.PropertySourcesPropertyResolver [main] Found key 'razorpay.razorPayAuth' in PropertySource 'applicationConfig: [classpath:/application.properties]' with value of type String
2024-07-16 23:47:15,596 DEBUG org.springframework.core.env.PropertySourcesPropertyResolver [main] Found key 'razorpay.razorPayAuth' in PropertySource 'environmentProperties' with value of type String
2024-07-16 23:47:15,598 DEBUG org.springframework.beans.factory.support.DefaultSingletonBeanRegistry [main] Creating shared instance of singleton bean 'checksumUtil'
2024-07-16 23:47:15,599 DEBUG org.springframework.beans.factory.support.DefaultSingletonBeanRegistry [main] Creating shared instance of singleton bean 'mailUtility'
2024-07-16 23:47:15,602 DEBUG org.springframework.beans.factory.support.DefaultSingletonBeanRegistry [main] Creating shared instance of singleton bean 'mailSender'
2024-07-16 23:47:15,603 DEBUG org.springframework.beans.factory.support.DefaultSingletonBeanRegistry [main] Creating shared instance of singleton bean 'org.springframework.boot.autoconfigure.mail.MailSenderPropertiesConfiguration'
2024-07-16 23:47:15,607 DEBUG org.hibernate.boot.model.relational.Namespace [task-1] Created database namespace [logicalName=Name{catalog=null, schema=null}, physicalName=Name{catalog=null, schema=null}]
2024-07-16 23:47:15,607 DEBUG org.springframework.beans.factory.support.DefaultSingletonBeanRegistry [main] Creating shared instance of singleton bean 'spring.mail-org.springframework.boot.autoconfigure.mail.MailProperties'
2024-07-16 23:47:15,612 DEBUG org.hibernate.type.BasicTypeRegistry [task-1] Adding type registration pg-uuid -> org.hibernate.type.PostgresUUIDType@66d07709
2024-07-16 23:47:15,613 DEBUG org.hibernate.type.BasicTypeRegistry [task-1] Adding type registration java.util.UUID -> org.hibernate.type.PostgresUUIDType@66d07709
2024-07-16 23:47:15,614 DEBUG org.hibernate.type.BasicTypeRegistry [task-1] HHH000270: Type registration [java.util.UUID] overrides previous : org.hibernate.type.UUIDBinaryType@7aff2a2d
2024-07-16 23:47:15,621 DEBUG org.hibernate.type.spi.TypeConfiguration [task-1] Scoping TypeConfiguration [org.hibernate.type.spi.TypeConfiguration@44cd2b93] to MetadataBuildingContext [org.hibernate.boot.internal.MetadataBuildingContextRootImpl@70e85d01]
2024-07-16 23:47:15,622 DEBUG org.springframework.beans.factory.support.ConstructorResolver [main] Autowiring by type from bean name 'mailSender' via factory method to bean named 'spring.mail-org.springframework.boot.autoconfigure.mail.MailProperties'
2024-07-16 23:47:15,629 DEBUG com.sun.activation.registries.LogSupport [main] MimetypesFileTypeMap: load HOME
2024-07-16 23:47:15,631 DEBUG com.sun.activation.registries.LogSupport [main] MimetypesFileTypeMap: load SYS
2024-07-16 23:47:15,631 DEBUG com.sun.activation.registries.LogSupport [main] MimetypesFileTypeMap: load JAR
2024-07-16 23:47:15,637 DEBUG com.sun.activation.registries.LogSupport [main] MimetypesFileTypeMap: !anyLoaded
2024-07-16 23:47:15,640 DEBUG com.sun.activation.registries.LogSupport [main] MimetypesFileTypeMap: not loading mime types file: /META-INF/mime.types
2024-07-16 23:47:15,641 DEBUG com.sun.activation.registries.LogSupport [main] MimetypesFileTypeMap: load DEF
2024-07-16 23:47:15,645 DEBUG com.sun.activation.registries.LogSupport [main] Added: MIMETypeEntry: text/html, html
2024-07-16 23:47:15,645 DEBUG com.sun.activation.registries.LogSupport [main] Added: MIMETypeEntry: text/html, htm
2024-07-16 23:47:15,645 DEBUG com.sun.activation.registries.LogSupport [main] Added: MIMETypeEntry: text/html, HTML
2024-07-16 23:47:15,645 DEBUG com.sun.activation.registries.LogSupport [main] Added: MIMETypeEntry: text/html, HTM
2024-07-16 23:47:15,646 DEBUG com.sun.activation.registries.LogSupport [main] Added: MIMETypeEntry: text/plain, txt
2024-07-16 23:47:15,646 DEBUG com.zaxxer.hikari.pool.HikariPool$PoolEntryCreator [HikariPool-1 connection adder] HikariPool-1 - Added connection org.postgresql.jdbc.PgConnection@560bb378
2024-07-16 23:47:15,647 DEBUG org.postgresql.Driver [HikariPool-1 connection adder] Connecting with URL: jdbc:postgresql://localhost:5432/Clubdb
2024-07-16 23:47:15,647 DEBUG org.postgresql.jdbc.PgConnection [HikariPool-1 connection adder] PostgreSQL JDBC Driver 42.2.14
2024-07-16 23:47:15,647 DEBUG com.sun.activation.registries.LogSupport [main] Added: MIMETypeEntry: text/plain, text
2024-07-16 23:47:15,648 DEBUG org.postgresql.jdbc.PgConnection [HikariPool-1 connection adder]   setDefaultFetchSize = 0
2024-07-16 23:47:15,648 DEBUG com.sun.activation.registries.LogSupport [main] Added: MIMETypeEntry: text/plain, TXT
2024-07-16 23:47:15,648 DEBUG org.postgresql.jdbc.PgConnection [HikariPool-1 connection adder]   setPrepareThreshold = 5
2024-07-16 23:47:15,648 DEBUG com.sun.activation.registries.LogSupport [main] Added: MIMETypeEntry: text/plain, TEXT
2024-07-16 23:47:15,649 DEBUG org.postgresql.core.v3.ConnectionFactoryImpl [HikariPool-1 connection adder] Trying to establish a protocol version 3 connection to localhost:5432
2024-07-16 23:47:15,649 DEBUG com.sun.activation.registries.LogSupport [main] Added: MIMETypeEntry: image/gif, gif
2024-07-16 23:47:15,649 DEBUG com.sun.activation.registries.LogSupport [main] Added: MIMETypeEntry: image/gif, GIF
2024-07-16 23:47:15,650 DEBUG com.sun.activation.registries.LogSupport [main] Added: MIMETypeEntry: image/ief, ief
2024-07-16 23:47:15,650 DEBUG com.sun.activation.registries.LogSupport [main] Added: MIMETypeEntry: image/jpeg, jpeg
2024-07-16 23:47:15,652 DEBUG org.postgresql.core.v3.ConnectionFactoryImpl [HikariPool-1 connection adder] Receive Buffer Size is 65,536
2024-07-16 23:47:15,652 DEBUG com.sun.activation.registries.LogSupport [main] Added: MIMETypeEntry: image/jpeg, jpg
2024-07-16 23:47:15,652 DEBUG org.postgresql.core.v3.ConnectionFactoryImpl [HikariPool-1 connection adder] Send Buffer Size is 65,536
2024-07-16 23:47:15,652 DEBUG com.sun.activation.registries.LogSupport [main] Added: MIMETypeEntry: image/jpeg, jpe
2024-07-16 23:47:15,653 DEBUG com.sun.activation.registries.LogSupport [main] Added: MIMETypeEntry: image/jpeg, JPG
2024-07-16 23:47:15,653 DEBUG com.sun.activation.registries.LogSupport [main] Added: MIMETypeEntry: image/tiff, tiff
2024-07-16 23:47:15,654 DEBUG com.sun.activation.registries.LogSupport [main] Added: MIMETypeEntry: image/tiff, tif
2024-07-16 23:47:15,654 DEBUG com.sun.activation.registries.LogSupport [main] Added: MIMETypeEntry: image/png, png
2024-07-16 23:47:15,654 DEBUG com.sun.activation.registries.LogSupport [main] Added: MIMETypeEntry: image/png, PNG
2024-07-16 23:47:15,654 DEBUG com.sun.activation.registries.LogSupport [main] Added: MIMETypeEntry: image/x-xwindowdump, xwd
2024-07-16 23:47:15,654 DEBUG com.sun.activation.registries.LogSupport [main] Added: MIMETypeEntry: application/postscript, ai
2024-07-16 23:47:15,655 DEBUG com.sun.activation.registries.LogSupport [main] Added: MIMETypeEntry: application/postscript, eps
2024-07-16 23:47:15,655 DEBUG com.sun.activation.registries.LogSupport [main] Added: MIMETypeEntry: application/postscript, ps
2024-07-16 23:47:15,655 DEBUG com.sun.activation.registries.LogSupport [main] Added: MIMETypeEntry: application/rtf, rtf
2024-07-16 23:47:15,659 DEBUG com.sun.activation.registries.LogSupport [main] Added: MIMETypeEntry: application/x-tex, tex
2024-07-16 23:47:15,659 DEBUG com.sun.activation.registries.LogSupport [main] Added: MIMETypeEntry: application/x-texinfo, texinfo
2024-07-16 23:47:15,660 DEBUG com.sun.activation.registries.LogSupport [main] Added: MIMETypeEntry: application/x-texinfo, texi
2024-07-16 23:47:15,660 DEBUG com.sun.activation.registries.LogSupport [main] Added: MIMETypeEntry: application/x-troff, t
2024-07-16 23:47:15,661 DEBUG com.sun.activation.registries.LogSupport [main] Added: MIMETypeEntry: application/x-troff, tr
2024-07-16 23:47:15,661 DEBUG com.sun.activation.registries.LogSupport [main] Added: MIMETypeEntry: application/x-troff, roff
2024-07-16 23:47:15,662 DEBUG com.sun.activation.registries.LogSupport [main] Added: MIMETypeEntry: audio/basic, au
2024-07-16 23:47:15,662 DEBUG com.sun.activation.registries.LogSupport [main] Added: MIMETypeEntry: audio/midi, midi
2024-07-16 23:47:15,662 DEBUG com.sun.activation.registries.LogSupport [main] Added: MIMETypeEntry: audio/midi, mid
2024-07-16 23:47:15,662 DEBUG com.sun.activation.registries.LogSupport [main] Added: MIMETypeEntry: audio/x-aifc, aifc
2024-07-16 23:47:15,662 DEBUG com.sun.activation.registries.LogSupport [main] Added: MIMETypeEntry: audio/x-aiff, aif
2024-07-16 23:47:15,663 DEBUG com.sun.activation.registries.LogSupport [main] Added: MIMETypeEntry: audio/x-aiff, aiff
2024-07-16 23:47:15,663 DEBUG com.sun.activation.registries.LogSupport [main] Added: MIMETypeEntry: audio/x-mpeg, mpeg
2024-07-16 23:47:15,663 DEBUG com.sun.activation.registries.LogSupport [main] Added: MIMETypeEntry: audio/x-mpeg, mpg
2024-07-16 23:47:15,664 DEBUG com.sun.activation.registries.LogSupport [main] Added: MIMETypeEntry: audio/x-wav, wav
2024-07-16 23:47:15,664 DEBUG com.sun.activation.registries.LogSupport [main] Added: MIMETypeEntry: video/mpeg, mpeg
2024-07-16 23:47:15,666 DEBUG com.sun.activation.registries.LogSupport [main] Added: MIMETypeEntry: video/mpeg, mpg
2024-07-16 23:47:15,666 DEBUG com.sun.activation.registries.LogSupport [main] Added: MIMETypeEntry: video/mpeg, mpe
2024-07-16 23:47:15,667 DEBUG com.sun.activation.registries.LogSupport [main] Added: MIMETypeEntry: video/quicktime, qt
2024-07-16 23:47:15,667 DEBUG com.sun.activation.registries.LogSupport [main] Added: MIMETypeEntry: video/quicktime, mov
2024-07-16 23:47:15,668 DEBUG com.sun.activation.registries.LogSupport [main] Added: MIMETypeEntry: video/x-msvideo, avi
2024-07-16 23:47:15,668 DEBUG com.sun.activation.registries.LogSupport [main] MimetypesFileTypeMap: successfully loaded mime types file: /META-INF/mimetypes.default
2024-07-16 23:47:15,669 DEBUG com.sun.activation.registries.LogSupport [main] Added: MIMETypeEntry: text/html, html
2024-07-16 23:47:15,670 DEBUG com.sun.activation.registries.LogSupport [main] Added: MIMETypeEntry: text/html, htm
2024-07-16 23:47:15,670 DEBUG com.sun.activation.registries.LogSupport [main] Added: MIMETypeEntry: text/html, HTML
2024-07-16 23:47:15,670 DEBUG com.sun.activation.registries.LogSupport [main] Added: MIMETypeEntry: text/html, HTM
2024-07-16 23:47:15,670 DEBUG com.sun.activation.registries.LogSupport [main] Added: MIMETypeEntry: text/plain, txt
2024-07-16 23:47:15,670 DEBUG com.sun.activation.registries.LogSupport [main] Added: MIMETypeEntry: text/plain, text
2024-07-16 23:47:15,670 DEBUG com.sun.activation.registries.LogSupport [main] Added: MIMETypeEntry: text/plain, TXT
2024-07-16 23:47:15,672 DEBUG com.sun.activation.registries.LogSupport [main] Added: MIMETypeEntry: text/plain, TEXT
2024-07-16 23:47:15,672 DEBUG com.sun.activation.registries.LogSupport [main] Added: MIMETypeEntry: text/plain, java
2024-07-16 23:47:15,672 DEBUG com.sun.activation.registries.LogSupport [main] Added: MIMETypeEntry: text/plain, c
2024-07-16 23:47:15,672 DEBUG com.sun.activation.registries.LogSupport [main] Added: MIMETypeEntry: text/plain, c++
2024-07-16 23:47:15,672 DEBUG com.sun.activation.registries.LogSupport [main] Added: MIMETypeEntry: text/plain, cpp
2024-07-16 23:47:15,672 DEBUG com.sun.activation.registries.LogSupport [main] Added: MIMETypeEntry: text/plain, pl
2024-07-16 23:47:15,672 DEBUG com.sun.activation.registries.LogSupport [main] Added: MIMETypeEntry: text/plain, cc
2024-07-16 23:47:15,677 DEBUG com.sun.activation.registries.LogSupport [main] Added: MIMETypeEntry: text/plain, h
2024-07-16 23:47:15,678 DEBUG com.sun.activation.registries.LogSupport [main] Added: MIMETypeEntry: image/gif, gif
2024-07-16 23:47:15,678 DEBUG com.sun.activation.registries.LogSupport [main] Added: MIMETypeEntry: image/gif, GIF
2024-07-16 23:47:15,679 DEBUG com.sun.activation.registries.LogSupport [main] Added: MIMETypeEntry: image/ief, ief
2024-07-16 23:47:15,680 DEBUG com.sun.activation.registries.LogSupport [main] Added: MIMETypeEntry: image/jpeg, jpeg
2024-07-16 23:47:15,680 DEBUG com.sun.activation.registries.LogSupport [main] Added: MIMETypeEntry: image/jpeg, jpg
2024-07-16 23:47:15,681 DEBUG com.sun.activation.registries.LogSupport [main] Added: MIMETypeEntry: image/jpeg, jpe
2024-07-16 23:47:15,682 DEBUG com.sun.activation.registries.LogSupport [main] Added: MIMETypeEntry: image/jpeg, JPG
2024-07-16 23:47:15,682 DEBUG com.sun.activation.registries.LogSupport [main] Added: MIMETypeEntry: image/tiff, tiff
2024-07-16 23:47:15,684 DEBUG com.sun.activation.registries.LogSupport [main] Added: MIMETypeEntry: image/tiff, tif
2024-07-16 23:47:15,686 DEBUG com.sun.activation.registries.LogSupport [main] Added: MIMETypeEntry: image/x-xwindowdump, xwd
2024-07-16 23:47:15,687 DEBUG com.sun.activation.registries.LogSupport [main] Added: MIMETypeEntry: application/postscript, ai
2024-07-16 23:47:15,689 DEBUG com.sun.activation.registries.LogSupport [main] Added: MIMETypeEntry: application/postscript, eps
2024-07-16 23:47:15,689 DEBUG com.sun.activation.registries.LogSupport [main] Added: MIMETypeEntry: application/postscript, ps
2024-07-16 23:47:15,689 DEBUG com.sun.activation.registries.LogSupport [main] Added: MIMETypeEntry: application/rtf, rtf
2024-07-16 23:47:15,691 DEBUG com.sun.activation.registries.LogSupport [main] Added: MIMETypeEntry: application/x-tex, tex
2024-07-16 23:47:15,692 DEBUG com.sun.activation.registries.LogSupport [main] Added: MIMETypeEntry: application/x-texinfo, texinfo
2024-07-16 23:47:15,693 DEBUG com.sun.activation.registries.LogSupport [main] Added: MIMETypeEntry: application/x-texinfo, texi
2024-07-16 23:47:15,693 DEBUG com.sun.activation.registries.LogSupport [main] Added: MIMETypeEntry: application/x-troff, t
2024-07-16 23:47:15,693 DEBUG com.sun.activation.registries.LogSupport [main] Added: MIMETypeEntry: application/x-troff, tr
2024-07-16 23:47:15,693 DEBUG com.sun.activation.registries.LogSupport [main] Added: MIMETypeEntry: application/x-troff, roff
2024-07-16 23:47:15,694 DEBUG com.sun.activation.registries.LogSupport [main] Added: MIMETypeEntry: audio/basic, au
2024-07-16 23:47:15,694 DEBUG com.sun.activation.registries.LogSupport [main] Added: MIMETypeEntry: audio/midi, midi
2024-07-16 23:47:15,694 DEBUG com.sun.activation.registries.LogSupport [main] Added: MIMETypeEntry: audio/midi, mid
2024-07-16 23:47:15,695 DEBUG com.sun.activation.registries.LogSupport [main] Added: MIMETypeEntry: audio/x-aifc, aifc
2024-07-16 23:47:15,695 DEBUG com.sun.activation.registries.LogSupport [main] Added: MIMETypeEntry: audio/x-aiff, aif
2024-07-16 23:47:15,697 DEBUG com.sun.activation.registries.LogSupport [main] Added: MIMETypeEntry: audio/x-aiff, aiff
2024-07-16 23:47:15,697 DEBUG com.sun.activation.registries.LogSupport [main] Added: MIMETypeEntry: audio/x-mpeg, mpeg
2024-07-16 23:47:15,697 DEBUG com.sun.activation.registries.LogSupport [main] Added: MIMETypeEntry: audio/x-mpeg, mpg
2024-07-16 23:47:15,697 DEBUG com.sun.activation.registries.LogSupport [main] Added: MIMETypeEntry: audio/x-wav, wav
2024-07-16 23:47:15,697 DEBUG com.sun.activation.registries.LogSupport [main] Added: MIMETypeEntry: video/mpeg, mpeg
2024-07-16 23:47:15,698 DEBUG com.sun.activation.registries.LogSupport [main] Added: MIMETypeEntry: video/mpeg, mpg
2024-07-16 23:47:15,698 DEBUG com.sun.activation.registries.LogSupport [main] Added: MIMETypeEntry: video/mpeg, mpe
2024-07-16 23:47:15,698 DEBUG com.sun.activation.registries.LogSupport [main] Added: MIMETypeEntry: video/quicktime, qt
2024-07-16 23:47:15,699 DEBUG com.sun.activation.registries.LogSupport [main] Added: MIMETypeEntry: video/quicktime, mov
2024-07-16 23:47:15,699 DEBUG com.sun.activation.registries.LogSupport [main] Added: MIMETypeEntry: video/x-msvideo, avi
2024-07-16 23:47:15,700 DEBUG com.sun.activation.registries.LogSupport [main] Added: MIMETypeEntry: text/x-speech, talk
2024-07-16 23:47:15,700 DEBUG com.sun.activation.registries.LogSupport [main] Added: MIMETypeEntry: text/css, css
2024-07-16 23:47:15,702 DEBUG com.sun.activation.registries.LogSupport [main] Added: MIMETypeEntry: text/csv, csv
2024-07-16 23:47:15,702 DEBUG com.sun.activation.registries.LogSupport [main] Added: MIMETypeEntry: image/x-xbitmap, xbm
2024-07-16 23:47:15,703 DEBUG com.sun.activation.registries.LogSupport [main] Added: MIMETypeEntry: image/x-xpixmap, xpm
2024-07-16 23:47:15,703 DEBUG com.sun.activation.registries.LogSupport [main] Added: MIMETypeEntry: image/png, png
2024-07-16 23:47:15,704 DEBUG com.sun.activation.registries.LogSupport [main] Added: MIMETypeEntry: image/svg+xml, svg
2024-07-16 23:47:15,704 DEBUG com.sun.activation.registries.LogSupport [main] Added: MIMETypeEntry: image/ief, ief
2024-07-16 23:47:15,705 DEBUG com.sun.activation.registries.LogSupport [main] Added: MIMETypeEntry: image/rgb, rgb
2024-07-16 23:47:15,705 DEBUG com.sun.activation.registries.LogSupport [main] Added: MIMETypeEntry: image/g3fax, g3f
2024-07-16 23:47:15,705 DEBUG com.sun.activation.registries.LogSupport [main] Added: MIMETypeEntry: image/x-xwindowdump, xwd
2024-07-16 23:47:15,707 DEBUG com.sun.activation.registries.LogSupport [main] Added: MIMETypeEntry: image/x-pict, pict
2024-07-16 23:47:15,707 DEBUG com.sun.activation.registries.LogSupport [main] Added: MIMETypeEntry: image/x-portable-pixmap, ppm
2024-07-16 23:47:15,708 DEBUG com.sun.activation.registries.LogSupport [main] Added: MIMETypeEntry: image/x-portable-graymap, pgm
2024-07-16 23:47:15,708 DEBUG com.sun.activation.registries.LogSupport [main] Added: MIMETypeEntry: image/x-portable-bitmap, pbm
2024-07-16 23:47:15,709 DEBUG com.sun.activation.registries.LogSupport [main] Added: MIMETypeEntry: image/x-portable-anymap, pnm
2024-07-16 23:47:15,709 DEBUG com.sun.activation.registries.LogSupport [main] Added: MIMETypeEntry: image/x-ms-bmp, bmp
2024-07-16 23:47:15,709 DEBUG com.sun.activation.registries.LogSupport [main] Added: MIMETypeEntry: image/x-cmu-raster, ras
2024-07-16 23:47:15,709 DEBUG com.sun.activation.registries.LogSupport [main] Added: MIMETypeEntry: image/x-photo-cd, pcd
2024-07-16 23:47:15,709 DEBUG com.sun.activation.registries.LogSupport [main] Added: MIMETypeEntry: image/cgm, cgm
2024-07-16 23:47:15,710 DEBUG com.sun.activation.registries.LogSupport [main] Added: MIMETypeEntry: image/x-cals, mil
2024-07-16 23:47:15,710 DEBUG com.sun.activation.registries.LogSupport [main] Added: MIMETypeEntry: image/x-cals, cal
2024-07-16 23:47:15,712 DEBUG com.sun.activation.registries.LogSupport [main] Added: MIMETypeEntry: image/fif, fif
2024-07-16 23:47:15,712 DEBUG com.sun.activation.registries.LogSupport [main] Added: MIMETypeEntry: image/x-mgx-dsf, dsf
2024-07-16 23:47:15,712 DEBUG com.sun.activation.registries.LogSupport [main] Added: MIMETypeEntry: image/x-cmx, cmx
2024-07-16 23:47:15,712 DEBUG com.sun.activation.registries.LogSupport [main] Added: MIMETypeEntry: image/wavelet, wi
2024-07-16 23:47:15,712 DEBUG com.sun.activation.registries.LogSupport [main] Added: MIMETypeEntry: image/vnd.dwg, dwg
2024-07-16 23:47:15,713 DEBUG com.sun.activation.registries.LogSupport [main] Added: MIMETypeEntry: image/vnd.dxf, dxf
2024-07-16 23:47:15,713 DEBUG com.sun.activation.registries.LogSupport [main] Added: MIMETypeEntry: image/vnd.svf, svf
2024-07-16 23:47:15,713 DEBUG com.sun.activation.registries.LogSupport [main] Added: MIMETypeEntry: audio/basic, au
2024-07-16 23:47:15,714 DEBUG com.sun.activation.registries.LogSupport [main] Added: MIMETypeEntry: audio/basic, snd
2024-07-16 23:47:15,714 DEBUG com.sun.activation.registries.LogSupport [main] Added: MIMETypeEntry: audio/x-aiff, aif
2024-07-16 23:47:15,717 DEBUG com.sun.activation.registries.LogSupport [main] Added: MIMETypeEntry: audio/x-aiff, aiff
2024-07-16 23:47:15,719 DEBUG com.sun.activation.registries.LogSupport [main] Added: MIMETypeEntry: audio/x-aiff, aifc
2024-07-16 23:47:15,720 DEBUG com.sun.activation.registries.LogSupport [main] Added: MIMETypeEntry: audio/x-wav, wav
2024-07-16 23:47:15,725 DEBUG com.sun.activation.registries.LogSupport [main] Added: MIMETypeEntry: audio/x-mpeg, mpa
2024-07-16 23:47:15,725 DEBUG com.sun.activation.registries.LogSupport [main] Added: MIMETypeEntry: audio/x-mpeg, abs
2024-07-16 23:47:15,725 DEBUG com.sun.activation.registries.LogSupport [main] Added: MIMETypeEntry: audio/x-mpeg, mpega
2024-07-16 23:47:15,725 DEBUG com.sun.activation.registries.LogSupport [main] Added: MIMETypeEntry: audio/x-mpeg-2, mp2a
2024-07-16 23:47:15,726 DEBUG com.sun.activation.registries.LogSupport [main] Added: MIMETypeEntry: audio/x-mpeg-2, mpa2
2024-07-16 23:47:15,726 DEBUG com.sun.activation.registries.LogSupport [main] Added: MIMETypeEntry: audio/echospeech, es
2024-07-16 23:47:15,728 DEBUG com.sun.activation.registries.LogSupport [main] Added: MIMETypeEntry: audio/voxware, vox
2024-07-16 23:47:15,728 DEBUG com.sun.activation.registries.LogSupport [main] Added: MIMETypeEntry: application/fastman, lcc
2024-07-16 23:47:15,728 DEBUG com.sun.activation.registries.LogSupport [main] Added: MIMETypeEntry: application/x-pn-realaudio, ra
2024-07-16 23:47:15,728 DEBUG com.sun.activation.registries.LogSupport [main] Added: MIMETypeEntry: application/x-pn-realaudio, ram
2024-07-16 23:47:15,728 DEBUG com.sun.activation.registries.LogSupport [main] Added: MIMETypeEntry: x-music/x-midi, mmid
2024-07-16 23:47:15,728 DEBUG com.sun.activation.registries.LogSupport [main] Added: MIMETypeEntry: application/vnd.koan, skp
2024-07-16 23:47:15,729 DEBUG com.sun.activation.registries.LogSupport [main] Added: MIMETypeEntry: text/x-speech, talk
2024-07-16 23:47:15,729 DEBUG com.sun.activation.registries.LogSupport [main] Added: MIMETypeEntry: video/mpeg, mpeg
2024-07-16 23:47:15,730 DEBUG com.sun.activation.registries.LogSupport [main] Added: MIMETypeEntry: video/mpeg, mpg
2024-07-16 23:47:15,730 DEBUG com.sun.activation.registries.LogSupport [main] Added: MIMETypeEntry: video/mpeg, mpe
2024-07-16 23:47:15,731 DEBUG com.sun.activation.registries.LogSupport [main] Added: MIMETypeEntry: video/mpeg-2, mpv2
2024-07-16 23:47:15,731 DEBUG com.sun.activation.registries.LogSupport [main] Added: MIMETypeEntry: video/mpeg-2, mp2v
2024-07-16 23:47:15,731 DEBUG com.sun.activation.registries.LogSupport [main] Added: MIMETypeEntry: video/quicktime, qt
2024-07-16 23:47:15,732 DEBUG com.sun.activation.registries.LogSupport [main] Added: MIMETypeEntry: video/quicktime, mov
2024-07-16 23:47:15,732 DEBUG com.sun.activation.registries.LogSupport [main] Added: MIMETypeEntry: video/x-msvideo, avi
2024-07-16 23:47:15,732 DEBUG com.sun.activation.registries.LogSupport [main] Added: MIMETypeEntry: video/x-sgi-movie, movie
2024-07-16 23:47:15,733 DEBUG com.sun.activation.registries.LogSupport [main] Added: MIMETypeEntry: video/vdo, vdo
2024-07-16 23:47:15,733 DEBUG com.sun.activation.registries.LogSupport [main] Added: MIMETypeEntry: video/vnd.vivo, viv
2024-07-16 23:47:15,735 DEBUG com.sun.activation.registries.LogSupport [main] Added: MIMETypeEntry: application/x-ns-proxy-autoconfig, pac
2024-07-16 23:47:15,735 DEBUG com.sun.activation.registries.LogSupport [main] Added: MIMETypeEntry: x-conference/x-cooltalk, ice
2024-07-16 23:47:15,735 DEBUG com.sun.activation.registries.LogSupport [main] Added: MIMETypeEntry: application/postscript, ai
2024-07-16 23:47:15,735 DEBUG com.sun.activation.registries.LogSupport [main] Added: MIMETypeEntry: application/postscript, eps
2024-07-16 23:47:15,735 DEBUG com.sun.activation.registries.LogSupport [main] Added: MIMETypeEntry: application/postscript, ps
2024-07-16 23:47:15,735 DEBUG com.sun.activation.registries.LogSupport [main] Added: MIMETypeEntry: application/rtf, rtf
2024-07-16 23:47:15,736 DEBUG com.sun.activation.registries.LogSupport [main] Added: MIMETypeEntry: application/pdf, pdf
2024-07-16 23:47:15,736 DEBUG com.sun.activation.registries.LogSupport [main] Added: MIMETypeEntry: application/vnd.mif, mif
2024-07-16 23:47:15,736 DEBUG com.sun.activation.registries.LogSupport [main] Added: MIMETypeEntry: application/x-troff, t
2024-07-16 23:47:15,737 DEBUG com.sun.activation.registries.LogSupport [main] Added: MIMETypeEntry: application/x-troff, tr
2024-07-16 23:47:15,737 DEBUG com.sun.activation.registries.LogSupport [main] Added: MIMETypeEntry: application/x-troff, roff
2024-07-16 23:47:15,738 DEBUG com.sun.activation.registries.LogSupport [main] Added: MIMETypeEntry: application/x-troff-man, man
2024-07-16 23:47:15,738 DEBUG com.sun.activation.registries.LogSupport [main] Added: MIMETypeEntry: application/x-troff-me, me
2024-07-16 23:47:15,738 DEBUG com.sun.activation.registries.LogSupport [main] Added: MIMETypeEntry: application/x-troff-ms, ms
2024-07-16 23:47:15,739 DEBUG com.sun.activation.registries.LogSupport [main] Added: MIMETypeEntry: application/x-latex, latex
2024-07-16 23:47:15,739 DEBUG com.sun.activation.registries.LogSupport [main] Added: MIMETypeEntry: application/x-tex, tex
2024-07-16 23:47:15,741 DEBUG com.sun.activation.registries.LogSupport [main] Added: MIMETypeEntry: application/x-texinfo, texinfo
2024-07-16 23:47:15,741 DEBUG com.sun.activation.registries.LogSupport [main] Added: MIMETypeEntry: application/x-texinfo, texi
2024-07-16 23:47:15,741 DEBUG com.sun.activation.registries.LogSupport [main] Added: MIMETypeEntry: application/x-dvi, dvi
2024-07-16 23:47:15,741 DEBUG com.sun.activation.registries.LogSupport [main] Added: MIMETypeEntry: application/msword, doc
2024-07-16 23:47:15,741 DEBUG com.sun.activation.registries.LogSupport [main] Added: MIMETypeEntry: application/msword, DOC
2024-07-16 23:47:15,741 DEBUG com.sun.activation.registries.LogSupport [main] Added: MIMETypeEntry: application/oda, oda
2024-07-16 23:47:15,742 DEBUG com.sun.activation.registries.LogSupport [main] Added: MIMETypeEntry: application/envoy, evy
2024-07-16 23:47:15,742 DEBUG com.sun.activation.registries.LogSupport [main] Added: MIMETypeEntry: application/x-gtar, gtar
2024-07-16 23:47:15,743 DEBUG com.sun.activation.registries.LogSupport [main] Added: MIMETypeEntry: application/x-tar, tar
2024-07-16 23:47:15,743 DEBUG com.sun.activation.registries.LogSupport [main] Added: MIMETypeEntry: application/x-ustar, ustar
2024-07-16 23:47:15,743 DEBUG com.sun.activation.registries.LogSupport [main] Added: MIMETypeEntry: application/x-bcpio, bcpio
2024-07-16 23:47:15,744 DEBUG com.sun.activation.registries.LogSupport [main] Added: MIMETypeEntry: application/x-cpio, cpio
2024-07-16 23:47:15,744 DEBUG com.sun.activation.registries.LogSupport [main] Added: MIMETypeEntry: application/x-shar, shar
2024-07-16 23:47:15,744 DEBUG com.sun.activation.registries.LogSupport [main] Added: MIMETypeEntry: application/zip, zip
2024-07-16 23:47:15,745 DEBUG com.sun.activation.registries.LogSupport [main] Added: MIMETypeEntry: application/mac-binhex40, hqx
2024-07-16 23:47:15,745 DEBUG com.sun.activation.registries.LogSupport [main] Added: MIMETypeEntry: application/x-stuffit, sit
2024-07-16 23:47:15,745 DEBUG com.sun.activation.registries.LogSupport [main] Added: MIMETypeEntry: application/x-stuffit, sea
2024-07-16 23:47:15,746 DEBUG com.sun.activation.registries.LogSupport [main] Added: MIMETypeEntry: application/fractals, fif
2024-07-16 23:47:15,746 DEBUG com.sun.activation.registries.LogSupport [main] Added: MIMETypeEntry: application/octet-stream, bin
2024-07-16 23:47:15,747 DEBUG com.sun.activation.registries.LogSupport [main] Added: MIMETypeEntry: application/octet-stream, uu
2024-07-16 23:47:15,747 DEBUG com.sun.activation.registries.LogSupport [main] Added: MIMETypeEntry: application/octet-stream, exe
2024-07-16 23:47:15,747 DEBUG com.sun.activation.registries.LogSupport [main] Added: MIMETypeEntry: application/x-wais-source, src
2024-07-16 23:47:15,748 DEBUG com.sun.activation.registries.LogSupport [main] Added: MIMETypeEntry: application/x-wais-source, wsrc
2024-07-16 23:47:15,748 DEBUG com.sun.activation.registries.LogSupport [main] Added: MIMETypeEntry: application/hdf, hdf
2024-07-16 23:47:15,748 DEBUG com.sun.activation.registries.LogSupport [main] Added: MIMETypeEntry: text/javascript, js
2024-07-16 23:47:15,753 DEBUG com.sun.activation.registries.LogSupport [main] Added: MIMETypeEntry: text/javascript, ls
2024-07-16 23:47:15,753 DEBUG com.sun.activation.registries.LogSupport [main] Added: MIMETypeEntry: text/javascript, mocha
2024-07-16 23:47:15,753 DEBUG com.sun.activation.registries.LogSupport [main] Added: MIMETypeEntry: application/x-sh, sh
2024-07-16 23:47:15,753 DEBUG com.sun.activation.registries.LogSupport [main] Added: MIMETypeEntry: application/x-csh, csh
2024-07-16 23:47:15,754 DEBUG com.sun.activation.registries.LogSupport [main] Added: MIMETypeEntry: application/x-perl, pl
2024-07-16 23:47:15,755 DEBUG com.sun.activation.registries.LogSupport [main] Added: MIMETypeEntry: application/x-tcl, tcl
2024-07-16 23:47:15,755 DEBUG com.sun.activation.registries.LogSupport [main] Added: MIMETypeEntry: application/futuresplash, spl
2024-07-16 23:47:15,755 DEBUG com.sun.activation.registries.LogSupport [main] Added: MIMETypeEntry: application/mbedlet, mbd
2024-07-16 23:47:15,757 DEBUG com.sun.activation.registries.LogSupport [main] Added: MIMETypeEntry: application/x-rad-powermedia, rad
2024-07-16 23:47:15,757 DEBUG com.sun.activation.registries.LogSupport [main] Added: MIMETypeEntry: application/mspowerpoint, ppz
2024-07-16 23:47:15,757 DEBUG com.sun.activation.registries.LogSupport [main] Added: MIMETypeEntry: application/x-asap, asp
2024-07-16 23:47:15,757 DEBUG com.sun.activation.registries.LogSupport [main] Added: MIMETypeEntry: application/astound, asn
2024-07-16 23:47:15,759 DEBUG com.sun.activation.registries.LogSupport [main] Added: MIMETypeEntry: application/x-olescript, axs
2024-07-16 23:47:15,759 DEBUG com.sun.activation.registries.LogSupport [main] Added: MIMETypeEntry: application/x-oleobject, ods
2024-07-16 23:47:15,760 DEBUG com.sun.activation.registries.LogSupport [main] Added: MIMETypeEntry: x-form/x-openscape, opp
2024-07-16 23:47:15,760 DEBUG com.sun.activation.registries.LogSupport [main] Added: MIMETypeEntry: application/x-webbasic, wba
2024-07-16 23:47:15,760 DEBUG com.sun.activation.registries.LogSupport [main] Added: MIMETypeEntry: application/x-alpha-form, frm
2024-07-16 23:47:15,761 DEBUG com.sun.activation.registries.LogSupport [main] Added: MIMETypeEntry: x-script/x-wfxclient, wfx
2024-07-16 23:47:15,762 DEBUG com.sun.activation.registries.LogSupport [main] Added: MIMETypeEntry: application/octet-stream, exe
2024-07-16 23:47:15,762 DEBUG com.sun.activation.registries.LogSupport [main] Added: MIMETypeEntry: application/octet-stream, com
2024-07-16 23:47:15,763 DEBUG com.sun.activation.registries.LogSupport [main] Added: MIMETypeEntry: application/x-pcn, pcn
2024-07-16 23:47:15,763 DEBUG com.sun.activation.registries.LogSupport [main] Added: MIMETypeEntry: application/vnd.ms-excel, xls
2024-07-16 23:47:15,764 DEBUG com.sun.activation.registries.LogSupport [main] Added: MIMETypeEntry: application/vnd.ms-powerpoint, ppt
2024-07-16 23:47:15,764 DEBUG com.sun.activation.registries.LogSupport [main] Added: MIMETypeEntry: application/vnd.ms-project, mpp
2024-07-16 23:47:15,764 DEBUG com.sun.activation.registries.LogSupport [main] Added: MIMETypeEntry: application/vnd.svd, svd
2024-07-16 23:47:15,765 DEBUG com.sun.activation.registries.LogSupport [main] Added: MIMETypeEntry: application/x-net-install, ins
2024-07-16 23:47:15,765 DEBUG com.sun.activation.registries.LogSupport [main] Added: MIMETypeEntry: application/ccv, ccv
2024-07-16 23:47:15,765 DEBUG com.sun.activation.registries.LogSupport [main] Added: MIMETypeEntry: workbook/formulaone, vts
2024-07-16 23:47:15,766 DEBUG com.sun.activation.registries.LogSupport [main] Added: MIMETypeEntry: x-world/x-vrml, wrl
2024-07-16 23:47:15,766 DEBUG com.sun.activation.registries.LogSupport [main] Added: MIMETypeEntry: x-world/x-vrml, vrml
2024-07-16 23:47:15,766 DEBUG com.sun.activation.registries.LogSupport [main] Added: MIMETypeEntry: x-world/x-vream, vrw
2024-07-16 23:47:15,767 DEBUG com.sun.activation.registries.LogSupport [main] Added: MIMETypeEntry: application/x-p3d, p3d
2024-07-16 23:47:15,767 DEBUG com.sun.activation.registries.LogSupport [main] Added: MIMETypeEntry: x-world/x-svr, svr
2024-07-16 23:47:15,768 DEBUG com.sun.activation.registries.LogSupport [main] Added: MIMETypeEntry: x-world/x-wvr, wvr
2024-07-16 23:47:15,768 DEBUG com.sun.activation.registries.LogSupport [main] Added: MIMETypeEntry: x-world/x-3dmf, 3dmf
2024-07-16 23:47:15,768 DEBUG com.sun.activation.registries.LogSupport [main] Added: MIMETypeEntry: application/mathematica, ma
2024-07-16 23:47:15,769 DEBUG com.sun.activation.registries.LogSupport [main] Added: MIMETypeEntry: x-model/x-mesh, msh
2024-07-16 23:47:15,769 DEBUG com.sun.activation.registries.LogSupport [main] Added: MIMETypeEntry: application/vis5d, v5d
2024-07-16 23:47:15,769 DEBUG com.sun.activation.registries.LogSupport [main] Added: MIMETypeEntry: application/iges, igs
2024-07-16 23:47:15,770 DEBUG com.sun.activation.registries.LogSupport [main] Added: MIMETypeEntry: drawing/x-dwf, dwf
2024-07-16 23:47:15,773 DEBUG sun.rmi.runtime.Log$LoggerLog [RMI TCP Connection(2)-127.0.0.1] RMI TCP Connection(2)-127.0.0.1: (port 53302) op = 82
2024-07-16 23:47:15,775 DEBUG sun.rmi.runtime.Log$LoggerLog [RMI TCP Connection(2)-127.0.0.1] RMI TCP Connection(2)-127.0.0.1: (port 53302) op = 80
2024-07-16 23:47:15,776 DEBUG sun.rmi.runtime.Log$LoggerLog [RMI TCP Connection(2)-127.0.0.1] RMI TCP Connection(2)-127.0.0.1: name = "javax.management.ObjectName", codebase = ""
2024-07-16 23:47:15,777 DEBUG sun.util.logging.internal.LoggingProviderImpl$JULWrapper [RMI TCP Connection(2)-127.0.0.1] connectionId=rmi://127.0.0.1  1, name=org.springframework.boot:type=Admin,name=SpringApplication, attribute=Ready
2024-07-16 23:47:15,778 DEBUG sun.rmi.runtime.Log$LoggerLog [RMI TCP Connection(2)-127.0.0.1] RMI TCP Connection(2)-127.0.0.1: [127.0.0.1] exception: 
javax.management.InstanceNotFoundException: org.springframework.boot:type=Admin,name=SpringApplication
	at java.management/com.sun.jmx.interceptor.DefaultMBeanServerInterceptor.getMBean(DefaultMBeanServerInterceptor.java:1088)
	at java.management/com.sun.jmx.interceptor.DefaultMBeanServerInterceptor.getAttribute(DefaultMBeanServerInterceptor.java:640)
	at java.management/com.sun.jmx.mbeanserver.JmxMBeanServer.getAttribute(JmxMBeanServer.java:679)
	at java.management.rmi/javax.management.remote.rmi.RMIConnectionImpl.doOperation(RMIConnectionImpl.java:1449)
	at java.management.rmi/javax.management.remote.rmi.RMIConnectionImpl$PrivilegedOperation.run(RMIConnectionImpl.java:1310)
	at java.management.rmi/javax.management.remote.rmi.RMIConnectionImpl.doPrivilegedOperation(RMIConnectionImpl.java:1405)
	at java.management.rmi/javax.management.remote.rmi.RMIConnectionImpl.getAttribute(RMIConnectionImpl.java:639)
	at java.base/jdk.internal.reflect.GeneratedMethodAccessor29.invoke(Unknown Source)
	at java.base/jdk.internal.reflect.DelegatingMethodAccessorImpl.invoke(DelegatingMethodAccessorImpl.java:43)
	at java.base/java.lang.reflect.Method.invoke(Method.java:568)
	at java.rmi/sun.rmi.server.UnicastServerRef.dispatch(UnicastServerRef.java:360)
	at java.rmi/sun.rmi.transport.Transport$1.run(Transport.java:200)
	at java.rmi/sun.rmi.transport.Transport$1.run(Transport.java:197)
	at java.base/java.security.AccessController.doPrivileged(AccessController.java:712)
	at java.rmi/sun.rmi.transport.Transport.serviceCall(Transport.java:196)
	at java.rmi/sun.rmi.transport.tcp.TCPTransport.handleMessages(TCPTransport.java:587)
	at java.rmi/sun.rmi.transport.tcp.TCPTransport$ConnectionHandler.run0(TCPTransport.java:828)
	at java.rmi/sun.rmi.transport.tcp.TCPTransport$ConnectionHandler.lambda$run$0(TCPTransport.java:705)
	at java.base/java.security.AccessController.doPrivileged(AccessController.java:399)
	at java.rmi/sun.rmi.transport.tcp.TCPTransport$ConnectionHandler.run(TCPTransport.java:704)
	at java.base/java.util.concurrent.ThreadPoolExecutor.runWorker(ThreadPoolExecutor.java:1136)
	at java.base/java.util.concurrent.ThreadPoolExecutor$Worker.run(ThreadPoolExecutor.java:635)
	at java.base/java.lang.Thread.run(Thread.java:833)
2024-07-16 23:47:15,783 DEBUG org.hibernate.cfg.AnnotationBinder [task-1] Binding entity from annotated class: com.booking.model.slot.ClubSlot
2024-07-16 23:47:15,785 DEBUG org.springframework.beans.factory.support.DefaultSingletonBeanRegistry [main] Creating shared instance of singleton bean 'authenticationManagerBuilder'
2024-07-16 23:47:15,788 DEBUG org.springframework.beans.factory.support.ConstructorResolver [main] Autowiring by type from bean name 'authenticationManagerBuilder' via factory method to bean named 'objectPostProcessor'
2024-07-16 23:47:15,789 DEBUG org.springframework.beans.factory.support.ConstructorResolver [main] Autowiring by type from bean name 'authenticationManagerBuilder' via factory method to bean named 'org.springframework.boot.web.servlet.context.AnnotationConfigServletWebServerApplicationContext@5c00384f'
2024-07-16 23:47:15,791 DEBUG org.springframework.beans.factory.support.DefaultSingletonBeanRegistry [main] Creating shared instance of singleton bean 'authenticationEventPublisher'
2024-07-16 23:47:15,791 DEBUG org.springframework.beans.factory.support.DefaultSingletonBeanRegistry [main] Creating shared instance of singleton bean 'org.springframework.boot.autoconfigure.security.servlet.SecurityAutoConfiguration'
2024-07-16 23:47:15,795 DEBUG org.springframework.beans.factory.support.ConstructorResolver [main] Autowiring by type from bean name 'authenticationEventPublisher' via factory method to bean named 'org.springframework.boot.web.servlet.context.AnnotationConfigServletWebServerApplicationContext@5c00384f'
2024-07-16 23:47:15,817 DEBUG org.springframework.beans.factory.support.DefaultSingletonBeanRegistry [main] Creating shared instance of singleton bean 'org.springframework.security.config.annotation.web.configuration.WebSecurityConfiguration'
2024-07-16 23:47:15,852 DEBUG org.hibernate.cfg.Ejb3Column [task-1] Binding column: Ejb3DiscriminatorColumn{logicalColumnName'DTYPE', discriminatorTypeName='string'}
2024-07-16 23:47:15,855 DEBUG org.springframework.beans.factory.support.DefaultSingletonBeanRegistry [main] Creating shared instance of singleton bean 'autowiredWebSecurityConfigurersIgnoreParents'
2024-07-16 23:47:15,866 DEBUG com.zaxxer.hikari.pool.HikariPool$PoolEntryCreator [HikariPool-1 connection adder] HikariPool-1 - Added connection org.postgresql.jdbc.PgConnection@7342d46
2024-07-16 23:47:15,866 DEBUG org.postgresql.Driver [HikariPool-1 connection adder] Connecting with URL: jdbc:postgresql://localhost:5432/Clubdb
2024-07-16 23:47:15,867 DEBUG org.postgresql.jdbc.PgConnection [HikariPool-1 connection adder] PostgreSQL JDBC Driver 42.2.14
2024-07-16 23:47:15,867 DEBUG org.postgresql.jdbc.PgConnection [HikariPool-1 connection adder]   setDefaultFetchSize = 0
2024-07-16 23:47:15,868 DEBUG org.postgresql.jdbc.PgConnection [HikariPool-1 connection adder]   setPrepareThreshold = 5
2024-07-16 23:47:15,868 DEBUG org.postgresql.core.v3.ConnectionFactoryImpl [HikariPool-1 connection adder] Trying to establish a protocol version 3 connection to localhost:5432
2024-07-16 23:47:15,868 DEBUG org.springframework.beans.factory.support.ConstructorResolver [main] Autowiring by type from bean name 'autowiredWebSecurityConfigurersIgnoreParents' via factory method to bean named 'org.springframework.beans.factory.support.DefaultListableBeanFactory@6de54b40'
2024-07-16 23:47:15,872 DEBUG org.postgresql.core.v3.ConnectionFactoryImpl [HikariPool-1 connection adder] Receive Buffer Size is 65,536
2024-07-16 23:47:15,873 DEBUG org.postgresql.core.v3.ConnectionFactoryImpl [HikariPool-1 connection adder] Send Buffer Size is 65,536
2024-07-16 23:47:15,884 DEBUG org.hibernate.cfg.annotations.EntityBinder [task-1] Import with entity name ClubSlot
2024-07-16 23:47:15,894 DEBUG org.hibernate.cfg.annotations.EntityBinder [task-1] Bind entity com.booking.model.slot.ClubSlot on table club_slot
2024-07-16 23:47:15,915 DEBUG org.springframework.beans.factory.support.DefaultSingletonBeanRegistry [main] Creating shared instance of singleton bean 'delegatingApplicationListener'
2024-07-16 23:47:15,918 DEBUG org.springframework.beans.factory.support.DefaultSingletonBeanRegistry [main] Creating shared instance of singleton bean 'springSecurityFilterChain'
2024-07-16 23:47:15,985 DEBUG org.hibernate.cfg.Ejb3Column [task-1] Binding column: Ejb3Column{table=org.hibernate.mapping.Table(club_slot), mappingColumn=slot_id, insertable=true, updatable=true, unique=false}
2024-07-16 23:47:15,995 DEBUG org.hibernate.cfg.annotations.PropertyBinder [task-1] MetadataSourceProcessor property slotId with lazy=false
2024-07-16 23:47:16,000 DEBUG org.hibernate.cfg.AbstractPropertyHolder [task-1] Attempting to locate auto-apply AttributeConverter for property [com.booking.model.slot.ClubSlot:slotId]
2024-07-16 23:47:16,006 DEBUG org.hibernate.cfg.annotations.SimpleValueBinder [task-1] building SimpleValue for slotId
2024-07-16 23:47:16,012 DEBUG org.hibernate.cfg.annotations.PropertyBinder [task-1] Building property slotId
2024-07-16 23:47:16,024 DEBUG org.hibernate.cfg.BinderHelper [task-1] #makeIdGenerator(org.hibernate.mapping.SimpleValue([org.hibernate.mapping.Column(slot_id)]), slotId, identity, , ...)
2024-07-16 23:47:16,025 DEBUG org.hibernate.cfg.Ejb3Column [task-1] Binding column: Ejb3Column{table=org.hibernate.mapping.Table(club_slot), mappingColumn=club_name, insertable=true, updatable=true, unique=false}
2024-07-16 23:47:16,025 DEBUG org.hibernate.cfg.annotations.PropertyBinder [task-1] MetadataSourceProcessor property clubName with lazy=false
2024-07-16 23:47:16,025 DEBUG org.hibernate.cfg.AbstractPropertyHolder [task-1] Attempting to locate auto-apply AttributeConverter for property [com.booking.model.slot.ClubSlot:clubName]
2024-07-16 23:47:16,026 DEBUG org.hibernate.cfg.annotations.SimpleValueBinder [task-1] building SimpleValue for clubName
2024-07-16 23:47:16,026 DEBUG org.hibernate.cfg.annotations.PropertyBinder [task-1] Building property clubName
2024-07-16 23:47:16,027 DEBUG org.hibernate.cfg.Ejb3Column [task-1] Binding column: Ejb3Column{table=org.hibernate.mapping.Table(club_slot), mappingColumn=created_by, insertable=true, updatable=true, unique=false}
2024-07-16 23:47:16,028 DEBUG org.hibernate.cfg.annotations.PropertyBinder [task-1] MetadataSourceProcessor property createdBy with lazy=false
2024-07-16 23:47:16,028 DEBUG org.hibernate.cfg.AbstractPropertyHolder [task-1] Attempting to locate auto-apply AttributeConverter for property [com.booking.model.slot.ClubSlot:createdBy]
2024-07-16 23:47:16,028 DEBUG org.hibernate.cfg.annotations.SimpleValueBinder [task-1] building SimpleValue for createdBy
2024-07-16 23:47:16,029 DEBUG org.hibernate.cfg.annotations.PropertyBinder [task-1] Building property createdBy
2024-07-16 23:47:16,029 DEBUG org.hibernate.cfg.Ejb3Column [task-1] Binding column: Ejb3Column{table=org.hibernate.mapping.Table(club_slot), mappingColumn=created_date, insertable=true, updatable=true, unique=false}
2024-07-16 23:47:16,030 DEBUG org.hibernate.cfg.annotations.PropertyBinder [task-1] MetadataSourceProcessor property createdDate with lazy=false
2024-07-16 23:47:16,030 DEBUG org.hibernate.cfg.AbstractPropertyHolder [task-1] Attempting to locate auto-apply AttributeConverter for property [com.booking.model.slot.ClubSlot:createdDate]
2024-07-16 23:47:16,031 DEBUG org.hibernate.cfg.annotations.SimpleValueBinder [task-1] building SimpleValue for createdDate
2024-07-16 23:47:16,031 DEBUG org.hibernate.cfg.annotations.PropertyBinder [task-1] Building property createdDate
2024-07-16 23:47:16,032 DEBUG org.hibernate.cfg.Ejb3Column [task-1] Binding column: Ejb3Column{table=org.hibernate.mapping.Table(club_slot), mappingColumn=player_count, insertable=true, updatable=true, unique=false}
2024-07-16 23:47:16,032 DEBUG org.hibernate.cfg.annotations.PropertyBinder [task-1] MetadataSourceProcessor property playerCount with lazy=false
2024-07-16 23:47:16,033 DEBUG org.hibernate.cfg.AbstractPropertyHolder [task-1] Attempting to locate auto-apply AttributeConverter for property [com.booking.model.slot.ClubSlot:playerCount]
2024-07-16 23:47:16,033 DEBUG org.hibernate.cfg.annotations.SimpleValueBinder [task-1] building SimpleValue for playerCount
2024-07-16 23:47:16,033 DEBUG org.hibernate.cfg.annotations.PropertyBinder [task-1] Building property playerCount
2024-07-16 23:47:16,034 DEBUG org.hibernate.cfg.Ejb3Column [task-1] Binding column: Ejb3Column{table=org.hibernate.mapping.Table(club_slot), mappingColumn=primary_booking_id, insertable=true, updatable=true, unique=false}
2024-07-16 23:47:16,034 DEBUG org.hibernate.cfg.annotations.PropertyBinder [task-1] MetadataSourceProcessor property primaryBookingId with lazy=false
2024-07-16 23:47:16,035 DEBUG org.hibernate.cfg.AbstractPropertyHolder [task-1] Attempting to locate auto-apply AttributeConverter for property [com.booking.model.slot.ClubSlot:primaryBookingId]
2024-07-16 23:47:16,035 DEBUG org.hibernate.cfg.annotations.SimpleValueBinder [task-1] building SimpleValue for primaryBookingId
2024-07-16 23:47:16,035 DEBUG org.hibernate.cfg.annotations.PropertyBinder [task-1] Building property primaryBookingId
2024-07-16 23:47:16,036 DEBUG org.hibernate.cfg.Ejb3Column [task-1] Binding column: Ejb3Column{table=org.hibernate.mapping.Table(club_slot), mappingColumn=secondary_booking, insertable=true, updatable=true, unique=false}
2024-07-16 23:47:16,037 DEBUG org.hibernate.cfg.annotations.PropertyBinder [task-1] MetadataSourceProcessor property secondaryBooking with lazy=false
2024-07-16 23:47:16,037 DEBUG org.hibernate.cfg.AbstractPropertyHolder [task-1] Attempting to locate auto-apply AttributeConverter for property [com.booking.model.slot.ClubSlot:secondaryBooking]
2024-07-16 23:47:16,037 DEBUG org.hibernate.cfg.annotations.SimpleValueBinder [task-1] building SimpleValue for secondaryBooking
2024-07-16 23:47:16,038 DEBUG org.hibernate.cfg.annotations.PropertyBinder [task-1] Building property secondaryBooking
2024-07-16 23:47:16,038 DEBUG org.hibernate.cfg.Ejb3Column [task-1] Binding column: Ejb3Column{table=org.hibernate.mapping.Table(club_slot), mappingColumn=slot_available, insertable=true, updatable=true, unique=false}
2024-07-16 23:47:16,039 DEBUG org.hibernate.cfg.annotations.PropertyBinder [task-1] MetadataSourceProcessor property slotAvailable with lazy=false
2024-07-16 23:47:16,039 DEBUG org.hibernate.cfg.AbstractPropertyHolder [task-1] Attempting to locate auto-apply AttributeConverter for property [com.booking.model.slot.ClubSlot:slotAvailable]
2024-07-16 23:47:16,040 DEBUG org.hibernate.cfg.annotations.SimpleValueBinder [task-1] building SimpleValue for slotAvailable
2024-07-16 23:47:16,040 DEBUG org.hibernate.cfg.annotations.PropertyBinder [task-1] Building property slotAvailable
2024-07-16 23:47:16,040 DEBUG org.hibernate.cfg.Ejb3Column [task-1] Binding column: Ejb3Column{table=org.hibernate.mapping.Table(club_slot), mappingColumn=slot_date, insertable=true, updatable=true, unique=false}
2024-07-16 23:47:16,041 DEBUG org.hibernate.cfg.annotations.PropertyBinder [task-1] MetadataSourceProcessor property slotDate with lazy=false
2024-07-16 23:47:16,041 DEBUG org.hibernate.cfg.AbstractPropertyHolder [task-1] Attempting to locate auto-apply AttributeConverter for property [com.booking.model.slot.ClubSlot:slotDate]
2024-07-16 23:47:16,041 DEBUG org.hibernate.cfg.annotations.SimpleValueBinder [task-1] building SimpleValue for slotDate
2024-07-16 23:47:16,042 DEBUG org.hibernate.cfg.annotations.PropertyBinder [task-1] Building property slotDate
2024-07-16 23:47:16,043 DEBUG org.hibernate.cfg.Ejb3Column [task-1] Binding column: Ejb3Column{table=org.hibernate.mapping.Table(club_slot), mappingColumn=slot_end_timestmp, insertable=true, updatable=true, unique=false}
2024-07-16 23:47:16,044 DEBUG org.hibernate.cfg.annotations.PropertyBinder [task-1] MetadataSourceProcessor property slotEndTimeStamp with lazy=false
2024-07-16 23:47:16,044 DEBUG org.hibernate.cfg.AbstractPropertyHolder [task-1] Attempting to locate auto-apply AttributeConverter for property [com.booking.model.slot.ClubSlot:slotEndTimeStamp]
2024-07-16 23:47:16,044 DEBUG org.hibernate.cfg.annotations.SimpleValueBinder [task-1] building SimpleValue for slotEndTimeStamp
2024-07-16 23:47:16,045 DEBUG org.hibernate.cfg.annotations.PropertyBinder [task-1] Building property slotEndTimeStamp
2024-07-16 23:47:16,045 DEBUG org.hibernate.cfg.Ejb3Column [task-1] Binding column: Ejb3Column{table=org.hibernate.mapping.Table(club_slot), mappingColumn=slot_start_timestmp, insertable=true, updatable=true, unique=false}
2024-07-16 23:47:16,045 DEBUG org.hibernate.cfg.annotations.PropertyBinder [task-1] MetadataSourceProcessor property slotStartTimeStamp with lazy=false
2024-07-16 23:47:16,046 DEBUG org.hibernate.cfg.AbstractPropertyHolder [task-1] Attempting to locate auto-apply AttributeConverter for property [com.booking.model.slot.ClubSlot:slotStartTimeStamp]
2024-07-16 23:47:16,046 DEBUG org.hibernate.cfg.annotations.SimpleValueBinder [task-1] building SimpleValue for slotStartTimeStamp
2024-07-16 23:47:16,047 DEBUG org.hibernate.cfg.annotations.PropertyBinder [task-1] Building property slotStartTimeStamp
2024-07-16 23:47:16,047 DEBUG org.hibernate.cfg.Ejb3Column [task-1] Binding column: Ejb3Column{table=org.hibernate.mapping.Table(club_slot), mappingColumn=slot_status, insertable=true, updatable=true, unique=false}
2024-07-16 23:47:16,049 DEBUG org.hibernate.cfg.annotations.PropertyBinder [task-1] MetadataSourceProcessor property slotStatus with lazy=false
2024-07-16 23:47:16,049 DEBUG org.hibernate.cfg.AbstractPropertyHolder [task-1] Attempting to locate auto-apply AttributeConverter for property [com.booking.model.slot.ClubSlot:slotStatus]
2024-07-16 23:47:16,049 DEBUG org.hibernate.cfg.annotations.SimpleValueBinder [task-1] building SimpleValue for slotStatus
2024-07-16 23:47:16,049 DEBUG org.hibernate.cfg.annotations.PropertyBinder [task-1] Building property slotStatus
2024-07-16 23:47:16,051 DEBUG org.hibernate.cfg.Ejb3Column [task-1] Binding column: Ejb3Column{table=org.hibernate.mapping.Table(club_slot), mappingColumn=tee_time, insertable=true, updatable=true, unique=false}
2024-07-16 23:47:16,051 DEBUG org.hibernate.cfg.annotations.PropertyBinder [task-1] MetadataSourceProcessor property teeTime with lazy=false
2024-07-16 23:47:16,051 DEBUG org.hibernate.cfg.AbstractPropertyHolder [task-1] Attempting to locate auto-apply AttributeConverter for property [com.booking.model.slot.ClubSlot:teeTime]
2024-07-16 23:47:16,051 DEBUG org.hibernate.cfg.annotations.SimpleValueBinder [task-1] building SimpleValue for teeTime
2024-07-16 23:47:16,051 DEBUG org.hibernate.cfg.annotations.PropertyBinder [task-1] Building property teeTime
2024-07-16 23:47:16,054 DEBUG org.hibernate.cfg.AnnotationBinder [task-1] Binding entity from annotated class: com.booking.model.slot.ClubSlotBooking
2024-07-16 23:47:16,062 DEBUG org.hibernate.cfg.annotations.QueryBinder [task-1] Binding named query: ClubSlotBooking.findAll => SELECT o FROM ClubSlotBooking o
2024-07-16 23:47:16,062 DEBUG org.hibernate.cfg.Ejb3Column [task-1] Binding column: Ejb3DiscriminatorColumn{logicalColumnName'DTYPE', discriminatorTypeName='string'}
2024-07-16 23:47:16,063 DEBUG org.hibernate.cfg.annotations.EntityBinder [task-1] Import with entity name ClubSlotBooking
2024-07-16 23:47:16,063 DEBUG org.hibernate.cfg.annotations.EntityBinder [task-1] Bind entity com.booking.model.slot.ClubSlotBooking on table club_slot_booking
2024-07-16 23:47:16,072 DEBUG org.hibernate.cfg.Ejb3Column [task-1] Binding column: Ejb3Column{table=org.hibernate.mapping.Table(club_slot_booking), mappingColumn=booking_id, insertable=true, updatable=true, unique=false}
2024-07-16 23:47:16,072 DEBUG org.hibernate.cfg.annotations.PropertyBinder [task-1] MetadataSourceProcessor property bookingId with lazy=false
2024-07-16 23:47:16,073 DEBUG org.hibernate.cfg.AbstractPropertyHolder [task-1] Attempting to locate auto-apply AttributeConverter for property [com.booking.model.slot.ClubSlotBooking:bookingId]
2024-07-16 23:47:16,074 DEBUG org.hibernate.cfg.annotations.SimpleValueBinder [task-1] building SimpleValue for bookingId
2024-07-16 23:47:16,076 DEBUG org.hibernate.cfg.annotations.PropertyBinder [task-1] Building property bookingId
2024-07-16 23:47:16,077 DEBUG com.zaxxer.hikari.pool.HikariPool$PoolEntryCreator [HikariPool-1 connection adder] HikariPool-1 - Added connection org.postgresql.jdbc.PgConnection@5beef50e
2024-07-16 23:47:16,079 DEBUG com.zaxxer.hikari.pool.HikariPool [HikariPool-1 connection adder] HikariPool-1 - After adding stats (total=10, active=0, idle=10, waiting=0)
2024-07-16 23:47:16,079 DEBUG org.hibernate.cfg.BinderHelper [task-1] #makeIdGenerator(org.hibernate.mapping.SimpleValue([org.hibernate.mapping.Column(booking_id)]), bookingId, identity, , ...)
2024-07-16 23:47:16,080 DEBUG org.hibernate.cfg.Ejb3Column [task-1] Binding column: Ejb3Column{table=org.hibernate.mapping.Table(club_slot_booking), mappingColumn=booking_status, insertable=true, updatable=true, unique=false}
2024-07-16 23:47:16,080 DEBUG org.hibernate.cfg.annotations.PropertyBinder [task-1] MetadataSourceProcessor property bookingStatus with lazy=false
2024-07-16 23:47:16,080 DEBUG org.hibernate.cfg.AbstractPropertyHolder [task-1] Attempting to locate auto-apply AttributeConverter for property [com.booking.model.slot.ClubSlotBooking:bookingStatus]
2024-07-16 23:47:16,080 DEBUG org.hibernate.cfg.annotations.SimpleValueBinder [task-1] building SimpleValue for bookingStatus
2024-07-16 23:47:16,081 DEBUG org.hibernate.cfg.annotations.PropertyBinder [task-1] Building property bookingStatus
2024-07-16 23:47:16,081 DEBUG org.hibernate.cfg.Ejb3Column [task-1] Binding column: Ejb3Column{table=org.hibernate.mapping.Table(club_slot_booking), mappingColumn=booking_type, insertable=true, updatable=true, unique=false}
2024-07-16 23:47:16,082 DEBUG org.hibernate.cfg.annotations.PropertyBinder [task-1] MetadataSourceProcessor property bookingType with lazy=false
2024-07-16 23:47:16,082 DEBUG org.hibernate.cfg.AbstractPropertyHolder [task-1] Attempting to locate auto-apply AttributeConverter for property [com.booking.model.slot.ClubSlotBooking:bookingType]
2024-07-16 23:47:16,082 DEBUG org.hibernate.cfg.annotations.SimpleValueBinder [task-1] building SimpleValue for bookingType
2024-07-16 23:47:16,083 DEBUG org.hibernate.cfg.annotations.PropertyBinder [task-1] Building property bookingType
2024-07-16 23:47:16,083 DEBUG org.hibernate.cfg.Ejb3Column [task-1] Binding column: Ejb3Column{table=org.hibernate.mapping.Table(club_slot_booking), mappingColumn=created_by, insertable=true, updatable=true, unique=false}
2024-07-16 23:47:16,085 DEBUG org.hibernate.cfg.annotations.PropertyBinder [task-1] MetadataSourceProcessor property createdBy with lazy=false
2024-07-16 23:47:16,085 DEBUG org.hibernate.cfg.AbstractPropertyHolder [task-1] Attempting to locate auto-apply AttributeConverter for property [com.booking.model.slot.ClubSlotBooking:createdBy]
2024-07-16 23:47:16,085 DEBUG org.hibernate.cfg.annotations.SimpleValueBinder [task-1] building SimpleValue for createdBy
2024-07-16 23:47:16,085 DEBUG org.hibernate.cfg.annotations.PropertyBinder [task-1] Building property createdBy
2024-07-16 23:47:16,085 DEBUG org.hibernate.cfg.Ejb3Column [task-1] Binding column: Ejb3Column{table=org.hibernate.mapping.Table(club_slot_booking), mappingColumn=created_date, insertable=true, updatable=true, unique=false}
2024-07-16 23:47:16,086 DEBUG org.hibernate.cfg.annotations.PropertyBinder [task-1] MetadataSourceProcessor property createdDate with lazy=false
2024-07-16 23:47:16,086 DEBUG org.hibernate.cfg.AbstractPropertyHolder [task-1] Attempting to locate auto-apply AttributeConverter for property [com.booking.model.slot.ClubSlotBooking:createdDate]
2024-07-16 23:47:16,086 DEBUG org.hibernate.cfg.annotations.SimpleValueBinder [task-1] building SimpleValue for createdDate
2024-07-16 23:47:16,087 DEBUG org.hibernate.cfg.annotations.PropertyBinder [task-1] Building property createdDate
2024-07-16 23:47:16,087 DEBUG org.hibernate.cfg.Ejb3Column [task-1] Binding column: Ejb3Column{table=org.hibernate.mapping.Table(club_slot_booking), mappingColumn=player, insertable=true, updatable=true, unique=false}
2024-07-16 23:47:16,087 DEBUG org.hibernate.cfg.annotations.PropertyBinder [task-1] MetadataSourceProcessor property player with lazy=false
2024-07-16 23:47:16,088 DEBUG org.hibernate.cfg.AbstractPropertyHolder [task-1] Attempting to locate auto-apply AttributeConverter for property [com.booking.model.slot.ClubSlotBooking:player]
2024-07-16 23:47:16,090 DEBUG org.hibernate.cfg.annotations.SimpleValueBinder [task-1] building SimpleValue for player
2024-07-16 23:47:16,091 DEBUG org.hibernate.cfg.annotations.PropertyBinder [task-1] Building property player
2024-07-16 23:47:16,092 DEBUG org.hibernate.cfg.Ejb3Column [task-1] Binding column: Ejb3Column{table=org.hibernate.mapping.Table(club_slot_booking), mappingColumn=player_count, insertable=true, updatable=true, unique=false}
2024-07-16 23:47:16,092 DEBUG org.hibernate.cfg.annotations.PropertyBinder [task-1] MetadataSourceProcessor property playerCount with lazy=false
2024-07-16 23:47:16,093 DEBUG org.hibernate.cfg.AbstractPropertyHolder [task-1] Attempting to locate auto-apply AttributeConverter for property [com.booking.model.slot.ClubSlotBooking:playerCount]
2024-07-16 23:47:16,093 DEBUG org.hibernate.cfg.annotations.SimpleValueBinder [task-1] building SimpleValue for playerCount
2024-07-16 23:47:16,093 DEBUG org.hibernate.cfg.annotations.PropertyBinder [task-1] Building property playerCount
2024-07-16 23:47:16,094 DEBUG org.hibernate.cfg.Ejb3Column [task-1] Binding column: Ejb3Column{table=org.hibernate.mapping.Table(club_slot_booking), mappingColumn=primary_booking_id, insertable=true, updatable=true, unique=false}
2024-07-16 23:47:16,094 DEBUG org.hibernate.cfg.annotations.PropertyBinder [task-1] MetadataSourceProcessor property primaryBookingId with lazy=false
2024-07-16 23:47:16,095 DEBUG org.hibernate.cfg.AbstractPropertyHolder [task-1] Attempting to locate auto-apply AttributeConverter for property [com.booking.model.slot.ClubSlotBooking:primaryBookingId]
2024-07-16 23:47:16,095 DEBUG org.hibernate.cfg.annotations.SimpleValueBinder [task-1] building SimpleValue for primaryBookingId
2024-07-16 23:47:16,096 DEBUG org.hibernate.cfg.annotations.PropertyBinder [task-1] Building property primaryBookingId
2024-07-16 23:47:16,097 DEBUG org.hibernate.cfg.Ejb3Column [task-1] Binding column: Ejb3Column{table=org.hibernate.mapping.Table(club_slot_booking), mappingColumn=secondary_booking, insertable=true, updatable=true, unique=false}
2024-07-16 23:47:16,098 DEBUG org.hibernate.cfg.annotations.PropertyBinder [task-1] MetadataSourceProcessor property secondaryBooking with lazy=false
2024-07-16 23:47:16,098 DEBUG org.hibernate.cfg.AbstractPropertyHolder [task-1] Attempting to locate auto-apply AttributeConverter for property [com.booking.model.slot.ClubSlotBooking:secondaryBooking]
2024-07-16 23:47:16,098 DEBUG org.hibernate.cfg.annotations.SimpleValueBinder [task-1] building SimpleValue for secondaryBooking
2024-07-16 23:47:16,099 DEBUG org.hibernate.cfg.annotations.PropertyBinder [task-1] Building property secondaryBooking
2024-07-16 23:47:16,099 DEBUG org.hibernate.cfg.Ejb3Column [task-1] Binding column: Ejb3Column{table=org.hibernate.mapping.Table(club_slot_booking), mappingColumn=slot_date, insertable=true, updatable=true, unique=false}
2024-07-16 23:47:16,101 DEBUG org.hibernate.cfg.annotations.PropertyBinder [task-1] MetadataSourceProcessor property slotDate with lazy=false
2024-07-16 23:47:16,101 DEBUG org.hibernate.cfg.AbstractPropertyHolder [task-1] Attempting to locate auto-apply AttributeConverter for property [com.booking.model.slot.ClubSlotBooking:slotDate]
2024-07-16 23:47:16,101 DEBUG org.hibernate.cfg.annotations.SimpleValueBinder [task-1] building SimpleValue for slotDate
2024-07-16 23:47:16,101 DEBUG org.hibernate.cfg.annotations.PropertyBinder [task-1] Building property slotDate
2024-07-16 23:47:16,101 DEBUG org.hibernate.cfg.Ejb3Column [task-1] Binding column: Ejb3Column{table=org.hibernate.mapping.Table(club_slot_booking), mappingColumn=slot_id, insertable=true, updatable=true, unique=false}
2024-07-16 23:47:16,102 DEBUG org.hibernate.cfg.annotations.PropertyBinder [task-1] MetadataSourceProcessor property slotId with lazy=false
2024-07-16 23:47:16,102 DEBUG org.hibernate.cfg.AbstractPropertyHolder [task-1] Attempting to locate auto-apply AttributeConverter for property [com.booking.model.slot.ClubSlotBooking:slotId]
2024-07-16 23:47:16,102 DEBUG org.hibernate.cfg.annotations.SimpleValueBinder [task-1] building SimpleValue for slotId
2024-07-16 23:47:16,103 DEBUG org.hibernate.cfg.annotations.PropertyBinder [task-1] Building property slotId
2024-07-16 23:47:16,103 DEBUG org.hibernate.cfg.Ejb3Column [task-1] Binding column: Ejb3Column{table=org.hibernate.mapping.Table(club_slot_booking), mappingColumn=user_id, insertable=true, updatable=true, unique=false}
2024-07-16 23:47:16,104 DEBUG org.hibernate.cfg.annotations.PropertyBinder [task-1] MetadataSourceProcessor property userId with lazy=false
2024-07-16 23:47:16,104 DEBUG org.hibernate.cfg.AbstractPropertyHolder [task-1] Attempting to locate auto-apply AttributeConverter for property [com.booking.model.slot.ClubSlotBooking:userId]
2024-07-16 23:47:16,105 DEBUG org.hibernate.cfg.annotations.SimpleValueBinder [task-1] building SimpleValue for userId
2024-07-16 23:47:16,105 DEBUG org.hibernate.cfg.annotations.PropertyBinder [task-1] Building property userId
2024-07-16 23:47:16,106 DEBUG org.hibernate.cfg.AnnotationBinder [task-1] Binding entity from annotated class: com.booking.model.slot.UserBooking
2024-07-16 23:47:16,106 DEBUG org.hibernate.cfg.Ejb3Column [task-1] Binding column: Ejb3DiscriminatorColumn{logicalColumnName'DTYPE', discriminatorTypeName='string'}
2024-07-16 23:47:16,107 DEBUG org.hibernate.cfg.annotations.EntityBinder [task-1] Import with entity name UserBooking
2024-07-16 23:47:16,107 DEBUG org.hibernate.cfg.annotations.EntityBinder [task-1] Bind entity com.booking.model.slot.UserBooking on table user_booking
2024-07-16 23:47:16,111 DEBUG org.hibernate.cfg.Ejb3Column [task-1] Binding column: Ejb3Column{table=org.hibernate.mapping.Table(user_booking), mappingColumn=user_booking_id, insertable=true, updatable=true, unique=false}
2024-07-16 23:47:16,111 DEBUG org.hibernate.cfg.annotations.PropertyBinder [task-1] MetadataSourceProcessor property userBookingId with lazy=false
2024-07-16 23:47:16,111 DEBUG org.hibernate.cfg.AbstractPropertyHolder [task-1] Attempting to locate auto-apply AttributeConverter for property [com.booking.model.slot.UserBooking:userBookingId]
2024-07-16 23:47:16,112 DEBUG org.hibernate.cfg.annotations.SimpleValueBinder [task-1] building SimpleValue for userBookingId
2024-07-16 23:47:16,112 DEBUG org.hibernate.cfg.annotations.PropertyBinder [task-1] Building property userBookingId
2024-07-16 23:47:16,113 DEBUG org.hibernate.cfg.BinderHelper [task-1] #makeIdGenerator(org.hibernate.mapping.SimpleValue([org.hibernate.mapping.Column(user_booking_id)]), userBookingId, identity, , ...)
2024-07-16 23:47:16,113 DEBUG org.hibernate.cfg.Ejb3Column [task-1] Binding column: Ejb3Column{table=org.hibernate.mapping.Table(user_booking), mappingColumn=approval_status, insertable=true, updatable=true, unique=false}
2024-07-16 23:47:16,115 DEBUG org.hibernate.cfg.annotations.PropertyBinder [task-1] MetadataSourceProcessor property approvalStatus with lazy=false
2024-07-16 23:47:16,115 DEBUG org.hibernate.cfg.AbstractPropertyHolder [task-1] Attempting to locate auto-apply AttributeConverter for property [com.booking.model.slot.UserBooking:approvalStatus]
2024-07-16 23:47:16,115 DEBUG org.hibernate.cfg.annotations.SimpleValueBinder [task-1] building SimpleValue for approvalStatus
2024-07-16 23:47:16,116 DEBUG org.hibernate.cfg.annotations.PropertyBinder [task-1] Building property approvalStatus
2024-07-16 23:47:16,116 DEBUG org.hibernate.cfg.Ejb3Column [task-1] Binding column: Ejb3Column{table=org.hibernate.mapping.Table(user_booking), mappingColumn=booking_id, insertable=true, updatable=true, unique=false}
2024-07-16 23:47:16,116 DEBUG org.hibernate.cfg.annotations.PropertyBinder [task-1] MetadataSourceProcessor property bookingId with lazy=false
2024-07-16 23:47:16,116 DEBUG org.hibernate.cfg.AbstractPropertyHolder [task-1] Attempting to locate auto-apply AttributeConverter for property [com.booking.model.slot.UserBooking:bookingId]
2024-07-16 23:47:16,116 DEBUG org.hibernate.cfg.annotations.SimpleValueBinder [task-1] building SimpleValue for bookingId
2024-07-16 23:47:16,116 DEBUG org.hibernate.cfg.annotations.PropertyBinder [task-1] Building property bookingId
2024-07-16 23:47:16,117 DEBUG org.hibernate.cfg.Ejb3Column [task-1] Binding column: Ejb3Column{table=org.hibernate.mapping.Table(user_booking), mappingColumn=booking_name, insertable=true, updatable=true, unique=false}
2024-07-16 23:47:16,118 DEBUG org.hibernate.cfg.annotations.PropertyBinder [task-1] MetadataSourceProcessor property bookingName with lazy=false
2024-07-16 23:47:16,118 DEBUG org.hibernate.cfg.AbstractPropertyHolder [task-1] Attempting to locate auto-apply AttributeConverter for property [com.booking.model.slot.UserBooking:bookingName]
2024-07-16 23:47:16,118 DEBUG org.hibernate.cfg.annotations.SimpleValueBinder [task-1] building SimpleValue for bookingName
2024-07-16 23:47:16,120 DEBUG org.hibernate.cfg.annotations.PropertyBinder [task-1] Building property bookingName
2024-07-16 23:47:16,120 DEBUG org.hibernate.cfg.Ejb3Column [task-1] Binding column: Ejb3Column{table=org.hibernate.mapping.Table(user_booking), mappingColumn=booking_type, insertable=true, updatable=true, unique=false}
2024-07-16 23:47:16,120 DEBUG org.hibernate.cfg.annotations.PropertyBinder [task-1] MetadataSourceProcessor property bookingType with lazy=false
2024-07-16 23:47:16,120 DEBUG org.hibernate.cfg.AbstractPropertyHolder [task-1] Attempting to locate auto-apply AttributeConverter for property [com.booking.model.slot.UserBooking:bookingType]
2024-07-16 23:47:16,120 DEBUG org.hibernate.cfg.annotations.SimpleValueBinder [task-1] building SimpleValue for bookingType
2024-07-16 23:47:16,120 DEBUG org.hibernate.cfg.annotations.PropertyBinder [task-1] Building property bookingType
2024-07-16 23:47:16,121 DEBUG org.hibernate.cfg.Ejb3Column [task-1] Binding column: Ejb3Column{table=org.hibernate.mapping.Table(user_booking), mappingColumn=date_modified, insertable=true, updatable=true, unique=false}
2024-07-16 23:47:16,121 DEBUG org.hibernate.cfg.annotations.PropertyBinder [task-1] MetadataSourceProcessor property dateModified with lazy=false
2024-07-16 23:47:16,121 DEBUG org.hibernate.cfg.AbstractPropertyHolder [task-1] Attempting to locate auto-apply AttributeConverter for property [com.booking.model.slot.UserBooking:dateModified]
2024-07-16 23:47:16,122 DEBUG org.hibernate.cfg.annotations.SimpleValueBinder [task-1] building SimpleValue for dateModified
2024-07-16 23:47:16,122 DEBUG org.hibernate.cfg.annotations.PropertyBinder [task-1] Building property dateModified
2024-07-16 23:47:16,122 DEBUG org.hibernate.cfg.Ejb3Column [task-1] Binding column: Ejb3Column{table=org.hibernate.mapping.Table(user_booking), mappingColumn=modified_by, insertable=true, updatable=true, unique=false}
2024-07-16 23:47:16,123 DEBUG org.hibernate.cfg.annotations.PropertyBinder [task-1] MetadataSourceProcessor property modifiedBy with lazy=false
2024-07-16 23:47:16,123 DEBUG org.hibernate.cfg.AbstractPropertyHolder [task-1] Attempting to locate auto-apply AttributeConverter for property [com.booking.model.slot.UserBooking:modifiedBy]
2024-07-16 23:47:16,123 DEBUG org.hibernate.cfg.annotations.SimpleValueBinder [task-1] building SimpleValue for modifiedBy
2024-07-16 23:47:16,124 DEBUG org.hibernate.cfg.annotations.PropertyBinder [task-1] Building property modifiedBy
2024-07-16 23:47:16,124 DEBUG org.hibernate.cfg.Ejb3Column [task-1] Binding column: Ejb3Column{table=org.hibernate.mapping.Table(user_booking), mappingColumn=players_name, insertable=true, updatable=true, unique=false}
2024-07-16 23:47:16,125 DEBUG org.hibernate.cfg.annotations.PropertyBinder [task-1] MetadataSourceProcessor property playersName with lazy=false
2024-07-16 23:47:16,125 DEBUG org.hibernate.cfg.AbstractPropertyHolder [task-1] Attempting to locate auto-apply AttributeConverter for property [com.booking.model.slot.UserBooking:playersName]
2024-07-16 23:47:16,125 DEBUG org.hibernate.cfg.annotations.SimpleValueBinder [task-1] building SimpleValue for playersName
2024-07-16 23:47:16,126 DEBUG org.hibernate.cfg.annotations.PropertyBinder [task-1] Building property playersName
2024-07-16 23:47:16,126 DEBUG org.hibernate.cfg.Ejb3Column [task-1] Binding column: Ejb3Column{table=org.hibernate.mapping.Table(user_booking), mappingColumn=slot_id, insertable=true, updatable=true, unique=false}
2024-07-16 23:47:16,127 DEBUG org.hibernate.cfg.annotations.PropertyBinder [task-1] MetadataSourceProcessor property slotId with lazy=false
2024-07-16 23:47:16,129 DEBUG org.hibernate.cfg.AbstractPropertyHolder [task-1] Attempting to locate auto-apply AttributeConverter for property [com.booking.model.slot.UserBooking:slotId]
2024-07-16 23:47:16,129 DEBUG org.hibernate.cfg.annotations.SimpleValueBinder [task-1] building SimpleValue for slotId
2024-07-16 23:47:16,129 DEBUG org.hibernate.cfg.annotations.PropertyBinder [task-1] Building property slotId
2024-07-16 23:47:16,129 DEBUG org.hibernate.cfg.Ejb3Column [task-1] Binding column: Ejb3Column{table=org.hibernate.mapping.Table(user_booking), mappingColumn=user_id, insertable=true, updatable=true, unique=false}
2024-07-16 23:47:16,129 DEBUG org.hibernate.cfg.annotations.PropertyBinder [task-1] MetadataSourceProcessor property userId with lazy=false
2024-07-16 23:47:16,130 DEBUG org.hibernate.cfg.AbstractPropertyHolder [task-1] Attempting to locate auto-apply AttributeConverter for property [com.booking.model.slot.UserBooking:userId]
2024-07-16 23:47:16,130 DEBUG org.hibernate.cfg.annotations.SimpleValueBinder [task-1] building SimpleValue for userId
2024-07-16 23:47:16,131 DEBUG org.hibernate.cfg.annotations.PropertyBinder [task-1] Building property userId
2024-07-16 23:47:16,131 DEBUG org.hibernate.cfg.Ejb3Column [task-1] Binding column: Ejb3Column{table=org.hibernate.mapping.Table(user_booking), mappingColumn=user_name, insertable=true, updatable=true, unique=false}
2024-07-16 23:47:16,131 DEBUG org.hibernate.cfg.annotations.PropertyBinder [task-1] MetadataSourceProcessor property userName with lazy=false
2024-07-16 23:47:16,132 DEBUG org.hibernate.cfg.AbstractPropertyHolder [task-1] Attempting to locate auto-apply AttributeConverter for property [com.booking.model.slot.UserBooking:userName]
2024-07-16 23:47:16,132 DEBUG org.hibernate.cfg.annotations.SimpleValueBinder [task-1] building SimpleValue for userName
2024-07-16 23:47:16,132 DEBUG org.hibernate.cfg.annotations.PropertyBinder [task-1] Building property userName
2024-07-16 23:47:16,133 DEBUG org.hibernate.cfg.AnnotationBinder [task-1] Binding entity from annotated class: com.booking.model.user.ClubConfig
2024-07-16 23:47:16,133 DEBUG org.hibernate.cfg.Ejb3Column [task-1] Binding column: Ejb3DiscriminatorColumn{logicalColumnName'DTYPE', discriminatorTypeName='string'}
2024-07-16 23:47:16,134 DEBUG org.hibernate.cfg.annotations.EntityBinder [task-1] Import with entity name ClubConfig
2024-07-16 23:47:16,134 DEBUG org.hibernate.cfg.annotations.EntityBinder [task-1] Bind entity com.booking.model.user.ClubConfig on table club_config
2024-07-16 23:47:16,136 DEBUG org.hibernate.cfg.Ejb3Column [task-1] Binding column: Ejb3Column{table=org.hibernate.mapping.Table(club_config), mappingColumn=config_id, insertable=true, updatable=true, unique=false}
2024-07-16 23:47:16,136 DEBUG org.hibernate.cfg.annotations.PropertyBinder [task-1] MetadataSourceProcessor property configId with lazy=false
2024-07-16 23:47:16,138 DEBUG org.hibernate.cfg.AbstractPropertyHolder [task-1] Attempting to locate auto-apply AttributeConverter for property [com.booking.model.user.ClubConfig:configId]
2024-07-16 23:47:16,138 DEBUG org.hibernate.cfg.annotations.SimpleValueBinder [task-1] building SimpleValue for configId
2024-07-16 23:47:16,138 DEBUG org.hibernate.cfg.annotations.PropertyBinder [task-1] Building property configId
2024-07-16 23:47:16,138 DEBUG org.hibernate.cfg.BinderHelper [task-1] #makeIdGenerator(org.hibernate.mapping.SimpleValue([org.hibernate.mapping.Column(config_id)]), configId, identity, , ...)
2024-07-16 23:47:16,138 DEBUG org.hibernate.cfg.Ejb3Column [task-1] Binding column: Ejb3Column{table=org.hibernate.mapping.Table(club_config), mappingColumn=category, insertable=true, updatable=true, unique=false}
2024-07-16 23:47:16,139 DEBUG org.hibernate.cfg.annotations.PropertyBinder [task-1] MetadataSourceProcessor property category with lazy=false
2024-07-16 23:47:16,139 DEBUG org.hibernate.cfg.AbstractPropertyHolder [task-1] Attempting to locate auto-apply AttributeConverter for property [com.booking.model.user.ClubConfig:category]
2024-07-16 23:47:16,139 DEBUG org.hibernate.cfg.annotations.SimpleValueBinder [task-1] building SimpleValue for category
2024-07-16 23:47:16,140 DEBUG org.hibernate.cfg.annotations.PropertyBinder [task-1] Building property category
2024-07-16 23:47:16,140 DEBUG org.hibernate.cfg.Ejb3Column [task-1] Binding column: Ejb3Column{table=org.hibernate.mapping.Table(club_config), mappingColumn=date_modified, insertable=true, updatable=true, unique=false}
2024-07-16 23:47:16,141 DEBUG org.hibernate.cfg.annotations.PropertyBinder [task-1] MetadataSourceProcessor property dateModified with lazy=false
2024-07-16 23:47:16,141 DEBUG org.hibernate.cfg.AbstractPropertyHolder [task-1] Attempting to locate auto-apply AttributeConverter for property [com.booking.model.user.ClubConfig:dateModified]
2024-07-16 23:47:16,141 DEBUG org.hibernate.cfg.annotations.SimpleValueBinder [task-1] building SimpleValue for dateModified
2024-07-16 23:47:16,142 DEBUG org.hibernate.cfg.annotations.PropertyBinder [task-1] Building property dateModified
2024-07-16 23:47:16,142 DEBUG org.hibernate.cfg.Ejb3Column [task-1] Binding column: Ejb3Column{table=org.hibernate.mapping.Table(club_config), mappingColumn=key, insertable=true, updatable=true, unique=false}
2024-07-16 23:47:16,143 DEBUG org.hibernate.cfg.annotations.PropertyBinder [task-1] MetadataSourceProcessor property key with lazy=false
2024-07-16 23:47:16,143 DEBUG org.hibernate.cfg.AbstractPropertyHolder [task-1] Attempting to locate auto-apply AttributeConverter for property [com.booking.model.user.ClubConfig:key]
2024-07-16 23:47:16,143 DEBUG org.hibernate.cfg.annotations.SimpleValueBinder [task-1] building SimpleValue for key
2024-07-16 23:47:16,144 DEBUG org.hibernate.cfg.annotations.PropertyBinder [task-1] Building property key
2024-07-16 23:47:16,144 DEBUG org.hibernate.cfg.Ejb3Column [task-1] Binding column: Ejb3Column{table=org.hibernate.mapping.Table(club_config), mappingColumn=modified_by, insertable=true, updatable=true, unique=false}
2024-07-16 23:47:16,145 DEBUG org.hibernate.cfg.annotations.PropertyBinder [task-1] MetadataSourceProcessor property modifiedBy with lazy=false
2024-07-16 23:47:16,145 DEBUG org.hibernate.cfg.AbstractPropertyHolder [task-1] Attempting to locate auto-apply AttributeConverter for property [com.booking.model.user.ClubConfig:modifiedBy]
2024-07-16 23:47:16,145 DEBUG org.hibernate.cfg.annotations.SimpleValueBinder [task-1] building SimpleValue for modifiedBy
2024-07-16 23:47:16,146 DEBUG org.hibernate.cfg.annotations.PropertyBinder [task-1] Building property modifiedBy
2024-07-16 23:47:16,146 DEBUG org.hibernate.cfg.Ejb3Column [task-1] Binding column: Ejb3Column{table=org.hibernate.mapping.Table(club_config), mappingColumn=value, insertable=true, updatable=true, unique=false}
2024-07-16 23:47:16,146 DEBUG org.hibernate.cfg.annotations.PropertyBinder [task-1] MetadataSourceProcessor property value with lazy=false
2024-07-16 23:47:16,147 DEBUG org.hibernate.cfg.AbstractPropertyHolder [task-1] Attempting to locate auto-apply AttributeConverter for property [com.booking.model.user.ClubConfig:value]
2024-07-16 23:47:16,147 DEBUG org.hibernate.cfg.annotations.SimpleValueBinder [task-1] building SimpleValue for value
2024-07-16 23:47:16,147 DEBUG org.hibernate.cfg.annotations.PropertyBinder [task-1] Building property value
2024-07-16 23:47:16,148 DEBUG org.hibernate.cfg.AnnotationBinder [task-1] Binding entity from annotated class: com.booking.model.user.ClubUser
2024-07-16 23:47:16,148 DEBUG org.hibernate.cfg.Ejb3Column [task-1] Binding column: Ejb3DiscriminatorColumn{logicalColumnName'DTYPE', discriminatorTypeName='string'}
2024-07-16 23:47:16,149 DEBUG org.hibernate.cfg.annotations.EntityBinder [task-1] Import with entity name ClubUser
2024-07-16 23:47:16,149 DEBUG org.hibernate.cfg.annotations.EntityBinder [task-1] Bind entity com.booking.model.user.ClubUser on table club_user
2024-07-16 23:47:16,188 DEBUG org.hibernate.cfg.Ejb3Column [task-1] Binding column: Ejb3Column{table=org.hibernate.mapping.Table(club_user), mappingColumn=user_id, insertable=true, updatable=true, unique=false}
2024-07-16 23:47:16,189 DEBUG org.hibernate.cfg.annotations.PropertyBinder [task-1] MetadataSourceProcessor property userId with lazy=false
2024-07-16 23:47:16,189 DEBUG org.hibernate.cfg.AbstractPropertyHolder [task-1] Attempting to locate auto-apply AttributeConverter for property [com.booking.model.user.ClubUser:userId]
2024-07-16 23:47:16,189 DEBUG org.hibernate.cfg.annotations.SimpleValueBinder [task-1] building SimpleValue for userId
2024-07-16 23:47:16,190 DEBUG org.hibernate.cfg.annotations.PropertyBinder [task-1] Building property userId
2024-07-16 23:47:16,190 DEBUG org.hibernate.cfg.BinderHelper [task-1] #makeIdGenerator(org.hibernate.mapping.SimpleValue([org.hibernate.mapping.Column(user_id)]), userId, identity, , ...)
2024-07-16 23:47:16,190 DEBUG org.hibernate.cfg.Ejb3Column [task-1] Binding column: Ejb3Column{table=org.hibernate.mapping.Table(club_user), mappingColumn=created_by, insertable=true, updatable=true, unique=false}
2024-07-16 23:47:16,191 DEBUG org.hibernate.cfg.annotations.PropertyBinder [task-1] MetadataSourceProcessor property createdBy with lazy=false
2024-07-16 23:47:16,191 DEBUG org.hibernate.cfg.AbstractPropertyHolder [task-1] Attempting to locate auto-apply AttributeConverter for property [com.booking.model.user.ClubUser:createdBy]
2024-07-16 23:47:16,191 DEBUG org.hibernate.cfg.annotations.SimpleValueBinder [task-1] building SimpleValue for createdBy
2024-07-16 23:47:16,192 DEBUG org.hibernate.cfg.annotations.PropertyBinder [task-1] Building property createdBy
2024-07-16 23:47:16,192 DEBUG org.hibernate.cfg.Ejb3Column [task-1] Binding column: Ejb3Column{table=org.hibernate.mapping.Table(club_user), mappingColumn=created_date, insertable=true, updatable=true, unique=false}
2024-07-16 23:47:16,192 DEBUG org.hibernate.cfg.annotations.PropertyBinder [task-1] MetadataSourceProcessor property createdDate with lazy=false
2024-07-16 23:47:16,193 DEBUG org.hibernate.cfg.AbstractPropertyHolder [task-1] Attempting to locate auto-apply AttributeConverter for property [com.booking.model.user.ClubUser:createdDate]
2024-07-16 23:47:16,193 DEBUG org.hibernate.cfg.annotations.SimpleValueBinder [task-1] building SimpleValue for createdDate
2024-07-16 23:47:16,194 DEBUG org.hibernate.cfg.annotations.PropertyBinder [task-1] Building property createdDate
2024-07-16 23:47:16,194 DEBUG org.hibernate.cfg.Ejb3Column [task-1] Binding column: Ejb3Column{table=org.hibernate.mapping.Table(club_user), mappingColumn=dob, insertable=true, updatable=true, unique=false}
2024-07-16 23:47:16,194 DEBUG org.hibernate.cfg.annotations.PropertyBinder [task-1] MetadataSourceProcessor property dateofBirth with lazy=false
2024-07-16 23:47:16,195 DEBUG org.hibernate.cfg.AbstractPropertyHolder [task-1] Attempting to locate auto-apply AttributeConverter for property [com.booking.model.user.ClubUser:dateofBirth]
2024-07-16 23:47:16,195 DEBUG org.hibernate.cfg.annotations.SimpleValueBinder [task-1] building SimpleValue for dateofBirth
2024-07-16 23:47:16,195 DEBUG org.hibernate.cfg.annotations.PropertyBinder [task-1] Building property dateofBirth
2024-07-16 23:47:16,196 DEBUG org.hibernate.cfg.Ejb3Column [task-1] Binding column: Ejb3Column{table=org.hibernate.mapping.Table(club_user), mappingColumn=full_name, insertable=true, updatable=true, unique=false}
2024-07-16 23:47:16,196 DEBUG org.hibernate.cfg.annotations.PropertyBinder [task-1] MetadataSourceProcessor property fullName with lazy=false
2024-07-16 23:47:16,196 DEBUG org.hibernate.cfg.AbstractPropertyHolder [task-1] Attempting to locate auto-apply AttributeConverter for property [com.booking.model.user.ClubUser:fullName]
2024-07-16 23:47:16,197 DEBUG org.hibernate.cfg.annotations.SimpleValueBinder [task-1] building SimpleValue for fullName
2024-07-16 23:47:16,197 DEBUG org.hibernate.cfg.annotations.PropertyBinder [task-1] Building property fullName
2024-07-16 23:47:16,198 DEBUG org.hibernate.cfg.Ejb3Column [task-1] Binding column: Ejb3Column{table=org.hibernate.mapping.Table(club_user), mappingColumn=membership_number, insertable=true, updatable=true, unique=false}
2024-07-16 23:47:16,198 DEBUG org.hibernate.cfg.annotations.PropertyBinder [task-1] MetadataSourceProcessor property membershipNumber with lazy=false
2024-07-16 23:47:16,198 DEBUG org.hibernate.cfg.AbstractPropertyHolder [task-1] Attempting to locate auto-apply AttributeConverter for property [com.booking.model.user.ClubUser:membershipNumber]
2024-07-16 23:47:16,198 DEBUG org.hibernate.cfg.annotations.SimpleValueBinder [task-1] building SimpleValue for membershipNumber
2024-07-16 23:47:16,199 DEBUG org.hibernate.cfg.annotations.PropertyBinder [task-1] Building property membershipNumber
2024-07-16 23:47:16,199 DEBUG org.hibernate.cfg.Ejb3Column [task-1] Binding column: Ejb3Column{table=org.hibernate.mapping.Table(club_user), mappingColumn=membership_type, insertable=true, updatable=true, unique=false}
2024-07-16 23:47:16,201 DEBUG org.hibernate.cfg.annotations.PropertyBinder [task-1] MetadataSourceProcessor property membershipType with lazy=false
2024-07-16 23:47:16,201 DEBUG org.hibernate.cfg.AbstractPropertyHolder [task-1] Attempting to locate auto-apply AttributeConverter for property [com.booking.model.user.ClubUser:membershipType]
2024-07-16 23:47:16,201 DEBUG org.hibernate.cfg.annotations.SimpleValueBinder [task-1] building SimpleValue for membershipType
2024-07-16 23:47:16,201 DEBUG org.hibernate.cfg.annotations.PropertyBinder [task-1] Building property membershipType
2024-07-16 23:47:16,201 DEBUG org.hibernate.cfg.Ejb3Column [task-1] Binding column: Ejb3Column{table=org.hibernate.mapping.Table(club_user), mappingColumn=otp, insertable=true, updatable=true, unique=false}
2024-07-16 23:47:16,201 DEBUG org.hibernate.cfg.annotations.PropertyBinder [task-1] MetadataSourceProcessor property otp with lazy=false
2024-07-16 23:47:16,201 DEBUG org.hibernate.cfg.AbstractPropertyHolder [task-1] Attempting to locate auto-apply AttributeConverter for property [com.booking.model.user.ClubUser:otp]
2024-07-16 23:47:16,202 DEBUG org.hibernate.cfg.annotations.SimpleValueBinder [task-1] building SimpleValue for otp
2024-07-16 23:47:16,202 DEBUG org.hibernate.cfg.annotations.PropertyBinder [task-1] Building property otp
2024-07-16 23:47:16,209 DEBUG org.hibernate.cfg.Ejb3Column [task-1] Binding column: Ejb3Column{table=org.hibernate.mapping.Table(club_user), mappingColumn=null, insertable=true, updatable=true, unique=false}
2024-07-16 23:47:16,220 DEBUG org.springframework.beans.factory.support.DefaultSingletonBeanRegistry [main] Creating shared instance of singleton bean 'mvcHandlerMappingIntrospector'
2024-07-16 23:47:16,224 DEBUG org.springframework.beans.factory.support.DefaultSingletonBeanRegistry [main] Creating shared instance of singleton bean 'requestMappingHandlerMapping'
2024-07-16 23:47:16,229 DEBUG org.springframework.beans.factory.support.DefaultSingletonBeanRegistry [main] Creating shared instance of singleton bean 'mvcConversionService'
2024-07-16 23:47:16,229 DEBUG org.hibernate.cfg.Ejb3Column [task-1] Binding column: Ejb3Column{table=org.hibernate.mapping.Table(club_user), mappingColumn=element, insertable=true, updatable=true, unique=false}
2024-07-16 23:47:16,230 DEBUG org.hibernate.cfg.Ejb3Column [task-1] Binding column: Ejb3Column{table=org.hibernate.mapping.Table(club_user), mappingColumn=roles_key, insertable=true, updatable=true, unique=false}
2024-07-16 23:47:16,233 DEBUG org.hibernate.cfg.Ejb3Column [task-1] Binding column: Ejb3JoinColumn{logicalColumnName='roles_KEY', referencedColumn='null', mappedBy='null'}
2024-07-16 23:47:16,237 DEBUG org.hibernate.cfg.Ejb3Column [task-1] Binding column: Ejb3JoinColumn{logicalColumnName='USER_ID', referencedColumn='', mappedBy=''}
2024-07-16 23:47:16,237 DEBUG org.hibernate.cfg.Ejb3Column [task-1] Binding column: Ejb3JoinColumn{logicalColumnName='ROLE_ID', referencedColumn='', mappedBy=''}
2024-07-16 23:47:16,238 DEBUG org.hibernate.cfg.annotations.CollectionBinder [task-1] Collection role: com.booking.model.user.ClubUser.roles
2024-07-16 23:47:16,243 DEBUG org.hibernate.cfg.annotations.PropertyBinder [task-1] Building property roles
2024-07-16 23:47:16,244 DEBUG org.hibernate.cfg.Ejb3Column [task-1] Binding column: Ejb3Column{table=org.hibernate.mapping.Table(club_user), mappingColumn=status, insertable=true, updatable=true, unique=false}
2024-07-16 23:47:16,245 DEBUG org.hibernate.cfg.annotations.PropertyBinder [task-1] MetadataSourceProcessor property status with lazy=false
2024-07-16 23:47:16,245 DEBUG org.hibernate.cfg.AbstractPropertyHolder [task-1] Attempting to locate auto-apply AttributeConverter for property [com.booking.model.user.ClubUser:status]
2024-07-16 23:47:16,245 DEBUG org.hibernate.cfg.annotations.SimpleValueBinder [task-1] building SimpleValue for status
2024-07-16 23:47:16,246 DEBUG org.hibernate.cfg.annotations.PropertyBinder [task-1] Building property status
2024-07-16 23:47:16,246 DEBUG org.hibernate.cfg.Ejb3Column [task-1] Binding column: Ejb3Column{table=org.hibernate.mapping.Table(club_user), mappingColumn=user_address, insertable=true, updatable=true, unique=false}
2024-07-16 23:47:16,247 DEBUG org.hibernate.cfg.annotations.PropertyBinder [task-1] MetadataSourceProcessor property userAddress with lazy=false
2024-07-16 23:47:16,247 DEBUG org.hibernate.cfg.AbstractPropertyHolder [task-1] Attempting to locate auto-apply AttributeConverter for property [com.booking.model.user.ClubUser:userAddress]
2024-07-16 23:47:16,247 DEBUG org.hibernate.cfg.annotations.SimpleValueBinder [task-1] building SimpleValue for userAddress
2024-07-16 23:47:16,248 DEBUG org.hibernate.cfg.annotations.PropertyBinder [task-1] Building property userAddress
2024-07-16 23:47:16,248 DEBUG org.hibernate.cfg.Ejb3Column [task-1] Binding column: Ejb3Column{table=org.hibernate.mapping.Table(club_user), mappingColumn=user_city, insertable=true, updatable=true, unique=false}
2024-07-16 23:47:16,249 DEBUG org.hibernate.cfg.annotations.PropertyBinder [task-1] MetadataSourceProcessor property userCity with lazy=false
2024-07-16 23:47:16,249 DEBUG org.hibernate.cfg.AbstractPropertyHolder [task-1] Attempting to locate auto-apply AttributeConverter for property [com.booking.model.user.ClubUser:userCity]
2024-07-16 23:47:16,249 DEBUG org.hibernate.cfg.annotations.SimpleValueBinder [task-1] building SimpleValue for userCity
2024-07-16 23:47:16,250 DEBUG org.hibernate.cfg.annotations.PropertyBinder [task-1] Building property userCity
2024-07-16 23:47:16,250 DEBUG org.hibernate.cfg.Ejb3Column [task-1] Binding column: Ejb3Column{table=org.hibernate.mapping.Table(club_user), mappingColumn=user_email, insertable=true, updatable=true, unique=false}
2024-07-16 23:47:16,250 DEBUG org.hibernate.cfg.annotations.PropertyBinder [task-1] MetadataSourceProcessor property userEmail with lazy=false
2024-07-16 23:47:16,251 DEBUG org.hibernate.cfg.AbstractPropertyHolder [task-1] Attempting to locate auto-apply AttributeConverter for property [com.booking.model.user.ClubUser:userEmail]
2024-07-16 23:47:16,251 DEBUG org.hibernate.cfg.annotations.SimpleValueBinder [task-1] building SimpleValue for userEmail
2024-07-16 23:47:16,251 DEBUG org.hibernate.cfg.annotations.PropertyBinder [task-1] Building property userEmail
2024-07-16 23:47:16,252 DEBUG org.hibernate.cfg.Ejb3Column [task-1] Binding column: Ejb3Column{table=org.hibernate.mapping.Table(club_user), mappingColumn=user_fname, insertable=true, updatable=true, unique=false}
2024-07-16 23:47:16,252 DEBUG org.hibernate.cfg.annotations.PropertyBinder [task-1] MetadataSourceProcessor property userFname with lazy=false
2024-07-16 23:47:16,252 DEBUG org.hibernate.cfg.AbstractPropertyHolder [task-1] Attempting to locate auto-apply AttributeConverter for property [com.booking.model.user.ClubUser:userFname]
2024-07-16 23:47:16,253 DEBUG org.hibernate.cfg.annotations.SimpleValueBinder [task-1] building SimpleValue for userFname
2024-07-16 23:47:16,253 DEBUG org.hibernate.cfg.annotations.PropertyBinder [task-1] Building property userFname
2024-07-16 23:47:16,253 DEBUG org.hibernate.cfg.Ejb3Column [task-1] Binding column: Ejb3Column{table=org.hibernate.mapping.Table(club_user), mappingColumn=user_image_url, insertable=true, updatable=true, unique=false}
2024-07-16 23:47:16,254 DEBUG org.hibernate.cfg.annotations.PropertyBinder [task-1] MetadataSourceProcessor property userImageUrl with lazy=false
2024-07-16 23:47:16,254 DEBUG org.hibernate.cfg.AbstractPropertyHolder [task-1] Attempting to locate auto-apply AttributeConverter for property [com.booking.model.user.ClubUser:userImageUrl]
2024-07-16 23:47:16,254 DEBUG org.hibernate.cfg.annotations.SimpleValueBinder [task-1] building SimpleValue for userImageUrl
2024-07-16 23:47:16,255 DEBUG org.hibernate.cfg.annotations.PropertyBinder [task-1] Building property userImageUrl
2024-07-16 23:47:16,255 DEBUG org.hibernate.cfg.Ejb3Column [task-1] Binding column: Ejb3Column{table=org.hibernate.mapping.Table(club_user), mappingColumn=user_lname, insertable=true, updatable=true, unique=false}
2024-07-16 23:47:16,255 DEBUG org.hibernate.cfg.annotations.PropertyBinder [task-1] MetadataSourceProcessor property userLname with lazy=false
2024-07-16 23:47:16,256 DEBUG org.hibernate.cfg.AbstractPropertyHolder [task-1] Attempting to locate auto-apply AttributeConverter for property [com.booking.model.user.ClubUser:userLname]
2024-07-16 23:47:16,256 DEBUG org.hibernate.cfg.annotations.SimpleValueBinder [task-1] building SimpleValue for userLname
2024-07-16 23:47:16,256 DEBUG org.hibernate.cfg.annotations.PropertyBinder [task-1] Building property userLname
2024-07-16 23:47:16,257 DEBUG org.hibernate.cfg.Ejb3Column [task-1] Binding column: Ejb3Column{table=org.hibernate.mapping.Table(club_user), mappingColumn=user_mobile, insertable=true, updatable=true, unique=false}
2024-07-16 23:47:16,258 DEBUG org.hibernate.cfg.annotations.PropertyBinder [task-1] MetadataSourceProcessor property userMobile with lazy=false
2024-07-16 23:47:16,258 DEBUG org.hibernate.cfg.AbstractPropertyHolder [task-1] Attempting to locate auto-apply AttributeConverter for property [com.booking.model.user.ClubUser:userMobile]
2024-07-16 23:47:16,258 DEBUG org.hibernate.cfg.annotations.SimpleValueBinder [task-1] building SimpleValue for userMobile
2024-07-16 23:47:16,259 DEBUG org.hibernate.cfg.annotations.PropertyBinder [task-1] Building property userMobile
2024-07-16 23:47:16,259 DEBUG org.hibernate.cfg.Ejb3Column [task-1] Binding column: Ejb3Column{table=org.hibernate.mapping.Table(club_user), mappingColumn=user_password, insertable=true, updatable=true, unique=false}
2024-07-16 23:47:16,259 DEBUG org.hibernate.cfg.annotations.PropertyBinder [task-1] MetadataSourceProcessor property userPassword with lazy=false
2024-07-16 23:47:16,260 DEBUG org.hibernate.cfg.AbstractPropertyHolder [task-1] Attempting to locate auto-apply AttributeConverter for property [com.booking.model.user.ClubUser:userPassword]
2024-07-16 23:47:16,260 DEBUG org.springframework.beans.factory.support.DefaultSingletonBeanRegistry [main] Creating shared instance of singleton bean 'mvcResourceUrlProvider'
2024-07-16 23:47:16,260 DEBUG org.hibernate.cfg.annotations.SimpleValueBinder [task-1] building SimpleValue for userPassword
2024-07-16 23:47:16,260 DEBUG org.hibernate.cfg.annotations.PropertyBinder [task-1] Building property userPassword
2024-07-16 23:47:16,262 DEBUG org.hibernate.cfg.Ejb3Column [task-1] Binding column: Ejb3Column{table=org.hibernate.mapping.Table(club_user), mappingColumn=user_state, insertable=true, updatable=true, unique=false}
2024-07-16 23:47:16,262 DEBUG org.hibernate.cfg.annotations.PropertyBinder [task-1] MetadataSourceProcessor property userState with lazy=false
2024-07-16 23:47:16,262 DEBUG org.hibernate.cfg.AbstractPropertyHolder [task-1] Attempting to locate auto-apply AttributeConverter for property [com.booking.model.user.ClubUser:userState]
2024-07-16 23:47:16,262 DEBUG org.hibernate.cfg.annotations.SimpleValueBinder [task-1] building SimpleValue for userState
2024-07-16 23:47:16,262 DEBUG org.hibernate.cfg.annotations.PropertyBinder [task-1] Building property userState
2024-07-16 23:47:16,263 DEBUG org.hibernate.cfg.Ejb3Column [task-1] Binding column: Ejb3Column{table=org.hibernate.mapping.Table(club_user), mappingColumn=validity, insertable=true, updatable=true, unique=false}
2024-07-16 23:47:16,263 DEBUG org.hibernate.cfg.annotations.PropertyBinder [task-1] MetadataSourceProcessor property validity with lazy=false
2024-07-16 23:47:16,263 DEBUG org.hibernate.cfg.AbstractPropertyHolder [task-1] Attempting to locate auto-apply AttributeConverter for property [com.booking.model.user.ClubUser:validity]
2024-07-16 23:47:16,264 DEBUG org.hibernate.cfg.annotations.SimpleValueBinder [task-1] building SimpleValue for validity
2024-07-16 23:47:16,264 DEBUG org.hibernate.cfg.annotations.PropertyBinder [task-1] Building property validity
2024-07-16 23:47:16,265 DEBUG org.hibernate.cfg.AnnotationBinder [task-1] Binding entity from annotated class: com.booking.model.user.Roles
2024-07-16 23:47:16,265 DEBUG org.hibernate.cfg.Ejb3Column [task-1] Binding column: Ejb3DiscriminatorColumn{logicalColumnName'DTYPE', discriminatorTypeName='string'}
2024-07-16 23:47:16,265 DEBUG org.springframework.beans.factory.support.ConstructorResolver [main] Autowiring by type from bean name 'requestMappingHandlerMapping' via factory method to bean named 'mvcContentNegotiationManager'
2024-07-16 23:47:16,266 DEBUG org.hibernate.cfg.annotations.EntityBinder [task-1] Import with entity name Roles
2024-07-16 23:47:16,266 DEBUG org.springframework.beans.factory.support.ConstructorResolver [main] Autowiring by type from bean name 'requestMappingHandlerMapping' via factory method to bean named 'mvcConversionService'
2024-07-16 23:47:16,266 DEBUG org.hibernate.cfg.annotations.EntityBinder [task-1] Bind entity com.booking.model.user.Roles on table roles
2024-07-16 23:47:16,266 DEBUG org.springframework.beans.factory.support.ConstructorResolver [main] Autowiring by type from bean name 'requestMappingHandlerMapping' via factory method to bean named 'mvcResourceUrlProvider'
2024-07-16 23:47:16,267 DEBUG org.hibernate.cfg.Ejb3Column [task-1] Binding column: Ejb3Column{table=org.hibernate.mapping.Table(roles), mappingColumn=role_id, insertable=true, updatable=true, unique=false}
2024-07-16 23:47:16,268 DEBUG org.hibernate.cfg.annotations.PropertyBinder [task-1] MetadataSourceProcessor property roleId with lazy=false
2024-07-16 23:47:16,268 DEBUG org.hibernate.cfg.AbstractPropertyHolder [task-1] Attempting to locate auto-apply AttributeConverter for property [com.booking.model.user.Roles:roleId]
2024-07-16 23:47:16,268 DEBUG org.hibernate.cfg.annotations.SimpleValueBinder [task-1] building SimpleValue for roleId
2024-07-16 23:47:16,269 DEBUG org.hibernate.cfg.annotations.PropertyBinder [task-1] Building property roleId
2024-07-16 23:47:16,269 DEBUG org.hibernate.cfg.BinderHelper [task-1] #makeIdGenerator(org.hibernate.mapping.SimpleValue([org.hibernate.mapping.Column(role_id)]), roleId, assigned, , ...)
2024-07-16 23:47:16,270 DEBUG org.hibernate.cfg.Ejb3Column [task-1] Binding column: Ejb3Column{table=org.hibernate.mapping.Table(roles), mappingColumn=name, insertable=true, updatable=true, unique=false}
2024-07-16 23:47:16,270 DEBUG org.hibernate.cfg.annotations.PropertyBinder [task-1] MetadataSourceProcessor property name with lazy=false
2024-07-16 23:47:16,271 DEBUG org.hibernate.cfg.AbstractPropertyHolder [task-1] Attempting to locate auto-apply AttributeConverter for property [com.booking.model.user.Roles:name]
2024-07-16 23:47:16,273 DEBUG org.hibernate.cfg.annotations.SimpleValueBinder [task-1] building SimpleValue for name
2024-07-16 23:47:16,273 DEBUG org.hibernate.cfg.annotations.PropertyBinder [task-1] Building property name
2024-07-16 23:47:16,274 DEBUG org.hibernate.cfg.Ejb3Column [task-1] Binding column: Ejb3Column{table=org.hibernate.mapping.Table(roles), mappingColumn=role, insertable=true, updatable=true, unique=false}
2024-07-16 23:47:16,274 DEBUG org.springframework.beans.factory.support.ConstructorResolver [main] Autowiring by type from bean name 'requestMappingHandlerMapping' via factory method to bean named 'mvcContentNegotiationManager'
2024-07-16 23:47:16,274 DEBUG org.hibernate.cfg.annotations.PropertyBinder [task-1] MetadataSourceProcessor property role with lazy=false
2024-07-16 23:47:16,274 DEBUG org.hibernate.cfg.AbstractPropertyHolder [task-1] Attempting to locate auto-apply AttributeConverter for property [com.booking.model.user.Roles:role]
2024-07-16 23:47:16,275 DEBUG org.hibernate.cfg.annotations.SimpleValueBinder [task-1] building SimpleValue for role
2024-07-16 23:47:16,275 DEBUG org.hibernate.cfg.annotations.PropertyBinder [task-1] Building property role
2024-07-16 23:47:16,279 DEBUG org.hibernate.cfg.annotations.SimpleValueBinder [task-1] Starting fillSimpleValue for slotId
2024-07-16 23:47:16,279 DEBUG org.springframework.beans.factory.support.ConstructorResolver [main] Autowiring by type from bean name 'requestMappingHandlerMapping' via factory method to bean named 'mvcConversionService'
2024-07-16 23:47:16,280 DEBUG org.springframework.beans.factory.support.ConstructorResolver [main] Autowiring by type from bean name 'requestMappingHandlerMapping' via factory method to bean named 'mvcResourceUrlProvider'
2024-07-16 23:47:16,280 DEBUG org.hibernate.cfg.annotations.SimpleValueBinder [task-1] Starting fillSimpleValue for clubName
2024-07-16 23:47:16,280 DEBUG org.hibernate.cfg.annotations.SimpleValueBinder [task-1] Starting fillSimpleValue for createdBy
2024-07-16 23:47:16,281 DEBUG org.hibernate.cfg.annotations.SimpleValueBinder [task-1] Starting fillSimpleValue for createdDate
2024-07-16 23:47:16,281 DEBUG org.hibernate.cfg.annotations.SimpleValueBinder [task-1] Starting fillSimpleValue for playerCount
2024-07-16 23:47:16,281 DEBUG org.hibernate.cfg.annotations.SimpleValueBinder [task-1] Starting fillSimpleValue for primaryBookingId
2024-07-16 23:47:16,281 DEBUG org.hibernate.cfg.annotations.SimpleValueBinder [task-1] Starting fillSimpleValue for secondaryBooking
2024-07-16 23:47:16,281 DEBUG org.hibernate.cfg.annotations.SimpleValueBinder [task-1] Starting fillSimpleValue for slotAvailable
2024-07-16 23:47:16,281 DEBUG org.hibernate.cfg.annotations.SimpleValueBinder [task-1] Starting fillSimpleValue for slotDate
2024-07-16 23:47:16,281 DEBUG org.hibernate.cfg.annotations.SimpleValueBinder [task-1] Starting fillSimpleValue for slotEndTimeStamp
2024-07-16 23:47:16,281 DEBUG org.hibernate.cfg.annotations.SimpleValueBinder [task-1] Starting fillSimpleValue for slotStartTimeStamp
2024-07-16 23:47:16,282 DEBUG org.hibernate.cfg.annotations.SimpleValueBinder [task-1] Starting fillSimpleValue for slotStatus
2024-07-16 23:47:16,282 DEBUG org.hibernate.cfg.annotations.SimpleValueBinder [task-1] Starting fillSimpleValue for teeTime
2024-07-16 23:47:16,282 DEBUG sun.rmi.runtime.Log$LoggerLog [RMI TCP Connection(2)-127.0.0.1] RMI TCP Connection(2)-127.0.0.1: (port 53302) op = 82
2024-07-16 23:47:16,282 DEBUG org.hibernate.cfg.annotations.SimpleValueBinder [task-1] Starting fillSimpleValue for bookingId
2024-07-16 23:47:16,283 DEBUG org.hibernate.cfg.annotations.SimpleValueBinder [task-1] Starting fillSimpleValue for bookingStatus
2024-07-16 23:47:16,283 DEBUG org.hibernate.cfg.annotations.SimpleValueBinder [task-1] Starting fillSimpleValue for bookingType
2024-07-16 23:47:16,283 DEBUG sun.rmi.runtime.Log$LoggerLog [RMI TCP Connection(2)-127.0.0.1] RMI TCP Connection(2)-127.0.0.1: (port 53302) op = 80
2024-07-16 23:47:16,283 DEBUG org.hibernate.cfg.annotations.SimpleValueBinder [task-1] Starting fillSimpleValue for createdBy
2024-07-16 23:47:16,283 DEBUG org.hibernate.cfg.annotations.SimpleValueBinder [task-1] Starting fillSimpleValue for createdDate
2024-07-16 23:47:16,284 DEBUG org.hibernate.cfg.annotations.SimpleValueBinder [task-1] Starting fillSimpleValue for player
2024-07-16 23:47:16,284 DEBUG sun.rmi.runtime.Log$LoggerLog [RMI TCP Connection(2)-127.0.0.1] RMI TCP Connection(2)-127.0.0.1: name = "javax.management.ObjectName", codebase = ""
2024-07-16 23:47:16,284 DEBUG org.hibernate.cfg.annotations.SimpleValueBinder [task-1] Starting fillSimpleValue for playerCount
2024-07-16 23:47:16,284 DEBUG org.hibernate.cfg.annotations.SimpleValueBinder [task-1] Starting fillSimpleValue for primaryBookingId
2024-07-16 23:47:16,284 DEBUG sun.util.logging.internal.LoggingProviderImpl$JULWrapper [RMI TCP Connection(2)-127.0.0.1] connectionId=rmi://127.0.0.1  1, name=org.springframework.boot:type=Admin,name=SpringApplication, attribute=Ready
2024-07-16 23:47:16,285 DEBUG org.hibernate.cfg.annotations.SimpleValueBinder [task-1] Starting fillSimpleValue for secondaryBooking
2024-07-16 23:47:16,285 DEBUG org.hibernate.cfg.annotations.SimpleValueBinder [task-1] Starting fillSimpleValue for slotDate
2024-07-16 23:47:16,285 DEBUG org.hibernate.cfg.annotations.SimpleValueBinder [task-1] Starting fillSimpleValue for slotId
2024-07-16 23:47:16,285 DEBUG org.hibernate.cfg.annotations.SimpleValueBinder [task-1] Starting fillSimpleValue for userId
2024-07-16 23:47:16,285 DEBUG sun.rmi.runtime.Log$LoggerLog [RMI TCP Connection(2)-127.0.0.1] RMI TCP Connection(2)-127.0.0.1: [127.0.0.1] exception: 
javax.management.InstanceNotFoundException: org.springframework.boot:type=Admin,name=SpringApplication
	at java.management/com.sun.jmx.interceptor.DefaultMBeanServerInterceptor.getMBean(DefaultMBeanServerInterceptor.java:1088)
	at java.management/com.sun.jmx.interceptor.DefaultMBeanServerInterceptor.getAttribute(DefaultMBeanServerInterceptor.java:640)
	at java.management/com.sun.jmx.mbeanserver.JmxMBeanServer.getAttribute(JmxMBeanServer.java:679)
	at java.management.rmi/javax.management.remote.rmi.RMIConnectionImpl.doOperation(RMIConnectionImpl.java:1449)
	at java.management.rmi/javax.management.remote.rmi.RMIConnectionImpl$PrivilegedOperation.run(RMIConnectionImpl.java:1310)
	at java.management.rmi/javax.management.remote.rmi.RMIConnectionImpl.doPrivilegedOperation(RMIConnectionImpl.java:1405)
	at java.management.rmi/javax.management.remote.rmi.RMIConnectionImpl.getAttribute(RMIConnectionImpl.java:639)
	at java.base/jdk.internal.reflect.GeneratedMethodAccessor29.invoke(Unknown Source)
	at java.base/jdk.internal.reflect.DelegatingMethodAccessorImpl.invoke(DelegatingMethodAccessorImpl.java:43)
	at java.base/java.lang.reflect.Method.invoke(Method.java:568)
	at java.rmi/sun.rmi.server.UnicastServerRef.dispatch(UnicastServerRef.java:360)
	at java.rmi/sun.rmi.transport.Transport$1.run(Transport.java:200)
	at java.rmi/sun.rmi.transport.Transport$1.run(Transport.java:197)
	at java.base/java.security.AccessController.doPrivileged(AccessController.java:712)
	at java.rmi/sun.rmi.transport.Transport.serviceCall(Transport.java:196)
	at java.rmi/sun.rmi.transport.tcp.TCPTransport.handleMessages(TCPTransport.java:587)
	at java.rmi/sun.rmi.transport.tcp.TCPTransport$ConnectionHandler.run0(TCPTransport.java:828)
	at java.rmi/sun.rmi.transport.tcp.TCPTransport$ConnectionHandler.lambda$run$0(TCPTransport.java:705)
	at java.base/java.security.AccessController.doPrivileged(AccessController.java:399)
	at java.rmi/sun.rmi.transport.tcp.TCPTransport$ConnectionHandler.run(TCPTransport.java:704)
	at java.base/java.util.concurrent.ThreadPoolExecutor.runWorker(ThreadPoolExecutor.java:1136)
	at java.base/java.util.concurrent.ThreadPoolExecutor$Worker.run(ThreadPoolExecutor.java:635)
	at java.base/java.lang.Thread.run(Thread.java:833)
2024-07-16 23:47:16,286 DEBUG org.hibernate.cfg.annotations.SimpleValueBinder [task-1] Starting fillSimpleValue for userBookingId
2024-07-16 23:47:16,286 DEBUG org.hibernate.cfg.annotations.SimpleValueBinder [task-1] Starting fillSimpleValue for approvalStatus
2024-07-16 23:47:16,287 DEBUG org.hibernate.cfg.annotations.SimpleValueBinder [task-1] Starting fillSimpleValue for bookingId
2024-07-16 23:47:16,289 DEBUG org.hibernate.cfg.annotations.SimpleValueBinder [task-1] Starting fillSimpleValue for bookingName
2024-07-16 23:47:16,289 DEBUG org.hibernate.cfg.annotations.SimpleValueBinder [task-1] Starting fillSimpleValue for bookingType
2024-07-16 23:47:16,290 DEBUG org.hibernate.cfg.annotations.SimpleValueBinder [task-1] Starting fillSimpleValue for dateModified
2024-07-16 23:47:16,290 DEBUG org.hibernate.cfg.annotations.SimpleValueBinder [task-1] Starting fillSimpleValue for modifiedBy
2024-07-16 23:47:16,290 DEBUG org.hibernate.cfg.annotations.SimpleValueBinder [task-1] Starting fillSimpleValue for playersName
2024-07-16 23:47:16,290 DEBUG org.hibernate.cfg.annotations.SimpleValueBinder [task-1] Starting fillSimpleValue for slotId
2024-07-16 23:47:16,290 DEBUG org.hibernate.cfg.annotations.SimpleValueBinder [task-1] Starting fillSimpleValue for userId
2024-07-16 23:47:16,291 DEBUG org.hibernate.cfg.annotations.SimpleValueBinder [task-1] Starting fillSimpleValue for userName
2024-07-16 23:47:16,291 DEBUG org.hibernate.cfg.annotations.SimpleValueBinder [task-1] Starting fillSimpleValue for configId
2024-07-16 23:47:16,291 DEBUG org.hibernate.cfg.annotations.SimpleValueBinder [task-1] Starting fillSimpleValue for category
2024-07-16 23:47:16,292 DEBUG org.hibernate.cfg.annotations.SimpleValueBinder [task-1] Starting fillSimpleValue for dateModified
2024-07-16 23:47:16,292 DEBUG org.hibernate.cfg.annotations.SimpleValueBinder [task-1] Starting fillSimpleValue for key
2024-07-16 23:47:16,293 DEBUG org.hibernate.cfg.annotations.SimpleValueBinder [task-1] Starting fillSimpleValue for modifiedBy
2024-07-16 23:47:16,293 DEBUG org.hibernate.cfg.annotations.SimpleValueBinder [task-1] Starting fillSimpleValue for value
2024-07-16 23:47:16,293 DEBUG org.hibernate.cfg.annotations.SimpleValueBinder [task-1] Starting fillSimpleValue for userId
2024-07-16 23:47:16,294 DEBUG org.hibernate.cfg.annotations.SimpleValueBinder [task-1] Starting fillSimpleValue for createdBy
2024-07-16 23:47:16,294 DEBUG org.hibernate.cfg.annotations.SimpleValueBinder [task-1] Starting fillSimpleValue for createdDate
2024-07-16 23:47:16,294 DEBUG org.hibernate.cfg.annotations.SimpleValueBinder [task-1] Starting fillSimpleValue for dateofBirth
2024-07-16 23:47:16,295 DEBUG org.hibernate.cfg.annotations.SimpleValueBinder [task-1] Starting fillSimpleValue for fullName
2024-07-16 23:47:16,295 DEBUG org.hibernate.cfg.annotations.SimpleValueBinder [task-1] Starting fillSimpleValue for membershipNumber
2024-07-16 23:47:16,295 DEBUG org.hibernate.cfg.annotations.SimpleValueBinder [task-1] Starting fillSimpleValue for membershipType
2024-07-16 23:47:16,295 DEBUG org.hibernate.cfg.annotations.SimpleValueBinder [task-1] Starting fillSimpleValue for otp
2024-07-16 23:47:16,296 DEBUG org.hibernate.cfg.annotations.SimpleValueBinder [task-1] Starting fillSimpleValue for status
2024-07-16 23:47:16,296 DEBUG org.hibernate.cfg.annotations.SimpleValueBinder [task-1] Starting fillSimpleValue for userAddress
2024-07-16 23:47:16,296 DEBUG org.hibernate.cfg.annotations.SimpleValueBinder [task-1] Starting fillSimpleValue for userCity
2024-07-16 23:47:16,297 DEBUG org.hibernate.cfg.annotations.SimpleValueBinder [task-1] Starting fillSimpleValue for userEmail
2024-07-16 23:47:16,297 DEBUG org.hibernate.cfg.annotations.SimpleValueBinder [task-1] Starting fillSimpleValue for userFname
2024-07-16 23:47:16,297 DEBUG org.hibernate.cfg.annotations.SimpleValueBinder [task-1] Starting fillSimpleValue for userImageUrl
2024-07-16 23:47:16,298 DEBUG org.hibernate.cfg.annotations.SimpleValueBinder [task-1] Starting fillSimpleValue for userLname
2024-07-16 23:47:16,298 DEBUG org.hibernate.cfg.annotations.SimpleValueBinder [task-1] Starting fillSimpleValue for userMobile
2024-07-16 23:47:16,298 DEBUG org.hibernate.cfg.annotations.SimpleValueBinder [task-1] Starting fillSimpleValue for userPassword
2024-07-16 23:47:16,299 DEBUG org.hibernate.cfg.annotations.SimpleValueBinder [task-1] Starting fillSimpleValue for userState
2024-07-16 23:47:16,299 DEBUG org.hibernate.cfg.annotations.SimpleValueBinder [task-1] Starting fillSimpleValue for validity
2024-07-16 23:47:16,301 DEBUG org.hibernate.cfg.annotations.SimpleValueBinder [task-1] Starting fillSimpleValue for roleId
2024-07-16 23:47:16,301 DEBUG org.hibernate.cfg.annotations.SimpleValueBinder [task-1] Starting fillSimpleValue for name
2024-07-16 23:47:16,301 DEBUG org.hibernate.cfg.annotations.SimpleValueBinder [task-1] Starting fillSimpleValue for role
2024-07-16 23:47:16,304 DEBUG org.hibernate.mapping.PrimaryKey [task-1] Forcing column [slot_id] to be non-null as it is part of the primary key for table [club_slot]
2024-07-16 23:47:16,306 DEBUG org.hibernate.mapping.PrimaryKey [task-1] Forcing column [booking_id] to be non-null as it is part of the primary key for table [club_slot_booking]
2024-07-16 23:47:16,306 DEBUG org.hibernate.mapping.PrimaryKey [task-1] Forcing column [user_booking_id] to be non-null as it is part of the primary key for table [user_booking]
2024-07-16 23:47:16,307 DEBUG org.hibernate.mapping.PrimaryKey [task-1] Forcing column [config_id] to be non-null as it is part of the primary key for table [club_config]
2024-07-16 23:47:16,307 DEBUG org.hibernate.mapping.PrimaryKey [task-1] Forcing column [user_id] to be non-null as it is part of the primary key for table [club_user]
2024-07-16 23:47:16,307 DEBUG org.hibernate.mapping.PrimaryKey [task-1] Forcing column [role_id] to be non-null as it is part of the primary key for table [roles]
2024-07-16 23:47:16,308 DEBUG org.hibernate.cfg.CollectionSecondPass [task-1] Second pass for collection: com.booking.model.user.ClubUser.roles
2024-07-16 23:47:16,308 DEBUG org.hibernate.cfg.annotations.CollectionBinder [task-1] Binding as ManyToMany: com.booking.model.user.ClubUser.roles
2024-07-16 23:47:16,321 DEBUG org.hibernate.mapping.PrimaryKey [task-1] Forcing column [user_id] to be non-null as it is part of the primary key for table [user_roles]
2024-07-16 23:47:16,321 DEBUG org.hibernate.mapping.PrimaryKey [task-1] Forcing column [role_id] to be non-null as it is part of the primary key for table [user_roles]
2024-07-16 23:47:16,321 DEBUG org.hibernate.cfg.CollectionSecondPass [task-1] Mapped collection key: user_id, element: role_id
2024-07-16 23:47:16,322 DEBUG org.hibernate.boot.internal.InFlightMetadataCollectorImpl [task-1] Resolving reference to class: com.booking.model.user.Roles
2024-07-16 23:47:16,330 DEBUG org.hibernate.boot.internal.InFlightMetadataCollectorImpl [task-1] Resolving reference to class: com.booking.model.user.ClubUser
2024-07-16 23:47:16,334 DEBUG org.hibernate.boot.internal.InFlightMetadataCollectorImpl [task-1] Resolving reference to class: com.booking.model.user.Roles
2024-07-16 23:47:16,334 DEBUG org.hibernate.boot.internal.InFlightMetadataCollectorImpl [task-1] Resolving reference to class: com.booking.model.user.ClubUser
2024-07-16 23:47:16,418 DEBUG org.hibernate.internal.SessionFactoryImpl [task-1] Building session factory
2024-07-16 23:47:16,419 DEBUG org.hibernate.cfg.Settings [task-1] SessionFactory name : null
2024-07-16 23:47:16,421 DEBUG org.hibernate.cfg.Settings [task-1] Automatic flush during beforeCompletion(): enabled
2024-07-16 23:47:16,421 DEBUG org.hibernate.cfg.Settings [task-1] Automatic session close at end of transaction: disabled
2024-07-16 23:47:16,421 DEBUG org.hibernate.cfg.Settings [task-1] Statistics: disabled
2024-07-16 23:47:16,421 DEBUG org.hibernate.cfg.Settings [task-1] Deleted entity synthetic identifier rollback: disabled
2024-07-16 23:47:16,421 DEBUG org.hibernate.cfg.Settings [task-1] Default entity-mode: pojo
2024-07-16 23:47:16,421 DEBUG org.hibernate.cfg.Settings [task-1] Check Nullability in Core (should be disabled when Bean Validation is on): enabled
2024-07-16 23:47:16,421 DEBUG org.hibernate.cfg.Settings [task-1] Allow initialization of lazy state outside session : disabled
2024-07-16 23:47:16,422 DEBUG org.hibernate.cfg.Settings [task-1] Using BatchFetchStyle : LEGACY
2024-07-16 23:47:16,422 DEBUG org.hibernate.cfg.Settings [task-1] Default batch fetch size: -1
2024-07-16 23:47:16,422 DEBUG org.hibernate.cfg.Settings [task-1] Maximum outer join fetch depth: null
2024-07-16 23:47:16,422 DEBUG org.hibernate.cfg.Settings [task-1] Default null ordering: NONE
2024-07-16 23:47:16,423 DEBUG org.hibernate.cfg.Settings [task-1] Order SQL updates by primary key: disabled
2024-07-16 23:47:16,423 DEBUG org.hibernate.cfg.Settings [task-1] Order SQL inserts for batching: disabled
2024-07-16 23:47:16,423 DEBUG org.hibernate.cfg.Settings [task-1] multi-tenancy strategy : NONE
2024-07-16 23:47:16,423 DEBUG org.hibernate.cfg.Settings [task-1] JTA Track by Thread: enabled
2024-07-16 23:47:16,424 DEBUG org.hibernate.cfg.Settings [task-1] Query language substitutions: {}
2024-07-16 23:47:16,424 DEBUG org.hibernate.cfg.Settings [task-1] Named query checking : enabled
2024-07-16 23:47:16,424 DEBUG org.hibernate.cfg.Settings [task-1] Second-level cache: disabled
2024-07-16 23:47:16,425 DEBUG org.hibernate.cfg.Settings [task-1] Second-level query cache: disabled
2024-07-16 23:47:16,425 DEBUG org.hibernate.cfg.Settings [task-1] Second-level query cache factory: null
2024-07-16 23:47:16,425 DEBUG org.hibernate.cfg.Settings [task-1] Second-level cache region prefix: null
2024-07-16 23:47:16,425 DEBUG org.hibernate.cfg.Settings [task-1] Optimize second-level cache for minimal puts: disabled
2024-07-16 23:47:16,426 DEBUG org.hibernate.cfg.Settings [task-1] Structured second-level cache entries: disabled
2024-07-16 23:47:16,426 DEBUG org.hibernate.cfg.Settings [task-1] Second-level cache direct-reference entries: disabled
2024-07-16 23:47:16,426 DEBUG org.hibernate.cfg.Settings [task-1] Automatic eviction of collection cache: disabled
2024-07-16 23:47:16,426 DEBUG org.hibernate.cfg.Settings [task-1] JDBC batch size: 0
2024-07-16 23:47:16,427 DEBUG org.hibernate.cfg.Settings [task-1] JDBC batch updates for versioned data: enabled
2024-07-16 23:47:16,427 DEBUG org.hibernate.cfg.Settings [task-1] Scrollable result sets: disabled
2024-07-16 23:47:16,427 DEBUG org.hibernate.cfg.Settings [task-1] Wrap result sets: disabled
2024-07-16 23:47:16,427 DEBUG org.hibernate.cfg.Settings [task-1] JDBC3 getGeneratedKeys(): disabled
2024-07-16 23:47:16,428 DEBUG org.hibernate.cfg.Settings [task-1] JDBC result set fetch size: null
2024-07-16 23:47:16,428 DEBUG org.hibernate.cfg.Settings [task-1] Connection release mode: ON_CLOSE
2024-07-16 23:47:16,428 DEBUG org.hibernate.cfg.Settings [task-1] Generate SQL with comments: disabled
2024-07-16 23:47:16,428 DEBUG org.hibernate.cfg.Settings [task-1] JPA compliance - query : disabled
2024-07-16 23:47:16,429 DEBUG org.hibernate.cfg.Settings [task-1] JPA compliance - closed-handling : disabled
2024-07-16 23:47:16,429 DEBUG org.hibernate.cfg.Settings [task-1] JPA compliance - lists : disabled
2024-07-16 23:47:16,429 DEBUG org.hibernate.cfg.Settings [task-1] JPA compliance - transactions : disabled
2024-07-16 23:47:16,436 DEBUG org.springframework.web.servlet.handler.AbstractHandlerMethodMapping [main] 41 mappings in 'requestMappingHandlerMapping'
2024-07-16 23:47:16,464 DEBUG org.springframework.beans.factory.support.DefaultSingletonBeanRegistry [main] Creating shared instance of singleton bean 'welcomePageHandlerMapping'
2024-07-16 23:47:16,466 DEBUG org.springframework.beans.factory.support.ConstructorResolver [main] Autowiring by type from bean name 'welcomePageHandlerMapping' via factory method to bean named 'org.springframework.boot.web.servlet.context.AnnotationConfigServletWebServerApplicationContext@5c00384f'
2024-07-16 23:47:16,466 DEBUG org.springframework.beans.factory.support.ConstructorResolver [main] Autowiring by type from bean name 'welcomePageHandlerMapping' via factory method to bean named 'mvcConversionService'
2024-07-16 23:47:16,467 DEBUG org.springframework.beans.factory.support.ConstructorResolver [main] Autowiring by type from bean name 'welcomePageHandlerMapping' via factory method to bean named 'mvcResourceUrlProvider'
2024-07-16 23:47:16,491 DEBUG org.springframework.beans.factory.support.DefaultSingletonBeanRegistry [main] Creating shared instance of singleton bean 'viewControllerHandlerMapping'
2024-07-16 23:47:16,493 DEBUG org.springframework.beans.factory.support.DefaultSingletonBeanRegistry [main] Creating shared instance of singleton bean 'mvcPathMatcher'
2024-07-16 23:47:16,500 DEBUG org.springframework.beans.factory.support.DefaultSingletonBeanRegistry [main] Creating shared instance of singleton bean 'mvcUrlPathHelper'
2024-07-16 23:47:16,504 DEBUG org.springframework.beans.factory.support.ConstructorResolver [main] Autowiring by type from bean name 'viewControllerHandlerMapping' via factory method to bean named 'mvcPathMatcher'
2024-07-16 23:47:16,504 DEBUG org.springframework.beans.factory.support.ConstructorResolver [main] Autowiring by type from bean name 'viewControllerHandlerMapping' via factory method to bean named 'mvcUrlPathHelper'
2024-07-16 23:47:16,505 DEBUG org.springframework.beans.factory.support.ConstructorResolver [main] Autowiring by type from bean name 'viewControllerHandlerMapping' via factory method to bean named 'mvcConversionService'
2024-07-16 23:47:16,505 DEBUG org.springframework.beans.factory.support.ConstructorResolver [main] Autowiring by type from bean name 'viewControllerHandlerMapping' via factory method to bean named 'mvcResourceUrlProvider'
2024-07-16 23:47:16,507 DEBUG org.springframework.beans.factory.support.DefaultSingletonBeanRegistry [main] Creating shared instance of singleton bean 'beanNameHandlerMapping'
2024-07-16 23:47:16,508 DEBUG org.springframework.beans.factory.support.ConstructorResolver [main] Autowiring by type from bean name 'beanNameHandlerMapping' via factory method to bean named 'mvcConversionService'
2024-07-16 23:47:16,509 DEBUG org.springframework.beans.factory.support.ConstructorResolver [main] Autowiring by type from bean name 'beanNameHandlerMapping' via factory method to bean named 'mvcResourceUrlProvider'
2024-07-16 23:47:16,525 DEBUG org.springframework.beans.factory.support.DefaultSingletonBeanRegistry [main] Creating shared instance of singleton bean 'routerFunctionMapping'
2024-07-16 23:47:16,529 DEBUG org.springframework.beans.factory.support.ConstructorResolver [main] Autowiring by type from bean name 'routerFunctionMapping' via factory method to bean named 'mvcConversionService'
2024-07-16 23:47:16,530 DEBUG org.springframework.beans.factory.support.ConstructorResolver [main] Autowiring by type from bean name 'routerFunctionMapping' via factory method to bean named 'mvcResourceUrlProvider'
2024-07-16 23:47:16,533 DEBUG org.springframework.beans.factory.support.DefaultSingletonBeanRegistry [main] Creating shared instance of singleton bean 'messageConverters'
2024-07-16 23:47:16,533 DEBUG org.springframework.beans.factory.support.DefaultSingletonBeanRegistry [main] Creating shared instance of singleton bean 'org.springframework.boot.autoconfigure.http.HttpMessageConvertersAutoConfiguration'
2024-07-16 23:47:16,540 DEBUG org.springframework.beans.factory.support.DefaultSingletonBeanRegistry [main] Creating shared instance of singleton bean 'stringHttpMessageConverter'
2024-07-16 23:47:16,541 DEBUG org.springframework.beans.factory.support.DefaultSingletonBeanRegistry [main] Creating shared instance of singleton bean 'org.springframework.boot.autoconfigure.http.HttpMessageConvertersAutoConfiguration$StringHttpMessageConverterConfiguration'
2024-07-16 23:47:16,545 DEBUG org.springframework.beans.factory.support.ConstructorResolver [main] Autowiring by type from bean name 'stringHttpMessageConverter' via factory method to bean named 'environment'
2024-07-16 23:47:16,556 DEBUG org.springframework.beans.factory.support.DefaultSingletonBeanRegistry [main] Creating shared instance of singleton bean 'mappingJackson2HttpMessageConverter'
2024-07-16 23:47:16,560 DEBUG org.springframework.beans.factory.support.DefaultSingletonBeanRegistry [main] Creating shared instance of singleton bean 'org.springframework.boot.autoconfigure.http.JacksonHttpMessageConvertersConfiguration$MappingJackson2HttpMessageConverterConfiguration'
2024-07-16 23:47:16,564 DEBUG org.springframework.beans.factory.support.DefaultSingletonBeanRegistry [main] Creating shared instance of singleton bean 'jacksonObjectMapper'
2024-07-16 23:47:16,569 DEBUG org.springframework.beans.factory.support.DefaultSingletonBeanRegistry [main] Creating shared instance of singleton bean 'org.springframework.boot.autoconfigure.jackson.JacksonAutoConfiguration$JacksonObjectMapperConfiguration'
2024-07-16 23:47:16,573 DEBUG org.springframework.beans.factory.support.DefaultSingletonBeanRegistry [main] Creating shared instance of singleton bean 'org.springframework.boot.autoconfigure.jackson.JacksonAutoConfiguration$JacksonObjectMapperBuilderConfiguration'
2024-07-16 23:47:16,576 DEBUG org.springframework.beans.factory.support.DefaultSingletonBeanRegistry [main] Creating shared instance of singleton bean 'standardJacksonObjectMapperBuilderCustomizer'
2024-07-16 23:47:16,577 DEBUG org.springframework.beans.factory.support.DefaultSingletonBeanRegistry [main] Creating shared instance of singleton bean 'org.springframework.boot.autoconfigure.jackson.JacksonAutoConfiguration$Jackson2ObjectMapperBuilderCustomizerConfiguration'
2024-07-16 23:47:16,580 DEBUG org.springframework.beans.factory.support.DefaultSingletonBeanRegistry [main] Creating shared instance of singleton bean 'spring.jackson-org.springframework.boot.autoconfigure.jackson.JacksonProperties'
2024-07-16 23:47:16,588 DEBUG org.springframework.beans.factory.support.ConstructorResolver [main] Autowiring by type from bean name 'standardJacksonObjectMapperBuilderCustomizer' via factory method to bean named 'org.springframework.boot.web.servlet.context.AnnotationConfigServletWebServerApplicationContext@5c00384f'
2024-07-16 23:47:16,588 DEBUG org.springframework.beans.factory.support.ConstructorResolver [main] Autowiring by type from bean name 'standardJacksonObjectMapperBuilderCustomizer' via factory method to bean named 'spring.jackson-org.springframework.boot.autoconfigure.jackson.JacksonProperties'
2024-07-16 23:47:16,588 DEBUG org.hibernate.internal.SessionFactoryImpl [task-1] Session factory constructed with filter configurations : {}
2024-07-16 23:47:16,589 DEBUG org.hibernate.internal.SessionFactoryImpl [task-1] Instantiating session factory with properties: {hibernate.id.new_generator_mappings=true, java.specification.version=17, sun.cpu.isalist=amd64, hibernate.resource.beans.container=org.springframework.orm.hibernate5.SpringBeanContainer@56ebf0af, hibernate.connection.handling_mode=DELAYED_ACQUISITION_AND_HOLD, sun.jnu.encoding=Cp1252, hibernate.dialect=org.hibernate.dialect.PostgreSQLDialect, hibernate.implicit_naming_strategy=org.springframework.boot.orm.jpa.hibernate.SpringImplicitNamingStrategy, java.class.path=D:\Golf Bakend\Club-Backend\target\classes;C:\Users\Admin\.m2\repository\org\springframework\boot\spring-boot-starter-data-jpa\2.3.1.RELEASE\spring-boot-starter-data-jpa-2.3.1.RELEASE.jar;C:\Users\Admin\.m2\repository\org\springframework\boot\spring-boot-starter-aop\2.3.1.RELEASE\spring-boot-starter-aop-2.3.1.RELEASE.jar;C:\Users\Admin\.m2\repository\org\aspectj\aspectjweaver\1.9.5\aspectjweaver-1.9.5.jar;C:\Users\Admin\.m2\repository\org\springframework\boot\spring-boot-starter-jdbc\2.3.1.RELEASE\spring-boot-starter-jdbc-2.3.1.RELEASE.jar;C:\Users\Admin\.m2\repository\com\zaxxer\HikariCP\3.4.5\HikariCP-3.4.5.jar;C:\Users\Admin\.m2\repository\org\springframework\spring-jdbc\5.2.7.RELEASE\spring-jdbc-5.2.7.RELEASE.jar;C:\Users\Admin\.m2\repository\jakarta\transaction\jakarta.transaction-api\1.3.3\jakarta.transaction-api-1.3.3.jar;C:\Users\Admin\.m2\repository\jakarta\persistence\jakarta.persistence-api\2.2.3\jakarta.persistence-api-2.2.3.jar;C:\Users\Admin\.m2\repository\org\hibernate\hibernate-core\5.4.17.Final\hibernate-core-5.4.17.Final.jar;C:\Users\Admin\.m2\repository\org\jboss\logging\jboss-logging\3.4.1.Final\jboss-logging-3.4.1.Final.jar;C:\Users\Admin\.m2\repository\org\javassist\javassist\3.24.0-GA\javassist-3.24.0-GA.jar;C:\Users\Admin\.m2\repository\net\bytebuddy\byte-buddy\1.10.11\byte-buddy-1.10.11.jar;C:\Users\Admin\.m2\repository\antlr\antlr\2.7.7\antlr-2.7.7.jar;C:\Users\Admin\.m2\repository\org\jboss\jandex\2.1.3.Final\jandex-2.1.3.Final.jar;C:\Users\Admin\.m2\repository\com\fasterxml\classmate\1.5.1\classmate-1.5.1.jar;C:\Users\Admin\.m2\repository\org\dom4j\dom4j\2.1.3\dom4j-2.1.3.jar;C:\Users\Admin\.m2\repository\org\hibernate\common\hibernate-commons-annotations\5.1.0.Final\hibernate-commons-annotations-5.1.0.Final.jar;C:\Users\Admin\.m2\repository\org\glassfish\jaxb\jaxb-runtime\2.3.3\jaxb-runtime-2.3.3.jar;C:\Users\Admin\.m2\repository\org\glassfish\jaxb\txw2\2.3.3\txw2-2.3.3.jar;C:\Users\Admin\.m2\repository\com\sun\istack\istack-commons-runtime\3.0.11\istack-commons-runtime-3.0.11.jar;C:\Users\Admin\.m2\repository\org\springframework\data\spring-data-jpa\2.3.1.RELEASE\spring-data-jpa-2.3.1.RELEASE.jar;C:\Users\Admin\.m2\repository\org\springframework\data\spring-data-commons\2.3.1.RELEASE\spring-data-commons-2.3.1.RELEASE.jar;C:\Users\Admin\.m2\repository\org\springframework\spring-orm\5.2.7.RELEASE\spring-orm-5.2.7.RELEASE.jar;C:\Users\Admin\.m2\repository\org\springframework\spring-context\5.2.7.RELEASE\spring-context-5.2.7.RELEASE.jar;C:\Users\Admin\.m2\repository\org\springframework\spring-tx\5.2.7.RELEASE\spring-tx-5.2.7.RELEASE.jar;C:\Users\Admin\.m2\repository\org\springframework\spring-beans\5.2.7.RELEASE\spring-beans-5.2.7.RELEASE.jar;C:\Users\Admin\.m2\repository\org\springframework\spring-aspects\5.2.7.RELEASE\spring-aspects-5.2.7.RELEASE.jar;C:\Users\Admin\.m2\repository\org\springframework\boot\spring-boot-starter-security\2.3.1.RELEASE\spring-boot-starter-security-2.3.1.RELEASE.jar;C:\Users\Admin\.m2\repository\org\springframework\boot\spring-boot-starter\2.3.1.RELEASE\spring-boot-starter-2.3.1.RELEASE.jar;C:\Users\Admin\.m2\repository\org\springframework\boot\spring-boot\2.3.1.RELEASE\spring-boot-2.3.1.RELEASE.jar;C:\Users\Admin\.m2\repository\org\springframework\boot\spring-boot-autoconfigure\2.3.1.RELEASE\spring-boot-autoconfigure-2.3.1.RELEASE.jar;C:\Users\Admin\.m2\repository\org\springframework\boot\spring-boot-starter-logging\2.3.1.RELEASE\spring-boot-starter-logging-2.3.1.RELEASE.jar;C:\Users\Admin\.m2\repository\ch\qos\logback\logback-classic\1.2.3\logback-classic-1.2.3.jar;C:\Users\Admin\.m2\repository\ch\qos\logback\logback-core\1.2.3\logback-core-1.2.3.jar;C:\Users\Admin\.m2\repository\org\apache\logging\log4j\log4j-to-slf4j\2.13.3\log4j-to-slf4j-2.13.3.jar;C:\Users\Admin\.m2\repository\org\apache\logging\log4j\log4j-api\2.13.3\log4j-api-2.13.3.jar;C:\Users\Admin\.m2\repository\org\slf4j\jul-to-slf4j\1.7.30\jul-to-slf4j-1.7.30.jar;C:\Users\Admin\.m2\repository\jakarta\annotation\jakarta.annotation-api\1.3.5\jakarta.annotation-api-1.3.5.jar;C:\Users\Admin\.m2\repository\org\yaml\snakeyaml\1.26\snakeyaml-1.26.jar;C:\Users\Admin\.m2\repository\org\springframework\spring-aop\5.2.7.RELEASE\spring-aop-5.2.7.RELEASE.jar;C:\Users\Admin\.m2\repository\org\springframework\security\spring-security-config\5.3.3.RELEASE\spring-security-config-5.3.3.RELEASE.jar;C:\Users\Admin\.m2\repository\org\springframework\security\spring-security-web\5.3.3.RELEASE\spring-security-web-5.3.3.RELEASE.jar;C:\Users\Admin\.m2\repository\org\springframework\spring-expression\5.2.7.RELEASE\spring-expression-5.2.7.RELEASE.jar;C:\Users\Admin\.m2\repository\org\springframework\boot\spring-boot-starter-web\2.3.1.RELEASE\spring-boot-starter-web-2.3.1.RELEASE.jar;C:\Users\Admin\.m2\repository\org\springframework\boot\spring-boot-starter-json\2.3.1.RELEASE\spring-boot-starter-json-2.3.1.RELEASE.jar;C:\Users\Admin\.m2\repository\com\fasterxml\jackson\datatype\jackson-datatype-jdk8\2.11.0\jackson-datatype-jdk8-2.11.0.jar;C:\Users\Admin\.m2\repository\com\fasterxml\jackson\datatype\jackson-datatype-jsr310\2.11.0\jackson-datatype-jsr310-2.11.0.jar;C:\Users\Admin\.m2\repository\com\fasterxml\jackson\module\jackson-module-parameter-names\2.11.0\jackson-module-parameter-names-2.11.0.jar;C:\Users\Admin\.m2\repository\org\springframework\boot\spring-boot-starter-tomcat\2.3.1.RELEASE\spring-boot-starter-tomcat-2.3.1.RELEASE.jar;C:\Users\Admin\.m2\repository\org\apache\tomcat\embed\tomcat-embed-core\9.0.36\tomcat-embed-core-9.0.36.jar;C:\Users\Admin\.m2\repository\org\glassfish\jakarta.el\3.0.3\jakarta.el-3.0.3.jar;C:\Users\Admin\.m2\repository\org\apache\tomcat\embed\tomcat-embed-websocket\9.0.36\tomcat-embed-websocket-9.0.36.jar;C:\Users\Admin\.m2\repository\org\springframework\spring-web\5.2.7.RELEASE\spring-web-5.2.7.RELEASE.jar;C:\Users\Admin\.m2\repository\org\springframework\spring-webmvc\5.2.7.RELEASE\spring-webmvc-5.2.7.RELEASE.jar;C:\Users\Admin\.m2\repository\org\modelmapper\modelmapper\2.3.5\modelmapper-2.3.5.jar;C:\Users\Admin\.m2\repository\com\squareup\okhttp3\okhttp\4.9.1\okhttp-4.9.1.jar;C:\Users\Admin\.m2\repository\com\squareup\okio\okio\2.8.0\okio-2.8.0.jar;C:\Users\Admin\.m2\repository\org\jetbrains\kotlin\kotlin-stdlib-common\1.3.72\kotlin-stdlib-common-1.3.72.jar;C:\Users\Admin\.m2\repository\org\jetbrains\kotlin\kotlin-stdlib\1.3.72\kotlin-stdlib-1.3.72.jar;C:\Users\Admin\.m2\repository\org\jetbrains\annotations\13.0\annotations-13.0.jar;C:\Users\Admin\.m2\repository\com\fasterxml\jackson\core\jackson-databind\2.11.0\jackson-databind-2.11.0.jar;C:\Users\Admin\.m2\repository\com\fasterxml\jackson\core\jackson-annotations\2.11.0\jackson-annotations-2.11.0.jar;C:\Users\Admin\.m2\repository\com\fasterxml\jackson\core\jackson-core\2.11.0\jackson-core-2.11.0.jar;C:\Users\Admin\.m2\repository\com\google\code\gson\gson\2.8.6\gson-2.8.6.jar;C:\Users\Admin\.m2\repository\org\json\json\20201115\json-20201115.jar;C:\Users\Admin\.m2\repository\com\itextpdf\html2pdf\4.0.1\html2pdf-4.0.1.jar;C:\Users\Admin\.m2\repository\com\itextpdf\forms\7.2.1\forms-7.2.1.jar;C:\Users\Admin\.m2\repository\com\itextpdf\kernel\7.2.1\kernel-7.2.1.jar;C:\Users\Admin\.m2\repository\com\itextpdf\io\7.2.1\io-7.2.1.jar;C:\Users\Admin\.m2\repository\com\itextpdf\commons\7.2.1\commons-7.2.1.jar;C:\Users\Admin\.m2\repository\org\bouncycastle\bcpkix-jdk15on\1.69\bcpkix-jdk15on-1.69.jar;C:\Users\Admin\.m2\repository\org\bouncycastle\bcutil-jdk15on\1.69\bcutil-jdk15on-1.69.jar;C:\Users\Admin\.m2\repository\org\bouncycastle\bcprov-jdk15on\1.69\bcprov-jdk15on-1.69.jar;C:\Users\Admin\.m2\repository\com\itextpdf\layout\7.2.1\layout-7.2.1.jar;C:\Users\Admin\.m2\repository\com\itextpdf\svg\7.2.1\svg-7.2.1.jar;C:\Users\Admin\.m2\repository\com\itextpdf\styled-xml-parser\7.2.1\styled-xml-parser-7.2.1.jar;C:\Users\Admin\.m2\repository\org\slf4j\slf4j-api\1.7.30\slf4j-api-1.7.30.jar;C:\Users\Admin\.m2\repository\org\postgresql\postgresql\42.2.14\postgresql-42.2.14.jar;C:\Users\Admin\.m2\repository\jakarta\xml\bind\jakarta.xml.bind-api\2.3.3\jakarta.xml.bind-api-2.3.3.jar;C:\Users\Admin\.m2\repository\jakarta\activation\jakarta.activation-api\1.2.2\jakarta.activation-api-1.2.2.jar;C:\Users\Admin\.m2\repository\org\springframework\spring-core\5.2.7.RELEASE\spring-core-5.2.7.RELEASE.jar;C:\Users\Admin\.m2\repository\org\springframework\spring-jcl\5.2.7.RELEASE\spring-jcl-5.2.7.RELEASE.jar;C:\Users\Admin\.m2\repository\io\jsonwebtoken\jjwt\0.9.1\jjwt-0.9.1.jar;C:\Users\Admin\.m2\repository\org\springframework\security\spring-security-core\5.3.3.RELEASE\spring-security-core-5.3.3.RELEASE.jar;C:\Users\Admin\.m2\repository\org\apache\commons\commons-collections4\4.0\commons-collections4-4.0.jar;C:\Users\Admin\.m2\repository\org\apache\commons\commons-lang3\3.12.0\commons-lang3-3.12.0.jar;C:\Users\Admin\.m2\repository\org\apache\httpcomponents\httpclient\4.3.3\httpclient-4.3.3.jar;C:\Users\Admin\.m2\repository\org\apache\httpcomponents\httpcore\4.4.13\httpcore-4.4.13.jar;C:\Users\Admin\.m2\repository\commons-codec\commons-codec\1.14\commons-codec-1.14.jar;C:\Users\Admin\.m2\repository\org\springframework\boot\spring-boot-starter-mail\2.3.1.RELEASE\spring-boot-starter-mail-2.3.1.RELEASE.jar;C:\Users\Admin\.m2\repository\org\springframework\spring-context-support\5.2.7.RELEASE\spring-context-support-5.2.7.RELEASE.jar;C:\Users\Admin\.m2\repository\com\sun\mail\jakarta.mail\1.6.5\jakarta.mail-1.6.5.jar;C:\Users\Admin\.m2\repository\com\sun\activation\jakarta.activation\1.2.2\jakarta.activation-1.2.2.jar;C:\Users\Admin\.m2\repository\net\logstash\logback\logstash-logback-encoder\5.3\logstash-logback-encoder-5.3.jar;C:\Users\Admin\.m2\repository\commons-io\commons-io\2.6\commons-io-2.6.jar;C:\Users\Admin\.m2\repository\javax\mail\mail\1.4.4\mail-1.4.4.jar;C:\Users\Admin\.m2\repository\javax\activation\activation\1.1\activation-1.1.jar, com.sun.management.jmxremote.authenticate=false, java.vm.vendor=Eclipse Adoptium, sun.arch.data.model=64, user.variant=, java.vendor.url=https://adoptium.net/, catalina.useNaming=false, user.timezone=Asia/Calcutta, java.vm.specification.version=17, os.name=Windows 10, javax.persistence.validation.mode=AUTO, hibernate.jdbc.batch_size=500, sun.java.launcher=SUN_STANDARD, user.country=IN, sun.boot.library.path=C:\STS\sts-4.17.2.RELEASE\plugins\org.eclipse.justj.openjdk.hotspot.jre.full.win32.x86_64_17.0.6.v20230125-1136\jre\bin, com.sun.management.jmxremote.ssl=false, sun.java.command=com.booking.BookingApplication --spring.output.ansi.enabled=always, spring.application.admin.enabled=true, javax.persistence.nonJtaDataSource=HikariDataSource (HikariPool-1), hibernate.transaction.jta.platform=org.hibernate.engine.transaction.jta.platform.internal.NoJtaPlatform@50e8c425, com.sun.management.jmxremote=, javax.persistence.sharedCache.mode=UNSPECIFIED, jdk.debug=release, sun.cpu.endian=little, spring.boot.project.name=Club-Backend, user.home=C:\Users\Admin, user.language=en, java.specification.vendor=Oracle Corporation, java.version.date=2023-01-17, java.home=C:\STS\sts-4.17.2.RELEASE\plugins\org.eclipse.justj.openjdk.hotspot.jre.full.win32.x86_64_17.0.6.v20230125-1136\jre, file.separator=\, java.vm.compressedOopsMode=Zero based, line.separator=
, java.vm.specification.vendor=Oracle Corporation, java.specification.name=Java Platform API Specification, hibernate.transaction.coordinator_class=class org.hibernate.resource.transaction.backend.jdbc.internal.JdbcResourceLocalTransactionCoordinatorBuilderImpl, java.awt.headless=true, user.script=, sun.management.compiler=HotSpot 64-Bit Tiered Compilers, java.runtime.version=17.0.6+10, user.name=Admin, spring.jmx.enabled=true, path.separator=;, management.endpoints.jmx.exposure.include=*, os.version=10.0, java.runtime.name=OpenJDK Runtime Environment, file.encoding=UTF-8, hibernate.ejb.persistenceUnitName=default, spring.beaninfo.ignore=true, java.vm.name=OpenJDK 64-Bit Server VM, hibernate.show_sql=true, java.vendor.version=Temurin-17.0.6+10, java.vendor.url.bug=https://github.com/adoptium/adoptium-support/issues, java.io.tmpdir=C:\Users\Admin\AppData\Local\Temp\, com.zaxxer.hikari.pool_number=1, catalina.home=C:\Users\Admin\AppData\Local\Temp\tomcat.4874085446343737579.8084, com.sun.management.jmxremote.port=53297, java.version=17.0.6, hibernate.physical_naming_strategy=org.springframework.boot.orm.jpa.hibernate.SpringPhysicalNamingStrategy, user.dir=D:\Golf Bakend\Club-Backend, os.arch=amd64, java.vm.specification.name=Java Virtual Machine Specification, PID=11348, sun.os.patch.level=, catalina.base=C:\Users\Admin\AppData\Local\Temp\tomcat.4874085446343737579.8084, hibernate.boot.CfgXmlAccessService.key=org.hibernate.boot.registry.StandardServiceRegistryBuilder$1@7bd22273, native.encoding=Cp1252, java.library.path=C:\STS\sts-4.17.2.RELEASE\plugins\org.eclipse.justj.openjdk.hotspot.jre.full.win32.x86_64_17.0.6.v20230125-1136\jre\bin;C:\Windows\Sun\Java\bin;C:\Windows\system32;C:\Windows;C:/STS/sts-4.17.2.RELEASE//plugins/org.eclipse.justj.openjdk.hotspot.jre.full.win32.x86_64_17.0.6.v20230125-1136/jre/bin/server;C:/STS/sts-4.17.2.RELEASE//plugins/org.eclipse.justj.openjdk.hotspot.jre.full.win32.x86_64_17.0.6.v20230125-1136/jre/bin;C:\Program Files\Common Files\Oracle\Java\javapath;C:\Windows\system32;C:\Windows;C:\Windows\System32\Wbem;C:\Windows\System32\WindowsPowerShell\v1.0\;C:\Windows\System32\OpenSSH\;C:\Program Files\Git\cmd;C:\Program Files\MySQL\MySQL Server 8.0\bin;C:\Program Files\nodejs\;C:\Program Files\MongoDB\Server\6.0\bin;D:\mongodb shell\mongosh-1.8.2-win32-x64\bin;D:\STS\EcommerceProduct\src\test\java\com\TESTCONTAINERS_;C:\STS\sts-4.17.2.RELEASE\Docker_host;C:\Program Files\Docker\Docker;C:\Program Files\Docker\Docker\resources\bin;D:\SQlite3\sqlite-tools-win-x64-3450200;C:\Program Files\PowerShell\7\;C:\Program Files\MySQL\MySQL Shell 8.0\bin\;C:\Users\Admin\AppData\Local\Microsoft\WindowsApps;C:\Users\Admin\AppData\Local\Programs\Microsoft VS Code\bin;C:\Users\Admin\AppData\Roaming\npm;C:\Users\Admin\AppData\Local\GitHubDesktop\bin;C:\Program Files\PostgreSQL\15\bin;;C:\STS\sts-4.17.2.RELEASE;;., java.vendor=Eclipse Adoptium, java.vm.info=mixed mode, emulated-client, hibernate.temp.use_jdbc_metadata_defaults=false, java.vm.version=17.0.6+10, hibernate.bytecode.use_reflection_optimizer=false, java.rmi.server.randomIDs=true, java.rmi.server.hostname=localhost, sun.io.unicode.encoding=UnicodeLittle, hibernate.archive.scanner=org.hibernate.boot.archive.scan.internal.DisabledScanner, hibernate.connection.datasource=HikariDataSource (HikariPool-1), java.class.version=61.0}
2024-07-16 23:47:16,590 DEBUG org.springframework.beans.factory.support.ConstructorResolver [main] Autowiring by type from bean name 'jacksonObjectMapperBuilder' via factory method to bean named 'org.springframework.boot.web.servlet.context.AnnotationConfigServletWebServerApplicationContext@5c00384f'
2024-07-16 23:47:16,590 DEBUG org.springframework.beans.factory.support.ConstructorResolver [main] Autowiring by type from bean name 'jacksonObjectMapperBuilder' via factory method to bean named 'standardJacksonObjectMapperBuilderCustomizer'
2024-07-16 23:47:16,594 DEBUG org.springframework.beans.factory.support.DefaultSingletonBeanRegistry [main] Creating shared instance of singleton bean 'parameterNamesModule'
2024-07-16 23:47:16,595 DEBUG org.springframework.beans.factory.support.DefaultSingletonBeanRegistry [main] Creating shared instance of singleton bean 'org.springframework.boot.autoconfigure.jackson.JacksonAutoConfiguration$ParameterNamesModuleConfiguration'
2024-07-16 23:47:16,607 DEBUG org.springframework.beans.factory.support.DefaultSingletonBeanRegistry [main] Creating shared instance of singleton bean 'jsonComponentModule'
2024-07-16 23:47:16,608 DEBUG org.springframework.beans.factory.support.DefaultSingletonBeanRegistry [main] Creating shared instance of singleton bean 'org.springframework.boot.autoconfigure.jackson.JacksonAutoConfiguration'
2024-07-16 23:47:16,617 DEBUG org.apache.juli.logging.DirectJDKLog [task-1]     findClass(javax.validation.Validation)
2024-07-16 23:47:16,619 DEBUG org.apache.juli.logging.DirectJDKLog [task-1]     --> Returning ClassNotFoundException
2024-07-16 23:47:16,620 DEBUG org.hibernate.secure.spi.JaccIntegrator [task-1] Skipping JACC integration as it was not enabled
2024-07-16 23:47:16,622 DEBUG org.hibernate.internal.SessionFactoryImpl [task-1] Instantiated session factory
2024-07-16 23:47:16,623 DEBUG org.hibernate.type.spi.TypeConfiguration [task-1] Scoping TypeConfiguration [org.hibernate.type.spi.TypeConfiguration@44cd2b93] to SessionFactoryImpl [org.hibernate.internal.SessionFactoryImpl@30093067]
2024-07-16 23:47:16,624 DEBUG org.springframework.beans.factory.support.DefaultSingletonBeanRegistry [main] Creating shared instance of singleton bean 'jacksonGeoModule'
2024-07-16 23:47:16,624 DEBUG org.springframework.beans.factory.support.DefaultSingletonBeanRegistry [main] Creating shared instance of singleton bean 'org.springframework.data.web.config.SpringDataJacksonConfiguration'
2024-07-16 23:47:16,641 DEBUG org.springframework.beans.factory.support.ConstructorResolver [main] Autowiring by type from bean name 'jacksonObjectMapper' via factory method to bean named 'jacksonObjectMapperBuilder'
2024-07-16 23:47:16,696 DEBUG org.hibernate.boot.internal.ClassLoaderAccessImpl [task-1] Not known whether passed class name [com.booking.model.user.ClubUser] is safe
2024-07-16 23:47:16,696 DEBUG org.hibernate.boot.internal.ClassLoaderAccessImpl [task-1] No temp ClassLoader provided; using live ClassLoader for loading potentially unsafe class : com.booking.model.user.ClubUser
2024-07-16 23:47:16,714 DEBUG org.springframework.beans.factory.support.ConstructorResolver [main] Autowiring by type from bean name 'mappingJackson2HttpMessageConverter' via factory method to bean named 'jacksonObjectMapper'
2024-07-16 23:47:16,733 DEBUG org.hibernate.boot.internal.ClassLoaderAccessImpl [task-1] Not known whether passed class name [com.booking.model.user.ClubUser] is safe
2024-07-16 23:47:16,735 DEBUG org.hibernate.boot.internal.ClassLoaderAccessImpl [task-1] No temp ClassLoader provided; using live ClassLoader for loading potentially unsafe class : com.booking.model.user.ClubUser
2024-07-16 23:47:16,752 DEBUG org.springframework.beans.factory.support.DefaultSingletonBeanRegistry [main] Creating shared instance of singleton bean 'resourceHandlerMapping'
2024-07-16 23:47:16,757 DEBUG org.springframework.beans.factory.support.ConstructorResolver [main] Autowiring by type from bean name 'resourceHandlerMapping' via factory method to bean named 'mvcUrlPathHelper'
2024-07-16 23:47:16,757 DEBUG org.springframework.beans.factory.support.ConstructorResolver [main] Autowiring by type from bean name 'resourceHandlerMapping' via factory method to bean named 'mvcPathMatcher'
2024-07-16 23:47:16,758 DEBUG org.springframework.beans.factory.support.ConstructorResolver [main] Autowiring by type from bean name 'resourceHandlerMapping' via factory method to bean named 'mvcContentNegotiationManager'
2024-07-16 23:47:16,758 DEBUG org.springframework.beans.factory.support.ConstructorResolver [main] Autowiring by type from bean name 'resourceHandlerMapping' via factory method to bean named 'mvcConversionService'
2024-07-16 23:47:16,758 DEBUG org.springframework.beans.factory.support.ConstructorResolver [main] Autowiring by type from bean name 'resourceHandlerMapping' via factory method to bean named 'mvcResourceUrlProvider'
2024-07-16 23:47:16,781 DEBUG org.springframework.web.servlet.handler.SimpleUrlHandlerMapping [main] Patterns [/webjars/**, /**] in 'resourceHandlerMapping'
2024-07-16 23:47:16,789 DEBUG sun.rmi.runtime.Log$LoggerLog [RMI TCP Connection(2)-127.0.0.1] RMI TCP Connection(2)-127.0.0.1: (port 53302) op = 82
2024-07-16 23:47:16,790 DEBUG sun.rmi.runtime.Log$LoggerLog [RMI TCP Connection(2)-127.0.0.1] RMI TCP Connection(2)-127.0.0.1: (port 53302) op = 80
2024-07-16 23:47:16,791 DEBUG sun.rmi.runtime.Log$LoggerLog [RMI TCP Connection(2)-127.0.0.1] RMI TCP Connection(2)-127.0.0.1: name = "javax.management.ObjectName", codebase = ""
2024-07-16 23:47:16,791 DEBUG sun.util.logging.internal.LoggingProviderImpl$JULWrapper [RMI TCP Connection(2)-127.0.0.1] connectionId=rmi://127.0.0.1  1, name=org.springframework.boot:type=Admin,name=SpringApplication, attribute=Ready
2024-07-16 23:47:16,792 DEBUG sun.rmi.runtime.Log$LoggerLog [RMI TCP Connection(2)-127.0.0.1] RMI TCP Connection(2)-127.0.0.1: [127.0.0.1] exception: 
javax.management.InstanceNotFoundException: org.springframework.boot:type=Admin,name=SpringApplication
	at java.management/com.sun.jmx.interceptor.DefaultMBeanServerInterceptor.getMBean(DefaultMBeanServerInterceptor.java:1088)
	at java.management/com.sun.jmx.interceptor.DefaultMBeanServerInterceptor.getAttribute(DefaultMBeanServerInterceptor.java:640)
	at java.management/com.sun.jmx.mbeanserver.JmxMBeanServer.getAttribute(JmxMBeanServer.java:679)
	at java.management.rmi/javax.management.remote.rmi.RMIConnectionImpl.doOperation(RMIConnectionImpl.java:1449)
	at java.management.rmi/javax.management.remote.rmi.RMIConnectionImpl$PrivilegedOperation.run(RMIConnectionImpl.java:1310)
	at java.management.rmi/javax.management.remote.rmi.RMIConnectionImpl.doPrivilegedOperation(RMIConnectionImpl.java:1405)
	at java.management.rmi/javax.management.remote.rmi.RMIConnectionImpl.getAttribute(RMIConnectionImpl.java:639)
	at java.base/jdk.internal.reflect.GeneratedMethodAccessor29.invoke(Unknown Source)
	at java.base/jdk.internal.reflect.DelegatingMethodAccessorImpl.invoke(DelegatingMethodAccessorImpl.java:43)
	at java.base/java.lang.reflect.Method.invoke(Method.java:568)
	at java.rmi/sun.rmi.server.UnicastServerRef.dispatch(UnicastServerRef.java:360)
	at java.rmi/sun.rmi.transport.Transport$1.run(Transport.java:200)
	at java.rmi/sun.rmi.transport.Transport$1.run(Transport.java:197)
	at java.base/java.security.AccessController.doPrivileged(AccessController.java:712)
	at java.rmi/sun.rmi.transport.Transport.serviceCall(Transport.java:196)
	at java.rmi/sun.rmi.transport.tcp.TCPTransport.handleMessages(TCPTransport.java:587)
	at java.rmi/sun.rmi.transport.tcp.TCPTransport$ConnectionHandler.run0(TCPTransport.java:828)
	at java.rmi/sun.rmi.transport.tcp.TCPTransport$ConnectionHandler.lambda$run$0(TCPTransport.java:705)
	at java.base/java.security.AccessController.doPrivileged(AccessController.java:399)
	at java.rmi/sun.rmi.transport.tcp.TCPTransport$ConnectionHandler.run(TCPTransport.java:704)
	at java.base/java.util.concurrent.ThreadPoolExecutor.runWorker(ThreadPoolExecutor.java:1136)
	at java.base/java.util.concurrent.ThreadPoolExecutor$Worker.run(ThreadPoolExecutor.java:635)
	at java.base/java.lang.Thread.run(Thread.java:833)
2024-07-16 23:47:16,796 DEBUG org.springframework.beans.factory.support.DefaultSingletonBeanRegistry [main] Creating shared instance of singleton bean 'defaultServletHandlerMapping'
2024-07-16 23:47:16,805 DEBUG org.springframework.security.web.access.expression.ExpressionBasedFilterInvocationSecurityMetadataSource [main] Adding web access control expression 'permitAll', for Ant [pattern='/**']
2024-07-16 23:47:16,807 DEBUG org.springframework.security.web.access.expression.ExpressionBasedFilterInvocationSecurityMetadataSource [main] Adding web access control expression 'authenticated', for any request
2024-07-16 23:47:16,812 DEBUG org.springframework.security.access.intercept.AbstractSecurityInterceptor [main] Validated configuration attributes
2024-07-16 23:47:16,813 DEBUG org.springframework.security.access.intercept.AbstractSecurityInterceptor [main] Validated configuration attributes
2024-07-16 23:47:16,821 INFO org.springframework.security.web.DefaultSecurityFilterChain [main] Creating filter chain: any request, [org.springframework.security.web.context.request.async.WebAsyncManagerIntegrationFilter@6164e137, org.springframework.security.web.context.SecurityContextPersistenceFilter@50f4b83d, org.springframework.security.web.header.HeaderWriterFilter@c472300, org.springframework.web.filter.CorsFilter@7ef8e623, org.springframework.security.web.authentication.logout.LogoutFilter@448cdb47, org.springframework.security.web.savedrequest.RequestCacheAwareFilter@c5e69a5, org.springframework.security.web.servletapi.SecurityContextHolderAwareRequestFilter@ac4915e, org.springframework.security.web.authentication.AnonymousAuthenticationFilter@3d8d970e, org.springframework.security.web.session.SessionManagementFilter@30159886, org.springframework.security.web.access.ExceptionTranslationFilter@421ead7e, org.springframework.security.web.access.intercept.FilterSecurityInterceptor@7bc2ae16]
2024-07-16 23:47:16,836 DEBUG org.springframework.beans.factory.support.DefaultSingletonBeanRegistry [main] Creating shared instance of singleton bean 'webSecurityExpressionHandler'
2024-07-16 23:47:16,839 DEBUG org.springframework.beans.factory.support.DefaultSingletonBeanRegistry [main] Creating shared instance of singleton bean 'privilegeEvaluator'
2024-07-16 23:47:16,840 DEBUG org.springframework.beans.factory.support.DefaultSingletonBeanRegistry [main] Creating shared instance of singleton bean 'requestDataValueProcessor'
2024-07-16 23:47:16,845 DEBUG org.springframework.beans.factory.support.DefaultSingletonBeanRegistry [main] Creating shared instance of singleton bean 'preInvocationAuthorizationAdvice'
2024-07-16 23:47:16,845 DEBUG org.springframework.beans.factory.support.DefaultSingletonBeanRegistry [main] Creating shared instance of singleton bean 'org.springframework.boot.autoconfigure.context.PropertyPlaceholderAutoConfiguration'
2024-07-16 23:47:16,846 DEBUG org.springframework.beans.factory.support.DefaultSingletonBeanRegistry [main] Creating shared instance of singleton bean 'org.springframework.boot.autoconfigure.websocket.servlet.WebSocketServletAutoConfiguration'
2024-07-16 23:47:16,847 DEBUG org.springframework.beans.factory.support.DefaultSingletonBeanRegistry [main] Creating shared instance of singleton bean 'org.springframework.boot.context.properties.ConfigurationBeanFactoryMetadata'
2024-07-16 23:47:16,849 DEBUG org.springframework.beans.factory.support.DefaultSingletonBeanRegistry [main] Creating shared instance of singleton bean 'org.springframework.boot.autoconfigure.web.servlet.DispatcherServletAutoConfiguration'
2024-07-16 23:47:16,850 DEBUG org.springframework.beans.factory.support.DefaultSingletonBeanRegistry [main] Creating shared instance of singleton bean 'org.springframework.boot.autoconfigure.web.servlet.error.ErrorMvcAutoConfiguration$WhitelabelErrorViewConfiguration'
2024-07-16 23:47:16,853 DEBUG org.springframework.beans.factory.support.DefaultSingletonBeanRegistry [main] Creating shared instance of singleton bean 'error'
2024-07-16 23:47:16,854 DEBUG org.springframework.beans.factory.support.DefaultSingletonBeanRegistry [main] Creating shared instance of singleton bean 'beanNameViewResolver'
2024-07-16 23:47:16,858 DEBUG org.springframework.beans.factory.support.DefaultSingletonBeanRegistry [main] Creating shared instance of singleton bean 'org.springframework.boot.autoconfigure.web.servlet.error.ErrorMvcAutoConfiguration$DefaultErrorViewResolverConfiguration'
2024-07-16 23:47:16,860 DEBUG org.springframework.beans.factory.support.ConstructorResolver [main] Autowiring by type from bean name 'org.springframework.boot.autoconfigure.web.servlet.error.ErrorMvcAutoConfiguration$DefaultErrorViewResolverConfiguration' via constructor to bean named 'org.springframework.boot.web.servlet.context.AnnotationConfigServletWebServerApplicationContext@5c00384f'
2024-07-16 23:47:16,860 DEBUG org.springframework.beans.factory.support.ConstructorResolver [main] Autowiring by type from bean name 'org.springframework.boot.autoconfigure.web.servlet.error.ErrorMvcAutoConfiguration$DefaultErrorViewResolverConfiguration' via constructor to bean named 'spring.resources-org.springframework.boot.autoconfigure.web.ResourceProperties'
2024-07-16 23:47:16,862 DEBUG org.springframework.beans.factory.support.DefaultSingletonBeanRegistry [main] Creating shared instance of singleton bean 'conventionErrorViewResolver'
2024-07-16 23:47:16,864 DEBUG org.springframework.beans.factory.support.DefaultSingletonBeanRegistry [main] Creating shared instance of singleton bean 'errorAttributes'
2024-07-16 23:47:16,868 DEBUG org.springframework.beans.factory.support.DefaultSingletonBeanRegistry [main] Creating shared instance of singleton bean 'basicErrorController'
2024-07-16 23:47:16,869 DEBUG org.springframework.beans.factory.support.ConstructorResolver [main] Autowiring by type from bean name 'basicErrorController' via factory method to bean named 'errorAttributes'
2024-07-16 23:47:16,874 DEBUG org.springframework.beans.factory.support.DefaultSingletonBeanRegistry [main] Creating shared instance of singleton bean 'requestMappingHandlerAdapter'
2024-07-16 23:47:16,879 DEBUG org.springframework.beans.factory.support.DefaultSingletonBeanRegistry [main] Creating shared instance of singleton bean 'mvcValidator'
2024-07-16 23:47:16,881 DEBUG org.springframework.beans.factory.support.ConstructorResolver [main] Autowiring by type from bean name 'requestMappingHandlerAdapter' via factory method to bean named 'mvcContentNegotiationManager'
2024-07-16 23:47:16,883 DEBUG org.springframework.beans.factory.support.ConstructorResolver [main] Autowiring by type from bean name 'requestMappingHandlerAdapter' via factory method to bean named 'mvcConversionService'
2024-07-16 23:47:16,883 DEBUG org.springframework.beans.factory.support.ConstructorResolver [main] Autowiring by type from bean name 'requestMappingHandlerAdapter' via factory method to bean named 'mvcValidator'
2024-07-16 23:47:16,885 DEBUG org.springframework.beans.factory.support.ConstructorResolver [main] Autowiring by type from bean name 'requestMappingHandlerAdapter' via factory method to bean named 'mvcContentNegotiationManager'
2024-07-16 23:47:16,885 DEBUG org.springframework.beans.factory.support.ConstructorResolver [main] Autowiring by type from bean name 'requestMappingHandlerAdapter' via factory method to bean named 'mvcConversionService'
2024-07-16 23:47:16,887 DEBUG org.springframework.beans.factory.support.ConstructorResolver [main] Autowiring by type from bean name 'requestMappingHandlerAdapter' via factory method to bean named 'mvcValidator'
2024-07-16 23:47:16,901 DEBUG org.springframework.beans.factory.support.DefaultSingletonBeanRegistry [main] Creating shared instance of singleton bean 'sortResolver'
2024-07-16 23:47:16,926 DEBUG org.springframework.beans.factory.support.DefaultSingletonBeanRegistry [main] Creating shared instance of singleton bean 'pageableResolver'
2024-07-16 23:47:16,959 DEBUG org.springframework.web.servlet.mvc.method.annotation.RequestMappingHandlerAdapter [main] ControllerAdvice beans: 0 @ModelAttribute, 0 @InitBinder, 1 RequestBodyAdvice, 1 ResponseBodyAdvice
2024-07-16 23:47:17,037 DEBUG org.springframework.beans.factory.support.DefaultSingletonBeanRegistry [main] Creating shared instance of singleton bean 'handlerFunctionAdapter'
2024-07-16 23:47:17,040 DEBUG org.springframework.beans.factory.support.DefaultSingletonBeanRegistry [main] Creating shared instance of singleton bean 'mvcUriComponentsContributor'
2024-07-16 23:47:17,042 DEBUG org.springframework.beans.factory.support.ConstructorResolver [main] Autowiring by type from bean name 'mvcUriComponentsContributor' via factory method to bean named 'mvcConversionService'
2024-07-16 23:47:17,042 DEBUG org.springframework.beans.factory.support.ConstructorResolver [main] Autowiring by type from bean name 'mvcUriComponentsContributor' via factory method to bean named 'requestMappingHandlerAdapter'
2024-07-16 23:47:17,046 DEBUG org.springframework.beans.factory.support.DefaultSingletonBeanRegistry [main] Creating shared instance of singleton bean 'httpRequestHandlerAdapter'
2024-07-16 23:47:17,049 DEBUG org.springframework.beans.factory.support.DefaultSingletonBeanRegistry [main] Creating shared instance of singleton bean 'simpleControllerHandlerAdapter'
2024-07-16 23:47:17,050 DEBUG org.springframework.beans.factory.support.DefaultSingletonBeanRegistry [main] Creating shared instance of singleton bean 'handlerExceptionResolver'
2024-07-16 23:47:17,051 DEBUG org.springframework.beans.factory.support.ConstructorResolver [main] Autowiring by type from bean name 'handlerExceptionResolver' via factory method to bean named 'mvcContentNegotiationManager'
2024-07-16 23:47:17,063 DEBUG org.springframework.web.servlet.mvc.method.annotation.ExceptionHandlerExceptionResolver [main] ControllerAdvice beans: 0 @ExceptionHandler, 1 ResponseBodyAdvice
2024-07-16 23:47:17,069 DEBUG org.springframework.beans.factory.support.DefaultSingletonBeanRegistry [main] Creating shared instance of singleton bean 'mvcViewResolver'
2024-07-16 23:47:17,070 DEBUG org.springframework.beans.factory.support.ConstructorResolver [main] Autowiring by type from bean name 'mvcViewResolver' via factory method to bean named 'mvcContentNegotiationManager'
2024-07-16 23:47:17,078 DEBUG org.springframework.beans.factory.support.DefaultSingletonBeanRegistry [main] Creating shared instance of singleton bean 'defaultViewResolver'
2024-07-16 23:47:17,107 DEBUG org.springframework.beans.factory.support.DefaultSingletonBeanRegistry [main] Creating shared instance of singleton bean 'viewResolver'
2024-07-16 23:47:17,109 DEBUG org.springframework.beans.factory.support.ConstructorResolver [main] Autowiring by type from bean name 'viewResolver' via factory method to bean named 'org.springframework.beans.factory.support.DefaultListableBeanFactory@6de54b40'
2024-07-16 23:47:17,116 DEBUG org.springframework.beans.factory.support.DefaultSingletonBeanRegistry [main] Creating shared instance of singleton bean 'org.springframework.boot.autoconfigure.jmx.JmxAutoConfiguration'
2024-07-16 23:47:17,117 DEBUG org.springframework.beans.factory.support.ConstructorResolver [main] Autowiring by type from bean name 'org.springframework.boot.autoconfigure.jmx.JmxAutoConfiguration' via constructor to bean named 'environment'
2024-07-16 23:47:17,118 DEBUG org.springframework.beans.factory.support.DefaultSingletonBeanRegistry [main] Creating shared instance of singleton bean 'mbeanExporter'
2024-07-16 23:47:17,121 DEBUG org.springframework.beans.factory.support.DefaultSingletonBeanRegistry [main] Creating shared instance of singleton bean 'objectNamingStrategy'
2024-07-16 23:47:17,126 DEBUG org.springframework.beans.factory.support.ConstructorResolver [main] Autowiring by type from bean name 'mbeanExporter' via factory method to bean named 'objectNamingStrategy'
2024-07-16 23:47:17,126 DEBUG org.springframework.beans.factory.support.ConstructorResolver [main] Autowiring by type from bean name 'mbeanExporter' via factory method to bean named 'org.springframework.beans.factory.support.DefaultListableBeanFactory@6de54b40'
2024-07-16 23:47:17,135 DEBUG org.springframework.beans.factory.support.DefaultSingletonBeanRegistry [main] Creating shared instance of singleton bean 'mbeanServer'
2024-07-16 23:47:17,143 DEBUG org.springframework.jmx.support.JmxUtils [main] Found MBeanServer: com.sun.jmx.mbeanserver.JmxMBeanServer@74650e52
2024-07-16 23:47:17,173 DEBUG org.springframework.beans.factory.support.DefaultSingletonBeanRegistry [main] Creating shared instance of singleton bean 'org.springframework.boot.autoconfigure.admin.SpringApplicationAdminJmxAutoConfiguration'
2024-07-16 23:47:17,174 DEBUG org.springframework.beans.factory.support.DefaultSingletonBeanRegistry [main] Creating shared instance of singleton bean 'springApplicationAdminRegistrar'
2024-07-16 23:47:17,175 DEBUG org.springframework.beans.factory.support.ConstructorResolver [main] Autowiring by type from bean name 'springApplicationAdminRegistrar' via factory method to bean named 'environment'
2024-07-16 23:47:17,180 DEBUG org.springframework.boot.admin.SpringApplicationAdminMXBeanRegistrar [main] Application Admin MBean registered with name 'org.springframework.boot:type=Admin,name=SpringApplication'
2024-07-16 23:47:17,186 DEBUG org.springframework.beans.factory.support.DefaultSingletonBeanRegistry [main] Creating shared instance of singleton bean 'org.springframework.boot.autoconfigure.aop.AopAutoConfiguration$AspectJAutoProxyingConfiguration$CglibAutoProxyConfiguration'
2024-07-16 23:47:17,187 DEBUG org.springframework.beans.factory.support.DefaultSingletonBeanRegistry [main] Creating shared instance of singleton bean 'org.springframework.boot.autoconfigure.aop.AopAutoConfiguration$AspectJAutoProxyingConfiguration'
2024-07-16 23:47:17,189 DEBUG org.springframework.beans.factory.support.DefaultSingletonBeanRegistry [main] Creating shared instance of singleton bean 'org.springframework.boot.autoconfigure.aop.AopAutoConfiguration'
2024-07-16 23:47:17,190 DEBUG org.springframework.beans.factory.support.DefaultSingletonBeanRegistry [main] Creating shared instance of singleton bean 'org.springframework.boot.autoconfigure.availability.ApplicationAvailabilityAutoConfiguration'
2024-07-16 23:47:17,191 DEBUG org.springframework.beans.factory.support.DefaultSingletonBeanRegistry [main] Creating shared instance of singleton bean 'applicationAvailability'
2024-07-16 23:47:17,196 DEBUG org.springframework.beans.factory.support.DefaultSingletonBeanRegistry [main] Creating shared instance of singleton bean 'org.springframework.boot.autoconfigure.transaction.jta.JtaAutoConfiguration'
2024-07-16 23:47:17,196 DEBUG org.springframework.beans.factory.support.DefaultSingletonBeanRegistry [main] Creating shared instance of singleton bean 'org.springframework.boot.autoconfigure.jdbc.DataSourceJmxConfiguration$Hikari'
2024-07-16 23:47:17,198 DEBUG org.springframework.beans.factory.support.ConstructorResolver [main] Autowiring by type from bean name 'org.springframework.boot.autoconfigure.jdbc.DataSourceJmxConfiguration$Hikari' via constructor to bean named 'dataSource'
2024-07-16 23:47:17,200 DEBUG org.springframework.beans.factory.support.DefaultSingletonBeanRegistry [main] Creating shared instance of singleton bean 'org.springframework.boot.autoconfigure.jdbc.DataSourceJmxConfiguration'
2024-07-16 23:47:17,201 DEBUG org.springframework.beans.factory.support.DefaultSingletonBeanRegistry [main] Creating shared instance of singleton bean 'org.springframework.boot.autoconfigure.jdbc.DataSourceAutoConfiguration$PooledDataSourceConfiguration'
2024-07-16 23:47:17,202 DEBUG org.springframework.beans.factory.support.DefaultSingletonBeanRegistry [main] Creating shared instance of singleton bean 'org.springframework.boot.autoconfigure.jdbc.metadata.DataSourcePoolMetadataProvidersConfiguration'
2024-07-16 23:47:17,203 DEBUG org.springframework.beans.factory.support.DefaultSingletonBeanRegistry [main] Creating shared instance of singleton bean 'org.springframework.boot.autoconfigure.jdbc.DataSourceInitializationConfiguration'
2024-07-16 23:47:17,204 DEBUG org.springframework.beans.factory.support.DefaultSingletonBeanRegistry [main] Creating shared instance of singleton bean 'org.springframework.boot.autoconfigure.jdbc.DataSourceAutoConfiguration'
2024-07-16 23:47:17,204 DEBUG org.springframework.beans.factory.support.DefaultSingletonBeanRegistry [main] Creating shared instance of singleton bean 'transactionManager'
2024-07-16 23:47:17,212 DEBUG org.springframework.beans.factory.support.DefaultSingletonBeanRegistry [main] Creating shared instance of singleton bean 'platformTransactionManagerCustomizers'
2024-07-16 23:47:17,213 DEBUG org.springframework.beans.factory.support.DefaultSingletonBeanRegistry [main] Creating shared instance of singleton bean 'org.springframework.boot.autoconfigure.transaction.TransactionAutoConfiguration'
2024-07-16 23:47:17,216 DEBUG org.springframework.beans.factory.support.DefaultSingletonBeanRegistry [main] Creating shared instance of singleton bean 'spring.transaction-org.springframework.boot.autoconfigure.transaction.TransactionProperties'
2024-07-16 23:47:17,257 DEBUG org.springframework.beans.factory.support.DefaultSingletonBeanRegistry [main] Creating shared instance of singleton bean 'org.springframework.boot.autoconfigure.orm.jpa.HibernateJpaAutoConfiguration'
2024-07-16 23:47:17,258 DEBUG org.springframework.beans.factory.support.DefaultSingletonBeanRegistry [main] Creating shared instance of singleton bean 'org.springframework.boot.autoconfigure.context.ConfigurationPropertiesAutoConfiguration'
2024-07-16 23:47:17,259 DEBUG org.springframework.beans.factory.support.DefaultSingletonBeanRegistry [main] Creating shared instance of singleton bean 'org.springframework.boot.autoconfigure.context.LifecycleAutoConfiguration'
2024-07-16 23:47:17,262 DEBUG org.springframework.beans.factory.support.DefaultSingletonBeanRegistry [main] Creating shared instance of singleton bean 'lifecycleProcessor'
2024-07-16 23:47:17,262 DEBUG org.springframework.beans.factory.support.DefaultSingletonBeanRegistry [main] Creating shared instance of singleton bean 'spring.lifecycle-org.springframework.boot.autoconfigure.context.LifecycleProperties'
2024-07-16 23:47:17,268 DEBUG org.springframework.beans.factory.support.ConstructorResolver [main] Autowiring by type from bean name 'lifecycleProcessor' via factory method to bean named 'spring.lifecycle-org.springframework.boot.autoconfigure.context.LifecycleProperties'
2024-07-16 23:47:17,273 DEBUG org.springframework.beans.factory.support.DefaultSingletonBeanRegistry [main] Creating shared instance of singleton bean 'org.springframework.boot.autoconfigure.dao.PersistenceExceptionTranslationAutoConfiguration'
2024-07-16 23:47:17,274 DEBUG org.springframework.beans.factory.support.DefaultSingletonBeanRegistry [main] Creating shared instance of singleton bean 'org.springframework.data.jpa.util.JpaMetamodelCacheCleanup'
2024-07-16 23:47:17,275 DEBUG org.springframework.beans.factory.support.DefaultSingletonBeanRegistry [main] Creating shared instance of singleton bean 'org.springframework.data.jpa.repository.support.JpaEvaluationContextExtension'
2024-07-16 23:47:17,280 DEBUG org.springframework.beans.factory.support.DefaultSingletonBeanRegistry [main] Creating shared instance of singleton bean 'org.springframework.boot.autoconfigure.gson.GsonAutoConfiguration'
2024-07-16 23:47:17,281 DEBUG org.springframework.beans.factory.support.DefaultSingletonBeanRegistry [main] Creating shared instance of singleton bean 'gsonBuilder'
2024-07-16 23:47:17,283 DEBUG org.springframework.beans.factory.support.DefaultSingletonBeanRegistry [main] Creating shared instance of singleton bean 'standardGsonBuilderCustomizer'
2024-07-16 23:47:17,285 DEBUG org.springframework.beans.factory.support.DefaultSingletonBeanRegistry [main] Creating shared instance of singleton bean 'spring.gson-org.springframework.boot.autoconfigure.gson.GsonProperties'
2024-07-16 23:47:17,304 DEBUG org.springframework.beans.factory.support.ConstructorResolver [main] Autowiring by type from bean name 'standardGsonBuilderCustomizer' via factory method to bean named 'spring.gson-org.springframework.boot.autoconfigure.gson.GsonProperties'
2024-07-16 23:47:17,306 DEBUG org.springframework.beans.factory.support.ConstructorResolver [main] Autowiring by type from bean name 'gsonBuilder' via factory method to bean named 'standardGsonBuilderCustomizer'
2024-07-16 23:47:17,322 DEBUG org.hibernate.boot.internal.ClassLoaderAccessImpl [task-1] Not known whether passed class name [com.booking.model.slot.ClubSlot] is safe
2024-07-16 23:47:17,322 DEBUG org.hibernate.boot.internal.ClassLoaderAccessImpl [task-1] No temp ClassLoader provided; using live ClassLoader for loading potentially unsafe class : com.booking.model.slot.ClubSlot
2024-07-16 23:47:17,322 DEBUG org.hibernate.boot.internal.ClassLoaderAccessImpl [task-1] Not known whether passed class name [com.booking.model.slot.ClubSlot] is safe
2024-07-16 23:47:17,323 DEBUG sun.rmi.runtime.Log$LoggerLog [RMI TCP Connection(2)-127.0.0.1] RMI TCP Connection(2)-127.0.0.1: (port 53302) op = 82
2024-07-16 23:47:17,324 DEBUG sun.rmi.runtime.Log$LoggerLog [RMI TCP Connection(2)-127.0.0.1] RMI TCP Connection(2)-127.0.0.1: (port 53302) op = 80
2024-07-16 23:47:17,325 DEBUG sun.rmi.runtime.Log$LoggerLog [RMI TCP Connection(2)-127.0.0.1] RMI TCP Connection(2)-127.0.0.1: name = "javax.management.ObjectName", codebase = ""
2024-07-16 23:47:17,325 DEBUG sun.util.logging.internal.LoggingProviderImpl$JULWrapper [RMI TCP Connection(2)-127.0.0.1] connectionId=rmi://127.0.0.1  1, name=org.springframework.boot:type=Admin,name=SpringApplication, attribute=Ready
2024-07-16 23:47:17,331 DEBUG org.hibernate.boot.internal.ClassLoaderAccessImpl [task-1] No temp ClassLoader provided; using live ClassLoader for loading potentially unsafe class : com.booking.model.slot.ClubSlot
2024-07-16 23:47:17,335 DEBUG org.springframework.beans.factory.support.DefaultSingletonBeanRegistry [main] Creating shared instance of singleton bean 'gson'
2024-07-16 23:47:17,336 DEBUG org.springframework.beans.factory.support.ConstructorResolver [main] Autowiring by type from bean name 'gson' via factory method to bean named 'gsonBuilder'
2024-07-16 23:47:17,413 DEBUG org.springframework.beans.factory.support.DefaultSingletonBeanRegistry [main] Creating shared instance of singleton bean 'org.springframework.boot.autoconfigure.http.JacksonHttpMessageConvertersConfiguration'
2024-07-16 23:47:17,414 DEBUG org.springframework.beans.factory.support.DefaultSingletonBeanRegistry [main] Creating shared instance of singleton bean 'org.springframework.boot.autoconfigure.http.GsonHttpMessageConvertersConfiguration'
2024-07-16 23:47:17,415 DEBUG org.hibernate.boot.internal.ClassLoaderAccessImpl [task-1] Not known whether passed class name [com.booking.model.slot.ClubSlotBooking] is safe
2024-07-16 23:47:17,415 DEBUG org.hibernate.boot.internal.ClassLoaderAccessImpl [task-1] No temp ClassLoader provided; using live ClassLoader for loading potentially unsafe class : com.booking.model.slot.ClubSlotBooking
2024-07-16 23:47:17,416 DEBUG org.springframework.beans.factory.support.DefaultSingletonBeanRegistry [main] Creating shared instance of singleton bean 'org.springframework.data.web.config.ProjectingArgumentResolverRegistrar'
2024-07-16 23:47:17,417 DEBUG org.hibernate.boot.internal.ClassLoaderAccessImpl [task-1] Not known whether passed class name [com.booking.model.slot.ClubSlotBooking] is safe
2024-07-16 23:47:17,417 DEBUG org.hibernate.boot.internal.ClassLoaderAccessImpl [task-1] No temp ClassLoader provided; using live ClassLoader for loading potentially unsafe class : com.booking.model.slot.ClubSlotBooking
2024-07-16 23:47:17,420 DEBUG org.springframework.beans.factory.support.DefaultSingletonBeanRegistry [main] Creating shared instance of singleton bean 'org.springframework.boot.autoconfigure.info.ProjectInfoAutoConfiguration'
2024-07-16 23:47:17,426 DEBUG org.springframework.beans.factory.support.DefaultSingletonBeanRegistry [main] Creating shared instance of singleton bean 'spring.info-org.springframework.boot.autoconfigure.info.ProjectInfoProperties'
2024-07-16 23:47:17,429 DEBUG org.springframework.beans.factory.support.ConstructorResolver [main] Autowiring by type from bean name 'org.springframework.boot.autoconfigure.info.ProjectInfoAutoConfiguration' via constructor to bean named 'spring.info-org.springframework.boot.autoconfigure.info.ProjectInfoProperties'
2024-07-16 23:47:17,431 DEBUG org.springframework.beans.factory.support.DefaultSingletonBeanRegistry [main] Creating shared instance of singleton bean 'org.springframework.boot.autoconfigure.jdbc.JdbcTemplateConfiguration'
2024-07-16 23:47:17,433 DEBUG org.springframework.beans.factory.support.DefaultSingletonBeanRegistry [main] Creating shared instance of singleton bean 'jdbcTemplate'
2024-07-16 23:47:17,433 DEBUG org.springframework.beans.factory.support.DefaultSingletonBeanRegistry [main] Creating shared instance of singleton bean 'spring.jdbc-org.springframework.boot.autoconfigure.jdbc.JdbcProperties'
2024-07-16 23:47:17,436 DEBUG org.springframework.beans.factory.support.ConstructorResolver [main] Autowiring by type from bean name 'jdbcTemplate' via factory method to bean named 'dataSource'
2024-07-16 23:47:17,436 DEBUG org.springframework.beans.factory.support.ConstructorResolver [main] Autowiring by type from bean name 'jdbcTemplate' via factory method to bean named 'spring.jdbc-org.springframework.boot.autoconfigure.jdbc.JdbcProperties'
2024-07-16 23:47:17,463 DEBUG org.springframework.beans.factory.support.DefaultSingletonBeanRegistry [main] Creating shared instance of singleton bean 'org.springframework.boot.autoconfigure.jdbc.NamedParameterJdbcTemplateConfiguration'
2024-07-16 23:47:17,466 DEBUG org.springframework.beans.factory.support.DefaultSingletonBeanRegistry [main] Creating shared instance of singleton bean 'namedParameterJdbcTemplate'
2024-07-16 23:47:17,468 DEBUG org.springframework.beans.factory.support.ConstructorResolver [main] Autowiring by type from bean name 'namedParameterJdbcTemplate' via factory method to bean named 'jdbcTemplate'
2024-07-16 23:47:17,481 DEBUG org.springframework.beans.factory.support.DefaultSingletonBeanRegistry [main] Creating shared instance of singleton bean 'org.springframework.boot.autoconfigure.jdbc.JdbcTemplateAutoConfiguration'
2024-07-16 23:47:17,482 DEBUG org.springframework.beans.factory.support.DefaultSingletonBeanRegistry [main] Creating shared instance of singleton bean 'org.springframework.boot.autoconfigure.mail.MailSenderAutoConfiguration'
2024-07-16 23:47:17,482 DEBUG org.hibernate.boot.internal.ClassLoaderAccessImpl [task-1] Not known whether passed class name [com.booking.model.user.ClubConfig] is safe
2024-07-16 23:47:17,483 DEBUG org.hibernate.boot.internal.ClassLoaderAccessImpl [task-1] No temp ClassLoader provided; using live ClassLoader for loading potentially unsafe class : com.booking.model.user.ClubConfig
2024-07-16 23:47:17,484 DEBUG org.springframework.beans.factory.support.DefaultSingletonBeanRegistry [main] Creating shared instance of singleton bean 'org.springframework.boot.autoconfigure.security.oauth2.resource.servlet.OAuth2ResourceServerAutoConfiguration'
2024-07-16 23:47:17,483 DEBUG org.hibernate.boot.internal.ClassLoaderAccessImpl [task-1] Not known whether passed class name [com.booking.model.user.ClubConfig] is safe
2024-07-16 23:47:17,486 DEBUG org.hibernate.boot.internal.ClassLoaderAccessImpl [task-1] No temp ClassLoader provided; using live ClassLoader for loading potentially unsafe class : com.booking.model.user.ClubConfig
2024-07-16 23:47:17,486 DEBUG org.springframework.beans.factory.support.DefaultSingletonBeanRegistry [main] Creating shared instance of singleton bean 'spring.security.oauth2.resourceserver-org.springframework.boot.autoconfigure.security.oauth2.resource.OAuth2ResourceServerProperties'
2024-07-16 23:47:17,490 DEBUG org.springframework.beans.factory.support.DefaultSingletonBeanRegistry [main] Creating shared instance of singleton bean 'org.springframework.boot.autoconfigure.task.TaskSchedulingAutoConfiguration'
2024-07-16 23:47:17,493 DEBUG org.springframework.beans.factory.support.DefaultSingletonBeanRegistry [main] Creating shared instance of singleton bean 'taskSchedulerBuilder'
2024-07-16 23:47:17,495 DEBUG org.springframework.beans.factory.support.DefaultSingletonBeanRegistry [main] Creating shared instance of singleton bean 'spring.task.scheduling-org.springframework.boot.autoconfigure.task.TaskSchedulingProperties'
2024-07-16 23:47:17,498 DEBUG org.springframework.beans.factory.support.ConstructorResolver [main] Autowiring by type from bean name 'taskSchedulerBuilder' via factory method to bean named 'spring.task.scheduling-org.springframework.boot.autoconfigure.task.TaskSchedulingProperties'
2024-07-16 23:47:17,501 DEBUG org.springframework.beans.factory.support.DefaultSingletonBeanRegistry [main] Creating shared instance of singleton bean 'org.springframework.boot.autoconfigure.jdbc.DataSourceTransactionManagerAutoConfiguration$DataSourceTransactionManagerConfiguration'
2024-07-16 23:47:17,504 DEBUG org.springframework.beans.factory.support.DefaultSingletonBeanRegistry [main] Creating shared instance of singleton bean 'org.springframework.boot.autoconfigure.jdbc.DataSourceTransactionManagerAutoConfiguration'
2024-07-16 23:47:17,505 DEBUG org.springframework.beans.factory.support.DefaultSingletonBeanRegistry [main] Creating shared instance of singleton bean 'org.springframework.boot.autoconfigure.transaction.TransactionAutoConfiguration$EnableTransactionManagementConfiguration$CglibAutoProxyConfiguration'
2024-07-16 23:47:17,505 DEBUG org.hibernate.boot.internal.ClassLoaderAccessImpl [task-1] Not known whether passed class name [com.booking.model.user.Roles] is safe
2024-07-16 23:47:17,505 DEBUG org.hibernate.boot.internal.ClassLoaderAccessImpl [task-1] No temp ClassLoader provided; using live ClassLoader for loading potentially unsafe class : com.booking.model.user.Roles
2024-07-16 23:47:17,505 DEBUG org.springframework.beans.factory.support.DefaultSingletonBeanRegistry [main] Creating shared instance of singleton bean 'org.springframework.boot.autoconfigure.transaction.TransactionAutoConfiguration$EnableTransactionManagementConfiguration'
2024-07-16 23:47:17,505 DEBUG org.hibernate.boot.internal.ClassLoaderAccessImpl [task-1] Not known whether passed class name [com.booking.model.user.Roles] is safe
2024-07-16 23:47:17,506 DEBUG org.hibernate.boot.internal.ClassLoaderAccessImpl [task-1] No temp ClassLoader provided; using live ClassLoader for loading potentially unsafe class : com.booking.model.user.Roles
2024-07-16 23:47:17,507 DEBUG org.springframework.beans.factory.support.DefaultSingletonBeanRegistry [main] Creating shared instance of singleton bean 'org.springframework.boot.autoconfigure.transaction.TransactionAutoConfiguration$TransactionTemplateConfiguration'
2024-07-16 23:47:17,510 DEBUG org.springframework.beans.factory.support.DefaultSingletonBeanRegistry [main] Creating shared instance of singleton bean 'transactionTemplate'
2024-07-16 23:47:17,511 DEBUG org.springframework.beans.factory.support.ConstructorResolver [main] Autowiring by type from bean name 'transactionTemplate' via factory method to bean named 'transactionManager'
2024-07-16 23:47:17,515 DEBUG org.springframework.beans.factory.support.DefaultSingletonBeanRegistry [main] Creating shared instance of singleton bean 'org.springframework.boot.autoconfigure.web.client.RestTemplateAutoConfiguration'
2024-07-16 23:47:17,517 DEBUG org.springframework.beans.factory.support.DefaultSingletonBeanRegistry [main] Creating shared instance of singleton bean 'org.springframework.boot.autoconfigure.web.embedded.EmbeddedWebServerFactoryCustomizerAutoConfiguration'
2024-07-16 23:47:17,518 DEBUG org.springframework.beans.factory.support.DefaultSingletonBeanRegistry [main] Creating shared instance of singleton bean 'multipartResolver'
2024-07-16 23:47:17,522 DEBUG org.hibernate.boot.internal.ClassLoaderAccessImpl [task-1] Not known whether passed class name [com.booking.model.slot.UserBooking] is safe
2024-07-16 23:47:17,522 DEBUG org.hibernate.boot.internal.ClassLoaderAccessImpl [task-1] No temp ClassLoader provided; using live ClassLoader for loading potentially unsafe class : com.booking.model.slot.UserBooking
2024-07-16 23:47:17,523 DEBUG org.hibernate.boot.internal.ClassLoaderAccessImpl [task-1] Not known whether passed class name [com.booking.model.slot.UserBooking] is safe
2024-07-16 23:47:17,524 DEBUG org.hibernate.boot.internal.ClassLoaderAccessImpl [task-1] No temp ClassLoader provided; using live ClassLoader for loading potentially unsafe class : com.booking.model.slot.UserBooking
2024-07-16 23:47:17,564 DEBUG org.springframework.security.config.annotation.authentication.configuration.AuthenticationConfiguration$EnableGlobalAuthenticationAutowiredConfigurer [main] Eagerly initializing {webSecurityConfig=com.booking.config.WebSecurityConfig$$EnhancerBySpringCGLIB$$c5bd92ae@281b2dfd}
2024-07-16 23:47:17,570 DEBUG org.springframework.jmx.export.MBeanExporter [main] Registering beans for JMX exposure on startup
2024-07-16 23:47:17,570 DEBUG org.springframework.jmx.export.MBeanExporter [main] Autodetecting user-defined JMX MBeans
2024-07-16 23:47:17,574 DEBUG org.springframework.jmx.export.MBeanExporter [main] Bean with name 'dataSource' has been autodetected for JMX exposure
2024-07-16 23:47:17,580 DEBUG org.hibernate.persister.collection.AbstractCollectionPersister [task-1] Static SQL for collection: com.booking.model.user.ClubUser.roles
2024-07-16 23:47:17,580 DEBUG org.hibernate.persister.collection.AbstractCollectionPersister [task-1]  Row insert: insert into user_roles (user_id, role_id) values (?, ?)
2024-07-16 23:47:17,580 DEBUG org.hibernate.persister.collection.AbstractCollectionPersister [task-1]  Row update: update user_roles set role_id=? where user_id=? and role_id=?
2024-07-16 23:47:17,581 DEBUG org.hibernate.persister.collection.AbstractCollectionPersister [task-1]  Row delete: delete from user_roles where user_id=? and role_id=?
2024-07-16 23:47:17,581 DEBUG org.hibernate.persister.collection.AbstractCollectionPersister [task-1]  One-shot delete: delete from user_roles where user_id=?
2024-07-16 23:47:17,588 DEBUG org.springframework.jmx.export.MBeanExporter [main] Located MBean 'dataSource': registering with JMX server as MBean [com.zaxxer.hikari:name=dataSource,type=HikariDataSource]
2024-07-16 23:47:17,591 DEBUG org.hibernate.persister.entity.AbstractEntityPersister [task-1] Static SQL for entity: com.booking.model.user.ClubUser
2024-07-16 23:47:17,591 DEBUG org.hibernate.persister.entity.AbstractEntityPersister [task-1]  Version select: select user_id from club_user where user_id =?
2024-07-16 23:47:17,591 DEBUG org.hibernate.persister.entity.AbstractEntityPersister [task-1]  Snapshot select: select clubuser_.user_id, clubuser_.created_by as created_2_3_, clubuser_.created_date as created_3_3_, clubuser_.dob as dob4_3_, clubuser_.full_name as full_nam5_3_, clubuser_.membership_number as membersh6_3_, clubuser_.membership_type as membersh7_3_, clubuser_.otp as otp8_3_, clubuser_.status as status9_3_, clubuser_.user_address as user_ad10_3_, clubuser_.user_city as user_ci11_3_, clubuser_.user_email as user_em12_3_, clubuser_.user_fname as user_fn13_3_, clubuser_.user_image_url as user_im14_3_, clubuser_.user_lname as user_ln15_3_, clubuser_.user_mobile as user_mo16_3_, clubuser_.user_password as user_pa17_3_, clubuser_.user_state as user_st18_3_, clubuser_.validity as validit19_3_ from club_user clubuser_ where clubuser_.user_id=?
2024-07-16 23:47:17,591 DEBUG org.jboss.logging.DelegatingBasicLogger [task-1]  Insert 0: insert into club_user (created_by, created_date, dob, full_name, membership_number, membership_type, otp, status, user_address, user_city, user_email, user_fname, user_image_url, user_lname, user_mobile, user_password, user_state, validity, user_id) values (?, ?, ?, ?, ?, ?, ?, ?, ?, ?, ?, ?, ?, ?, ?, ?, ?, ?, ?)
2024-07-16 23:47:17,592 DEBUG org.jboss.logging.DelegatingBasicLogger [task-1]  Update 0: update club_user set created_by=?, created_date=?, dob=?, full_name=?, membership_number=?, membership_type=?, otp=?, status=?, user_address=?, user_city=?, user_email=?, user_fname=?, user_image_url=?, user_lname=?, user_mobile=?, user_password=?, user_state=?, validity=? where user_id=?
2024-07-16 23:47:17,592 DEBUG org.jboss.logging.DelegatingBasicLogger [task-1]  Delete 0: delete from club_user where user_id=?
2024-07-16 23:47:17,592 DEBUG org.hibernate.persister.entity.AbstractEntityPersister [task-1]  Identity insert: insert into club_user (created_by, created_date, dob, full_name, membership_number, membership_type, otp, status, user_address, user_city, user_email, user_fname, user_image_url, user_lname, user_mobile, user_password, user_state, validity) values (?, ?, ?, ?, ?, ?, ?, ?, ?, ?, ?, ?, ?, ?, ?, ?, ?, ?)
2024-07-16 23:47:17,597 DEBUG org.springframework.context.support.DefaultLifecycleProcessor$LifecycleGroup [main] Starting beans in phase 2147483646
2024-07-16 23:47:17,597 DEBUG org.apache.juli.logging.DirectJDKLog [main] Setting state for [Connector[HTTP/1.1-8084]] to [STARTING_PREP]
2024-07-16 23:47:17,598 DEBUG org.apache.juli.logging.DirectJDKLog [main] Setting state for [Connector[HTTP/1.1-8084]] to [STARTING]
2024-07-16 23:47:17,598 INFO org.apache.juli.logging.DirectJDKLog [main] Starting ProtocolHandler ["http-nio-8084"]
2024-07-16 23:47:17,651 DEBUG org.hibernate.loader.plan.build.internal.spaces.QuerySpacesImpl [task-1] Adding QuerySpace : uid = <gen:0> -> org.hibernate.loader.plan.build.internal.spaces.EntityQuerySpaceImpl@49be4045]
2024-07-16 23:47:17,654 DEBUG org.hibernate.persister.walking.spi.MetamodelGraphWalker [task-1] Visiting attribute path : createdBy
2024-07-16 23:47:17,655 DEBUG org.hibernate.persister.walking.spi.MetamodelGraphWalker [task-1] Visiting attribute path : createdDate
2024-07-16 23:47:17,655 DEBUG org.hibernate.persister.walking.spi.MetamodelGraphWalker [task-1] Visiting attribute path : dateofBirth
2024-07-16 23:47:17,655 DEBUG org.hibernate.persister.walking.spi.MetamodelGraphWalker [task-1] Visiting attribute path : fullName
2024-07-16 23:47:17,655 DEBUG org.hibernate.persister.walking.spi.MetamodelGraphWalker [task-1] Visiting attribute path : membershipNumber
2024-07-16 23:47:17,656 DEBUG org.hibernate.persister.walking.spi.MetamodelGraphWalker [task-1] Visiting attribute path : membershipType
2024-07-16 23:47:17,656 DEBUG org.hibernate.persister.walking.spi.MetamodelGraphWalker [task-1] Visiting attribute path : otp
2024-07-16 23:47:17,656 DEBUG org.hibernate.persister.walking.spi.MetamodelGraphWalker [task-1] Visiting attribute path : roles
2024-07-16 23:47:17,659 DEBUG org.apache.juli.logging.DirectJDKLog [main] Setting state for [Connector[HTTP/1.1-8084]] to [STARTED]
2024-07-16 23:47:17,661 DEBUG org.apache.juli.logging.DirectJDKLog [http-nio-8084-Acceptor] Counting up[http-nio-8084-Acceptor] latch=0
2024-07-16 23:47:17,666 DEBUG org.hibernate.loader.plan.build.internal.spaces.QuerySpacesImpl [task-1] Adding QuerySpace : uid = <gen:1> -> org.hibernate.loader.plan.build.internal.spaces.CollectionQuerySpaceImpl@79d27255]
2024-07-16 23:47:17,667 INFO org.springframework.boot.web.embedded.tomcat.TomcatWebServer [main] Tomcat started on port(s): 8084 (http) with context path ''
2024-07-16 23:47:17,671 DEBUG org.springframework.context.support.DefaultLifecycleProcessor [main] Successfully started bean 'webServerStartStop'
2024-07-16 23:47:17,671 DEBUG org.springframework.context.support.DefaultLifecycleProcessor$LifecycleGroup [main] Starting beans in phase 2147483647
2024-07-16 23:47:17,671 DEBUG org.hibernate.loader.plan.build.internal.spaces.QuerySpacesImpl [task-1] Adding QuerySpace : uid = <gen:2> -> org.hibernate.loader.plan.build.internal.spaces.EntityQuerySpaceImpl@4fd6e58]
2024-07-16 23:47:17,671 DEBUG org.springframework.context.support.DefaultLifecycleProcessor [main] Successfully started bean 'webServerGracefulShutdown'
2024-07-16 23:47:17,672 INFO org.springframework.data.repository.config.DeferredRepositoryInitializationListener [main] Triggering deferred initialization of Spring Data repositories…
2024-07-16 23:47:17,674 DEBUG org.springframework.beans.factory.support.DefaultSingletonBeanRegistry [main] Creating shared instance of singleton bean 'userBookingDao'
2024-07-16 23:47:17,674 DEBUG org.hibernate.persister.walking.spi.MetamodelGraphWalker [task-1] Visiting attribute path : roles.name
2024-07-16 23:47:17,675 DEBUG org.hibernate.persister.walking.spi.MetamodelGraphWalker [task-1] Visiting attribute path : roles.role
2024-07-16 23:47:17,675 DEBUG org.hibernate.persister.walking.spi.MetamodelGraphWalker [task-1] Visiting attribute path : status
2024-07-16 23:47:17,676 DEBUG org.hibernate.persister.walking.spi.MetamodelGraphWalker [task-1] Visiting attribute path : userAddress
2024-07-16 23:47:17,676 DEBUG org.hibernate.persister.walking.spi.MetamodelGraphWalker [task-1] Visiting attribute path : userCity
2024-07-16 23:47:17,678 DEBUG org.hibernate.persister.walking.spi.MetamodelGraphWalker [task-1] Visiting attribute path : userEmail
2024-07-16 23:47:17,678 DEBUG org.hibernate.persister.walking.spi.MetamodelGraphWalker [task-1] Visiting attribute path : userFname
2024-07-16 23:47:17,678 DEBUG org.hibernate.persister.walking.spi.MetamodelGraphWalker [task-1] Visiting attribute path : userImageUrl
2024-07-16 23:47:17,678 DEBUG org.hibernate.persister.walking.spi.MetamodelGraphWalker [task-1] Visiting attribute path : userLname
2024-07-16 23:47:17,678 DEBUG org.hibernate.persister.walking.spi.MetamodelGraphWalker [task-1] Visiting attribute path : userMobile
2024-07-16 23:47:17,678 DEBUG org.hibernate.persister.walking.spi.MetamodelGraphWalker [task-1] Visiting attribute path : userPassword
2024-07-16 23:47:17,678 DEBUG org.hibernate.persister.walking.spi.MetamodelGraphWalker [task-1] Visiting attribute path : userState
2024-07-16 23:47:17,678 DEBUG org.hibernate.persister.walking.spi.MetamodelGraphWalker [task-1] Visiting attribute path : validity
2024-07-16 23:47:17,679 DEBUG org.hibernate.loader.plan.build.internal.FetchStyleLoadPlanBuildingAssociationVisitationStrategy [task-1] Building LoadPlan...
2024-07-16 23:47:17,705 DEBUG org.hibernate.loader.plan.exec.internal.LoadQueryJoinAndFetchProcessor [task-1] processing queryspace <gen:0>
2024-07-16 23:47:17,721 DEBUG org.hibernate.loader.plan.build.spi.LoadPlanTreePrinter [task-1] LoadPlan(entity=com.booking.model.user.ClubUser)
    - Returns
       - EntityReturnImpl(entity=com.booking.model.user.ClubUser, querySpaceUid=<gen:0>, path=com.booking.model.user.ClubUser)
          - CollectionAttributeFetchImpl(collection=com.booking.model.user.ClubUser.roles, querySpaceUid=<gen:1>, path=com.booking.model.user.ClubUser.roles)
             - (collection element) CollectionFetchableElementEntityGraph(entity=com.booking.model.user.Roles, querySpaceUid=<gen:2>, path=com.booking.model.user.ClubUser.roles.<elements>)
    - QuerySpaces
       - EntityQuerySpaceImpl(uid=<gen:0>, entity=com.booking.model.user.ClubUser)
          - SQL table alias mapping - clubuser0_
          - alias suffix - 0_
          - suffixed key columns - {user_id1_3_0_}
          - JOIN (JoinDefinedByMetadata(roles)) : <gen:0> -> <gen:1>
             - CollectionQuerySpaceImpl(uid=<gen:1>, collection=com.booking.model.user.ClubUser.roles)
                - SQL table alias mapping - roles1_
                - alias suffix - 1_
                - suffixed key columns - {user_id1_6_1_}
                - entity-element alias suffix - 2_
                - 2_entity-element suffixed key columns - role_id1_4_2_
                - JOIN (JoinDefinedByMetadata(elements)) : <gen:1> -> <gen:2>
                   - EntityQuerySpaceImpl(uid=<gen:2>, entity=com.booking.model.user.Roles)
                      - SQL table alias mapping - roles2_
                      - alias suffix - 2_
                      - suffixed key columns - {role_id1_4_2_}

2024-07-16 23:47:17,725 DEBUG org.hibernate.loader.entity.plan.EntityLoader [task-1] Static select for entity com.booking.model.user.ClubUser [NONE]: select clubuser0_.user_id as user_id1_3_0_, clubuser0_.created_by as created_2_3_0_, clubuser0_.created_date as created_3_3_0_, clubuser0_.dob as dob4_3_0_, clubuser0_.full_name as full_nam5_3_0_, clubuser0_.membership_number as membersh6_3_0_, clubuser0_.membership_type as membersh7_3_0_, clubuser0_.otp as otp8_3_0_, clubuser0_.status as status9_3_0_, clubuser0_.user_address as user_ad10_3_0_, clubuser0_.user_city as user_ci11_3_0_, clubuser0_.user_email as user_em12_3_0_, clubuser0_.user_fname as user_fn13_3_0_, clubuser0_.user_image_url as user_im14_3_0_, clubuser0_.user_lname as user_ln15_3_0_, clubuser0_.user_mobile as user_mo16_3_0_, clubuser0_.user_password as user_pa17_3_0_, clubuser0_.user_state as user_st18_3_0_, clubuser0_.validity as validit19_3_0_, roles1_.user_id as user_id1_6_1_, roles2_.role_id as role_id2_6_1_, roles2_.role_id as role_id1_4_2_, roles2_.name as name2_4_2_, roles2_.role as role3_4_2_ from club_user clubuser0_ left outer join user_roles roles1_ on clubuser0_.user_id=roles1_.user_id left outer join roles roles2_ on roles1_.role_id=roles2_.role_id where clubuser0_.user_id=?
2024-07-16 23:47:17,726 DEBUG org.hibernate.loader.plan.build.internal.spaces.QuerySpacesImpl [task-1] Adding QuerySpace : uid = <gen:0> -> org.hibernate.loader.plan.build.internal.spaces.EntityQuerySpaceImpl@5c7fe01b]
2024-07-16 23:47:17,726 DEBUG org.hibernate.persister.walking.spi.MetamodelGraphWalker [task-1] Visiting attribute path : createdBy
2024-07-16 23:47:17,726 DEBUG org.hibernate.persister.walking.spi.MetamodelGraphWalker [task-1] Visiting attribute path : createdDate
2024-07-16 23:47:17,727 DEBUG org.hibernate.persister.walking.spi.MetamodelGraphWalker [task-1] Visiting attribute path : dateofBirth
2024-07-16 23:47:17,727 DEBUG org.hibernate.persister.walking.spi.MetamodelGraphWalker [task-1] Visiting attribute path : fullName
2024-07-16 23:47:17,727 DEBUG org.hibernate.persister.walking.spi.MetamodelGraphWalker [task-1] Visiting attribute path : membershipNumber
2024-07-16 23:47:17,727 DEBUG org.hibernate.persister.walking.spi.MetamodelGraphWalker [task-1] Visiting attribute path : membershipType
2024-07-16 23:47:17,727 DEBUG org.hibernate.persister.walking.spi.MetamodelGraphWalker [task-1] Visiting attribute path : otp
2024-07-16 23:47:17,728 DEBUG org.hibernate.persister.walking.spi.MetamodelGraphWalker [task-1] Visiting attribute path : roles
2024-07-16 23:47:17,728 DEBUG org.hibernate.loader.plan.build.internal.spaces.QuerySpacesImpl [task-1] Adding QuerySpace : uid = <gen:1> -> org.hibernate.loader.plan.build.internal.spaces.CollectionQuerySpaceImpl@66f085da]
2024-07-16 23:47:17,728 DEBUG org.hibernate.loader.plan.build.internal.spaces.QuerySpacesImpl [task-1] Adding QuerySpace : uid = <gen:2> -> org.hibernate.loader.plan.build.internal.spaces.EntityQuerySpaceImpl@76bbea4c]
2024-07-16 23:47:17,729 DEBUG org.hibernate.persister.walking.spi.MetamodelGraphWalker [task-1] Visiting attribute path : roles.name
2024-07-16 23:47:17,729 DEBUG org.hibernate.persister.walking.spi.MetamodelGraphWalker [task-1] Visiting attribute path : roles.role
2024-07-16 23:47:17,729 DEBUG org.hibernate.persister.walking.spi.MetamodelGraphWalker [task-1] Visiting attribute path : status
2024-07-16 23:47:17,730 DEBUG org.hibernate.persister.walking.spi.MetamodelGraphWalker [task-1] Visiting attribute path : userAddress
2024-07-16 23:47:17,730 DEBUG org.hibernate.persister.walking.spi.MetamodelGraphWalker [task-1] Visiting attribute path : userCity
2024-07-16 23:47:17,731 DEBUG org.hibernate.persister.walking.spi.MetamodelGraphWalker [task-1] Visiting attribute path : userEmail
2024-07-16 23:47:17,733 DEBUG org.hibernate.persister.walking.spi.MetamodelGraphWalker [task-1] Visiting attribute path : userFname
2024-07-16 23:47:17,733 DEBUG org.hibernate.persister.walking.spi.MetamodelGraphWalker [task-1] Visiting attribute path : userImageUrl
2024-07-16 23:47:17,733 DEBUG org.hibernate.persister.walking.spi.MetamodelGraphWalker [task-1] Visiting attribute path : userLname
2024-07-16 23:47:17,734 DEBUG org.hibernate.persister.walking.spi.MetamodelGraphWalker [task-1] Visiting attribute path : userMobile
2024-07-16 23:47:17,734 DEBUG org.hibernate.persister.walking.spi.MetamodelGraphWalker [task-1] Visiting attribute path : userPassword
2024-07-16 23:47:17,734 DEBUG org.hibernate.persister.walking.spi.MetamodelGraphWalker [task-1] Visiting attribute path : userState
2024-07-16 23:47:17,734 DEBUG org.hibernate.persister.walking.spi.MetamodelGraphWalker [task-1] Visiting attribute path : validity
2024-07-16 23:47:17,735 DEBUG org.hibernate.loader.plan.build.internal.FetchStyleLoadPlanBuildingAssociationVisitationStrategy [task-1] Building LoadPlan...
2024-07-16 23:47:17,735 DEBUG org.hibernate.loader.plan.exec.internal.LoadQueryJoinAndFetchProcessor [task-1] processing queryspace <gen:0>
2024-07-16 23:47:17,736 DEBUG org.hibernate.loader.plan.build.spi.LoadPlanTreePrinter [task-1] LoadPlan(entity=com.booking.model.user.ClubUser)
    - Returns
       - EntityReturnImpl(entity=com.booking.model.user.ClubUser, querySpaceUid=<gen:0>, path=com.booking.model.user.ClubUser)
          - CollectionAttributeFetchImpl(collection=com.booking.model.user.ClubUser.roles, querySpaceUid=<gen:1>, path=com.booking.model.user.ClubUser.roles)
             - (collection element) CollectionFetchableElementEntityGraph(entity=com.booking.model.user.Roles, querySpaceUid=<gen:2>, path=com.booking.model.user.ClubUser.roles.<elements>)
    - QuerySpaces
       - EntityQuerySpaceImpl(uid=<gen:0>, entity=com.booking.model.user.ClubUser)
          - SQL table alias mapping - clubuser0_
          - alias suffix - 0_
          - suffixed key columns - {user_id1_3_0_}
          - JOIN (JoinDefinedByMetadata(roles)) : <gen:0> -> <gen:1>
             - CollectionQuerySpaceImpl(uid=<gen:1>, collection=com.booking.model.user.ClubUser.roles)
                - SQL table alias mapping - roles1_
                - alias suffix - 1_
                - suffixed key columns - {user_id1_6_1_}
                - entity-element alias suffix - 2_
                - 2_entity-element suffixed key columns - role_id1_4_2_
                - JOIN (JoinDefinedByMetadata(elements)) : <gen:1> -> <gen:2>
                   - EntityQuerySpaceImpl(uid=<gen:2>, entity=com.booking.model.user.Roles)
                      - SQL table alias mapping - roles2_
                      - alias suffix - 2_
                      - suffixed key columns - {role_id1_4_2_}

2024-07-16 23:47:17,738 DEBUG org.hibernate.loader.entity.plan.EntityLoader [task-1] Static select for entity com.booking.model.user.ClubUser [READ]: select clubuser0_.user_id as user_id1_3_0_, clubuser0_.created_by as created_2_3_0_, clubuser0_.created_date as created_3_3_0_, clubuser0_.dob as dob4_3_0_, clubuser0_.full_name as full_nam5_3_0_, clubuser0_.membership_number as membersh6_3_0_, clubuser0_.membership_type as membersh7_3_0_, clubuser0_.otp as otp8_3_0_, clubuser0_.status as status9_3_0_, clubuser0_.user_address as user_ad10_3_0_, clubuser0_.user_city as user_ci11_3_0_, clubuser0_.user_email as user_em12_3_0_, clubuser0_.user_fname as user_fn13_3_0_, clubuser0_.user_image_url as user_im14_3_0_, clubuser0_.user_lname as user_ln15_3_0_, clubuser0_.user_mobile as user_mo16_3_0_, clubuser0_.user_password as user_pa17_3_0_, clubuser0_.user_state as user_st18_3_0_, clubuser0_.validity as validit19_3_0_, roles1_.user_id as user_id1_6_1_, roles2_.role_id as role_id2_6_1_, roles2_.role_id as role_id1_4_2_, roles2_.name as name2_4_2_, roles2_.role as role3_4_2_ from club_user clubuser0_ left outer join user_roles roles1_ on clubuser0_.user_id=roles1_.user_id left outer join roles roles2_ on roles1_.role_id=roles2_.role_id where clubuser0_.user_id=?
2024-07-16 23:47:17,759 DEBUG org.hibernate.loader.entity.CascadeEntityLoader [task-1] Static select for action ACTION_MERGE on entity com.booking.model.user.ClubUser: select clubuser0_.user_id as user_id1_3_0_, clubuser0_.created_by as created_2_3_0_, clubuser0_.created_date as created_3_3_0_, clubuser0_.dob as dob4_3_0_, clubuser0_.full_name as full_nam5_3_0_, clubuser0_.membership_number as membersh6_3_0_, clubuser0_.membership_type as membersh7_3_0_, clubuser0_.otp as otp8_3_0_, clubuser0_.status as status9_3_0_, clubuser0_.user_address as user_ad10_3_0_, clubuser0_.user_city as user_ci11_3_0_, clubuser0_.user_email as user_em12_3_0_, clubuser0_.user_fname as user_fn13_3_0_, clubuser0_.user_image_url as user_im14_3_0_, clubuser0_.user_lname as user_ln15_3_0_, clubuser0_.user_mobile as user_mo16_3_0_, clubuser0_.user_password as user_pa17_3_0_, clubuser0_.user_state as user_st18_3_0_, clubuser0_.validity as validit19_3_0_ from club_user clubuser0_ where clubuser0_.user_id=?
2024-07-16 23:47:17,760 DEBUG org.hibernate.loader.entity.CascadeEntityLoader [task-1] Static select for action ACTION_REFRESH on entity com.booking.model.user.ClubUser: select clubuser0_.user_id as user_id1_3_0_, clubuser0_.created_by as created_2_3_0_, clubuser0_.created_date as created_3_3_0_, clubuser0_.dob as dob4_3_0_, clubuser0_.full_name as full_nam5_3_0_, clubuser0_.membership_number as membersh6_3_0_, clubuser0_.membership_type as membersh7_3_0_, clubuser0_.otp as otp8_3_0_, clubuser0_.status as status9_3_0_, clubuser0_.user_address as user_ad10_3_0_, clubuser0_.user_city as user_ci11_3_0_, clubuser0_.user_email as user_em12_3_0_, clubuser0_.user_fname as user_fn13_3_0_, clubuser0_.user_image_url as user_im14_3_0_, clubuser0_.user_lname as user_ln15_3_0_, clubuser0_.user_mobile as user_mo16_3_0_, clubuser0_.user_password as user_pa17_3_0_, clubuser0_.user_state as user_st18_3_0_, clubuser0_.validity as validit19_3_0_ from club_user clubuser0_ where clubuser0_.user_id=?
2024-07-16 23:47:17,761 DEBUG org.hibernate.persister.entity.AbstractEntityPersister [task-1] Static SQL for entity: com.booking.model.slot.ClubSlot
2024-07-16 23:47:17,761 DEBUG org.hibernate.persister.entity.AbstractEntityPersister [task-1]  Version select: select slot_id from club_slot where slot_id =?
2024-07-16 23:47:17,761 DEBUG org.springframework.beans.factory.support.DefaultSingletonBeanRegistry [main] Creating shared instance of singleton bean 'jpaMappingContext'
2024-07-16 23:47:17,761 DEBUG org.hibernate.persister.entity.AbstractEntityPersister [task-1]  Snapshot select: select clubslot_.slot_id, clubslot_.club_name as club_nam2_1_, clubslot_.created_by as created_3_1_, clubslot_.created_date as created_4_1_, clubslot_.player_count as player_c5_1_, clubslot_.primary_booking_id as primary_6_1_, clubslot_.secondary_booking as secondar7_1_, clubslot_.slot_available as slot_ava8_1_, clubslot_.slot_date as slot_dat9_1_, clubslot_.slot_end_timestmp as slot_en10_1_, clubslot_.slot_start_timestmp as slot_st11_1_, clubslot_.slot_status as slot_st12_1_, clubslot_.tee_time as tee_tim13_1_ from club_slot clubslot_ where clubslot_.slot_id=?
2024-07-16 23:47:17,762 DEBUG org.jboss.logging.DelegatingBasicLogger [task-1]  Insert 0: insert into club_slot (club_name, created_by, created_date, player_count, primary_booking_id, secondary_booking, slot_available, slot_date, slot_end_timestmp, slot_start_timestmp, slot_status, tee_time, slot_id) values (?, ?, ?, ?, ?, ?, ?, ?, ?, ?, ?, ?, ?)
2024-07-16 23:47:17,762 DEBUG org.jboss.logging.DelegatingBasicLogger [task-1]  Update 0: update club_slot set club_name=?, created_by=?, created_date=?, player_count=?, primary_booking_id=?, secondary_booking=?, slot_available=?, slot_date=?, slot_end_timestmp=?, slot_start_timestmp=?, slot_status=?, tee_time=? where slot_id=?
2024-07-16 23:47:17,762 DEBUG org.jboss.logging.DelegatingBasicLogger [task-1]  Delete 0: delete from club_slot where slot_id=?
2024-07-16 23:47:17,762 DEBUG org.hibernate.persister.entity.AbstractEntityPersister [task-1]  Identity insert: insert into club_slot (club_name, created_by, created_date, player_count, primary_booking_id, secondary_booking, slot_available, slot_date, slot_end_timestmp, slot_start_timestmp, slot_status, tee_time) values (?, ?, ?, ?, ?, ?, ?, ?, ?, ?, ?, ?)
2024-07-16 23:47:17,762 DEBUG org.hibernate.loader.plan.build.internal.spaces.QuerySpacesImpl [task-1] Adding QuerySpace : uid = <gen:0> -> org.hibernate.loader.plan.build.internal.spaces.EntityQuerySpaceImpl@6eb22173]
2024-07-16 23:47:17,763 DEBUG org.hibernate.persister.walking.spi.MetamodelGraphWalker [task-1] Visiting attribute path : clubName
2024-07-16 23:47:17,763 DEBUG org.springframework.data.jpa.repository.config.JpaMetamodelMappingContextFactoryBean [main] Initializing JpaMetamodelMappingContext…
2024-07-16 23:47:17,763 DEBUG org.hibernate.persister.walking.spi.MetamodelGraphWalker [task-1] Visiting attribute path : createdBy
2024-07-16 23:47:17,763 DEBUG org.hibernate.persister.walking.spi.MetamodelGraphWalker [task-1] Visiting attribute path : createdDate
2024-07-16 23:47:17,764 DEBUG org.hibernate.persister.walking.spi.MetamodelGraphWalker [task-1] Visiting attribute path : playerCount
2024-07-16 23:47:17,764 DEBUG org.hibernate.persister.walking.spi.MetamodelGraphWalker [task-1] Visiting attribute path : primaryBookingId
2024-07-16 23:47:17,764 DEBUG org.hibernate.persister.walking.spi.MetamodelGraphWalker [task-1] Visiting attribute path : secondaryBooking
2024-07-16 23:47:17,764 DEBUG org.hibernate.persister.walking.spi.MetamodelGraphWalker [task-1] Visiting attribute path : slotAvailable
2024-07-16 23:47:17,765 DEBUG org.hibernate.persister.walking.spi.MetamodelGraphWalker [task-1] Visiting attribute path : slotDate
2024-07-16 23:47:17,765 DEBUG org.hibernate.persister.walking.spi.MetamodelGraphWalker [task-1] Visiting attribute path : slotEndTimeStamp
2024-07-16 23:47:17,765 DEBUG org.hibernate.persister.walking.spi.MetamodelGraphWalker [task-1] Visiting attribute path : slotStartTimeStamp
2024-07-16 23:47:17,765 DEBUG org.hibernate.persister.walking.spi.MetamodelGraphWalker [task-1] Visiting attribute path : slotStatus
2024-07-16 23:47:17,765 DEBUG org.hibernate.persister.walking.spi.MetamodelGraphWalker [task-1] Visiting attribute path : teeTime
2024-07-16 23:47:17,766 DEBUG org.hibernate.loader.plan.build.internal.FetchStyleLoadPlanBuildingAssociationVisitationStrategy [task-1] Building LoadPlan...
2024-07-16 23:47:17,766 DEBUG org.hibernate.loader.plan.exec.internal.LoadQueryJoinAndFetchProcessor [task-1] processing queryspace <gen:0>
2024-07-16 23:47:17,768 DEBUG org.hibernate.loader.plan.build.spi.LoadPlanTreePrinter [task-1] LoadPlan(entity=com.booking.model.slot.ClubSlot)
    - Returns
       - EntityReturnImpl(entity=com.booking.model.slot.ClubSlot, querySpaceUid=<gen:0>, path=com.booking.model.slot.ClubSlot)
    - QuerySpaces
       - EntityQuerySpaceImpl(uid=<gen:0>, entity=com.booking.model.slot.ClubSlot)
          - SQL table alias mapping - clubslot0_
          - alias suffix - 0_
          - suffixed key columns - {slot_id1_1_0_}

2024-07-16 23:47:17,768 DEBUG org.hibernate.loader.entity.plan.EntityLoader [task-1] Static select for entity com.booking.model.slot.ClubSlot [NONE]: select clubslot0_.slot_id as slot_id1_1_0_, clubslot0_.club_name as club_nam2_1_0_, clubslot0_.created_by as created_3_1_0_, clubslot0_.created_date as created_4_1_0_, clubslot0_.player_count as player_c5_1_0_, clubslot0_.primary_booking_id as primary_6_1_0_, clubslot0_.secondary_booking as secondar7_1_0_, clubslot0_.slot_available as slot_ava8_1_0_, clubslot0_.slot_date as slot_dat9_1_0_, clubslot0_.slot_end_timestmp as slot_en10_1_0_, clubslot0_.slot_start_timestmp as slot_st11_1_0_, clubslot0_.slot_status as slot_st12_1_0_, clubslot0_.tee_time as tee_tim13_1_0_ from club_slot clubslot0_ where clubslot0_.slot_id=?
2024-07-16 23:47:17,768 DEBUG org.hibernate.loader.plan.build.internal.spaces.QuerySpacesImpl [task-1] Adding QuerySpace : uid = <gen:0> -> org.hibernate.loader.plan.build.internal.spaces.EntityQuerySpaceImpl@571da3ca]
2024-07-16 23:47:17,768 DEBUG org.hibernate.persister.walking.spi.MetamodelGraphWalker [task-1] Visiting attribute path : clubName
2024-07-16 23:47:17,768 DEBUG org.hibernate.persister.walking.spi.MetamodelGraphWalker [task-1] Visiting attribute path : createdBy
2024-07-16 23:47:17,768 DEBUG org.hibernate.persister.walking.spi.MetamodelGraphWalker [task-1] Visiting attribute path : createdDate
2024-07-16 23:47:17,768 DEBUG org.hibernate.persister.walking.spi.MetamodelGraphWalker [task-1] Visiting attribute path : playerCount
2024-07-16 23:47:17,768 DEBUG org.hibernate.persister.walking.spi.MetamodelGraphWalker [task-1] Visiting attribute path : primaryBookingId
2024-07-16 23:47:17,768 DEBUG org.hibernate.persister.walking.spi.MetamodelGraphWalker [task-1] Visiting attribute path : secondaryBooking
2024-07-16 23:47:17,768 DEBUG org.hibernate.persister.walking.spi.MetamodelGraphWalker [task-1] Visiting attribute path : slotAvailable
2024-07-16 23:47:17,768 DEBUG org.hibernate.persister.walking.spi.MetamodelGraphWalker [task-1] Visiting attribute path : slotDate
2024-07-16 23:47:17,769 DEBUG org.hibernate.persister.walking.spi.MetamodelGraphWalker [task-1] Visiting attribute path : slotEndTimeStamp
2024-07-16 23:47:17,769 DEBUG org.hibernate.persister.walking.spi.MetamodelGraphWalker [task-1] Visiting attribute path : slotStartTimeStamp
2024-07-16 23:47:17,769 DEBUG org.hibernate.persister.walking.spi.MetamodelGraphWalker [task-1] Visiting attribute path : slotStatus
2024-07-16 23:47:17,769 DEBUG org.hibernate.persister.walking.spi.MetamodelGraphWalker [task-1] Visiting attribute path : teeTime
2024-07-16 23:47:17,769 DEBUG org.hibernate.loader.plan.build.internal.FetchStyleLoadPlanBuildingAssociationVisitationStrategy [task-1] Building LoadPlan...
2024-07-16 23:47:17,770 DEBUG org.hibernate.loader.plan.exec.internal.LoadQueryJoinAndFetchProcessor [task-1] processing queryspace <gen:0>
2024-07-16 23:47:17,770 DEBUG org.hibernate.loader.plan.build.spi.LoadPlanTreePrinter [task-1] LoadPlan(entity=com.booking.model.slot.ClubSlot)
    - Returns
       - EntityReturnImpl(entity=com.booking.model.slot.ClubSlot, querySpaceUid=<gen:0>, path=com.booking.model.slot.ClubSlot)
    - QuerySpaces
       - EntityQuerySpaceImpl(uid=<gen:0>, entity=com.booking.model.slot.ClubSlot)
          - SQL table alias mapping - clubslot0_
          - alias suffix - 0_
          - suffixed key columns - {slot_id1_1_0_}

2024-07-16 23:47:17,771 DEBUG org.hibernate.loader.entity.plan.EntityLoader [task-1] Static select for entity com.booking.model.slot.ClubSlot [READ]: select clubslot0_.slot_id as slot_id1_1_0_, clubslot0_.club_name as club_nam2_1_0_, clubslot0_.created_by as created_3_1_0_, clubslot0_.created_date as created_4_1_0_, clubslot0_.player_count as player_c5_1_0_, clubslot0_.primary_booking_id as primary_6_1_0_, clubslot0_.secondary_booking as secondar7_1_0_, clubslot0_.slot_available as slot_ava8_1_0_, clubslot0_.slot_date as slot_dat9_1_0_, clubslot0_.slot_end_timestmp as slot_en10_1_0_, clubslot0_.slot_start_timestmp as slot_st11_1_0_, clubslot0_.slot_status as slot_st12_1_0_, clubslot0_.tee_time as tee_tim13_1_0_ from club_slot clubslot0_ where clubslot0_.slot_id=?
2024-07-16 23:47:17,771 DEBUG org.hibernate.loader.entity.CascadeEntityLoader [task-1] Static select for action ACTION_MERGE on entity com.booking.model.slot.ClubSlot: select clubslot0_.slot_id as slot_id1_1_0_, clubslot0_.club_name as club_nam2_1_0_, clubslot0_.created_by as created_3_1_0_, clubslot0_.created_date as created_4_1_0_, clubslot0_.player_count as player_c5_1_0_, clubslot0_.primary_booking_id as primary_6_1_0_, clubslot0_.secondary_booking as secondar7_1_0_, clubslot0_.slot_available as slot_ava8_1_0_, clubslot0_.slot_date as slot_dat9_1_0_, clubslot0_.slot_end_timestmp as slot_en10_1_0_, clubslot0_.slot_start_timestmp as slot_st11_1_0_, clubslot0_.slot_status as slot_st12_1_0_, clubslot0_.tee_time as tee_tim13_1_0_ from club_slot clubslot0_ where clubslot0_.slot_id=?
2024-07-16 23:47:17,772 DEBUG org.hibernate.loader.entity.CascadeEntityLoader [task-1] Static select for action ACTION_REFRESH on entity com.booking.model.slot.ClubSlot: select clubslot0_.slot_id as slot_id1_1_0_, clubslot0_.club_name as club_nam2_1_0_, clubslot0_.created_by as created_3_1_0_, clubslot0_.created_date as created_4_1_0_, clubslot0_.player_count as player_c5_1_0_, clubslot0_.primary_booking_id as primary_6_1_0_, clubslot0_.secondary_booking as secondar7_1_0_, clubslot0_.slot_available as slot_ava8_1_0_, clubslot0_.slot_date as slot_dat9_1_0_, clubslot0_.slot_end_timestmp as slot_en10_1_0_, clubslot0_.slot_start_timestmp as slot_st11_1_0_, clubslot0_.slot_status as slot_st12_1_0_, clubslot0_.tee_time as tee_tim13_1_0_ from club_slot clubslot0_ where clubslot0_.slot_id=?
2024-07-16 23:47:17,773 DEBUG org.hibernate.persister.entity.AbstractEntityPersister [task-1] Static SQL for entity: com.booking.model.slot.ClubSlotBooking
2024-07-16 23:47:17,773 DEBUG org.hibernate.persister.entity.AbstractEntityPersister [task-1]  Version select: select booking_id from club_slot_booking where booking_id =?
2024-07-16 23:47:17,773 DEBUG org.hibernate.persister.entity.AbstractEntityPersister [task-1]  Snapshot select: select clubslotbo_.booking_id, clubslotbo_.booking_status as booking_2_2_, clubslotbo_.booking_type as booking_3_2_, clubslotbo_.created_by as created_4_2_, clubslotbo_.created_date as created_5_2_, clubslotbo_.player as player6_2_, clubslotbo_.player_count as player_c7_2_, clubslotbo_.primary_booking_id as primary_8_2_, clubslotbo_.secondary_booking as secondar9_2_, clubslotbo_.slot_date as slot_da10_2_, clubslotbo_.slot_id as slot_id11_2_, clubslotbo_.user_id as user_id12_2_ from club_slot_booking clubslotbo_ where clubslotbo_.booking_id=?
2024-07-16 23:47:17,773 DEBUG org.jboss.logging.DelegatingBasicLogger [task-1]  Insert 0: insert into club_slot_booking (booking_status, booking_type, created_by, created_date, player, player_count, primary_booking_id, secondary_booking, slot_date, slot_id, user_id, booking_id) values (?, ?, ?, ?, ?, ?, ?, ?, ?, ?, ?, ?)
2024-07-16 23:47:17,773 DEBUG org.jboss.logging.DelegatingBasicLogger [task-1]  Update 0: update club_slot_booking set booking_status=?, booking_type=?, created_by=?, created_date=?, player=?, player_count=?, primary_booking_id=?, secondary_booking=?, slot_date=?, slot_id=?, user_id=? where booking_id=?
2024-07-16 23:47:17,773 DEBUG org.jboss.logging.DelegatingBasicLogger [task-1]  Delete 0: delete from club_slot_booking where booking_id=?
2024-07-16 23:47:17,774 DEBUG org.hibernate.persister.entity.AbstractEntityPersister [task-1]  Identity insert: insert into club_slot_booking (booking_status, booking_type, created_by, created_date, player, player_count, primary_booking_id, secondary_booking, slot_date, slot_id, user_id) values (?, ?, ?, ?, ?, ?, ?, ?, ?, ?, ?)
2024-07-16 23:47:17,774 DEBUG org.hibernate.loader.plan.build.internal.spaces.QuerySpacesImpl [task-1] Adding QuerySpace : uid = <gen:0> -> org.hibernate.loader.plan.build.internal.spaces.EntityQuerySpaceImpl@34c3fb20]
2024-07-16 23:47:17,774 DEBUG org.hibernate.persister.walking.spi.MetamodelGraphWalker [task-1] Visiting attribute path : bookingStatus
2024-07-16 23:47:17,774 DEBUG org.hibernate.persister.walking.spi.MetamodelGraphWalker [task-1] Visiting attribute path : bookingType
2024-07-16 23:47:17,774 DEBUG org.hibernate.persister.walking.spi.MetamodelGraphWalker [task-1] Visiting attribute path : createdBy
2024-07-16 23:47:17,774 DEBUG org.hibernate.persister.walking.spi.MetamodelGraphWalker [task-1] Visiting attribute path : createdDate
2024-07-16 23:47:17,774 DEBUG org.hibernate.persister.walking.spi.MetamodelGraphWalker [task-1] Visiting attribute path : player
2024-07-16 23:47:17,775 DEBUG org.hibernate.persister.walking.spi.MetamodelGraphWalker [task-1] Visiting attribute path : playerCount
2024-07-16 23:47:17,775 DEBUG org.hibernate.persister.walking.spi.MetamodelGraphWalker [task-1] Visiting attribute path : primaryBookingId
2024-07-16 23:47:17,775 DEBUG org.hibernate.persister.walking.spi.MetamodelGraphWalker [task-1] Visiting attribute path : secondaryBooking
2024-07-16 23:47:17,775 DEBUG org.hibernate.persister.walking.spi.MetamodelGraphWalker [task-1] Visiting attribute path : slotDate
2024-07-16 23:47:17,775 DEBUG org.hibernate.persister.walking.spi.MetamodelGraphWalker [task-1] Visiting attribute path : slotId
2024-07-16 23:47:17,775 DEBUG org.hibernate.persister.walking.spi.MetamodelGraphWalker [task-1] Visiting attribute path : userId
2024-07-16 23:47:17,775 DEBUG org.hibernate.loader.plan.build.internal.FetchStyleLoadPlanBuildingAssociationVisitationStrategy [task-1] Building LoadPlan...
2024-07-16 23:47:17,776 DEBUG org.hibernate.loader.plan.exec.internal.LoadQueryJoinAndFetchProcessor [task-1] processing queryspace <gen:0>
2024-07-16 23:47:17,776 DEBUG org.hibernate.loader.plan.build.spi.LoadPlanTreePrinter [task-1] LoadPlan(entity=com.booking.model.slot.ClubSlotBooking)
    - Returns
       - EntityReturnImpl(entity=com.booking.model.slot.ClubSlotBooking, querySpaceUid=<gen:0>, path=com.booking.model.slot.ClubSlotBooking)
    - QuerySpaces
       - EntityQuerySpaceImpl(uid=<gen:0>, entity=com.booking.model.slot.ClubSlotBooking)
          - SQL table alias mapping - clubslotbo0_
          - alias suffix - 0_
          - suffixed key columns - {booking_1_2_0_}

2024-07-16 23:47:17,776 DEBUG org.hibernate.loader.entity.plan.EntityLoader [task-1] Static select for entity com.booking.model.slot.ClubSlotBooking [NONE]: select clubslotbo0_.booking_id as booking_1_2_0_, clubslotbo0_.booking_status as booking_2_2_0_, clubslotbo0_.booking_type as booking_3_2_0_, clubslotbo0_.created_by as created_4_2_0_, clubslotbo0_.created_date as created_5_2_0_, clubslotbo0_.player as player6_2_0_, clubslotbo0_.player_count as player_c7_2_0_, clubslotbo0_.primary_booking_id as primary_8_2_0_, clubslotbo0_.secondary_booking as secondar9_2_0_, clubslotbo0_.slot_date as slot_da10_2_0_, clubslotbo0_.slot_id as slot_id11_2_0_, clubslotbo0_.user_id as user_id12_2_0_ from club_slot_booking clubslotbo0_ where clubslotbo0_.booking_id=?
2024-07-16 23:47:17,777 DEBUG org.hibernate.loader.plan.build.internal.spaces.QuerySpacesImpl [task-1] Adding QuerySpace : uid = <gen:0> -> org.hibernate.loader.plan.build.internal.spaces.EntityQuerySpaceImpl@1b85ab01]
2024-07-16 23:47:17,777 DEBUG org.hibernate.persister.walking.spi.MetamodelGraphWalker [task-1] Visiting attribute path : bookingStatus
2024-07-16 23:47:17,777 DEBUG org.hibernate.persister.walking.spi.MetamodelGraphWalker [task-1] Visiting attribute path : bookingType
2024-07-16 23:47:17,777 DEBUG org.hibernate.persister.walking.spi.MetamodelGraphWalker [task-1] Visiting attribute path : createdBy
2024-07-16 23:47:17,777 DEBUG org.hibernate.persister.walking.spi.MetamodelGraphWalker [task-1] Visiting attribute path : createdDate
2024-07-16 23:47:17,777 DEBUG org.hibernate.persister.walking.spi.MetamodelGraphWalker [task-1] Visiting attribute path : player
2024-07-16 23:47:17,778 DEBUG org.hibernate.persister.walking.spi.MetamodelGraphWalker [task-1] Visiting attribute path : playerCount
2024-07-16 23:47:17,778 DEBUG org.hibernate.persister.walking.spi.MetamodelGraphWalker [task-1] Visiting attribute path : primaryBookingId
2024-07-16 23:47:17,778 DEBUG org.hibernate.persister.walking.spi.MetamodelGraphWalker [task-1] Visiting attribute path : secondaryBooking
2024-07-16 23:47:17,778 DEBUG org.hibernate.persister.walking.spi.MetamodelGraphWalker [task-1] Visiting attribute path : slotDate
2024-07-16 23:47:17,778 DEBUG org.hibernate.persister.walking.spi.MetamodelGraphWalker [task-1] Visiting attribute path : slotId
2024-07-16 23:47:17,779 DEBUG org.hibernate.persister.walking.spi.MetamodelGraphWalker [task-1] Visiting attribute path : userId
2024-07-16 23:47:17,779 DEBUG org.hibernate.loader.plan.build.internal.FetchStyleLoadPlanBuildingAssociationVisitationStrategy [task-1] Building LoadPlan...
2024-07-16 23:47:17,779 DEBUG org.hibernate.loader.plan.exec.internal.LoadQueryJoinAndFetchProcessor [task-1] processing queryspace <gen:0>
2024-07-16 23:47:17,780 DEBUG org.hibernate.loader.plan.build.spi.LoadPlanTreePrinter [task-1] LoadPlan(entity=com.booking.model.slot.ClubSlotBooking)
    - Returns
       - EntityReturnImpl(entity=com.booking.model.slot.ClubSlotBooking, querySpaceUid=<gen:0>, path=com.booking.model.slot.ClubSlotBooking)
    - QuerySpaces
       - EntityQuerySpaceImpl(uid=<gen:0>, entity=com.booking.model.slot.ClubSlotBooking)
          - SQL table alias mapping - clubslotbo0_
          - alias suffix - 0_
          - suffixed key columns - {booking_1_2_0_}

2024-07-16 23:47:17,780 DEBUG org.hibernate.loader.entity.plan.EntityLoader [task-1] Static select for entity com.booking.model.slot.ClubSlotBooking [READ]: select clubslotbo0_.booking_id as booking_1_2_0_, clubslotbo0_.booking_status as booking_2_2_0_, clubslotbo0_.booking_type as booking_3_2_0_, clubslotbo0_.created_by as created_4_2_0_, clubslotbo0_.created_date as created_5_2_0_, clubslotbo0_.player as player6_2_0_, clubslotbo0_.player_count as player_c7_2_0_, clubslotbo0_.primary_booking_id as primary_8_2_0_, clubslotbo0_.secondary_booking as secondar9_2_0_, clubslotbo0_.slot_date as slot_da10_2_0_, clubslotbo0_.slot_id as slot_id11_2_0_, clubslotbo0_.user_id as user_id12_2_0_ from club_slot_booking clubslotbo0_ where clubslotbo0_.booking_id=?
2024-07-16 23:47:17,780 DEBUG org.hibernate.loader.entity.CascadeEntityLoader [task-1] Static select for action ACTION_MERGE on entity com.booking.model.slot.ClubSlotBooking: select clubslotbo0_.booking_id as booking_1_2_0_, clubslotbo0_.booking_status as booking_2_2_0_, clubslotbo0_.booking_type as booking_3_2_0_, clubslotbo0_.created_by as created_4_2_0_, clubslotbo0_.created_date as created_5_2_0_, clubslotbo0_.player as player6_2_0_, clubslotbo0_.player_count as player_c7_2_0_, clubslotbo0_.primary_booking_id as primary_8_2_0_, clubslotbo0_.secondary_booking as secondar9_2_0_, clubslotbo0_.slot_date as slot_da10_2_0_, clubslotbo0_.slot_id as slot_id11_2_0_, clubslotbo0_.user_id as user_id12_2_0_ from club_slot_booking clubslotbo0_ where clubslotbo0_.booking_id=?
2024-07-16 23:47:17,781 DEBUG org.hibernate.loader.entity.CascadeEntityLoader [task-1] Static select for action ACTION_REFRESH on entity com.booking.model.slot.ClubSlotBooking: select clubslotbo0_.booking_id as booking_1_2_0_, clubslotbo0_.booking_status as booking_2_2_0_, clubslotbo0_.booking_type as booking_3_2_0_, clubslotbo0_.created_by as created_4_2_0_, clubslotbo0_.created_date as created_5_2_0_, clubslotbo0_.player as player6_2_0_, clubslotbo0_.player_count as player_c7_2_0_, clubslotbo0_.primary_booking_id as primary_8_2_0_, clubslotbo0_.secondary_booking as secondar9_2_0_, clubslotbo0_.slot_date as slot_da10_2_0_, clubslotbo0_.slot_id as slot_id11_2_0_, clubslotbo0_.user_id as user_id12_2_0_ from club_slot_booking clubslotbo0_ where clubslotbo0_.booking_id=?
2024-07-16 23:47:17,781 DEBUG org.hibernate.persister.entity.AbstractEntityPersister [task-1] Static SQL for entity: com.booking.model.user.ClubConfig
2024-07-16 23:47:17,781 DEBUG org.hibernate.persister.entity.AbstractEntityPersister [task-1]  Version select: select config_id from club_config where config_id =?
2024-07-16 23:47:17,782 DEBUG org.hibernate.persister.entity.AbstractEntityPersister [task-1]  Snapshot select: select clubconfig_.config_id, clubconfig_.category as category2_0_, clubconfig_.date_modified as date_mod3_0_, clubconfig_.key as key4_0_, clubconfig_.modified_by as modified5_0_, clubconfig_.value as value6_0_ from club_config clubconfig_ where clubconfig_.config_id=?
2024-07-16 23:47:17,782 DEBUG org.jboss.logging.DelegatingBasicLogger [task-1]  Insert 0: insert into club_config (category, date_modified, key, modified_by, value, config_id) values (?, ?, ?, ?, ?, ?)
2024-07-16 23:47:17,782 DEBUG org.jboss.logging.DelegatingBasicLogger [task-1]  Update 0: update club_config set category=?, date_modified=?, key=?, modified_by=?, value=? where config_id=?
2024-07-16 23:47:17,782 DEBUG org.jboss.logging.DelegatingBasicLogger [task-1]  Delete 0: delete from club_config where config_id=?
2024-07-16 23:47:17,782 DEBUG org.hibernate.persister.entity.AbstractEntityPersister [task-1]  Identity insert: insert into club_config (category, date_modified, key, modified_by, value) values (?, ?, ?, ?, ?)
2024-07-16 23:47:17,783 DEBUG org.hibernate.loader.plan.build.internal.spaces.QuerySpacesImpl [task-1] Adding QuerySpace : uid = <gen:0> -> org.hibernate.loader.plan.build.internal.spaces.EntityQuerySpaceImpl@54c1f57c]
2024-07-16 23:47:17,783 DEBUG org.hibernate.persister.walking.spi.MetamodelGraphWalker [task-1] Visiting attribute path : category
2024-07-16 23:47:17,783 DEBUG org.hibernate.persister.walking.spi.MetamodelGraphWalker [task-1] Visiting attribute path : dateModified
2024-07-16 23:47:17,783 DEBUG org.hibernate.persister.walking.spi.MetamodelGraphWalker [task-1] Visiting attribute path : key
2024-07-16 23:47:17,783 DEBUG org.hibernate.persister.walking.spi.MetamodelGraphWalker [task-1] Visiting attribute path : modifiedBy
2024-07-16 23:47:17,784 DEBUG org.hibernate.persister.walking.spi.MetamodelGraphWalker [task-1] Visiting attribute path : value
2024-07-16 23:47:17,784 DEBUG org.hibernate.loader.plan.build.internal.FetchStyleLoadPlanBuildingAssociationVisitationStrategy [task-1] Building LoadPlan...
2024-07-16 23:47:17,784 DEBUG org.hibernate.loader.plan.exec.internal.LoadQueryJoinAndFetchProcessor [task-1] processing queryspace <gen:0>
2024-07-16 23:47:17,785 DEBUG org.hibernate.loader.plan.build.spi.LoadPlanTreePrinter [task-1] LoadPlan(entity=com.booking.model.user.ClubConfig)
    - Returns
       - EntityReturnImpl(entity=com.booking.model.user.ClubConfig, querySpaceUid=<gen:0>, path=com.booking.model.user.ClubConfig)
    - QuerySpaces
       - EntityQuerySpaceImpl(uid=<gen:0>, entity=com.booking.model.user.ClubConfig)
          - SQL table alias mapping - clubconfig0_
          - alias suffix - 0_
          - suffixed key columns - {config_i1_0_0_}

2024-07-16 23:47:17,785 DEBUG org.hibernate.loader.entity.plan.EntityLoader [task-1] Static select for entity com.booking.model.user.ClubConfig [NONE]: select clubconfig0_.config_id as config_i1_0_0_, clubconfig0_.category as category2_0_0_, clubconfig0_.date_modified as date_mod3_0_0_, clubconfig0_.key as key4_0_0_, clubconfig0_.modified_by as modified5_0_0_, clubconfig0_.value as value6_0_0_ from club_config clubconfig0_ where clubconfig0_.config_id=?
2024-07-16 23:47:17,785 DEBUG org.hibernate.loader.plan.build.internal.spaces.QuerySpacesImpl [task-1] Adding QuerySpace : uid = <gen:0> -> org.hibernate.loader.plan.build.internal.spaces.EntityQuerySpaceImpl@212d7016]
2024-07-16 23:47:17,785 DEBUG org.hibernate.persister.walking.spi.MetamodelGraphWalker [task-1] Visiting attribute path : category
2024-07-16 23:47:17,786 DEBUG org.hibernate.persister.walking.spi.MetamodelGraphWalker [task-1] Visiting attribute path : dateModified
2024-07-16 23:47:17,786 DEBUG org.hibernate.persister.walking.spi.MetamodelGraphWalker [task-1] Visiting attribute path : key
2024-07-16 23:47:17,786 DEBUG org.hibernate.persister.walking.spi.MetamodelGraphWalker [task-1] Visiting attribute path : modifiedBy
2024-07-16 23:47:17,786 DEBUG org.hibernate.persister.walking.spi.MetamodelGraphWalker [task-1] Visiting attribute path : value
2024-07-16 23:47:17,787 DEBUG org.hibernate.loader.plan.build.internal.FetchStyleLoadPlanBuildingAssociationVisitationStrategy [task-1] Building LoadPlan...
2024-07-16 23:47:17,787 DEBUG org.hibernate.loader.plan.exec.internal.LoadQueryJoinAndFetchProcessor [task-1] processing queryspace <gen:0>
2024-07-16 23:47:17,787 DEBUG org.hibernate.loader.plan.build.spi.LoadPlanTreePrinter [task-1] LoadPlan(entity=com.booking.model.user.ClubConfig)
    - Returns
       - EntityReturnImpl(entity=com.booking.model.user.ClubConfig, querySpaceUid=<gen:0>, path=com.booking.model.user.ClubConfig)
    - QuerySpaces
       - EntityQuerySpaceImpl(uid=<gen:0>, entity=com.booking.model.user.ClubConfig)
          - SQL table alias mapping - clubconfig0_
          - alias suffix - 0_
          - suffixed key columns - {config_i1_0_0_}

2024-07-16 23:47:17,788 DEBUG org.hibernate.loader.entity.plan.EntityLoader [task-1] Static select for entity com.booking.model.user.ClubConfig [READ]: select clubconfig0_.config_id as config_i1_0_0_, clubconfig0_.category as category2_0_0_, clubconfig0_.date_modified as date_mod3_0_0_, clubconfig0_.key as key4_0_0_, clubconfig0_.modified_by as modified5_0_0_, clubconfig0_.value as value6_0_0_ from club_config clubconfig0_ where clubconfig0_.config_id=?
2024-07-16 23:47:17,788 DEBUG org.hibernate.loader.entity.CascadeEntityLoader [task-1] Static select for action ACTION_MERGE on entity com.booking.model.user.ClubConfig: select clubconfig0_.config_id as config_i1_0_0_, clubconfig0_.category as category2_0_0_, clubconfig0_.date_modified as date_mod3_0_0_, clubconfig0_.key as key4_0_0_, clubconfig0_.modified_by as modified5_0_0_, clubconfig0_.value as value6_0_0_ from club_config clubconfig0_ where clubconfig0_.config_id=?
2024-07-16 23:47:17,788 DEBUG org.hibernate.loader.entity.CascadeEntityLoader [task-1] Static select for action ACTION_REFRESH on entity com.booking.model.user.ClubConfig: select clubconfig0_.config_id as config_i1_0_0_, clubconfig0_.category as category2_0_0_, clubconfig0_.date_modified as date_mod3_0_0_, clubconfig0_.key as key4_0_0_, clubconfig0_.modified_by as modified5_0_0_, clubconfig0_.value as value6_0_0_ from club_config clubconfig0_ where clubconfig0_.config_id=?
2024-07-16 23:47:17,789 DEBUG org.hibernate.persister.entity.AbstractEntityPersister [task-1] Static SQL for entity: com.booking.model.user.Roles
2024-07-16 23:47:17,789 DEBUG org.hibernate.persister.entity.AbstractEntityPersister [task-1]  Version select: select role_id from roles where role_id =?
2024-07-16 23:47:17,789 DEBUG org.hibernate.persister.entity.AbstractEntityPersister [task-1]  Snapshot select: select roles_.role_id, roles_.name as name2_4_, roles_.role as role3_4_ from roles roles_ where roles_.role_id=?
2024-07-16 23:47:17,789 DEBUG org.jboss.logging.DelegatingBasicLogger [task-1]  Insert 0: insert into roles (name, role, role_id) values (?, ?, ?)
2024-07-16 23:47:17,789 DEBUG org.jboss.logging.DelegatingBasicLogger [task-1]  Update 0: update roles set name=?, role=? where role_id=?
2024-07-16 23:47:17,789 DEBUG org.jboss.logging.DelegatingBasicLogger [task-1]  Delete 0: delete from roles where role_id=?
2024-07-16 23:47:17,790 DEBUG org.hibernate.loader.plan.build.internal.spaces.QuerySpacesImpl [task-1] Adding QuerySpace : uid = <gen:0> -> org.hibernate.loader.plan.build.internal.spaces.EntityQuerySpaceImpl@549699f]
2024-07-16 23:47:17,790 DEBUG org.hibernate.persister.walking.spi.MetamodelGraphWalker [task-1] Visiting attribute path : name
2024-07-16 23:47:17,790 DEBUG org.hibernate.persister.walking.spi.MetamodelGraphWalker [task-1] Visiting attribute path : role
2024-07-16 23:47:17,790 DEBUG org.hibernate.loader.plan.build.internal.FetchStyleLoadPlanBuildingAssociationVisitationStrategy [task-1] Building LoadPlan...
2024-07-16 23:47:17,791 DEBUG org.hibernate.loader.plan.exec.internal.LoadQueryJoinAndFetchProcessor [task-1] processing queryspace <gen:0>
2024-07-16 23:47:17,791 DEBUG org.hibernate.loader.plan.build.spi.LoadPlanTreePrinter [task-1] LoadPlan(entity=com.booking.model.user.Roles)
    - Returns
       - EntityReturnImpl(entity=com.booking.model.user.Roles, querySpaceUid=<gen:0>, path=com.booking.model.user.Roles)
    - QuerySpaces
       - EntityQuerySpaceImpl(uid=<gen:0>, entity=com.booking.model.user.Roles)
          - SQL table alias mapping - roles0_
          - alias suffix - 0_
          - suffixed key columns - {role_id1_4_0_}

2024-07-16 23:47:17,792 DEBUG org.hibernate.loader.entity.plan.EntityLoader [task-1] Static select for entity com.booking.model.user.Roles [NONE]: select roles0_.role_id as role_id1_4_0_, roles0_.name as name2_4_0_, roles0_.role as role3_4_0_ from roles roles0_ where roles0_.role_id=?
2024-07-16 23:47:17,792 DEBUG org.hibernate.loader.plan.build.internal.spaces.QuerySpacesImpl [task-1] Adding QuerySpace : uid = <gen:0> -> org.hibernate.loader.plan.build.internal.spaces.EntityQuerySpaceImpl@682dc899]
2024-07-16 23:47:17,792 DEBUG org.hibernate.persister.walking.spi.MetamodelGraphWalker [task-1] Visiting attribute path : name
2024-07-16 23:47:17,793 DEBUG org.hibernate.persister.walking.spi.MetamodelGraphWalker [task-1] Visiting attribute path : role
2024-07-16 23:47:17,793 DEBUG org.hibernate.loader.plan.build.internal.FetchStyleLoadPlanBuildingAssociationVisitationStrategy [task-1] Building LoadPlan...
2024-07-16 23:47:17,793 DEBUG org.hibernate.loader.plan.exec.internal.LoadQueryJoinAndFetchProcessor [task-1] processing queryspace <gen:0>
2024-07-16 23:47:17,794 DEBUG org.hibernate.loader.plan.build.spi.LoadPlanTreePrinter [task-1] LoadPlan(entity=com.booking.model.user.Roles)
    - Returns
       - EntityReturnImpl(entity=com.booking.model.user.Roles, querySpaceUid=<gen:0>, path=com.booking.model.user.Roles)
    - QuerySpaces
       - EntityQuerySpaceImpl(uid=<gen:0>, entity=com.booking.model.user.Roles)
          - SQL table alias mapping - roles0_
          - alias suffix - 0_
          - suffixed key columns - {role_id1_4_0_}

2024-07-16 23:47:17,794 DEBUG org.hibernate.loader.entity.plan.EntityLoader [task-1] Static select for entity com.booking.model.user.Roles [READ]: select roles0_.role_id as role_id1_4_0_, roles0_.name as name2_4_0_, roles0_.role as role3_4_0_ from roles roles0_ where roles0_.role_id=?
2024-07-16 23:47:17,794 DEBUG org.hibernate.loader.entity.CascadeEntityLoader [task-1] Static select for action ACTION_MERGE on entity com.booking.model.user.Roles: select roles0_.role_id as role_id1_4_0_, roles0_.name as name2_4_0_, roles0_.role as role3_4_0_ from roles roles0_ where roles0_.role_id=?
2024-07-16 23:47:17,794 DEBUG org.hibernate.loader.entity.CascadeEntityLoader [task-1] Static select for action ACTION_REFRESH on entity com.booking.model.user.Roles: select roles0_.role_id as role_id1_4_0_, roles0_.name as name2_4_0_, roles0_.role as role3_4_0_ from roles roles0_ where roles0_.role_id=?
2024-07-16 23:47:17,795 DEBUG org.hibernate.persister.entity.AbstractEntityPersister [task-1] Static SQL for entity: com.booking.model.slot.UserBooking
2024-07-16 23:47:17,795 DEBUG org.hibernate.persister.entity.AbstractEntityPersister [task-1]  Version select: select user_booking_id from user_booking where user_booking_id =?
2024-07-16 23:47:17,796 DEBUG org.hibernate.persister.entity.AbstractEntityPersister [task-1]  Snapshot select: select userbookin_.user_booking_id, userbookin_.approval_status as approval2_5_, userbookin_.booking_id as booking_3_5_, userbookin_.booking_name as booking_4_5_, userbookin_.booking_type as booking_5_5_, userbookin_.date_modified as date_mod6_5_, userbookin_.modified_by as modified7_5_, userbookin_.players_name as players_8_5_, userbookin_.slot_id as slot_id9_5_, userbookin_.user_id as user_id10_5_, userbookin_.user_name as user_na11_5_ from user_booking userbookin_ where userbookin_.user_booking_id=?
2024-07-16 23:47:17,796 DEBUG org.jboss.logging.DelegatingBasicLogger [task-1]  Insert 0: insert into user_booking (approval_status, booking_id, booking_name, booking_type, date_modified, modified_by, players_name, slot_id, user_id, user_name, user_booking_id) values (?, ?, ?, ?, ?, ?, ?, ?, ?, ?, ?)
2024-07-16 23:47:17,796 DEBUG org.jboss.logging.DelegatingBasicLogger [task-1]  Update 0: update user_booking set approval_status=?, booking_id=?, booking_name=?, booking_type=?, date_modified=?, modified_by=?, players_name=?, slot_id=?, user_id=?, user_name=? where user_booking_id=?
2024-07-16 23:47:17,796 DEBUG org.jboss.logging.DelegatingBasicLogger [task-1]  Delete 0: delete from user_booking where user_booking_id=?
2024-07-16 23:47:17,796 DEBUG org.hibernate.persister.entity.AbstractEntityPersister [task-1]  Identity insert: insert into user_booking (approval_status, booking_id, booking_name, booking_type, date_modified, modified_by, players_name, slot_id, user_id, user_name) values (?, ?, ?, ?, ?, ?, ?, ?, ?, ?)
2024-07-16 23:47:17,797 DEBUG org.hibernate.loader.plan.build.internal.spaces.QuerySpacesImpl [task-1] Adding QuerySpace : uid = <gen:0> -> org.hibernate.loader.plan.build.internal.spaces.EntityQuerySpaceImpl@38690bba]
2024-07-16 23:47:17,797 DEBUG org.hibernate.persister.walking.spi.MetamodelGraphWalker [task-1] Visiting attribute path : approvalStatus
2024-07-16 23:47:17,797 DEBUG org.hibernate.persister.walking.spi.MetamodelGraphWalker [task-1] Visiting attribute path : bookingId
2024-07-16 23:47:17,797 DEBUG org.hibernate.persister.walking.spi.MetamodelGraphWalker [task-1] Visiting attribute path : bookingName
2024-07-16 23:47:17,797 DEBUG org.hibernate.persister.walking.spi.MetamodelGraphWalker [task-1] Visiting attribute path : bookingType
2024-07-16 23:47:17,798 DEBUG org.hibernate.persister.walking.spi.MetamodelGraphWalker [task-1] Visiting attribute path : dateModified
2024-07-16 23:47:17,798 DEBUG org.hibernate.persister.walking.spi.MetamodelGraphWalker [task-1] Visiting attribute path : modifiedBy
2024-07-16 23:47:17,798 DEBUG org.hibernate.persister.walking.spi.MetamodelGraphWalker [task-1] Visiting attribute path : playersName
2024-07-16 23:47:17,798 DEBUG org.hibernate.persister.walking.spi.MetamodelGraphWalker [task-1] Visiting attribute path : slotId
2024-07-16 23:47:17,798 DEBUG org.hibernate.persister.walking.spi.MetamodelGraphWalker [task-1] Visiting attribute path : userId
2024-07-16 23:47:17,799 DEBUG org.hibernate.persister.walking.spi.MetamodelGraphWalker [task-1] Visiting attribute path : userName
2024-07-16 23:47:17,799 DEBUG org.hibernate.loader.plan.build.internal.FetchStyleLoadPlanBuildingAssociationVisitationStrategy [task-1] Building LoadPlan...
2024-07-16 23:47:17,800 DEBUG org.hibernate.loader.plan.exec.internal.LoadQueryJoinAndFetchProcessor [task-1] processing queryspace <gen:0>
2024-07-16 23:47:17,800 DEBUG org.hibernate.loader.plan.build.spi.LoadPlanTreePrinter [task-1] LoadPlan(entity=com.booking.model.slot.UserBooking)
    - Returns
       - EntityReturnImpl(entity=com.booking.model.slot.UserBooking, querySpaceUid=<gen:0>, path=com.booking.model.slot.UserBooking)
    - QuerySpaces
       - EntityQuerySpaceImpl(uid=<gen:0>, entity=com.booking.model.slot.UserBooking)
          - SQL table alias mapping - userbookin0_
          - alias suffix - 0_
          - suffixed key columns - {user_boo1_5_0_}

2024-07-16 23:47:17,801 DEBUG org.hibernate.loader.entity.plan.EntityLoader [task-1] Static select for entity com.booking.model.slot.UserBooking [NONE]: select userbookin0_.user_booking_id as user_boo1_5_0_, userbookin0_.approval_status as approval2_5_0_, userbookin0_.booking_id as booking_3_5_0_, userbookin0_.booking_name as booking_4_5_0_, userbookin0_.booking_type as booking_5_5_0_, userbookin0_.date_modified as date_mod6_5_0_, userbookin0_.modified_by as modified7_5_0_, userbookin0_.players_name as players_8_5_0_, userbookin0_.slot_id as slot_id9_5_0_, userbookin0_.user_id as user_id10_5_0_, userbookin0_.user_name as user_na11_5_0_ from user_booking userbookin0_ where userbookin0_.user_booking_id=?
2024-07-16 23:47:17,801 DEBUG org.hibernate.loader.plan.build.internal.spaces.QuerySpacesImpl [task-1] Adding QuerySpace : uid = <gen:0> -> org.hibernate.loader.plan.build.internal.spaces.EntityQuerySpaceImpl@49b3bfd2]
2024-07-16 23:47:17,801 DEBUG org.hibernate.persister.walking.spi.MetamodelGraphWalker [task-1] Visiting attribute path : approvalStatus
2024-07-16 23:47:17,802 DEBUG org.hibernate.persister.walking.spi.MetamodelGraphWalker [task-1] Visiting attribute path : bookingId
2024-07-16 23:47:17,802 DEBUG org.hibernate.persister.walking.spi.MetamodelGraphWalker [task-1] Visiting attribute path : bookingName
2024-07-16 23:47:17,802 DEBUG org.hibernate.persister.walking.spi.MetamodelGraphWalker [task-1] Visiting attribute path : bookingType
2024-07-16 23:47:17,802 DEBUG org.hibernate.persister.walking.spi.MetamodelGraphWalker [task-1] Visiting attribute path : dateModified
2024-07-16 23:47:17,802 DEBUG org.hibernate.persister.walking.spi.MetamodelGraphWalker [task-1] Visiting attribute path : modifiedBy
2024-07-16 23:47:17,802 DEBUG org.hibernate.persister.walking.spi.MetamodelGraphWalker [task-1] Visiting attribute path : playersName
2024-07-16 23:47:17,803 DEBUG org.hibernate.persister.walking.spi.MetamodelGraphWalker [task-1] Visiting attribute path : slotId
2024-07-16 23:47:17,803 DEBUG org.hibernate.persister.walking.spi.MetamodelGraphWalker [task-1] Visiting attribute path : userId
2024-07-16 23:47:17,803 DEBUG org.hibernate.persister.walking.spi.MetamodelGraphWalker [task-1] Visiting attribute path : userName
2024-07-16 23:47:17,803 DEBUG org.hibernate.loader.plan.build.internal.FetchStyleLoadPlanBuildingAssociationVisitationStrategy [task-1] Building LoadPlan...
2024-07-16 23:47:17,804 DEBUG org.hibernate.loader.plan.exec.internal.LoadQueryJoinAndFetchProcessor [task-1] processing queryspace <gen:0>
2024-07-16 23:47:17,804 DEBUG org.hibernate.loader.plan.build.spi.LoadPlanTreePrinter [task-1] LoadPlan(entity=com.booking.model.slot.UserBooking)
    - Returns
       - EntityReturnImpl(entity=com.booking.model.slot.UserBooking, querySpaceUid=<gen:0>, path=com.booking.model.slot.UserBooking)
    - QuerySpaces
       - EntityQuerySpaceImpl(uid=<gen:0>, entity=com.booking.model.slot.UserBooking)
          - SQL table alias mapping - userbookin0_
          - alias suffix - 0_
          - suffixed key columns - {user_boo1_5_0_}

2024-07-16 23:47:17,804 DEBUG org.hibernate.loader.entity.plan.EntityLoader [task-1] Static select for entity com.booking.model.slot.UserBooking [READ]: select userbookin0_.user_booking_id as user_boo1_5_0_, userbookin0_.approval_status as approval2_5_0_, userbookin0_.booking_id as booking_3_5_0_, userbookin0_.booking_name as booking_4_5_0_, userbookin0_.booking_type as booking_5_5_0_, userbookin0_.date_modified as date_mod6_5_0_, userbookin0_.modified_by as modified7_5_0_, userbookin0_.players_name as players_8_5_0_, userbookin0_.slot_id as slot_id9_5_0_, userbookin0_.user_id as user_id10_5_0_, userbookin0_.user_name as user_na11_5_0_ from user_booking userbookin0_ where userbookin0_.user_booking_id=?
2024-07-16 23:47:17,805 DEBUG org.hibernate.loader.entity.CascadeEntityLoader [task-1] Static select for action ACTION_MERGE on entity com.booking.model.slot.UserBooking: select userbookin0_.user_booking_id as user_boo1_5_0_, userbookin0_.approval_status as approval2_5_0_, userbookin0_.booking_id as booking_3_5_0_, userbookin0_.booking_name as booking_4_5_0_, userbookin0_.booking_type as booking_5_5_0_, userbookin0_.date_modified as date_mod6_5_0_, userbookin0_.modified_by as modified7_5_0_, userbookin0_.players_name as players_8_5_0_, userbookin0_.slot_id as slot_id9_5_0_, userbookin0_.user_id as user_id10_5_0_, userbookin0_.user_name as user_na11_5_0_ from user_booking userbookin0_ where userbookin0_.user_booking_id=?
2024-07-16 23:47:17,805 DEBUG org.hibernate.loader.entity.CascadeEntityLoader [task-1] Static select for action ACTION_REFRESH on entity com.booking.model.slot.UserBooking: select userbookin0_.user_booking_id as user_boo1_5_0_, userbookin0_.approval_status as approval2_5_0_, userbookin0_.booking_id as booking_3_5_0_, userbookin0_.booking_name as booking_4_5_0_, userbookin0_.booking_type as booking_5_5_0_, userbookin0_.date_modified as date_mod6_5_0_, userbookin0_.modified_by as modified7_5_0_, userbookin0_.players_name as players_8_5_0_, userbookin0_.slot_id as slot_id9_5_0_, userbookin0_.user_id as user_id10_5_0_, userbookin0_.user_name as user_na11_5_0_ from user_booking userbookin0_ where userbookin0_.user_booking_id=?
2024-07-16 23:47:17,810 DEBUG org.hibernate.loader.plan.build.internal.spaces.QuerySpacesImpl [task-1] Adding QuerySpace : uid = <gen:0> -> org.hibernate.loader.plan.build.internal.spaces.CollectionQuerySpaceImpl@10fd27cc]
2024-07-16 23:47:17,811 DEBUG org.hibernate.loader.plan.build.internal.spaces.QuerySpacesImpl [task-1] Adding QuerySpace : uid = <gen:1> -> org.hibernate.loader.plan.build.internal.spaces.EntityQuerySpaceImpl@db1ea95]
2024-07-16 23:47:17,811 DEBUG org.hibernate.persister.walking.spi.MetamodelGraphWalker [task-1] Visiting attribute path : name
2024-07-16 23:47:17,811 DEBUG org.hibernate.persister.walking.spi.MetamodelGraphWalker [task-1] Visiting attribute path : role
2024-07-16 23:47:17,811 DEBUG org.hibernate.loader.plan.build.internal.FetchStyleLoadPlanBuildingAssociationVisitationStrategy [task-1] Building LoadPlan...
2024-07-16 23:47:17,814 DEBUG org.hibernate.loader.plan.exec.internal.LoadQueryJoinAndFetchProcessor [task-1] processing queryspace <gen:0>
2024-07-16 23:47:17,815 DEBUG org.hibernate.loader.plan.build.spi.LoadPlanTreePrinter [task-1] LoadPlan(collection=com.booking.model.user.ClubUser.roles)
    - Returns
       - CollectionReturnImpl(collection=com.booking.model.user.ClubUser.roles, querySpaceUid=<gen:0>, path=[com.booking.model.user.ClubUser.roles])
          - (collection element) CollectionFetchableElementEntityGraph(entity=com.booking.model.user.Roles, querySpaceUid=<gen:1>, path=[com.booking.model.user.ClubUser.roles].<elements>)
    - QuerySpaces
       - CollectionQuerySpaceImpl(uid=<gen:0>, collection=com.booking.model.user.ClubUser.roles)
          - SQL table alias mapping - roles0_
          - alias suffix - 0_
          - suffixed key columns - {user_id1_6_0_}
          - entity-element alias suffix - 1_
          - 1_entity-element suffixed key columns - role_id1_4_1_
          - JOIN (JoinDefinedByMetadata(elements)) : <gen:0> -> <gen:1>
             - EntityQuerySpaceImpl(uid=<gen:1>, entity=com.booking.model.user.Roles)
                - SQL table alias mapping - roles1_
                - alias suffix - 1_
                - suffixed key columns - {role_id1_4_1_}

2024-07-16 23:47:17,815 DEBUG org.hibernate.loader.collection.plan.CollectionLoader [task-1] Static select for collection com.booking.model.user.ClubUser.roles: select roles0_.user_id as user_id1_6_0_, roles0_.role_id as role_id2_6_0_, roles1_.role_id as role_id1_4_1_, roles1_.name as name2_4_1_, roles1_.role as role3_4_1_ from user_roles roles0_ inner join roles roles1_ on roles0_.role_id=roles1_.role_id where roles0_.user_id=?
2024-07-16 23:47:17,832 DEBUG sun.rmi.runtime.Log$LoggerLog [RMI TCP Connection(2)-127.0.0.1] RMI TCP Connection(2)-127.0.0.1: (port 53302) op = 82
2024-07-16 23:47:17,834 DEBUG sun.rmi.runtime.Log$LoggerLog [RMI TCP Connection(2)-127.0.0.1] RMI TCP Connection(2)-127.0.0.1: (port 53302) op = 80
2024-07-16 23:47:17,834 DEBUG sun.rmi.runtime.Log$LoggerLog [RMI TCP Connection(2)-127.0.0.1] RMI TCP Connection(2)-127.0.0.1: name = "javax.management.ObjectName", codebase = ""
2024-07-16 23:47:17,835 DEBUG sun.util.logging.internal.LoggingProviderImpl$JULWrapper [RMI TCP Connection(2)-127.0.0.1] connectionId=rmi://127.0.0.1  1, name=org.springframework.boot:type=Admin,name=SpringApplication, attribute=Ready
2024-07-16 23:47:17,862 DEBUG org.hibernate.tool.schema.spi.SchemaManagementToolCoordinator [task-1] No actions specified; doing nothing
2024-07-16 23:47:17,863 INFO org.hibernate.engine.transaction.jta.platform.internal.JtaPlatformInitiator [task-1] HHH000490: Using JtaPlatform implementation: [org.hibernate.engine.transaction.jta.platform.internal.NoJtaPlatform]
2024-07-16 23:47:17,864 DEBUG org.hibernate.query.spi.NamedQueryRepository [task-1] Checking 1 named HQL queries
2024-07-16 23:47:17,864 DEBUG org.hibernate.query.spi.NamedQueryRepository [task-1] Checking named query: ClubSlotBooking.findAll
2024-07-16 23:47:17,870 DEBUG org.hibernate.stat.internal.StatisticsInitiator [task-1] Statistics initialized [enabled=false]
2024-07-16 23:47:17,879 DEBUG org.hibernate.hql.internal.QueryTranslatorFactoryInitiator [task-1] QueryTranslatorFactory: org.hibernate.hql.internal.ast.ASTQueryTranslatorFactory@74120750
2024-07-16 23:47:17,923 DEBUG org.hibernate.hql.internal.ast.QueryTranslatorImpl [task-1] parse() - HQL: SELECT o FROM com.booking.model.slot.ClubSlotBooking o
2024-07-16 23:47:17,930 DEBUG org.hibernate.hql.internal.ast.ErrorTracker [task-1] throwQueryException() : no errors
2024-07-16 23:47:17,943 DEBUG org.hibernate.hql.internal.ast.QueryTranslatorImpl [task-1] --- HQL AST ---
 \-[QUERY] Node: 'query'
    \-[SELECT_FROM] Node: 'SELECT_FROM'
       +-[FROM] Node: 'FROM'
       |  \-[RANGE] Node: 'RANGE'
       |     +-[DOT] Node: '.'
       |     |  +-[DOT] Node: '.'
       |     |  |  +-[DOT] Node: '.'
       |     |  |  |  +-[DOT] Node: '.'
       |     |  |  |  |  +-[IDENT] Node: 'com'
       |     |  |  |  |  \-[IDENT] Node: 'booking'
       |     |  |  |  \-[IDENT] Node: 'model'
       |     |  |  \-[IDENT] Node: 'slot'
       |     |  \-[IDENT] Node: 'ClubSlotBooking'
       |     \-[ALIAS] Node: 'o'
       \-[SELECT] Node: 'SELECT'
          \-[IDENT] Node: 'o'

2024-07-16 23:47:17,969 DEBUG org.hibernate.hql.internal.antlr.HqlSqlBaseWalker [task-1] select << begin [level=1, statement=select]
2024-07-16 23:47:17,982 DEBUG org.hibernate.hql.internal.ast.tree.FromElement [task-1] FromClause{level=1} : com.booking.model.slot.ClubSlotBooking (o) -> clubslotbo0_
2024-07-16 23:47:17,985 DEBUG org.hibernate.hql.internal.ast.tree.FromReferenceNode [task-1] Resolved : o -> clubslotbo0_.booking_id
2024-07-16 23:47:17,987 DEBUG org.hibernate.hql.internal.antlr.HqlSqlBaseWalker [task-1] select : finishing up [level=1, statement=select]
2024-07-16 23:47:17,987 DEBUG org.hibernate.hql.internal.ast.HqlSqlWalker [task-1] processQuery() :  ( SELECT ( {select clause} clubslotbo0_.booking_id ) ( FromClause{level=1} club_slot_booking clubslotbo0_ ) )
2024-07-16 23:47:17,998 DEBUG org.hibernate.hql.internal.ast.util.JoinProcessor [task-1] Tables referenced from query nodes:
 \-QueryNode
    +-SelectClause
    | referencedTables(entity ClubSlotBooking): [club_slot_booking]
    |  +-IdentNode
    |  | persister: SingleTableEntityPersister(com.booking.model.slot.ClubSlotBooking)
    |  | originalText: o
    |  \-SqlFragment
    \-FromClause
       \-FromElement

2024-07-16 23:47:18,002 DEBUG org.hibernate.hql.internal.ast.util.JoinProcessor [task-1] Using FROM fragment [club_slot_booking clubslotbo0_]
2024-07-16 23:47:18,004 DEBUG org.hibernate.hql.internal.antlr.HqlSqlBaseWalker [task-1] select >> end [level=1, statement=select]
2024-07-16 23:47:18,005 DEBUG org.hibernate.hql.internal.ast.QueryTranslatorImpl [task-1] --- SQL AST ---
 \-[SELECT] QueryNode: 'SELECT'  querySpaces (club_slot_booking)
    +-[SELECT_CLAUSE] SelectClause: '{select clause}'
    |  +-[ALIAS_REF] IdentNode: 'clubslotbo0_.booking_id as booking_1_2_' {alias=o, className=com.booking.model.slot.ClubSlotBooking, tableAlias=clubslotbo0_}
    |  \-[SQL_TOKEN] SqlFragment: 'clubslotbo0_.booking_status as booking_2_2_, clubslotbo0_.booking_type as booking_3_2_, clubslotbo0_.created_by as created_4_2_, clubslotbo0_.created_date as created_5_2_, clubslotbo0_.player as player6_2_, clubslotbo0_.player_count as player_c7_2_, clubslotbo0_.primary_booking_id as primary_8_2_, clubslotbo0_.secondary_booking as secondar9_2_, clubslotbo0_.slot_date as slot_da10_2_, clubslotbo0_.slot_id as slot_id11_2_, clubslotbo0_.user_id as user_id12_2_'
    \-[FROM] FromClause: 'FROM' FromClause{level=1, fromElementCounter=1, fromElements=1, fromElementByClassAlias=[o], fromElementByTableAlias=[clubslotbo0_], fromElementsByPath=[], collectionJoinFromElementsByPath=[], impliedElements=[]}
       \-[FROM_FRAGMENT] FromElement: 'club_slot_booking clubslotbo0_' FromElement{explicit,not a collection join,not a fetch join,fetch non-lazy properties,classAlias=o,role=null,tableName=club_slot_booking,tableAlias=clubslotbo0_,origin=null,columns={,className=com.booking.model.slot.ClubSlotBooking}}

2024-07-16 23:47:18,005 DEBUG org.hibernate.hql.internal.ast.ErrorTracker [task-1] throwQueryException() : no errors
2024-07-16 23:47:18,012 DEBUG org.hibernate.hql.internal.ast.QueryTranslatorImpl [task-1] HQL: SELECT o FROM com.booking.model.slot.ClubSlotBooking o
2024-07-16 23:47:18,012 DEBUG org.hibernate.hql.internal.ast.QueryTranslatorImpl [task-1] SQL: select clubslotbo0_.booking_id as booking_1_2_, clubslotbo0_.booking_status as booking_2_2_, clubslotbo0_.booking_type as booking_3_2_, clubslotbo0_.created_by as created_4_2_, clubslotbo0_.created_date as created_5_2_, clubslotbo0_.player as player6_2_, clubslotbo0_.player_count as player_c7_2_, clubslotbo0_.primary_booking_id as primary_8_2_, clubslotbo0_.secondary_booking as secondar9_2_, clubslotbo0_.slot_date as slot_da10_2_, clubslotbo0_.slot_id as slot_id11_2_, clubslotbo0_.user_id as user_id12_2_ from club_slot_booking clubslotbo0_
2024-07-16 23:47:18,012 DEBUG org.hibernate.hql.internal.ast.ErrorTracker [task-1] throwQueryException() : no errors
2024-07-16 23:47:18,016 DEBUG org.hibernate.query.spi.NamedQueryRepository [task-1] Checking 0 named SQL queries
2024-07-16 23:47:18,028 DEBUG org.hibernate.internal.SessionFactoryRegistry [task-1] Initializing SessionFactoryRegistry : org.hibernate.internal.SessionFactoryRegistry@8e8db22
2024-07-16 23:47:18,028 DEBUG org.hibernate.internal.SessionFactoryRegistry [task-1] Registering SessionFactory: 18805cd9-7d74-4919-b257-4432c7a621d6 (<unnamed>)
2024-07-16 23:47:18,028 DEBUG org.hibernate.internal.SessionFactoryRegistry [task-1] Not binding SessionFactory to JNDI, no JNDI name configured
2024-07-16 23:47:18,029 INFO org.springframework.orm.jpa.AbstractEntityManagerFactoryBean [task-1] Initialized JPA EntityManagerFactory for persistence unit 'default'
2024-07-16 23:47:18,031 DEBUG org.springframework.jdbc.datasource.DataSourceUtils [task-2] Fetching JDBC Connection from DataSource
2024-07-16 23:47:18,044 DEBUG org.springframework.data.jpa.repository.config.JpaMetamodelMappingContextFactoryBean [main] Finished initializing JpaMetamodelMappingContext!
2024-07-16 23:47:18,073 DEBUG org.springframework.orm.jpa.SharedEntityManagerCreator$SharedEntityManagerInvocationHandler [main] Creating new EntityManager for shared EntityManager invocation
2024-07-16 23:47:18,167 DEBUG org.springframework.orm.jpa.SharedEntityManagerCreator$SharedEntityManagerInvocationHandler [main] Creating new EntityManager for shared EntityManager invocation
2024-07-16 23:47:18,246 DEBUG org.springframework.data.repository.core.support.RepositoryFactorySupport [main] Initializing repository instance for com.booking.dao.UserBookingDao…
2024-07-16 23:47:18,266 DEBUG org.springframework.orm.jpa.SharedEntityManagerCreator$SharedEntityManagerInvocationHandler [main] Creating new EntityManager for shared EntityManager invocation
2024-07-16 23:47:18,336 DEBUG org.springframework.data.jpa.repository.query.JpaQueryFactory [main] Looking up query for method findByUserId
2024-07-16 23:47:18,337 DEBUG sun.rmi.runtime.Log$LoggerLog [RMI TCP Connection(2)-127.0.0.1] RMI TCP Connection(2)-127.0.0.1: (port 53302) op = 82
2024-07-16 23:47:18,338 DEBUG sun.rmi.runtime.Log$LoggerLog [RMI TCP Connection(2)-127.0.0.1] RMI TCP Connection(2)-127.0.0.1: (port 53302) op = 80
2024-07-16 23:47:18,338 DEBUG sun.rmi.runtime.Log$LoggerLog [RMI TCP Connection(2)-127.0.0.1] RMI TCP Connection(2)-127.0.0.1: name = "javax.management.ObjectName", codebase = ""
2024-07-16 23:47:18,339 DEBUG sun.util.logging.internal.LoggingProviderImpl$JULWrapper [RMI TCP Connection(2)-127.0.0.1] connectionId=rmi://127.0.0.1  1, name=org.springframework.boot:type=Admin,name=SpringApplication, attribute=Ready
2024-07-16 23:47:18,343 DEBUG org.springframework.data.jpa.repository.query.NamedQuery [main] Looking up named query UserBooking.findByUserId
2024-07-16 23:47:18,348 DEBUG org.hibernate.engine.transaction.internal.TransactionImpl [main] On TransactionImpl creation, JpaCompliance#isJpaTransactionComplianceEnabled == false
2024-07-16 23:47:18,348 DEBUG org.springframework.data.jpa.repository.query.NamedQuery [main] Did not find named query UserBooking.findByUserId
2024-07-16 23:47:18,352 DEBUG org.springframework.orm.jpa.SharedEntityManagerCreator$SharedEntityManagerInvocationHandler [main] Creating new EntityManager for shared EntityManager invocation
2024-07-16 23:47:18,424 DEBUG org.springframework.data.jpa.repository.query.JpaQueryFactory [main] Looking up query for method findByBookingId
2024-07-16 23:47:18,424 DEBUG org.springframework.data.jpa.repository.query.NamedQuery [main] Looking up named query UserBooking.findByBookingId
2024-07-16 23:47:18,424 DEBUG org.hibernate.engine.transaction.internal.TransactionImpl [main] On TransactionImpl creation, JpaCompliance#isJpaTransactionComplianceEnabled == false
2024-07-16 23:47:18,424 DEBUG org.springframework.data.jpa.repository.query.NamedQuery [main] Did not find named query UserBooking.findByBookingId
2024-07-16 23:47:18,425 DEBUG org.springframework.orm.jpa.SharedEntityManagerCreator$SharedEntityManagerInvocationHandler [main] Creating new EntityManager for shared EntityManager invocation
2024-07-16 23:47:18,458 DEBUG org.springframework.data.jpa.repository.query.JpaQueryFactory [main] Looking up query for method findBySlotRangeandTeeTime
2024-07-16 23:47:18,460 DEBUG org.springframework.orm.jpa.SharedEntityManagerCreator$SharedEntityManagerInvocationHandler [main] Creating new EntityManager for shared EntityManager invocation
2024-07-16 23:47:18,465 DEBUG org.springframework.data.jpa.repository.query.JpaQueryFactory [main] Looking up query for method updateApprovalStatus
2024-07-16 23:47:18,465 DEBUG org.springframework.orm.jpa.SharedEntityManagerCreator$SharedEntityManagerInvocationHandler [main] Creating new EntityManager for shared EntityManager invocation
2024-07-16 23:47:18,468 DEBUG org.springframework.data.jpa.repository.query.JpaQueryFactory [main] Looking up query for method findByUserIdSlotDate
2024-07-16 23:47:18,468 DEBUG org.springframework.orm.jpa.SharedEntityManagerCreator$SharedEntityManagerInvocationHandler [main] Creating new EntityManager for shared EntityManager invocation
2024-07-16 23:47:18,472 DEBUG org.springframework.data.jpa.repository.query.JpaQueryFactory [main] Looking up query for method deleteBySlotId
2024-07-16 23:47:18,472 DEBUG org.springframework.orm.jpa.SharedEntityManagerCreator$SharedEntityManagerInvocationHandler [main] Creating new EntityManager for shared EntityManager invocation
2024-07-16 23:47:18,473 DEBUG org.springframework.data.jpa.repository.query.JpaQueryFactory [main] Looking up query for method deleteByBookingId
2024-07-16 23:47:18,473 DEBUG org.springframework.orm.jpa.SharedEntityManagerCreator$SharedEntityManagerInvocationHandler [main] Creating new EntityManager for shared EntityManager invocation
2024-07-16 23:47:18,480 DEBUG org.springframework.data.repository.core.support.RepositoryFactorySupport [main] Finished creation of repository instance for com.booking.dao.UserBookingDao.
2024-07-16 23:47:18,485 DEBUG org.springframework.beans.factory.support.DefaultSingletonBeanRegistry [main] Creating shared instance of singleton bean 'userDao'
2024-07-16 23:47:18,493 DEBUG org.springframework.orm.jpa.SharedEntityManagerCreator$SharedEntityManagerInvocationHandler [main] Creating new EntityManager for shared EntityManager invocation
2024-07-16 23:47:18,524 DEBUG org.springframework.data.repository.core.support.RepositoryFactorySupport [main] Initializing repository instance for com.booking.dao.UserDao…
2024-07-16 23:47:18,526 DEBUG org.springframework.orm.jpa.SharedEntityManagerCreator$SharedEntityManagerInvocationHandler [main] Creating new EntityManager for shared EntityManager invocation
2024-07-16 23:47:18,540 DEBUG org.springframework.data.jpa.repository.query.JpaQueryFactory [main] Looking up query for method deleteByUserId
2024-07-16 23:47:18,540 DEBUG org.springframework.data.jpa.repository.query.NamedQuery [main] Looking up named query ClubUser.deleteByUserId
2024-07-16 23:47:18,541 DEBUG org.hibernate.engine.transaction.internal.TransactionImpl [main] On TransactionImpl creation, JpaCompliance#isJpaTransactionComplianceEnabled == false
2024-07-16 23:47:18,541 DEBUG org.springframework.data.jpa.repository.query.NamedQuery [main] Did not find named query ClubUser.deleteByUserId
2024-07-16 23:47:18,541 DEBUG org.springframework.orm.jpa.SharedEntityManagerCreator$SharedEntityManagerInvocationHandler [main] Creating new EntityManager for shared EntityManager invocation
2024-07-16 23:47:18,544 DEBUG org.springframework.data.jpa.repository.query.JpaQueryFactory [main] Looking up query for method findByUserEmail
2024-07-16 23:47:18,546 DEBUG org.springframework.orm.jpa.SharedEntityManagerCreator$SharedEntityManagerInvocationHandler [main] Creating new EntityManager for shared EntityManager invocation
2024-07-16 23:47:18,547 DEBUG org.springframework.data.jpa.repository.query.JpaQueryFactory [main] Looking up query for method findByUserId
2024-07-16 23:47:18,547 DEBUG org.springframework.data.jpa.repository.query.NamedQuery [main] Looking up named query ClubUser.findByUserId
2024-07-16 23:47:18,547 DEBUG org.hibernate.engine.transaction.internal.TransactionImpl [main] On TransactionImpl creation, JpaCompliance#isJpaTransactionComplianceEnabled == false
2024-07-16 23:47:18,548 DEBUG org.springframework.data.jpa.repository.query.NamedQuery [main] Did not find named query ClubUser.findByUserId
2024-07-16 23:47:18,548 DEBUG org.springframework.orm.jpa.SharedEntityManagerCreator$SharedEntityManagerInvocationHandler [main] Creating new EntityManager for shared EntityManager invocation
2024-07-16 23:47:18,549 DEBUG org.springframework.data.jpa.repository.query.JpaQueryFactory [main] Looking up query for method findByUserMobileOrUserEmail
2024-07-16 23:47:18,550 DEBUG org.springframework.data.jpa.repository.query.NamedQuery [main] Looking up named query ClubUser.findByUserMobileOrUserEmail
2024-07-16 23:47:18,550 DEBUG org.hibernate.engine.transaction.internal.TransactionImpl [main] On TransactionImpl creation, JpaCompliance#isJpaTransactionComplianceEnabled == false
2024-07-16 23:47:18,551 DEBUG org.springframework.data.jpa.repository.query.NamedQuery [main] Did not find named query ClubUser.findByUserMobileOrUserEmail
2024-07-16 23:47:18,551 DEBUG org.springframework.orm.jpa.SharedEntityManagerCreator$SharedEntityManagerInvocationHandler [main] Creating new EntityManager for shared EntityManager invocation
2024-07-16 23:47:18,554 DEBUG org.springframework.data.jpa.repository.query.JpaQueryFactory [main] Looking up query for method findByUserMobile
2024-07-16 23:47:18,555 DEBUG org.springframework.data.jpa.repository.query.NamedQuery [main] Looking up named query ClubUser.findByUserMobile
2024-07-16 23:47:18,555 DEBUG org.hibernate.engine.transaction.internal.TransactionImpl [main] On TransactionImpl creation, JpaCompliance#isJpaTransactionComplianceEnabled == false
2024-07-16 23:47:18,556 DEBUG org.springframework.data.jpa.repository.query.NamedQuery [main] Did not find named query ClubUser.findByUserMobile
2024-07-16 23:47:18,556 DEBUG org.springframework.orm.jpa.SharedEntityManagerCreator$SharedEntityManagerInvocationHandler [main] Creating new EntityManager for shared EntityManager invocation
2024-07-16 23:47:18,561 DEBUG org.springframework.data.jpa.repository.query.JpaQueryFactory [main] Looking up query for method findAllUserList
2024-07-16 23:47:18,563 DEBUG org.springframework.orm.jpa.SharedEntityManagerCreator$SharedEntityManagerInvocationHandler [main] Creating new EntityManager for shared EntityManager invocation
2024-07-16 23:47:18,564 DEBUG org.springframework.data.jpa.repository.query.JpaQueryFactory [main] Looking up query for method updatePassword
2024-07-16 23:47:18,566 DEBUG org.springframework.orm.jpa.SharedEntityManagerCreator$SharedEntityManagerInvocationHandler [main] Creating new EntityManager for shared EntityManager invocation
2024-07-16 23:47:18,567 DEBUG org.springframework.data.jpa.repository.query.JpaQueryFactory [main] Looking up query for method findByOtp
2024-07-16 23:47:18,567 DEBUG org.springframework.data.jpa.repository.query.NamedQuery [main] Looking up named query ClubUser.findByOtp
2024-07-16 23:47:18,567 DEBUG org.hibernate.engine.transaction.internal.TransactionImpl [main] On TransactionImpl creation, JpaCompliance#isJpaTransactionComplianceEnabled == false
2024-07-16 23:47:18,569 DEBUG org.springframework.data.jpa.repository.query.NamedQuery [main] Did not find named query ClubUser.findByOtp
2024-07-16 23:47:18,569 DEBUG org.springframework.orm.jpa.SharedEntityManagerCreator$SharedEntityManagerInvocationHandler [main] Creating new EntityManager for shared EntityManager invocation
2024-07-16 23:47:18,572 DEBUG org.springframework.data.repository.core.support.RepositoryFactorySupport [main] Finished creation of repository instance for com.booking.dao.UserDao.
2024-07-16 23:47:18,576 DEBUG org.springframework.beans.factory.support.DefaultSingletonBeanRegistry [main] Creating shared instance of singleton bean 'clubSlotDao'
2024-07-16 23:47:18,582 DEBUG org.springframework.orm.jpa.SharedEntityManagerCreator$SharedEntityManagerInvocationHandler [main] Creating new EntityManager for shared EntityManager invocation
2024-07-16 23:47:18,596 DEBUG org.springframework.data.repository.core.support.RepositoryFactorySupport [main] Initializing repository instance for com.booking.dao.ClubSlotDao…
2024-07-16 23:47:18,597 DEBUG org.springframework.orm.jpa.SharedEntityManagerCreator$SharedEntityManagerInvocationHandler [main] Creating new EntityManager for shared EntityManager invocation
2024-07-16 23:47:18,613 DEBUG org.springframework.data.jpa.repository.query.JpaQueryFactory [main] Looking up query for method findBySlotStartTimeStampAfterAndSlotEndTimeStampBefore
2024-07-16 23:47:18,613 DEBUG org.springframework.orm.jpa.SharedEntityManagerCreator$SharedEntityManagerInvocationHandler [main] Creating new EntityManager for shared EntityManager invocation
2024-07-16 23:47:18,616 DEBUG org.springframework.data.jpa.repository.query.JpaQueryFactory [main] Looking up query for method findBySlotDateBeforeAndSlotDateAfterAndSlotAvailable
2024-07-16 23:47:18,616 DEBUG org.springframework.data.jpa.repository.query.NamedQuery [main] Looking up named query ClubSlot.findBySlotDateBeforeAndSlotDateAfterAndSlotAvailable
2024-07-16 23:47:18,617 DEBUG org.hibernate.engine.transaction.internal.TransactionImpl [main] On TransactionImpl creation, JpaCompliance#isJpaTransactionComplianceEnabled == false
2024-07-16 23:47:18,617 DEBUG org.springframework.data.jpa.repository.query.NamedQuery [main] Did not find named query ClubSlot.findBySlotDateBeforeAndSlotDateAfterAndSlotAvailable
2024-07-16 23:47:18,617 DEBUG org.springframework.orm.jpa.SharedEntityManagerCreator$SharedEntityManagerInvocationHandler [main] Creating new EntityManager for shared EntityManager invocation
2024-07-16 23:47:18,620 DEBUG org.springframework.data.jpa.repository.query.JpaQueryFactory [main] Looking up query for method findBySlotStartTimeStampRange
2024-07-16 23:47:18,620 DEBUG org.springframework.orm.jpa.SharedEntityManagerCreator$SharedEntityManagerInvocationHandler [main] Creating new EntityManager for shared EntityManager invocation
2024-07-16 23:47:18,621 DEBUG org.springframework.data.jpa.repository.query.JpaQueryFactory [main] Looking up query for method findBySlotId
2024-07-16 23:47:18,622 DEBUG org.springframework.data.jpa.repository.query.NamedQuery [main] Looking up named query ClubSlot.findBySlotId
2024-07-16 23:47:18,622 DEBUG org.hibernate.engine.transaction.internal.TransactionImpl [main] On TransactionImpl creation, JpaCompliance#isJpaTransactionComplianceEnabled == false
2024-07-16 23:47:18,622 DEBUG org.springframework.data.jpa.repository.query.NamedQuery [main] Did not find named query ClubSlot.findBySlotId
2024-07-16 23:47:18,623 DEBUG org.springframework.orm.jpa.SharedEntityManagerCreator$SharedEntityManagerInvocationHandler [main] Creating new EntityManager for shared EntityManager invocation
2024-07-16 23:47:18,624 DEBUG org.springframework.data.jpa.repository.query.JpaQueryFactory [main] Looking up query for method findBySlotDateBefore
2024-07-16 23:47:18,624 DEBUG org.springframework.data.jpa.repository.query.NamedQuery [main] Looking up named query ClubSlot.findBySlotDateBefore
2024-07-16 23:47:18,625 DEBUG org.hibernate.engine.transaction.internal.TransactionImpl [main] On TransactionImpl creation, JpaCompliance#isJpaTransactionComplianceEnabled == false
2024-07-16 23:47:18,625 DEBUG org.springframework.data.jpa.repository.query.NamedQuery [main] Did not find named query ClubSlot.findBySlotDateBefore
2024-07-16 23:47:18,626 DEBUG org.springframework.orm.jpa.SharedEntityManagerCreator$SharedEntityManagerInvocationHandler [main] Creating new EntityManager for shared EntityManager invocation
2024-07-16 23:47:18,629 DEBUG org.springframework.data.jpa.repository.query.JpaQueryFactory [main] Looking up query for method updateSlotStatus
2024-07-16 23:47:18,629 DEBUG org.springframework.orm.jpa.SharedEntityManagerCreator$SharedEntityManagerInvocationHandler [main] Creating new EntityManager for shared EntityManager invocation
2024-07-16 23:47:18,634 DEBUG org.springframework.data.jpa.repository.query.JpaQueryFactory [main] Looking up query for method deleteSlotsWithinDateRangeAndOnSpecificDays
2024-07-16 23:47:18,634 DEBUG org.springframework.orm.jpa.SharedEntityManagerCreator$SharedEntityManagerInvocationHandler [main] Creating new EntityManager for shared EntityManager invocation
2024-07-16 23:47:18,635 DEBUG org.springframework.data.jpa.repository.query.JpaQueryFactory [main] Looking up query for method updateSlotStatusBySlotId
2024-07-16 23:47:18,636 DEBUG org.springframework.orm.jpa.SharedEntityManagerCreator$SharedEntityManagerInvocationHandler [main] Creating new EntityManager for shared EntityManager invocation
2024-07-16 23:47:18,638 DEBUG org.springframework.data.jpa.repository.query.JpaQueryFactory [main] Looking up query for method findAdminSlot
2024-07-16 23:47:18,638 DEBUG org.springframework.orm.jpa.SharedEntityManagerCreator$SharedEntityManagerInvocationHandler [main] Creating new EntityManager for shared EntityManager invocation
2024-07-16 23:47:18,641 DEBUG org.springframework.data.jpa.repository.query.JpaQueryFactory [main] Looking up query for method findAdminSlot
2024-07-16 23:47:18,641 DEBUG org.springframework.orm.jpa.SharedEntityManagerCreator$SharedEntityManagerInvocationHandler [main] Creating new EntityManager for shared EntityManager invocation
2024-07-16 23:47:18,643 DEBUG org.springframework.data.jpa.repository.query.JpaQueryFactory [main] Looking up query for method findBySlotStartTimeStampAfterOrderBySlotStartTimeStampAsc
2024-07-16 23:47:18,643 DEBUG org.springframework.data.jpa.repository.query.NamedQuery [main] Looking up named query ClubSlot.findBySlotStartTimeStampAfterOrderBySlotStartTimeStampAsc
2024-07-16 23:47:18,644 DEBUG org.hibernate.engine.transaction.internal.TransactionImpl [main] On TransactionImpl creation, JpaCompliance#isJpaTransactionComplianceEnabled == false
2024-07-16 23:47:18,644 DEBUG org.springframework.data.jpa.repository.query.NamedQuery [main] Did not find named query ClubSlot.findBySlotStartTimeStampAfterOrderBySlotStartTimeStampAsc
2024-07-16 23:47:18,645 DEBUG org.springframework.orm.jpa.SharedEntityManagerCreator$SharedEntityManagerInvocationHandler [main] Creating new EntityManager for shared EntityManager invocation
2024-07-16 23:47:18,649 DEBUG org.springframework.data.jpa.repository.query.JpaQueryFactory [main] Looking up query for method updateSlotAvailability
2024-07-16 23:47:18,650 DEBUG org.springframework.orm.jpa.SharedEntityManagerCreator$SharedEntityManagerInvocationHandler [main] Creating new EntityManager for shared EntityManager invocation
2024-07-16 23:47:18,652 DEBUG org.springframework.data.jpa.repository.query.JpaQueryFactory [main] Looking up query for method findBySlotStartTimeStampAfterAndSlotAvailableAndSlotStatusNotOrderBySlotStartTimeStampAsc
2024-07-16 23:47:18,652 DEBUG org.springframework.data.jpa.repository.query.NamedQuery [main] Looking up named query ClubSlot.findBySlotStartTimeStampAfterAndSlotAvailableAndSlotStatusNotOrderBySlotStartTimeStampAsc
2024-07-16 23:47:18,653 DEBUG org.hibernate.engine.transaction.internal.TransactionImpl [main] On TransactionImpl creation, JpaCompliance#isJpaTransactionComplianceEnabled == false
2024-07-16 23:47:18,653 DEBUG org.springframework.data.jpa.repository.query.NamedQuery [main] Did not find named query ClubSlot.findBySlotStartTimeStampAfterAndSlotAvailableAndSlotStatusNotOrderBySlotStartTimeStampAsc
2024-07-16 23:47:18,653 DEBUG org.springframework.orm.jpa.SharedEntityManagerCreator$SharedEntityManagerInvocationHandler [main] Creating new EntityManager for shared EntityManager invocation
2024-07-16 23:47:18,659 DEBUG org.springframework.data.repository.core.support.RepositoryFactorySupport [main] Finished creation of repository instance for com.booking.dao.ClubSlotDao.
2024-07-16 23:47:18,662 DEBUG org.springframework.beans.factory.support.DefaultSingletonBeanRegistry [main] Creating shared instance of singleton bean 'roleDao'
2024-07-16 23:47:18,667 DEBUG org.springframework.orm.jpa.SharedEntityManagerCreator$SharedEntityManagerInvocationHandler [main] Creating new EntityManager for shared EntityManager invocation
2024-07-16 23:47:18,669 DEBUG org.springframework.data.repository.core.support.RepositoryFactorySupport [main] Initializing repository instance for com.booking.dao.RoleDao…
2024-07-16 23:47:18,669 DEBUG org.springframework.orm.jpa.SharedEntityManagerCreator$SharedEntityManagerInvocationHandler [main] Creating new EntityManager for shared EntityManager invocation
2024-07-16 23:47:18,673 DEBUG org.springframework.data.jpa.repository.query.JpaQueryFactory [main] Looking up query for method findByName
2024-07-16 23:47:18,673 DEBUG org.springframework.data.jpa.repository.query.NamedQuery [main] Looking up named query Roles.findByName
2024-07-16 23:47:18,674 DEBUG org.hibernate.engine.transaction.internal.TransactionImpl [main] On TransactionImpl creation, JpaCompliance#isJpaTransactionComplianceEnabled == false
2024-07-16 23:47:18,674 DEBUG org.springframework.data.jpa.repository.query.NamedQuery [main] Did not find named query Roles.findByName
2024-07-16 23:47:18,674 DEBUG org.springframework.orm.jpa.SharedEntityManagerCreator$SharedEntityManagerInvocationHandler [main] Creating new EntityManager for shared EntityManager invocation
2024-07-16 23:47:18,678 DEBUG org.springframework.data.repository.core.support.RepositoryFactorySupport [main] Finished creation of repository instance for com.booking.dao.RoleDao.
2024-07-16 23:47:18,681 DEBUG org.springframework.beans.factory.support.DefaultSingletonBeanRegistry [main] Creating shared instance of singleton bean 'clubConfigDao'
2024-07-16 23:47:18,687 DEBUG org.springframework.orm.jpa.SharedEntityManagerCreator$SharedEntityManagerInvocationHandler [main] Creating new EntityManager for shared EntityManager invocation
2024-07-16 23:47:18,693 DEBUG org.springframework.data.repository.core.support.RepositoryFactorySupport [main] Initializing repository instance for com.booking.dao.ClubConfigDao…
2024-07-16 23:47:18,694 DEBUG org.springframework.orm.jpa.SharedEntityManagerCreator$SharedEntityManagerInvocationHandler [main] Creating new EntityManager for shared EntityManager invocation
2024-07-16 23:47:18,698 DEBUG org.springframework.data.jpa.repository.query.JpaQueryFactory [main] Looking up query for method findByKey
2024-07-16 23:47:18,699 DEBUG org.springframework.data.jpa.repository.query.NamedQuery [main] Looking up named query ClubConfig.findByKey
2024-07-16 23:47:18,699 DEBUG org.hibernate.engine.transaction.internal.TransactionImpl [main] On TransactionImpl creation, JpaCompliance#isJpaTransactionComplianceEnabled == false
2024-07-16 23:47:18,699 DEBUG org.springframework.data.jpa.repository.query.NamedQuery [main] Did not find named query ClubConfig.findByKey
2024-07-16 23:47:18,700 DEBUG org.springframework.orm.jpa.SharedEntityManagerCreator$SharedEntityManagerInvocationHandler [main] Creating new EntityManager for shared EntityManager invocation
2024-07-16 23:47:18,701 DEBUG org.springframework.data.jpa.repository.query.JpaQueryFactory [main] Looking up query for method findByConfigId
2024-07-16 23:47:18,702 DEBUG org.springframework.data.jpa.repository.query.NamedQuery [main] Looking up named query ClubConfig.findByConfigId
2024-07-16 23:47:18,702 DEBUG org.hibernate.engine.transaction.internal.TransactionImpl [main] On TransactionImpl creation, JpaCompliance#isJpaTransactionComplianceEnabled == false
2024-07-16 23:47:18,702 DEBUG org.springframework.data.jpa.repository.query.NamedQuery [main] Did not find named query ClubConfig.findByConfigId
2024-07-16 23:47:18,704 DEBUG org.springframework.orm.jpa.SharedEntityManagerCreator$SharedEntityManagerInvocationHandler [main] Creating new EntityManager for shared EntityManager invocation
2024-07-16 23:47:18,707 DEBUG org.springframework.data.repository.core.support.RepositoryFactorySupport [main] Finished creation of repository instance for com.booking.dao.ClubConfigDao.
2024-07-16 23:47:18,709 DEBUG org.springframework.beans.factory.support.DefaultSingletonBeanRegistry [main] Creating shared instance of singleton bean 'clubSlotBookingDao'
2024-07-16 23:47:18,714 DEBUG org.springframework.orm.jpa.SharedEntityManagerCreator$SharedEntityManagerInvocationHandler [main] Creating new EntityManager for shared EntityManager invocation
2024-07-16 23:47:18,731 DEBUG org.springframework.data.repository.core.support.RepositoryFactorySupport [main] Initializing repository instance for com.booking.dao.ClubSlotBookingDao…
2024-07-16 23:47:18,732 DEBUG org.springframework.orm.jpa.SharedEntityManagerCreator$SharedEntityManagerInvocationHandler [main] Creating new EntityManager for shared EntityManager invocation
2024-07-16 23:47:18,741 DEBUG org.springframework.data.jpa.repository.query.JpaQueryFactory [main] Looking up query for method findBySlotDate
2024-07-16 23:47:18,742 DEBUG org.springframework.data.jpa.repository.query.NamedQuery [main] Looking up named query ClubSlotBooking.findBySlotDate
2024-07-16 23:47:18,742 DEBUG org.hibernate.engine.transaction.internal.TransactionImpl [main] On TransactionImpl creation, JpaCompliance#isJpaTransactionComplianceEnabled == false
2024-07-16 23:47:18,743 DEBUG org.springframework.data.jpa.repository.query.NamedQuery [main] Did not find named query ClubSlotBooking.findBySlotDate
2024-07-16 23:47:18,743 DEBUG org.springframework.orm.jpa.SharedEntityManagerCreator$SharedEntityManagerInvocationHandler [main] Creating new EntityManager for shared EntityManager invocation
2024-07-16 23:47:18,745 DEBUG org.springframework.data.jpa.repository.query.JpaQueryFactory [main] Looking up query for method findBySlotDateAndBookingStatusNot
2024-07-16 23:47:18,745 DEBUG org.springframework.data.jpa.repository.query.NamedQuery [main] Looking up named query ClubSlotBooking.findBySlotDateAndBookingStatusNot
2024-07-16 23:47:18,746 DEBUG org.hibernate.engine.transaction.internal.TransactionImpl [main] On TransactionImpl creation, JpaCompliance#isJpaTransactionComplianceEnabled == false
2024-07-16 23:47:18,746 DEBUG org.springframework.data.jpa.repository.query.NamedQuery [main] Did not find named query ClubSlotBooking.findBySlotDateAndBookingStatusNot
2024-07-16 23:47:18,747 DEBUG org.springframework.orm.jpa.SharedEntityManagerCreator$SharedEntityManagerInvocationHandler [main] Creating new EntityManager for shared EntityManager invocation
2024-07-16 23:47:18,749 DEBUG org.springframework.data.jpa.repository.query.JpaQueryFactory [main] Looking up query for method deleteBySlotId
2024-07-16 23:47:18,751 DEBUG org.springframework.orm.jpa.SharedEntityManagerCreator$SharedEntityManagerInvocationHandler [main] Creating new EntityManager for shared EntityManager invocation
2024-07-16 23:47:18,752 DEBUG org.springframework.data.jpa.repository.query.JpaQueryFactory [main] Looking up query for method findByBookingId
2024-07-16 23:47:18,752 DEBUG org.springframework.data.jpa.repository.query.NamedQuery [main] Looking up named query ClubSlotBooking.findByBookingId
2024-07-16 23:47:18,753 DEBUG org.hibernate.engine.transaction.internal.TransactionImpl [main] On TransactionImpl creation, JpaCompliance#isJpaTransactionComplianceEnabled == false
2024-07-16 23:47:18,753 DEBUG org.springframework.data.jpa.repository.query.NamedQuery [main] Did not find named query ClubSlotBooking.findByBookingId
2024-07-16 23:47:18,754 DEBUG org.springframework.orm.jpa.SharedEntityManagerCreator$SharedEntityManagerInvocationHandler [main] Creating new EntityManager for shared EntityManager invocation
2024-07-16 23:47:18,756 DEBUG org.springframework.data.jpa.repository.query.JpaQueryFactory [main] Looking up query for method findByUserId
2024-07-16 23:47:18,756 DEBUG org.springframework.data.jpa.repository.query.NamedQuery [main] Looking up named query ClubSlotBooking.findByUserId
2024-07-16 23:47:18,757 DEBUG org.hibernate.engine.transaction.internal.TransactionImpl [main] On TransactionImpl creation, JpaCompliance#isJpaTransactionComplianceEnabled == false
2024-07-16 23:47:18,757 DEBUG org.springframework.data.jpa.repository.query.NamedQuery [main] Did not find named query ClubSlotBooking.findByUserId
2024-07-16 23:47:18,757 DEBUG org.springframework.orm.jpa.SharedEntityManagerCreator$SharedEntityManagerInvocationHandler [main] Creating new EntityManager for shared EntityManager invocation
2024-07-16 23:47:18,759 DEBUG org.springframework.data.jpa.repository.query.JpaQueryFactory [main] Looking up query for method updateApprovalStatus
2024-07-16 23:47:18,759 DEBUG org.springframework.orm.jpa.SharedEntityManagerCreator$SharedEntityManagerInvocationHandler [main] Creating new EntityManager for shared EntityManager invocation
2024-07-16 23:47:18,761 DEBUG org.springframework.data.jpa.repository.query.JpaQueryFactory [main] Looking up query for method findByPrimaryBookingIdAndBookingStatus
2024-07-16 23:47:18,761 DEBUG org.springframework.data.jpa.repository.query.NamedQuery [main] Looking up named query ClubSlotBooking.findByPrimaryBookingIdAndBookingStatus
2024-07-16 23:47:18,762 DEBUG org.hibernate.engine.transaction.internal.TransactionImpl [main] On TransactionImpl creation, JpaCompliance#isJpaTransactionComplianceEnabled == false
2024-07-16 23:47:18,762 DEBUG org.springframework.data.jpa.repository.query.NamedQuery [main] Did not find named query ClubSlotBooking.findByPrimaryBookingIdAndBookingStatus
2024-07-16 23:47:18,763 DEBUG org.springframework.orm.jpa.SharedEntityManagerCreator$SharedEntityManagerInvocationHandler [main] Creating new EntityManager for shared EntityManager invocation
2024-07-16 23:47:18,767 DEBUG org.springframework.data.repository.core.support.RepositoryFactorySupport [main] Finished creation of repository instance for com.booking.dao.ClubSlotBookingDao.
2024-07-16 23:47:18,770 INFO org.springframework.data.repository.config.DeferredRepositoryInitializationListener [main] Spring Data repositories initialized!
2024-07-16 23:47:18,793 DEBUG sun.rmi.runtime.Log$LoggerLog [RMI TCP Connection(2)-127.0.0.1] RMI TCP Connection(2)-127.0.0.1: (port 53302) op = 82
2024-07-16 23:47:18,793 DEBUG sun.rmi.runtime.Log$LoggerLog [RMI TCP Connection(2)-127.0.0.1] RMI TCP Connection(2)-127.0.0.1: (port 53302) op = 80
2024-07-16 23:47:18,794 DEBUG sun.rmi.runtime.Log$LoggerLog [RMI TCP Connection(2)-127.0.0.1] RMI TCP Connection(2)-127.0.0.1: name = "[Ljava.rmi.server.ObjID;", codebase = "", defaultLoader = jdk.internal.loader.ClassLoaders$PlatformClassLoader@29a22944
2024-07-16 23:47:18,795 DEBUG sun.rmi.runtime.Log$LoggerLog [RMI TCP Connection(2)-127.0.0.1] RMI TCP Connection(2)-127.0.0.1: name = "java.rmi.server.ObjID", codebase = "", defaultLoader = jdk.internal.loader.ClassLoaders$PlatformClassLoader@29a22944
2024-07-16 23:47:18,795 DEBUG sun.rmi.runtime.Log$LoggerLog [RMI TCP Connection(2)-127.0.0.1] RMI TCP Connection(2)-127.0.0.1: name = "java.rmi.server.UID", codebase = "", defaultLoader = jdk.internal.loader.ClassLoaders$PlatformClassLoader@29a22944
2024-07-16 23:47:18,796 DEBUG sun.rmi.runtime.Log$LoggerLog [RMI TCP Connection(2)-127.0.0.1] RMI TCP Connection(2)-127.0.0.1: name = "java.rmi.dgc.VMID", codebase = "", defaultLoader = jdk.internal.loader.ClassLoaders$PlatformClassLoader@29a22944
2024-07-16 23:47:18,798 DEBUG sun.rmi.runtime.Log$LoggerLog [RMI TCP Connection(2)-127.0.0.1] RMI TCP Connection(2)-127.0.0.1: name = "[B", codebase = "", defaultLoader = jdk.internal.loader.ClassLoaders$PlatformClassLoader@29a22944
2024-07-16 23:47:18,806 DEBUG org.springframework.boot.autoconfigure.logging.ConditionEvaluationReportLoggingListener [main] 


============================
CONDITIONS EVALUATION REPORT
============================


Positive matches:
-----------------

   AopAutoConfiguration matched:
      - @ConditionalOnProperty (spring.aop.auto=true) matched (OnPropertyCondition)

   AopAutoConfiguration.AspectJAutoProxyingConfiguration matched:
      - @ConditionalOnClass found required class 'org.aspectj.weaver.Advice' (OnClassCondition)

   AopAutoConfiguration.AspectJAutoProxyingConfiguration.CglibAutoProxyConfiguration matched:
      - @ConditionalOnProperty (spring.aop.proxy-target-class=true) matched (OnPropertyCondition)

   DataSourceAutoConfiguration matched:
      - @ConditionalOnClass found required classes 'javax.sql.DataSource', 'org.springframework.jdbc.datasource.embedded.EmbeddedDatabaseType' (OnClassCondition)
      - @ConditionalOnMissingBean (types: io.r2dbc.spi.ConnectionFactory; SearchStrategy: all) did not find any beans (OnBeanCondition)

   DataSourceAutoConfiguration.PooledDataSourceConfiguration matched:
      - AnyNestedCondition 1 matched 1 did not; NestedCondition on DataSourceAutoConfiguration.PooledDataSourceCondition.PooledDataSourceAvailable PooledDataSource found supported DataSource; NestedCondition on DataSourceAutoConfiguration.PooledDataSourceCondition.ExplicitType @ConditionalOnProperty (spring.datasource.type) did not find property 'type' (DataSourceAutoConfiguration.PooledDataSourceCondition)
      - @ConditionalOnMissingBean (types: javax.sql.DataSource,javax.sql.XADataSource; SearchStrategy: all) did not find any beans (OnBeanCondition)

   DataSourceConfiguration.Hikari matched:
      - @ConditionalOnClass found required class 'com.zaxxer.hikari.HikariDataSource' (OnClassCondition)
      - @ConditionalOnProperty (spring.datasource.type=com.zaxxer.hikari.HikariDataSource) matched (OnPropertyCondition)
      - @ConditionalOnMissingBean (types: javax.sql.DataSource; SearchStrategy: all) did not find any beans (OnBeanCondition)

   DataSourceJmxConfiguration matched:
      - @ConditionalOnProperty (spring.jmx.enabled=true) matched (OnPropertyCondition)

   DataSourceJmxConfiguration.Hikari matched:
      - @ConditionalOnClass found required class 'com.zaxxer.hikari.HikariDataSource' (OnClassCondition)
      - @ConditionalOnSingleCandidate (types: javax.sql.DataSource; SearchStrategy: all) found a primary bean from beans 'dataSource' (OnBeanCondition)

   DataSourcePoolMetadataProvidersConfiguration.HikariPoolDataSourceMetadataProviderConfiguration matched:
      - @ConditionalOnClass found required class 'com.zaxxer.hikari.HikariDataSource' (OnClassCondition)

   DataSourceTransactionManagerAutoConfiguration matched:
      - @ConditionalOnClass found required classes 'org.springframework.jdbc.core.JdbcTemplate', 'org.springframework.transaction.PlatformTransactionManager' (OnClassCondition)

   DataSourceTransactionManagerAutoConfiguration.DataSourceTransactionManagerConfiguration matched:
      - @ConditionalOnSingleCandidate (types: javax.sql.DataSource; SearchStrategy: all) found a primary bean from beans 'dataSource' (OnBeanCondition)

   DispatcherServletAutoConfiguration matched:
      - @ConditionalOnClass found required class 'org.springframework.web.servlet.DispatcherServlet' (OnClassCondition)
      - found 'session' scope (OnWebApplicationCondition)

   DispatcherServletAutoConfiguration.DispatcherServletConfiguration matched:
      - @ConditionalOnClass found required class 'javax.servlet.ServletRegistration' (OnClassCondition)
      - Default DispatcherServlet did not find dispatcher servlet beans (DispatcherServletAutoConfiguration.DefaultDispatcherServletCondition)

   DispatcherServletAutoConfiguration.DispatcherServletRegistrationConfiguration matched:
      - @ConditionalOnClass found required class 'javax.servlet.ServletRegistration' (OnClassCondition)
      - DispatcherServlet Registration did not find servlet registration bean (DispatcherServletAutoConfiguration.DispatcherServletRegistrationCondition)

   DispatcherServletAutoConfiguration.DispatcherServletRegistrationConfiguration#dispatcherServletRegistration matched:
      - @ConditionalOnBean (names: dispatcherServlet types: org.springframework.web.servlet.DispatcherServlet; SearchStrategy: all) found bean 'dispatcherServlet' (OnBeanCondition)

   EmbeddedWebServerFactoryCustomizerAutoConfiguration matched:
      - @ConditionalOnWebApplication (required) found 'session' scope (OnWebApplicationCondition)

   EmbeddedWebServerFactoryCustomizerAutoConfiguration.TomcatWebServerFactoryCustomizerConfiguration matched:
      - @ConditionalOnClass found required classes 'org.apache.catalina.startup.Tomcat', 'org.apache.coyote.UpgradeProtocol' (OnClassCondition)

   ErrorMvcAutoConfiguration matched:
      - @ConditionalOnClass found required classes 'javax.servlet.Servlet', 'org.springframework.web.servlet.DispatcherServlet' (OnClassCondition)
      - found 'session' scope (OnWebApplicationCondition)

   ErrorMvcAutoConfiguration#basicErrorController matched:
      - @ConditionalOnMissingBean (types: org.springframework.boot.web.servlet.error.ErrorController; SearchStrategy: current) did not find any beans (OnBeanCondition)

   ErrorMvcAutoConfiguration#errorAttributes matched:
      - @ConditionalOnMissingBean (types: org.springframework.boot.web.servlet.error.ErrorAttributes; SearchStrategy: current) did not find any beans (OnBeanCondition)

   ErrorMvcAutoConfiguration.DefaultErrorViewResolverConfiguration#conventionErrorViewResolver matched:
      - @ConditionalOnBean (types: org.springframework.web.servlet.DispatcherServlet; SearchStrategy: all) found bean 'dispatcherServlet'; @ConditionalOnMissingBean (types: org.springframework.boot.autoconfigure.web.servlet.error.ErrorViewResolver; SearchStrategy: all) did not find any beans (OnBeanCondition)

   ErrorMvcAutoConfiguration.WhitelabelErrorViewConfiguration matched:
      - @ConditionalOnProperty (server.error.whitelabel.enabled) matched (OnPropertyCondition)
      - ErrorTemplate Missing did not find error template view (ErrorMvcAutoConfiguration.ErrorTemplateMissingCondition)

   ErrorMvcAutoConfiguration.WhitelabelErrorViewConfiguration#beanNameViewResolver matched:
      - @ConditionalOnMissingBean (types: org.springframework.web.servlet.view.BeanNameViewResolver; SearchStrategy: all) did not find any beans (OnBeanCondition)

   ErrorMvcAutoConfiguration.WhitelabelErrorViewConfiguration#defaultErrorView matched:
      - @ConditionalOnMissingBean (names: error; SearchStrategy: all) did not find any beans (OnBeanCondition)

   GenericCacheConfiguration matched:
      - Cache org.springframework.boot.autoconfigure.cache.GenericCacheConfiguration automatic cache type (CacheCondition)

   GsonAutoConfiguration matched:
      - @ConditionalOnClass found required class 'com.google.gson.Gson' (OnClassCondition)

   GsonAutoConfiguration#gson matched:
      - @ConditionalOnMissingBean (types: com.google.gson.Gson; SearchStrategy: all) did not find any beans (OnBeanCondition)

   GsonAutoConfiguration#gsonBuilder matched:
      - @ConditionalOnMissingBean (types: com.google.gson.GsonBuilder; SearchStrategy: all) did not find any beans (OnBeanCondition)

   GsonHttpMessageConvertersConfiguration matched:
      - @ConditionalOnClass found required class 'com.google.gson.Gson' (OnClassCondition)

   HibernateJpaAutoConfiguration matched:
      - @ConditionalOnClass found required classes 'org.springframework.orm.jpa.LocalContainerEntityManagerFactoryBean', 'javax.persistence.EntityManager', 'org.hibernate.engine.spi.SessionImplementor' (OnClassCondition)

   HibernateJpaConfiguration matched:
      - @ConditionalOnSingleCandidate (types: javax.sql.DataSource; SearchStrategy: all) found a primary bean from beans 'dataSource' (OnBeanCondition)

   HttpEncodingAutoConfiguration matched:
      - @ConditionalOnClass found required class 'org.springframework.web.filter.CharacterEncodingFilter' (OnClassCondition)
      - found 'session' scope (OnWebApplicationCondition)
      - @ConditionalOnProperty (server.servlet.encoding.enabled) matched (OnPropertyCondition)

   HttpEncodingAutoConfiguration#characterEncodingFilter matched:
      - @ConditionalOnMissingBean (types: org.springframework.web.filter.CharacterEncodingFilter; SearchStrategy: all) did not find any beans (OnBeanCondition)

   HttpMessageConvertersAutoConfiguration matched:
      - @ConditionalOnClass found required class 'org.springframework.http.converter.HttpMessageConverter' (OnClassCondition)
      - NoneNestedConditions 0 matched 1 did not; NestedCondition on HttpMessageConvertersAutoConfiguration.NotReactiveWebApplicationCondition.ReactiveWebApplication did not find reactive web application classes (HttpMessageConvertersAutoConfiguration.NotReactiveWebApplicationCondition)

   HttpMessageConvertersAutoConfiguration#messageConverters matched:
      - @ConditionalOnMissingBean (types: org.springframework.boot.autoconfigure.http.HttpMessageConverters; SearchStrategy: all) did not find any beans (OnBeanCondition)

   HttpMessageConvertersAutoConfiguration.StringHttpMessageConverterConfiguration matched:
      - @ConditionalOnClass found required class 'org.springframework.http.converter.StringHttpMessageConverter' (OnClassCondition)

   HttpMessageConvertersAutoConfiguration.StringHttpMessageConverterConfiguration#stringHttpMessageConverter matched:
      - @ConditionalOnMissingBean (types: org.springframework.http.converter.StringHttpMessageConverter; SearchStrategy: all) did not find any beans (OnBeanCondition)

   JacksonAutoConfiguration matched:
      - @ConditionalOnClass found required class 'com.fasterxml.jackson.databind.ObjectMapper' (OnClassCondition)

   JacksonAutoConfiguration.Jackson2ObjectMapperBuilderCustomizerConfiguration matched:
      - @ConditionalOnClass found required class 'org.springframework.http.converter.json.Jackson2ObjectMapperBuilder' (OnClassCondition)

   JacksonAutoConfiguration.JacksonObjectMapperBuilderConfiguration matched:
      - @ConditionalOnClass found required class 'org.springframework.http.converter.json.Jackson2ObjectMapperBuilder' (OnClassCondition)

   JacksonAutoConfiguration.JacksonObjectMapperBuilderConfiguration#jacksonObjectMapperBuilder matched:
      - @ConditionalOnMissingBean (types: org.springframework.http.converter.json.Jackson2ObjectMapperBuilder; SearchStrategy: all) did not find any beans (OnBeanCondition)

   JacksonAutoConfiguration.JacksonObjectMapperConfiguration matched:
      - @ConditionalOnClass found required class 'org.springframework.http.converter.json.Jackson2ObjectMapperBuilder' (OnClassCondition)

   JacksonAutoConfiguration.JacksonObjectMapperConfiguration#jacksonObjectMapper matched:
      - @ConditionalOnMissingBean (types: com.fasterxml.jackson.databind.ObjectMapper; SearchStrategy: all) did not find any beans (OnBeanCondition)

   JacksonAutoConfiguration.ParameterNamesModuleConfiguration matched:
      - @ConditionalOnClass found required class 'com.fasterxml.jackson.module.paramnames.ParameterNamesModule' (OnClassCondition)

   JacksonAutoConfiguration.ParameterNamesModuleConfiguration#parameterNamesModule matched:
      - @ConditionalOnMissingBean (types: com.fasterxml.jackson.module.paramnames.ParameterNamesModule; SearchStrategy: all) did not find any beans (OnBeanCondition)

   JacksonHttpMessageConvertersConfiguration.MappingJackson2HttpMessageConverterConfiguration matched:
      - @ConditionalOnClass found required class 'com.fasterxml.jackson.databind.ObjectMapper' (OnClassCondition)
      - @ConditionalOnProperty (spring.mvc.converters.preferred-json-mapper=jackson) matched (OnPropertyCondition)
      - @ConditionalOnBean (types: com.fasterxml.jackson.databind.ObjectMapper; SearchStrategy: all) found bean 'jacksonObjectMapper' (OnBeanCondition)

   JacksonHttpMessageConvertersConfiguration.MappingJackson2HttpMessageConverterConfiguration#mappingJackson2HttpMessageConverter matched:
      - @ConditionalOnMissingBean (types: org.springframework.http.converter.json.MappingJackson2HttpMessageConverter ignored: org.springframework.hateoas.server.mvc.TypeConstrainedMappingJackson2HttpMessageConverter,org.springframework.data.rest.webmvc.alps.AlpsJsonHttpMessageConverter; SearchStrategy: all) did not find any beans (OnBeanCondition)

   JdbcTemplateAutoConfiguration matched:
      - @ConditionalOnClass found required classes 'javax.sql.DataSource', 'org.springframework.jdbc.core.JdbcTemplate' (OnClassCondition)
      - @ConditionalOnSingleCandidate (types: javax.sql.DataSource; SearchStrategy: all) found a primary bean from beans 'dataSource' (OnBeanCondition)

   JdbcTemplateConfiguration matched:
      - @ConditionalOnMissingBean (types: org.springframework.jdbc.core.JdbcOperations; SearchStrategy: all) did not find any beans (OnBeanCondition)

   JmxAutoConfiguration matched:
      - @ConditionalOnClass found required class 'org.springframework.jmx.export.MBeanExporter' (OnClassCondition)
      - @ConditionalOnProperty (spring.jmx.enabled=true) matched (OnPropertyCondition)

   JmxAutoConfiguration#mbeanExporter matched:
      - @ConditionalOnMissingBean (types: org.springframework.jmx.export.MBeanExporter; SearchStrategy: current) did not find any beans (OnBeanCondition)

   JmxAutoConfiguration#mbeanServer matched:
      - @ConditionalOnMissingBean (types: javax.management.MBeanServer; SearchStrategy: all) did not find any beans (OnBeanCondition)

   JmxAutoConfiguration#objectNamingStrategy matched:
      - @ConditionalOnMissingBean (types: org.springframework.jmx.export.naming.ObjectNamingStrategy; SearchStrategy: current) did not find any beans (OnBeanCondition)

   JpaBaseConfiguration#entityManagerFactory matched:
      - @ConditionalOnMissingBean (types: org.springframework.orm.jpa.LocalContainerEntityManagerFactoryBean,javax.persistence.EntityManagerFactory; SearchStrategy: all) did not find any beans (OnBeanCondition)

   JpaBaseConfiguration#entityManagerFactoryBuilder matched:
      - @ConditionalOnMissingBean (types: org.springframework.boot.orm.jpa.EntityManagerFactoryBuilder; SearchStrategy: all) did not find any beans (OnBeanCondition)

   JpaBaseConfiguration#jpaVendorAdapter matched:
      - @ConditionalOnMissingBean (types: org.springframework.orm.jpa.JpaVendorAdapter; SearchStrategy: all) did not find any beans (OnBeanCondition)

   JpaBaseConfiguration#transactionManager matched:
      - @ConditionalOnMissingBean (types: org.springframework.transaction.PlatformTransactionManager; SearchStrategy: all) did not find any beans (OnBeanCondition)

   JpaBaseConfiguration.JpaWebConfiguration matched:
      - @ConditionalOnClass found required class 'org.springframework.web.servlet.config.annotation.WebMvcConfigurer' (OnClassCondition)
      - found 'session' scope (OnWebApplicationCondition)
      - @ConditionalOnProperty (spring.jpa.open-in-view=true) matched (OnPropertyCondition)
      - @ConditionalOnMissingBean (types: org.springframework.orm.jpa.support.OpenEntityManagerInViewInterceptor,org.springframework.orm.jpa.support.OpenEntityManagerInViewFilter; SearchStrategy: all) did not find any beans (OnBeanCondition)

   JpaRepositoriesAutoConfiguration matched:
      - @ConditionalOnClass found required class 'org.springframework.data.jpa.repository.JpaRepository' (OnClassCondition)
      - @ConditionalOnProperty (spring.data.jpa.repositories.enabled=true) matched (OnPropertyCondition)
      - @ConditionalOnBean (types: javax.sql.DataSource; SearchStrategy: all) found bean 'dataSource'; @ConditionalOnMissingBean (types: org.springframework.data.jpa.repository.support.JpaRepositoryFactoryBean,org.springframework.data.jpa.repository.config.JpaRepositoryConfigExtension; SearchStrategy: all) did not find any beans (OnBeanCondition)

   JpaRepositoriesAutoConfiguration#entityManagerFactoryBootstrapExecutorCustomizer matched:
      - AnyNestedCondition 1 matched 1 did not; NestedCondition on JpaRepositoriesAutoConfiguration.BootstrapExecutorCondition.LazyBootstrapMode @ConditionalOnProperty (spring.data.jpa.repositories.bootstrap-mode=lazy) did not find property 'bootstrap-mode'; NestedCondition on JpaRepositoriesAutoConfiguration.BootstrapExecutorCondition.DeferredBootstrapMode @ConditionalOnProperty (spring.data.jpa.repositories.bootstrap-mode=deferred) matched (JpaRepositoriesAutoConfiguration.BootstrapExecutorCondition)

   JtaAutoConfiguration matched:
      - @ConditionalOnClass found required class 'javax.transaction.Transaction' (OnClassCondition)
      - @ConditionalOnProperty (spring.jta.enabled) matched (OnPropertyCondition)

   LifecycleAutoConfiguration#defaultLifecycleProcessor matched:
      - @ConditionalOnMissingBean (names: lifecycleProcessor; SearchStrategy: all) did not find any beans (OnBeanCondition)

   MailSenderAutoConfiguration matched:
      - @ConditionalOnClass found required classes 'javax.mail.internet.MimeMessage', 'javax.activation.MimeType', 'org.springframework.mail.MailSender' (OnClassCondition)
      - AnyNestedCondition 1 matched 1 did not; NestedCondition on MailSenderAutoConfiguration.MailSenderCondition.JndiNameProperty @ConditionalOnProperty (spring.mail.jndi-name) did not find property 'jndi-name'; NestedCondition on MailSenderAutoConfiguration.MailSenderCondition.HostProperty @ConditionalOnProperty (spring.mail.host) matched (MailSenderAutoConfiguration.MailSenderCondition)
      - @ConditionalOnMissingBean (types: org.springframework.mail.MailSender; SearchStrategy: all) did not find any beans (OnBeanCondition)

   MailSenderPropertiesConfiguration matched:
      - @ConditionalOnProperty (spring.mail.host) matched (OnPropertyCondition)

   MailSenderPropertiesConfiguration#mailSender matched:
      - @ConditionalOnMissingBean (types: org.springframework.mail.javamail.JavaMailSender; SearchStrategy: all) did not find any beans (OnBeanCondition)

   MultipartAutoConfiguration matched:
      - @ConditionalOnClass found required classes 'javax.servlet.Servlet', 'org.springframework.web.multipart.support.StandardServletMultipartResolver', 'javax.servlet.MultipartConfigElement' (OnClassCondition)
      - found 'session' scope (OnWebApplicationCondition)
      - @ConditionalOnProperty (spring.servlet.multipart.enabled) matched (OnPropertyCondition)

   MultipartAutoConfiguration#multipartConfigElement matched:
      - @ConditionalOnMissingBean (types: javax.servlet.MultipartConfigElement,org.springframework.web.multipart.commons.CommonsMultipartResolver; SearchStrategy: all) did not find any beans (OnBeanCondition)

   MultipartAutoConfiguration#multipartResolver matched:
      - @ConditionalOnMissingBean (types: org.springframework.web.multipart.MultipartResolver; SearchStrategy: all) did not find any beans (OnBeanCondition)

   NamedParameterJdbcTemplateConfiguration matched:
      - @ConditionalOnSingleCandidate (types: org.springframework.jdbc.core.JdbcTemplate; SearchStrategy: all) found a primary bean from beans 'jdbcTemplate'; @ConditionalOnMissingBean (types: org.springframework.jdbc.core.namedparam.NamedParameterJdbcOperations; SearchStrategy: all) did not find any beans (OnBeanCondition)

   NoOpCacheConfiguration matched:
      - Cache org.springframework.boot.autoconfigure.cache.NoOpCacheConfiguration automatic cache type (CacheCondition)

   OAuth2ResourceServerAutoConfiguration matched:
      - found 'session' scope (OnWebApplicationCondition)

   PersistenceExceptionTranslationAutoConfiguration matched:
      - @ConditionalOnClass found required class 'org.springframework.dao.annotation.PersistenceExceptionTranslationPostProcessor' (OnClassCondition)

   PersistenceExceptionTranslationAutoConfiguration#persistenceExceptionTranslationPostProcessor matched:
      - @ConditionalOnProperty (spring.dao.exceptiontranslation.enabled) matched (OnPropertyCondition)
      - @ConditionalOnMissingBean (types: org.springframework.dao.annotation.PersistenceExceptionTranslationPostProcessor; SearchStrategy: all) did not find any beans (OnBeanCondition)

   PropertyPlaceholderAutoConfiguration#propertySourcesPlaceholderConfigurer matched:
      - @ConditionalOnMissingBean (types: org.springframework.context.support.PropertySourcesPlaceholderConfigurer; SearchStrategy: current) did not find any beans (OnBeanCondition)

   RestTemplateAutoConfiguration matched:
      - @ConditionalOnClass found required class 'org.springframework.web.client.RestTemplate' (OnClassCondition)
      - NoneNestedConditions 0 matched 1 did not; NestedCondition on RestTemplateAutoConfiguration.NotReactiveWebApplicationCondition.ReactiveWebApplication did not find reactive web application classes (RestTemplateAutoConfiguration.NotReactiveWebApplicationCondition)

   RestTemplateAutoConfiguration#restTemplateBuilder matched:
      - @ConditionalOnMissingBean (types: org.springframework.boot.web.client.RestTemplateBuilder; SearchStrategy: all) did not find any beans (OnBeanCondition)

   SecurityAutoConfiguration matched:
      - @ConditionalOnClass found required class 'org.springframework.security.authentication.DefaultAuthenticationEventPublisher' (OnClassCondition)

   SecurityAutoConfiguration#authenticationEventPublisher matched:
      - @ConditionalOnMissingBean (types: org.springframework.security.authentication.AuthenticationEventPublisher; SearchStrategy: all) did not find any beans (OnBeanCondition)

   SecurityFilterAutoConfiguration matched:
      - @ConditionalOnClass found required classes 'org.springframework.security.web.context.AbstractSecurityWebApplicationInitializer', 'org.springframework.security.config.http.SessionCreationPolicy' (OnClassCondition)
      - found 'session' scope (OnWebApplicationCondition)

   SecurityFilterAutoConfiguration#securityFilterChainRegistration matched:
      - @ConditionalOnBean (names: springSecurityFilterChain; SearchStrategy: all) found bean 'springSecurityFilterChain' (OnBeanCondition)

   ServletWebServerFactoryAutoConfiguration matched:
      - @ConditionalOnClass found required class 'javax.servlet.ServletRequest' (OnClassCondition)
      - found 'session' scope (OnWebApplicationCondition)

   ServletWebServerFactoryAutoConfiguration#tomcatServletWebServerFactoryCustomizer matched:
      - @ConditionalOnClass found required class 'org.apache.catalina.startup.Tomcat' (OnClassCondition)

   ServletWebServerFactoryConfiguration.EmbeddedTomcat matched:
      - @ConditionalOnClass found required classes 'javax.servlet.Servlet', 'org.apache.catalina.startup.Tomcat', 'org.apache.coyote.UpgradeProtocol' (OnClassCondition)
      - @ConditionalOnMissingBean (types: org.springframework.boot.web.servlet.server.ServletWebServerFactory; SearchStrategy: current) did not find any beans (OnBeanCondition)

   SimpleCacheConfiguration matched:
      - Cache org.springframework.boot.autoconfigure.cache.SimpleCacheConfiguration automatic cache type (CacheCondition)

   SpringApplicationAdminJmxAutoConfiguration matched:
      - @ConditionalOnProperty (spring.application.admin.enabled=true) matched (OnPropertyCondition)

   SpringApplicationAdminJmxAutoConfiguration#springApplicationAdminRegistrar matched:
      - @ConditionalOnMissingBean (types: org.springframework.boot.admin.SpringApplicationAdminMXBeanRegistrar; SearchStrategy: all) did not find any beans (OnBeanCondition)

   SpringDataWebAutoConfiguration matched:
      - @ConditionalOnClass found required classes 'org.springframework.data.web.PageableHandlerMethodArgumentResolver', 'org.springframework.web.servlet.config.annotation.WebMvcConfigurer' (OnClassCondition)
      - found 'session' scope (OnWebApplicationCondition)
      - @ConditionalOnMissingBean (types: org.springframework.data.web.PageableHandlerMethodArgumentResolver; SearchStrategy: all) did not find any beans (OnBeanCondition)

   SpringDataWebAutoConfiguration#pageableCustomizer matched:
      - @ConditionalOnMissingBean (types: org.springframework.data.web.config.PageableHandlerMethodArgumentResolverCustomizer; SearchStrategy: all) did not find any beans (OnBeanCondition)

   SpringDataWebAutoConfiguration#sortCustomizer matched:
      - @ConditionalOnMissingBean (types: org.springframework.data.web.config.SortHandlerMethodArgumentResolverCustomizer; SearchStrategy: all) did not find any beans (OnBeanCondition)

   SpringLoggingAutoConfiguration#restTemplate matched:
      - @ConditionalOnMissingBean (types: org.springframework.web.client.RestTemplate; SearchStrategy: all) did not find any beans (OnBeanCondition)

   TaskExecutionAutoConfiguration matched:
      - @ConditionalOnClass found required class 'org.springframework.scheduling.concurrent.ThreadPoolTaskExecutor' (OnClassCondition)

   TaskExecutionAutoConfiguration#applicationTaskExecutor matched:
      - @ConditionalOnMissingBean (types: java.util.concurrent.Executor; SearchStrategy: all) did not find any beans (OnBeanCondition)

   TaskExecutionAutoConfiguration#taskExecutorBuilder matched:
      - @ConditionalOnMissingBean (types: org.springframework.boot.task.TaskExecutorBuilder; SearchStrategy: all) did not find any beans (OnBeanCondition)

   TaskSchedulingAutoConfiguration matched:
      - @ConditionalOnClass found required class 'org.springframework.scheduling.concurrent.ThreadPoolTaskScheduler' (OnClassCondition)

   TaskSchedulingAutoConfiguration#taskSchedulerBuilder matched:
      - @ConditionalOnMissingBean (types: org.springframework.boot.task.TaskSchedulerBuilder; SearchStrategy: all) did not find any beans (OnBeanCondition)

   TransactionAutoConfiguration matched:
      - @ConditionalOnClass found required class 'org.springframework.transaction.PlatformTransactionManager' (OnClassCondition)

   TransactionAutoConfiguration#platformTransactionManagerCustomizers matched:
      - @ConditionalOnMissingBean (types: org.springframework.boot.autoconfigure.transaction.TransactionManagerCustomizers; SearchStrategy: all) did not find any beans (OnBeanCondition)

   TransactionAutoConfiguration.EnableTransactionManagementConfiguration matched:
      - @ConditionalOnBean (types: org.springframework.transaction.TransactionManager; SearchStrategy: all) found bean 'transactionManager'; @ConditionalOnMissingBean (types: org.springframework.transaction.annotation.AbstractTransactionManagementConfiguration; SearchStrategy: all) did not find any beans (OnBeanCondition)

   TransactionAutoConfiguration.EnableTransactionManagementConfiguration.CglibAutoProxyConfiguration matched:
      - @ConditionalOnProperty (spring.aop.proxy-target-class=true) matched (OnPropertyCondition)

   TransactionAutoConfiguration.TransactionTemplateConfiguration matched:
      - @ConditionalOnSingleCandidate (types: org.springframework.transaction.PlatformTransactionManager; SearchStrategy: all) found a primary bean from beans 'transactionManager' (OnBeanCondition)

   TransactionAutoConfiguration.TransactionTemplateConfiguration#transactionTemplate matched:
      - @ConditionalOnMissingBean (types: org.springframework.transaction.support.TransactionOperations; SearchStrategy: all) did not find any beans (OnBeanCondition)

   WebMvcAutoConfiguration matched:
      - @ConditionalOnClass found required classes 'javax.servlet.Servlet', 'org.springframework.web.servlet.DispatcherServlet', 'org.springframework.web.servlet.config.annotation.WebMvcConfigurer' (OnClassCondition)
      - found 'session' scope (OnWebApplicationCondition)
      - @ConditionalOnMissingBean (types: org.springframework.web.servlet.config.annotation.WebMvcConfigurationSupport; SearchStrategy: all) did not find any beans (OnBeanCondition)

   WebMvcAutoConfiguration#formContentFilter matched:
      - @ConditionalOnProperty (spring.mvc.formcontent.filter.enabled) matched (OnPropertyCondition)
      - @ConditionalOnMissingBean (types: org.springframework.web.filter.FormContentFilter; SearchStrategy: all) did not find any beans (OnBeanCondition)

   WebMvcAutoConfiguration.WebMvcAutoConfigurationAdapter#defaultViewResolver matched:
      - @ConditionalOnMissingBean (types: org.springframework.web.servlet.view.InternalResourceViewResolver; SearchStrategy: all) did not find any beans (OnBeanCondition)

   WebMvcAutoConfiguration.WebMvcAutoConfigurationAdapter#requestContextFilter matched:
      - @ConditionalOnMissingBean (types: org.springframework.web.context.request.RequestContextListener,org.springframework.web.filter.RequestContextFilter; SearchStrategy: all) did not find any beans (OnBeanCondition)

   WebMvcAutoConfiguration.WebMvcAutoConfigurationAdapter#viewResolver matched:
      - @ConditionalOnBean (types: org.springframework.web.servlet.ViewResolver; SearchStrategy: all) found beans 'defaultViewResolver', 'beanNameViewResolver', 'mvcViewResolver'; @ConditionalOnMissingBean (names: viewResolver types: org.springframework.web.servlet.view.ContentNegotiatingViewResolver; SearchStrategy: all) did not find any beans (OnBeanCondition)

   WebSocketServletAutoConfiguration matched:
      - @ConditionalOnClass found required classes 'javax.servlet.Servlet', 'javax.websocket.server.ServerContainer' (OnClassCondition)
      - found 'session' scope (OnWebApplicationCondition)

   WebSocketServletAutoConfiguration.TomcatWebSocketConfiguration matched:
      - @ConditionalOnClass found required classes 'org.apache.catalina.startup.Tomcat', 'org.apache.tomcat.websocket.server.WsSci' (OnClassCondition)

   WebSocketServletAutoConfiguration.TomcatWebSocketConfiguration#websocketServletWebServerCustomizer matched:
      - @ConditionalOnMissingBean (names: websocketServletWebServerCustomizer; SearchStrategy: all) did not find any beans (OnBeanCondition)


Negative matches:
-----------------

   ActiveMQAutoConfiguration:
      Did not match:
         - @ConditionalOnClass did not find required class 'javax.jms.ConnectionFactory' (OnClassCondition)

   AopAutoConfiguration.AspectJAutoProxyingConfiguration.JdkDynamicAutoProxyConfiguration:
      Did not match:
         - @ConditionalOnProperty (spring.aop.proxy-target-class=false) did not find property 'proxy-target-class' (OnPropertyCondition)

   AopAutoConfiguration.ClassProxyingConfiguration:
      Did not match:
         - @ConditionalOnMissingClass found unwanted class 'org.aspectj.weaver.Advice' (OnClassCondition)

   ArtemisAutoConfiguration:
      Did not match:
         - @ConditionalOnClass did not find required class 'javax.jms.ConnectionFactory' (OnClassCondition)

   AtomikosJtaConfiguration:
      Did not match:
         - @ConditionalOnClass did not find required class 'com.atomikos.icatch.jta.UserTransactionManager' (OnClassCondition)

   BatchAutoConfiguration:
      Did not match:
         - @ConditionalOnClass did not find required class 'org.springframework.batch.core.launch.JobLauncher' (OnClassCondition)

   BitronixJtaConfiguration:
      Did not match:
         - @ConditionalOnClass did not find required class 'bitronix.tm.jndi.BitronixContext' (OnClassCondition)

   CacheAutoConfiguration:
      Did not match:
         - @ConditionalOnBean (types: org.springframework.cache.interceptor.CacheAspectSupport; SearchStrategy: all) did not find any beans of type org.springframework.cache.interceptor.CacheAspectSupport (OnBeanCondition)
      Matched:
         - @ConditionalOnClass found required class 'org.springframework.cache.CacheManager' (OnClassCondition)

   CacheAutoConfiguration.CacheManagerEntityManagerFactoryDependsOnPostProcessor:
      Did not match:
         - Ancestor org.springframework.boot.autoconfigure.cache.CacheAutoConfiguration did not match (ConditionEvaluationReport.AncestorsMatchedCondition)
      Matched:
         - @ConditionalOnClass found required class 'org.springframework.orm.jpa.LocalContainerEntityManagerFactoryBean' (OnClassCondition)

   CaffeineCacheConfiguration:
      Did not match:
         - @ConditionalOnClass did not find required class 'com.github.benmanes.caffeine.cache.Caffeine' (OnClassCondition)

   CassandraAutoConfiguration:
      Did not match:
         - @ConditionalOnClass did not find required class 'com.datastax.oss.driver.api.core.CqlSession' (OnClassCondition)

   CassandraDataAutoConfiguration:
      Did not match:
         - @ConditionalOnClass did not find required class 'com.datastax.oss.driver.api.core.CqlSession' (OnClassCondition)

   CassandraReactiveDataAutoConfiguration:
      Did not match:
         - @ConditionalOnClass did not find required class 'com.datastax.oss.driver.api.core.CqlSession' (OnClassCondition)

   CassandraReactiveRepositoriesAutoConfiguration:
      Did not match:
         - @ConditionalOnClass did not find required class 'org.springframework.data.cassandra.ReactiveSession' (OnClassCondition)

   CassandraRepositoriesAutoConfiguration:
      Did not match:
         - @ConditionalOnClass did not find required class 'com.datastax.oss.driver.api.core.CqlSession' (OnClassCondition)

   ClientHttpConnectorAutoConfiguration:
      Did not match:
         - @ConditionalOnClass did not find required class 'org.springframework.web.reactive.function.client.WebClient' (OnClassCondition)

   CodecsAutoConfiguration:
      Did not match:
         - @ConditionalOnClass did not find required class 'org.springframework.web.reactive.function.client.WebClient' (OnClassCondition)

   CouchbaseAutoConfiguration:
      Did not match:
         - @ConditionalOnClass did not find required class 'com.couchbase.client.java.Cluster' (OnClassCondition)

   CouchbaseCacheConfiguration:
      Did not match:
         - @ConditionalOnClass did not find required class 'com.couchbase.client.java.Cluster' (OnClassCondition)

   CouchbaseDataAutoConfiguration:
      Did not match:
         - @ConditionalOnClass did not find required class 'com.couchbase.client.java.Bucket' (OnClassCondition)

   CouchbaseReactiveDataAutoConfiguration:
      Did not match:
         - @ConditionalOnClass did not find required class 'com.couchbase.client.java.Cluster' (OnClassCondition)

   CouchbaseReactiveRepositoriesAutoConfiguration:
      Did not match:
         - @ConditionalOnClass did not find required class 'com.couchbase.client.java.Cluster' (OnClassCondition)

   CouchbaseRepositoriesAutoConfiguration:
      Did not match:
         - @ConditionalOnClass did not find required class 'com.couchbase.client.java.Bucket' (OnClassCondition)

   DataSourceAutoConfiguration.EmbeddedDatabaseConfiguration:
      Did not match:
         - EmbeddedDataSource spring.datasource.url is set (DataSourceAutoConfiguration.EmbeddedDatabaseCondition)

   DataSourceConfiguration.Dbcp2:
      Did not match:
         - @ConditionalOnClass did not find required class 'org.apache.commons.dbcp2.BasicDataSource' (OnClassCondition)

   DataSourceConfiguration.Generic:
      Did not match:
         - @ConditionalOnProperty (spring.datasource.type) did not find property 'spring.datasource.type' (OnPropertyCondition)

   DataSourceConfiguration.Tomcat:
      Did not match:
         - @ConditionalOnClass did not find required class 'org.apache.tomcat.jdbc.pool.DataSource' (OnClassCondition)

   DataSourceJmxConfiguration.TomcatDataSourceJmxConfiguration:
      Did not match:
         - @ConditionalOnClass did not find required class 'org.apache.tomcat.jdbc.pool.DataSourceProxy' (OnClassCondition)

   DataSourcePoolMetadataProvidersConfiguration.CommonsDbcp2PoolDataSourceMetadataProviderConfiguration:
      Did not match:
         - @ConditionalOnClass did not find required class 'org.apache.commons.dbcp2.BasicDataSource' (OnClassCondition)

   DataSourcePoolMetadataProvidersConfiguration.TomcatDataSourcePoolMetadataProviderConfiguration:
      Did not match:
         - @ConditionalOnClass did not find required class 'org.apache.tomcat.jdbc.pool.DataSource' (OnClassCondition)

   DataSourceTransactionManagerAutoConfiguration.DataSourceTransactionManagerConfiguration#transactionManager:
      Did not match:
         - @ConditionalOnMissingBean (types: org.springframework.transaction.PlatformTransactionManager; SearchStrategy: all) found beans of type 'org.springframework.transaction.PlatformTransactionManager' transactionManager (OnBeanCondition)

   DispatcherServletAutoConfiguration.DispatcherServletConfiguration#multipartResolver:
      Did not match:
         - @ConditionalOnBean (types: org.springframework.web.multipart.MultipartResolver; SearchStrategy: all) did not find any beans of type org.springframework.web.multipart.MultipartResolver (OnBeanCondition)

   EhCacheCacheConfiguration:
      Did not match:
         - @ConditionalOnClass did not find required class 'net.sf.ehcache.Cache' (OnClassCondition)

   ElasticsearchDataAutoConfiguration:
      Did not match:
         - @ConditionalOnClass did not find required class 'org.springframework.data.elasticsearch.core.ElasticsearchTemplate' (OnClassCondition)

   ElasticsearchRepositoriesAutoConfiguration:
      Did not match:
         - @ConditionalOnClass did not find required class 'org.elasticsearch.client.Client' (OnClassCondition)

   ElasticsearchRestClientAutoConfiguration:
      Did not match:
         - @ConditionalOnClass did not find required class 'org.elasticsearch.client.RestClient' (OnClassCondition)

   EmbeddedLdapAutoConfiguration:
      Did not match:
         - @ConditionalOnClass did not find required class 'com.unboundid.ldap.listener.InMemoryDirectoryServer' (OnClassCondition)

   EmbeddedMongoAutoConfiguration:
      Did not match:
         - @ConditionalOnClass did not find required class 'com.mongodb.MongoClientSettings' (OnClassCondition)

   EmbeddedWebServerFactoryCustomizerAutoConfiguration.JettyWebServerFactoryCustomizerConfiguration:
      Did not match:
         - @ConditionalOnClass did not find required classes 'org.eclipse.jetty.server.Server', 'org.eclipse.jetty.util.Loader', 'org.eclipse.jetty.webapp.WebAppContext' (OnClassCondition)

   EmbeddedWebServerFactoryCustomizerAutoConfiguration.NettyWebServerFactoryCustomizerConfiguration:
      Did not match:
         - @ConditionalOnClass did not find required class 'reactor.netty.http.server.HttpServer' (OnClassCondition)

   EmbeddedWebServerFactoryCustomizerAutoConfiguration.UndertowWebServerFactoryCustomizerConfiguration:
      Did not match:
         - @ConditionalOnClass did not find required classes 'io.undertow.Undertow', 'org.xnio.SslClientAuthMode' (OnClassCondition)

   ErrorWebFluxAutoConfiguration:
      Did not match:
         - @ConditionalOnClass did not find required class 'org.springframework.web.reactive.config.WebFluxConfigurer' (OnClassCondition)

   FlywayAutoConfiguration:
      Did not match:
         - @ConditionalOnClass did not find required class 'org.flywaydb.core.Flyway' (OnClassCondition)

   FreeMarkerAutoConfiguration:
      Did not match:
         - @ConditionalOnClass did not find required class 'freemarker.template.Configuration' (OnClassCondition)

   GroovyTemplateAutoConfiguration:
      Did not match:
         - @ConditionalOnClass did not find required class 'groovy.text.markup.MarkupTemplateEngine' (OnClassCondition)

   GsonHttpMessageConvertersConfiguration.GsonHttpMessageConverterConfiguration:
      Did not match:
         - AnyNestedCondition 0 matched 2 did not; NestedCondition on GsonHttpMessageConvertersConfiguration.PreferGsonOrJacksonAndJsonbUnavailableCondition.JacksonJsonbUnavailable NoneNestedConditions 1 matched 1 did not; NestedCondition on GsonHttpMessageConvertersConfiguration.JacksonAndJsonbUnavailableCondition.JsonbPreferred @ConditionalOnProperty (spring.mvc.converters.preferred-json-mapper=jsonb) did not find property 'spring.mvc.converters.preferred-json-mapper'; NestedCondition on GsonHttpMessageConvertersConfiguration.JacksonAndJsonbUnavailableCondition.JacksonAvailable @ConditionalOnBean (types: org.springframework.http.converter.json.MappingJackson2HttpMessageConverter; SearchStrategy: all) found bean 'mappingJackson2HttpMessageConverter'; NestedCondition on GsonHttpMessageConvertersConfiguration.PreferGsonOrJacksonAndJsonbUnavailableCondition.GsonPreferred @ConditionalOnProperty (spring.mvc.converters.preferred-json-mapper=gson) did not find property 'spring.mvc.converters.preferred-json-mapper' (GsonHttpMessageConvertersConfiguration.PreferGsonOrJacksonAndJsonbUnavailableCondition)

   H2ConsoleAutoConfiguration:
      Did not match:
         - @ConditionalOnClass did not find required class 'org.h2.server.web.WebServlet' (OnClassCondition)

   HazelcastAutoConfiguration:
      Did not match:
         - @ConditionalOnClass did not find required class 'com.hazelcast.core.HazelcastInstance' (OnClassCondition)

   HazelcastCacheConfiguration:
      Did not match:
         - @ConditionalOnClass did not find required class 'com.hazelcast.core.HazelcastInstance' (OnClassCondition)

   HazelcastJpaDependencyAutoConfiguration:
      Did not match:
         - @ConditionalOnClass did not find required class 'com.hazelcast.core.HazelcastInstance' (OnClassCondition)

   HttpHandlerAutoConfiguration:
      Did not match:
         - @ConditionalOnClass did not find required class 'org.springframework.web.reactive.DispatcherHandler' (OnClassCondition)

   HypermediaAutoConfiguration:
      Did not match:
         - @ConditionalOnClass did not find required class 'org.springframework.hateoas.EntityModel' (OnClassCondition)

   InfinispanCacheConfiguration:
      Did not match:
         - @ConditionalOnClass did not find required class 'org.infinispan.spring.embedded.provider.SpringEmbeddedCacheManager' (OnClassCondition)

   InfluxDbAutoConfiguration:
      Did not match:
         - @ConditionalOnClass did not find required class 'org.influxdb.InfluxDB' (OnClassCondition)

   IntegrationAutoConfiguration:
      Did not match:
         - @ConditionalOnClass did not find required class 'org.springframework.integration.config.EnableIntegration' (OnClassCondition)

   JCacheCacheConfiguration:
      Did not match:
         - @ConditionalOnClass did not find required class 'javax.cache.Caching' (OnClassCondition)

   JacksonHttpMessageConvertersConfiguration.MappingJackson2XmlHttpMessageConverterConfiguration:
      Did not match:
         - @ConditionalOnClass did not find required class 'com.fasterxml.jackson.dataformat.xml.XmlMapper' (OnClassCondition)

   JdbcRepositoriesAutoConfiguration:
      Did not match:
         - @ConditionalOnClass did not find required class 'org.springframework.data.jdbc.repository.config.AbstractJdbcConfiguration' (OnClassCondition)

   JerseyAutoConfiguration:
      Did not match:
         - @ConditionalOnClass did not find required class 'org.glassfish.jersey.server.spring.SpringComponentProvider' (OnClassCondition)

   JmsAutoConfiguration:
      Did not match:
         - @ConditionalOnClass did not find required class 'javax.jms.Message' (OnClassCondition)

   JndiConnectionFactoryAutoConfiguration:
      Did not match:
         - @ConditionalOnClass did not find required class 'org.springframework.jms.core.JmsTemplate' (OnClassCondition)

   JndiDataSourceAutoConfiguration:
      Did not match:
         - @ConditionalOnProperty (spring.datasource.jndi-name) did not find property 'jndi-name' (OnPropertyCondition)
      Matched:
         - @ConditionalOnClass found required classes 'javax.sql.DataSource', 'org.springframework.jdbc.datasource.embedded.EmbeddedDatabaseType' (OnClassCondition)

   JndiJtaConfiguration:
      Did not match:
         - @ConditionalOnJndi JNDI environment is not available (OnJndiCondition)
      Matched:
         - @ConditionalOnClass found required class 'org.springframework.transaction.jta.JtaTransactionManager' (OnClassCondition)

   JooqAutoConfiguration:
      Did not match:
         - @ConditionalOnClass did not find required class 'org.jooq.DSLContext' (OnClassCondition)

   JsonbAutoConfiguration:
      Did not match:
         - @ConditionalOnClass did not find required class 'javax.json.bind.Jsonb' (OnClassCondition)

   JsonbHttpMessageConvertersConfiguration:
      Did not match:
         - @ConditionalOnClass did not find required class 'javax.json.bind.Jsonb' (OnClassCondition)

   KafkaAutoConfiguration:
      Did not match:
         - @ConditionalOnClass did not find required class 'org.springframework.kafka.core.KafkaTemplate' (OnClassCondition)

   LdapAutoConfiguration:
      Did not match:
         - @ConditionalOnClass did not find required class 'org.springframework.ldap.core.ContextSource' (OnClassCondition)

   LdapRepositoriesAutoConfiguration:
      Did not match:
         - @ConditionalOnClass did not find required class 'org.springframework.data.ldap.repository.LdapRepository' (OnClassCondition)

   LiquibaseAutoConfiguration:
      Did not match:
         - @ConditionalOnClass did not find required class 'liquibase.change.DatabaseChange' (OnClassCondition)

   MailSenderJndiConfiguration:
      Did not match:
         - @ConditionalOnProperty (spring.mail.jndi-name) did not find property 'jndi-name' (OnPropertyCondition)
      Matched:
         - @ConditionalOnClass found required class 'javax.mail.Session' (OnClassCondition)

   MailSenderValidatorAutoConfiguration:
      Did not match:
         - @ConditionalOnProperty (spring.mail.test-connection) did not find property 'test-connection' (OnPropertyCondition)

   MessageSourceAutoConfiguration:
      Did not match:
         - ResourceBundle did not find bundle with basename messages (MessageSourceAutoConfiguration.ResourceBundleCondition)

   MongoAutoConfiguration:
      Did not match:
         - @ConditionalOnClass did not find required class 'com.mongodb.client.MongoClient' (OnClassCondition)

   MongoDataAutoConfiguration:
      Did not match:
         - @ConditionalOnClass did not find required class 'com.mongodb.client.MongoClient' (OnClassCondition)

   MongoReactiveAutoConfiguration:
      Did not match:
         - @ConditionalOnClass did not find required class 'com.mongodb.reactivestreams.client.MongoClient' (OnClassCondition)

   MongoReactiveDataAutoConfiguration:
      Did not match:
         - @ConditionalOnClass did not find required class 'com.mongodb.reactivestreams.client.MongoClient' (OnClassCondition)

   MongoReactiveRepositoriesAutoConfiguration:
      Did not match:
         - @ConditionalOnClass did not find required class 'com.mongodb.reactivestreams.client.MongoClient' (OnClassCondition)

   MongoRepositoriesAutoConfiguration:
      Did not match:
         - @ConditionalOnClass did not find required class 'com.mongodb.client.MongoClient' (OnClassCondition)

   MustacheAutoConfiguration:
      Did not match:
         - @ConditionalOnClass did not find required class 'com.samskivert.mustache.Mustache' (OnClassCondition)

   Neo4jDataAutoConfiguration:
      Did not match:
         - @ConditionalOnClass did not find required class 'org.neo4j.ogm.session.SessionFactory' (OnClassCondition)

   Neo4jRepositoriesAutoConfiguration:
      Did not match:
         - @ConditionalOnClass did not find required class 'org.neo4j.ogm.session.Neo4jSession' (OnClassCondition)

   OAuth2ClientAutoConfiguration:
      Did not match:
         - @ConditionalOnClass did not find required class 'org.springframework.security.oauth2.client.registration.ClientRegistration' (OnClassCondition)

   Oauth2ResourceServerConfiguration.JwtConfiguration:
      Did not match:
         - @ConditionalOnClass did not find required classes 'org.springframework.security.oauth2.server.resource.authentication.JwtAuthenticationToken', 'org.springframework.security.oauth2.jwt.JwtDecoder' (OnClassCondition)

   Oauth2ResourceServerConfiguration.OpaqueTokenConfiguration:
      Did not match:
         - @ConditionalOnClass did not find required classes 'org.springframework.security.oauth2.server.resource.BearerTokenAuthenticationToken', 'org.springframework.security.oauth2.server.resource.introspection.OpaqueTokenIntrospector' (OnClassCondition)

   ProjectInfoAutoConfiguration#buildProperties:
      Did not match:
         - @ConditionalOnResource did not find resource '${spring.info.build.location:classpath:META-INF/build-info.properties}' (OnResourceCondition)

   ProjectInfoAutoConfiguration#gitProperties:
      Did not match:
         - GitResource did not find git info at classpath:git.properties (ProjectInfoAutoConfiguration.GitResourceAvailableCondition)

   QuartzAutoConfiguration:
      Did not match:
         - @ConditionalOnClass did not find required class 'org.quartz.Scheduler' (OnClassCondition)

   R2dbcAutoConfiguration:
      Did not match:
         - @ConditionalOnClass did not find required class 'io.r2dbc.spi.ConnectionFactory' (OnClassCondition)

   R2dbcDataAutoConfiguration:
      Did not match:
         - @ConditionalOnClass did not find required class 'org.springframework.data.r2dbc.core.DatabaseClient' (OnClassCondition)

   R2dbcRepositoriesAutoConfiguration:
      Did not match:
         - @ConditionalOnClass did not find required class 'io.r2dbc.spi.ConnectionFactory' (OnClassCondition)

   R2dbcTransactionManagerAutoConfiguration:
      Did not match:
         - @ConditionalOnClass did not find required class 'org.springframework.data.r2dbc.connectionfactory.R2dbcTransactionManager' (OnClassCondition)

   RSocketMessagingAutoConfiguration:
      Did not match:
         - @ConditionalOnClass did not find required class 'io.rsocket.RSocketFactory' (OnClassCondition)

   RSocketRequesterAutoConfiguration:
      Did not match:
         - @ConditionalOnClass did not find required class 'io.rsocket.RSocketFactory' (OnClassCondition)

   RSocketSecurityAutoConfiguration:
      Did not match:
         - @ConditionalOnClass did not find required class 'org.springframework.security.rsocket.core.SecuritySocketAcceptorInterceptor' (OnClassCondition)

   RSocketServerAutoConfiguration:
      Did not match:
         - @ConditionalOnClass did not find required class 'io.rsocket.core.RSocketServer' (OnClassCondition)

   RSocketStrategiesAutoConfiguration:
      Did not match:
         - @ConditionalOnClass did not find required class 'io.netty.buffer.PooledByteBufAllocator' (OnClassCondition)

   RabbitAutoConfiguration:
      Did not match:
         - @ConditionalOnClass did not find required class 'com.rabbitmq.client.Channel' (OnClassCondition)

   ReactiveElasticsearchRepositoriesAutoConfiguration:
      Did not match:
         - @ConditionalOnClass did not find required class 'org.springframework.data.elasticsearch.client.reactive.ReactiveElasticsearchClient' (OnClassCondition)

   ReactiveElasticsearchRestClientAutoConfiguration:
      Did not match:
         - @ConditionalOnClass did not find required class 'reactor.netty.http.client.HttpClient' (OnClassCondition)

   ReactiveOAuth2ClientAutoConfiguration:
      Did not match:
         - @ConditionalOnClass did not find required class 'reactor.core.publisher.Flux' (OnClassCondition)

   ReactiveOAuth2ResourceServerAutoConfiguration:
      Did not match:
         - @ConditionalOnWebApplication did not find reactive web application classes (OnWebApplicationCondition)

   ReactiveSecurityAutoConfiguration:
      Did not match:
         - @ConditionalOnClass did not find required class 'reactor.core.publisher.Flux' (OnClassCondition)

   ReactiveUserDetailsServiceAutoConfiguration:
      Did not match:
         - AnyNestedCondition 0 matched 2 did not; NestedCondition on ReactiveUserDetailsServiceAutoConfiguration.ReactiveUserDetailsServiceCondition.ReactiveWebApplicationCondition did not find reactive web application classes; NestedCondition on ReactiveUserDetailsServiceAutoConfiguration.ReactiveUserDetailsServiceCondition.RSocketSecurityEnabledCondition @ConditionalOnBean (types: org.springframework.messaging.rsocket.annotation.support.RSocketMessageHandler; SearchStrategy: all) did not find any beans of type org.springframework.messaging.rsocket.annotation.support.RSocketMessageHandler (ReactiveUserDetailsServiceAutoConfiguration.ReactiveUserDetailsServiceCondition)
      Matched:
         - @ConditionalOnClass found required class 'org.springframework.security.authentication.ReactiveAuthenticationManager' (OnClassCondition)

   ReactiveWebServerFactoryAutoConfiguration:
      Did not match:
         - @ConditionalOnWebApplication did not find reactive web application classes (OnWebApplicationCondition)

   RedisAutoConfiguration:
      Did not match:
         - @ConditionalOnClass did not find required class 'org.springframework.data.redis.core.RedisOperations' (OnClassCondition)

   RedisCacheConfiguration:
      Did not match:
         - @ConditionalOnClass did not find required class 'org.springframework.data.redis.connection.RedisConnectionFactory' (OnClassCondition)

   RedisReactiveAutoConfiguration:
      Did not match:
         - @ConditionalOnClass did not find required class 'reactor.core.publisher.Flux' (OnClassCondition)

   RedisRepositoriesAutoConfiguration:
      Did not match:
         - @ConditionalOnClass did not find required class 'org.springframework.data.redis.repository.configuration.EnableRedisRepositories' (OnClassCondition)

   RepositoryRestMvcAutoConfiguration:
      Did not match:
         - @ConditionalOnClass did not find required class 'org.springframework.data.rest.webmvc.config.RepositoryRestMvcConfiguration' (OnClassCondition)

   Saml2RelyingPartyAutoConfiguration:
      Did not match:
         - @ConditionalOnClass did not find required class 'org.springframework.security.saml2.provider.service.registration.RelyingPartyRegistrationRepository' (OnClassCondition)

   SecurityDataConfiguration:
      Did not match:
         - @ConditionalOnClass did not find required class 'org.springframework.security.data.repository.query.SecurityEvaluationContextExtension' (OnClassCondition)

   SendGridAutoConfiguration:
      Did not match:
         - @ConditionalOnClass did not find required class 'com.sendgrid.SendGrid' (OnClassCondition)

   ServletWebServerFactoryAutoConfiguration#forwardedHeaderFilter:
      Did not match:
         - @ConditionalOnProperty (server.forward-headers-strategy=framework) did not find property 'server.forward-headers-strategy' (OnPropertyCondition)

   ServletWebServerFactoryConfiguration.EmbeddedJetty:
      Did not match:
         - @ConditionalOnClass did not find required classes 'org.eclipse.jetty.server.Server', 'org.eclipse.jetty.util.Loader', 'org.eclipse.jetty.webapp.WebAppContext' (OnClassCondition)

   ServletWebServerFactoryConfiguration.EmbeddedUndertow:
      Did not match:
         - @ConditionalOnClass did not find required classes 'io.undertow.Undertow', 'org.xnio.SslClientAuthMode' (OnClassCondition)

   SessionAutoConfiguration:
      Did not match:
         - @ConditionalOnClass did not find required class 'org.springframework.session.Session' (OnClassCondition)

   SolrAutoConfiguration:
      Did not match:
         - @ConditionalOnClass did not find required class 'org.apache.solr.client.solrj.impl.CloudSolrClient' (OnClassCondition)

   SolrRepositoriesAutoConfiguration:
      Did not match:
         - @ConditionalOnClass did not find required class 'org.apache.solr.client.solrj.SolrClient' (OnClassCondition)

   SpringBootWebSecurityConfiguration:
      Did not match:
         - @ConditionalOnMissingBean (types: org.springframework.security.config.annotation.web.configuration.WebSecurityConfigurerAdapter; SearchStrategy: all) found beans of type 'org.springframework.security.config.annotation.web.configuration.WebSecurityConfigurerAdapter' webSecurityConfig (OnBeanCondition)
      Matched:
         - @ConditionalOnClass found required class 'org.springframework.security.config.annotation.web.configuration.WebSecurityConfigurerAdapter' (OnClassCondition)
         - found 'session' scope (OnWebApplicationCondition)

   SpringLoggingAutoConfiguration#logstashAppender:
      Did not match:
         - @ConditionalOnProperty (logging.logstash.enabled) did not find property 'logging.logstash.enabled' (OnPropertyCondition)

   TaskSchedulingAutoConfiguration#taskScheduler:
      Did not match:
         - @ConditionalOnBean (names: org.springframework.context.annotation.internalScheduledAnnotationProcessor; SearchStrategy: all) did not find any beans named org.springframework.context.annotation.internalScheduledAnnotationProcessor (OnBeanCondition)

   ThymeleafAutoConfiguration:
      Did not match:
         - @ConditionalOnClass did not find required class 'org.thymeleaf.spring5.SpringTemplateEngine' (OnClassCondition)

   TransactionAutoConfiguration#transactionalOperator:
      Did not match:
         - @ConditionalOnSingleCandidate (types: org.springframework.transaction.ReactiveTransactionManager; SearchStrategy: all) did not find any beans (OnBeanCondition)

   TransactionAutoConfiguration.EnableTransactionManagementConfiguration.JdkDynamicAutoProxyConfiguration:
      Did not match:
         - @ConditionalOnProperty (spring.aop.proxy-target-class=false) did not find property 'proxy-target-class' (OnPropertyCondition)

   UserDetailsServiceAutoConfiguration:
      Did not match:
         - @ConditionalOnMissingBean (types: org.springframework.security.authentication.AuthenticationManager,org.springframework.security.authentication.AuthenticationProvider,org.springframework.security.core.userdetails.UserDetailsService,org.springframework.security.oauth2.jwt.JwtDecoder,org.springframework.security.oauth2.server.resource.introspection.OpaqueTokenIntrospector; SearchStrategy: all) found beans of type 'org.springframework.security.authentication.AuthenticationManager' authenticationManagerBean and found beans of type 'org.springframework.security.core.userdetails.UserDetailsService' userService (OnBeanCondition)
      Matched:
         - @ConditionalOnClass found required class 'org.springframework.security.authentication.AuthenticationManager' (OnClassCondition)

   ValidationAutoConfiguration:
      Did not match:
         - @ConditionalOnClass did not find required class 'javax.validation.executable.ExecutableValidator' (OnClassCondition)

   WebClientAutoConfiguration:
      Did not match:
         - @ConditionalOnClass did not find required class 'org.springframework.web.reactive.function.client.WebClient' (OnClassCondition)

   WebFluxAutoConfiguration:
      Did not match:
         - @ConditionalOnClass did not find required class 'org.springframework.web.reactive.config.WebFluxConfigurer' (OnClassCondition)

   WebMvcAutoConfiguration#hiddenHttpMethodFilter:
      Did not match:
         - @ConditionalOnProperty (spring.mvc.hiddenmethod.filter.enabled) did not find property 'enabled' (OnPropertyCondition)

   WebMvcAutoConfiguration.ResourceChainCustomizerConfiguration:
      Did not match:
         - @ConditionalOnEnabledResourceChain did not find class org.webjars.WebJarAssetLocator (OnEnabledResourceChainCondition)

   WebMvcAutoConfiguration.WebMvcAutoConfigurationAdapter#beanNameViewResolver:
      Did not match:
         - @ConditionalOnMissingBean (types: org.springframework.web.servlet.view.BeanNameViewResolver; SearchStrategy: all) found beans of type 'org.springframework.web.servlet.view.BeanNameViewResolver' beanNameViewResolver (OnBeanCondition)

   WebMvcAutoConfiguration.WebMvcAutoConfigurationAdapter#localeResolver:
      Did not match:
         - @ConditionalOnProperty (spring.mvc.locale) did not find property 'locale' (OnPropertyCondition)

   WebSecurityEnablerConfiguration:
      Did not match:
         - @ConditionalOnMissingBean (names: springSecurityFilterChain; SearchStrategy: all) found beans named springSecurityFilterChain (OnBeanCondition)
      Matched:
         - found 'session' scope (OnWebApplicationCondition)

   WebServiceTemplateAutoConfiguration:
      Did not match:
         - @ConditionalOnClass did not find required class 'org.springframework.oxm.Marshaller' (OnClassCondition)

   WebServicesAutoConfiguration:
      Did not match:
         - @ConditionalOnClass did not find required class 'org.springframework.ws.transport.http.MessageDispatcherServlet' (OnClassCondition)

   WebSocketMessagingAutoConfiguration:
      Did not match:
         - @ConditionalOnClass did not find required class 'org.springframework.web.socket.config.annotation.WebSocketMessageBrokerConfigurer' (OnClassCondition)

   WebSocketReactiveAutoConfiguration:
      Did not match:
         - @ConditionalOnWebApplication did not find reactive web application classes (OnWebApplicationCondition)

   WebSocketServletAutoConfiguration.JettyWebSocketConfiguration:
      Did not match:
         - @ConditionalOnClass did not find required class 'org.eclipse.jetty.websocket.jsr356.server.deploy.WebSocketServerContainerInitializer' (OnClassCondition)

   WebSocketServletAutoConfiguration.UndertowWebSocketConfiguration:
      Did not match:
         - @ConditionalOnClass did not find required class 'io.undertow.websockets.jsr.Bootstrap' (OnClassCondition)

   XADataSourceAutoConfiguration:
      Did not match:
         - @ConditionalOnBean (types: org.springframework.boot.jdbc.XADataSourceWrapper; SearchStrategy: all) did not find any beans of type org.springframework.boot.jdbc.XADataSourceWrapper (OnBeanCondition)
      Matched:
         - @ConditionalOnClass found required classes 'javax.sql.DataSource', 'javax.transaction.TransactionManager', 'org.springframework.jdbc.datasource.embedded.EmbeddedDatabaseType' (OnClassCondition)


Exclusions:
-----------

    None


Unconditional classes:
----------------------

    org.springframework.boot.autoconfigure.context.ConfigurationPropertiesAutoConfiguration

    org.springframework.boot.autoconfigure.context.LifecycleAutoConfiguration

    org.springframework.boot.autoconfigure.context.PropertyPlaceholderAutoConfiguration

    com.booking.logger.SpringLoggingAutoConfiguration

    org.springframework.boot.autoconfigure.availability.ApplicationAvailabilityAutoConfiguration

    org.springframework.boot.autoconfigure.info.ProjectInfoAutoConfiguration



2024-07-16 23:47:18,812 INFO org.springframework.boot.StartupInfoLogger [main] Started BookingApplication in 13.871 seconds (JVM running for 16.342)
2024-07-16 23:47:18,892 DEBUG sun.rmi.runtime.Log$LoggerLog [RMI TCP Connection(2)-127.0.0.1] RMI TCP Connection(2)-127.0.0.1: (port 53302) op = 82
2024-07-16 23:47:18,893 DEBUG sun.rmi.runtime.Log$LoggerLog [RMI TCP Connection(2)-127.0.0.1] RMI TCP Connection(2)-127.0.0.1: (port 53302) op = 80
2024-07-16 23:47:18,893 DEBUG sun.rmi.runtime.Log$LoggerLog [RMI TCP Connection(2)-127.0.0.1] RMI TCP Connection(2)-127.0.0.1: name = "javax.management.ObjectName", codebase = ""
2024-07-16 23:47:18,894 DEBUG sun.util.logging.internal.LoggingProviderImpl$JULWrapper [RMI TCP Connection(2)-127.0.0.1] connectionId=rmi://127.0.0.1  1, name=org.springframework.boot:type=Admin,name=SpringApplication, attribute=Ready
2024-07-16 23:47:27,941 DEBUG org.apache.juli.logging.DirectJDKLog [http-nio-8084-Acceptor] Counting up[http-nio-8084-Acceptor] latch=1
2024-07-16 23:47:27,951 DEBUG org.apache.juli.logging.DirectJDKLog [http-nio-8084-exec-2] Processing socket [org.apache.tomcat.util.net.NioChannel@563d9222:java.nio.channels.SocketChannel[connected local=/[0:0:0:0:0:0:0:1]:8084 remote=/[0:0:0:0:0:0:0:1]:53316]] with status [OPEN_READ]
2024-07-16 23:47:27,952 DEBUG org.apache.juli.logging.DirectJDKLog [http-nio-8084-exec-2] Found processor [null] for socket [org.apache.tomcat.util.net.NioChannel@563d9222:java.nio.channels.SocketChannel[connected local=/[0:0:0:0:0:0:0:1]:8084 remote=/[0:0:0:0:0:0:0:1]:53316]]
2024-07-16 23:47:27,956 DEBUG org.apache.juli.logging.DirectJDKLog [http-nio-8084-exec-2] Popped processor [null] from cache
2024-07-16 23:47:28,086 DEBUG org.apache.juli.logging.DirectJDKLog [http-nio-8084-exec-2] Register [org.apache.coyote.http11.Http11Processor@2ef25d91] as [Tomcat:type=RequestProcessor,worker="http-nio-8084",name=HttpRequest1]
2024-07-16 23:47:28,087 DEBUG org.apache.juli.logging.DirectJDKLog [http-nio-8084-exec-2] Created new processor [org.apache.coyote.http11.Http11Processor@2ef25d91]
2024-07-16 23:47:28,089 DEBUG org.apache.juli.logging.DirectJDKLog [http-nio-8084-exec-2] Socket: [org.apache.tomcat.util.net.NioEndpoint$NioSocketWrapper@444fa926:org.apache.tomcat.util.net.NioChannel@563d9222:java.nio.channels.SocketChannel[connected local=/[0:0:0:0:0:0:0:1]:8084 remote=/[0:0:0:0:0:0:0:1]:53316]], Read from buffer: [0]
2024-07-16 23:47:28,090 DEBUG org.apache.juli.logging.DirectJDKLog [http-nio-8084-exec-2] Socket: [org.apache.tomcat.util.net.NioEndpoint$NioSocketWrapper@444fa926:org.apache.tomcat.util.net.NioChannel@563d9222:java.nio.channels.SocketChannel[connected local=/[0:0:0:0:0:0:0:1]:8084 remote=/[0:0:0:0:0:0:0:1]:53316]], Read direct from socket: [1045]
2024-07-16 23:47:28,091 DEBUG org.apache.juli.logging.DirectJDKLog [http-nio-8084-exec-2] Received [POST /slot/blockslot HTTP/1.1
Host: localhost:8084
Connection: keep-alive
Content-Length: 404
sec-ch-ua: "Not/A)Brand";v="8", "Chromium";v="126", "Google Chrome";v="126"
Accept: application/json, text/plain, */*
Content-Type: application/json
sec-ch-ua-mobile: ?0
User-Agent: Mozilla/5.0 (Windows NT 10.0; Win64; x64) AppleWebKit/537.36 (KHTML, like Gecko) Chrome/126.0.0.0 Safari/537.36
sec-ch-ua-platform: "Windows"
Origin: http://localhost:3000
Sec-Fetch-Site: same-site
Sec-Fetch-Mode: cors
Sec-Fetch-Dest: empty
Referer: http://localhost:3000/
Accept-Encoding: gzip, deflate, br, zstd
Accept-Language: en-US,en;q=0.9

{"createdBy":"Admin","slotDate":"2024-07-17","start":"19:30:00","end":"20:30:00","slotStartTimeStamp":"2024-07-16T19:30:00.000Z","slotEndTimeStamp":"2024-07-16T20:30:00.000Z","createdDate":"2024-07-16T18:17:27.902Z","playerCount":3,"slotStatus":"Blocked for VIP","clubName":"Bhubaneswar Golf Club!","secondaryBooking":"Y","slotDuration":"20","slotAvailable":"Y","teeTime":"T1","slotDays":[1,2,3,4,5,6,7]}]
2024-07-16 23:47:28,177 DEBUG org.apache.juli.logging.DirectJDKLog [http-nio-8084-exec-2] Set query string encoding to UTF-8
2024-07-16 23:47:28,189 DEBUG org.apache.juli.logging.DirectJDKLog [http-nio-8084-exec-2] Security checking request POST /slot/blockslot
2024-07-16 23:47:28,190 DEBUG org.apache.juli.logging.DirectJDKLog [http-nio-8084-exec-2]   No applicable constraints defined
2024-07-16 23:47:28,199 DEBUG org.apache.juli.logging.DirectJDKLog [http-nio-8084-exec-2] Loading persistent provider registrations from [C:\Users\Admin\AppData\Local\Temp\tomcat.4874085446343737579.8084\conf\jaspic-providers.xml]
2024-07-16 23:47:28,204 DEBUG org.apache.juli.logging.DirectJDKLog [http-nio-8084-exec-2] Not subject to any constraint
2024-07-16 23:47:28,239 INFO org.apache.juli.logging.DirectJDKLog [http-nio-8084-exec-2] Initializing Spring DispatcherServlet 'dispatcherServlet'
2024-07-16 23:47:28,240 INFO org.springframework.web.servlet.FrameworkServlet [http-nio-8084-exec-2] Initializing Servlet 'dispatcherServlet'
2024-07-16 23:47:28,241 DEBUG org.springframework.web.servlet.DispatcherServlet [http-nio-8084-exec-2] Detected StandardServletMultipartResolver
2024-07-16 23:47:28,281 DEBUG org.springframework.web.servlet.FrameworkServlet [http-nio-8084-exec-2] enableLoggingRequestDetails='false': request parameters and headers will be masked to prevent unsafe logging of potentially sensitive data
2024-07-16 23:47:28,281 INFO org.springframework.web.servlet.FrameworkServlet [http-nio-8084-exec-2] Completed initialization in 40 ms
2024-07-16 23:47:28,327 DEBUG org.springframework.security.web.FilterChainProxy$VirtualFilterChain [http-nio-8084-exec-2] /slot/blockslot at position 1 of 11 in additional filter chain; firing Filter: 'WebAsyncManagerIntegrationFilter'
2024-07-16 23:47:28,330 DEBUG org.springframework.security.web.FilterChainProxy$VirtualFilterChain [http-nio-8084-exec-2] /slot/blockslot at position 2 of 11 in additional filter chain; firing Filter: 'SecurityContextPersistenceFilter'
2024-07-16 23:47:28,340 DEBUG org.springframework.security.web.FilterChainProxy$VirtualFilterChain [http-nio-8084-exec-2] /slot/blockslot at position 3 of 11 in additional filter chain; firing Filter: 'HeaderWriterFilter'
2024-07-16 23:47:28,346 DEBUG org.springframework.security.web.FilterChainProxy$VirtualFilterChain [http-nio-8084-exec-2] /slot/blockslot at position 4 of 11 in additional filter chain; firing Filter: 'CorsFilter'
2024-07-16 23:47:28,357 DEBUG org.springframework.web.servlet.handler.AbstractHandlerMapping [http-nio-8084-exec-2] Mapped to com.booking.controller.SlotController#blockSlot(ClubSlot)
2024-07-16 23:47:28,431 DEBUG org.springframework.security.web.FilterChainProxy$VirtualFilterChain [http-nio-8084-exec-2] /slot/blockslot at position 5 of 11 in additional filter chain; firing Filter: 'LogoutFilter'
2024-07-16 23:47:28,432 DEBUG org.springframework.security.web.util.matcher.OrRequestMatcher [http-nio-8084-exec-2] Trying to match using Ant [pattern='/logout', GET]
2024-07-16 23:47:28,433 DEBUG org.springframework.security.web.util.matcher.AntPathRequestMatcher [http-nio-8084-exec-2] Request 'POST /slot/blockslot' doesn't match 'GET /logout'
2024-07-16 23:47:28,434 DEBUG org.springframework.security.web.util.matcher.OrRequestMatcher [http-nio-8084-exec-2] Trying to match using Ant [pattern='/logout', POST]
2024-07-16 23:47:28,437 DEBUG org.springframework.security.web.util.matcher.AntPathRequestMatcher [http-nio-8084-exec-2] Checking match of request : '/slot/blockslot'; against '/logout'
2024-07-16 23:47:28,438 DEBUG org.springframework.security.web.util.matcher.OrRequestMatcher [http-nio-8084-exec-2] Trying to match using Ant [pattern='/logout', PUT]
2024-07-16 23:47:28,439 DEBUG org.springframework.security.web.util.matcher.AntPathRequestMatcher [http-nio-8084-exec-2] Request 'POST /slot/blockslot' doesn't match 'PUT /logout'
2024-07-16 23:47:28,440 DEBUG org.springframework.security.web.util.matcher.OrRequestMatcher [http-nio-8084-exec-2] Trying to match using Ant [pattern='/logout', DELETE]
2024-07-16 23:47:28,441 DEBUG org.springframework.security.web.util.matcher.AntPathRequestMatcher [http-nio-8084-exec-2] Request 'POST /slot/blockslot' doesn't match 'DELETE /logout'
2024-07-16 23:47:28,442 DEBUG org.springframework.security.web.util.matcher.OrRequestMatcher [http-nio-8084-exec-2] No matches found
2024-07-16 23:47:28,442 DEBUG org.springframework.security.web.FilterChainProxy$VirtualFilterChain [http-nio-8084-exec-2] /slot/blockslot at position 6 of 11 in additional filter chain; firing Filter: 'RequestCacheAwareFilter'
2024-07-16 23:47:28,444 DEBUG org.springframework.security.web.FilterChainProxy$VirtualFilterChain [http-nio-8084-exec-2] /slot/blockslot at position 7 of 11 in additional filter chain; firing Filter: 'SecurityContextHolderAwareRequestFilter'
2024-07-16 23:47:28,449 DEBUG org.springframework.security.web.FilterChainProxy$VirtualFilterChain [http-nio-8084-exec-2] /slot/blockslot at position 8 of 11 in additional filter chain; firing Filter: 'AnonymousAuthenticationFilter'
2024-07-16 23:47:28,456 DEBUG org.springframework.security.web.authentication.AnonymousAuthenticationFilter [http-nio-8084-exec-2] Populated SecurityContextHolder with anonymous token: 'org.springframework.security.authentication.AnonymousAuthenticationToken@983b4dbb: Principal: anonymousUser; Credentials: [PROTECTED]; Authenticated: true; Details: org.springframework.security.web.authentication.WebAuthenticationDetails@b364: RemoteIpAddress: 0:0:0:0:0:0:0:1; SessionId: null; Granted Authorities: ROLE_ANONYMOUS'
2024-07-16 23:47:28,457 DEBUG org.springframework.security.web.FilterChainProxy$VirtualFilterChain [http-nio-8084-exec-2] /slot/blockslot at position 9 of 11 in additional filter chain; firing Filter: 'SessionManagementFilter'
2024-07-16 23:47:28,484 DEBUG org.springframework.security.web.FilterChainProxy$VirtualFilterChain [http-nio-8084-exec-2] /slot/blockslot at position 10 of 11 in additional filter chain; firing Filter: 'ExceptionTranslationFilter'
2024-07-16 23:47:28,487 DEBUG org.springframework.security.web.FilterChainProxy$VirtualFilterChain [http-nio-8084-exec-2] /slot/blockslot at position 11 of 11 in additional filter chain; firing Filter: 'FilterSecurityInterceptor'
2024-07-16 23:47:28,492 DEBUG org.springframework.security.web.util.matcher.AntPathRequestMatcher [http-nio-8084-exec-2] Request '/slot/blockslot' matched by universal pattern '/**'
2024-07-16 23:47:28,493 DEBUG org.springframework.security.access.intercept.AbstractSecurityInterceptor [http-nio-8084-exec-2] Secure object: FilterInvocation: URL: /slot/blockslot; Attributes: [permitAll]
2024-07-16 23:47:28,494 DEBUG org.springframework.security.access.intercept.AbstractSecurityInterceptor [http-nio-8084-exec-2] Previously Authenticated: org.springframework.security.authentication.AnonymousAuthenticationToken@983b4dbb: Principal: anonymousUser; Credentials: [PROTECTED]; Authenticated: true; Details: org.springframework.security.web.authentication.WebAuthenticationDetails@b364: RemoteIpAddress: 0:0:0:0:0:0:0:1; SessionId: null; Granted Authorities: ROLE_ANONYMOUS
2024-07-16 23:47:28,521 DEBUG org.springframework.security.access.vote.AffirmativeBased [http-nio-8084-exec-2] Voter: org.springframework.security.web.access.expression.WebExpressionVoter@6fd43082, returned: 1
2024-07-16 23:47:28,522 DEBUG org.springframework.security.access.intercept.AbstractSecurityInterceptor [http-nio-8084-exec-2] Authorization successful
2024-07-16 23:47:28,523 DEBUG org.springframework.security.access.intercept.AbstractSecurityInterceptor [http-nio-8084-exec-2] RunAsManager did not change Authentication object
2024-07-16 23:47:28,524 DEBUG org.springframework.security.web.FilterChainProxy$VirtualFilterChain [http-nio-8084-exec-2] /slot/blockslot reached end of additional filter chain; proceeding with original chain
2024-07-16 23:47:28,525 WARN com.booking.config.JwtAuthenticationFilter [http-nio-8084-exec-2] Couldn't find bearer string, header will be ignored
2024-07-16 23:47:28,527 DEBUG org.springframework.web.servlet.handler.AbstractHandlerMapping [http-nio-8084-exec-2] Mapped to com.booking.controller.SlotController#blockSlot(ClubSlot)
2024-07-16 23:47:28,559 INFO com.booking.logger.SpringLoggingFilter [http-nio-8084-exec-2] Request: method=POST, uri=/slot/blockslot, payload={"createdBy":"Admin","slotDate":"2024-07-17","start":"19:30:00","end":"20:30:00","slotStartTimeStamp":"2024-07-16T19:30:00.000Z","slotEndTimeStamp":"2024-07-16T20:30:00.000Z","createdDate":"2024-07-16T18:17:27.902Z","playerCount":3,"slotStatus":"Blocked for VIP","clubName":"Bhubaneswar Golf Club!","secondaryBooking":"Y","slotDuration":"20","slotAvailable":"Y","teeTime":"T1","slotDays":[1,2,3,4,5,6,7]}, audit=true
2024-07-16 23:47:28,566 DEBUG org.apache.juli.logging.DirectJDKLog [http-nio-8084-exec-2] Set encoding to UTF-8
2024-07-16 23:47:28,567 DEBUG org.springframework.core.log.LogFormatUtils [http-nio-8084-exec-2] POST "/slot/blockslot", parameters={}
2024-07-16 23:47:28,574 DEBUG org.springframework.web.servlet.handler.AbstractHandlerMapping [http-nio-8084-exec-2] Mapped to com.booking.controller.SlotController#blockSlot(ClubSlot)
2024-07-16 23:47:28,578 DEBUG org.springframework.orm.jpa.support.OpenEntityManagerInViewInterceptor [http-nio-8084-exec-2] Opening JPA EntityManager in OpenEntityManagerInViewInterceptor
2024-07-16 23:47:28,860 DEBUG org.springframework.core.log.LogFormatUtils [http-nio-8084-exec-2] Read "application/json;charset=UTF-8" to [com.booking.model.slot.ClubSlot@6c7931ab]
2024-07-16 23:47:28,914 DEBUG org.springframework.data.repository.core.support.TransactionalRepositoryProxyPostProcessor$AbstractFallbackTransactionAttributeSource [http-nio-8084-exec-2] Adding transactional method 'findBySlotStartTimeStampRange' with attribute: PROPAGATION_REQUIRED,ISOLATION_DEFAULT
2024-07-16 23:47:28,920 DEBUG org.springframework.orm.jpa.JpaTransactionManager [http-nio-8084-exec-2] Found thread-bound EntityManager [SessionImpl(326633037<open>)] for JPA transaction
2024-07-16 23:47:28,923 DEBUG org.springframework.transaction.support.AbstractPlatformTransactionManager [http-nio-8084-exec-2] Creating new transaction with name [org.springframework.data.jpa.repository.support.SimpleJpaRepository.findBySlotStartTimeStampRange]: PROPAGATION_REQUIRED,ISOLATION_DEFAULT
2024-07-16 23:47:28,927 DEBUG org.hibernate.engine.transaction.internal.TransactionImpl [http-nio-8084-exec-2] On TransactionImpl creation, JpaCompliance#isJpaTransactionComplianceEnabled == false
2024-07-16 23:47:28,928 DEBUG org.hibernate.engine.transaction.internal.TransactionImpl [http-nio-8084-exec-2] begin
2024-07-16 23:47:28,930 DEBUG org.postgresql.jdbc.PgConnection [http-nio-8084-exec-2]   setAutoCommit = false
2024-07-16 23:47:28,933 DEBUG org.springframework.orm.jpa.JpaTransactionManager [http-nio-8084-exec-2] Exposing JPA transaction as JDBC [org.springframework.orm.jpa.vendor.HibernateJpaDialect$HibernateConnectionHandle@35d8c7]
2024-07-16 23:47:29,062 DEBUG org.hibernate.engine.jdbc.spi.SqlStatementLogger [http-nio-8084-exec-2] UPDATE club_slot SET slot_status = ? WHERE slot_start_timestmp >= ? AND slot_start_timestmp <= ? AND tee_time = ?
2024-07-16 23:47:29,100 DEBUG org.hibernate.engine.jdbc.spi.SqlExceptionHelper [http-nio-8084-exec-2] could not extract ResultSet [n/a]
org.postgresql.util.PSQLException: No results were returned by the query.
	at org.postgresql.jdbc.PgPreparedStatement.executeQuery(PgPreparedStatement.java:104)
	at com.zaxxer.hikari.pool.ProxyPreparedStatement.executeQuery(ProxyPreparedStatement.java:52)
	at com.zaxxer.hikari.pool.HikariProxyPreparedStatement.executeQuery(HikariProxyPreparedStatement.java)
	at org.hibernate.engine.jdbc.internal.ResultSetReturnImpl.extract(ResultSetReturnImpl.java:57)
	at org.hibernate.loader.Loader.getResultSet(Loader.java:2285)
	at org.hibernate.loader.Loader.executeQueryStatement(Loader.java:2038)
	at org.hibernate.loader.Loader.executeQueryStatement(Loader.java:2000)
	at org.hibernate.loader.Loader.doQuery(Loader.java:951)
	at org.hibernate.loader.Loader.doQueryAndInitializeNonLazyCollections(Loader.java:352)
	at org.hibernate.loader.Loader.doList(Loader.java:2831)
	at org.hibernate.loader.Loader.doList(Loader.java:2813)
	at org.hibernate.loader.Loader.listIgnoreQueryCache(Loader.java:2645)
	at org.hibernate.loader.Loader.list(Loader.java:2640)
	at org.hibernate.loader.custom.CustomLoader.list(CustomLoader.java:338)
	at org.hibernate.internal.SessionImpl.listCustomQuery(SessionImpl.java:2139)
	at org.hibernate.internal.AbstractSharedSessionContract.list(AbstractSharedSessionContract.java:1163)
	at org.hibernate.query.internal.NativeQueryImpl.doList(NativeQueryImpl.java:173)
	at org.hibernate.query.internal.AbstractProducedQuery.list(AbstractProducedQuery.java:1533)
	at org.hibernate.query.Query.getResultList(Query.java:165)
	at org.springframework.data.jpa.repository.query.JpaQueryExecution$CollectionExecution.doExecute(JpaQueryExecution.java:126)
	at org.springframework.data.jpa.repository.query.JpaQueryExecution.execute(JpaQueryExecution.java:88)
	at org.springframework.data.jpa.repository.query.AbstractJpaQuery.doExecute(AbstractJpaQuery.java:154)
	at org.springframework.data.jpa.repository.query.AbstractJpaQuery.execute(AbstractJpaQuery.java:142)
	at org.springframework.data.repository.core.support.QueryExecutorMethodInterceptor$QueryMethodInvoker.invoke(QueryExecutorMethodInterceptor.java:195)
	at org.springframework.data.repository.core.support.QueryExecutorMethodInterceptor.doInvoke(QueryExecutorMethodInterceptor.java:152)
	at org.springframework.data.repository.core.support.QueryExecutorMethodInterceptor.invoke(QueryExecutorMethodInterceptor.java:130)
	at org.springframework.aop.framework.ReflectiveMethodInvocation.proceed(ReflectiveMethodInvocation.java:186)
	at org.springframework.transaction.interceptor.TransactionAspectSupport.invokeWithinTransaction(TransactionAspectSupport.java:367)
	at org.springframework.transaction.interceptor.TransactionInterceptor.invoke(TransactionInterceptor.java:118)
	at org.springframework.aop.framework.ReflectiveMethodInvocation.proceed(ReflectiveMethodInvocation.java:186)
	at org.springframework.dao.support.PersistenceExceptionTranslationInterceptor.invoke(PersistenceExceptionTranslationInterceptor.java:139)
	at org.springframework.aop.framework.ReflectiveMethodInvocation.proceed(ReflectiveMethodInvocation.java:186)
	at org.springframework.data.jpa.repository.support.CrudMethodMetadataPostProcessor$CrudMethodMetadataPopulatingMethodInterceptor.invoke(CrudMethodMetadataPostProcessor.java:149)
	at org.springframework.aop.framework.ReflectiveMethodInvocation.proceed(ReflectiveMethodInvocation.java:186)
	at org.springframework.aop.interceptor.ExposeInvocationInterceptor.invoke(ExposeInvocationInterceptor.java:95)
	at org.springframework.aop.framework.ReflectiveMethodInvocation.proceed(ReflectiveMethodInvocation.java:186)
	at org.springframework.aop.framework.JdkDynamicAopProxy.invoke(JdkDynamicAopProxy.java:212)
	at jdk.proxy2/jdk.proxy2.$Proxy123.findBySlotStartTimeStampRange(Unknown Source)
	at java.base/jdk.internal.reflect.NativeMethodAccessorImpl.invoke0(Native Method)
	at java.base/jdk.internal.reflect.NativeMethodAccessorImpl.invoke(NativeMethodAccessorImpl.java:77)
	at java.base/jdk.internal.reflect.DelegatingMethodAccessorImpl.invoke(DelegatingMethodAccessorImpl.java:43)
	at java.base/java.lang.reflect.Method.invoke(Method.java:568)
	at org.springframework.aop.support.AopUtils.invokeJoinpointUsingReflection(AopUtils.java:344)
	at org.springframework.aop.framework.JdkDynamicAopProxy.invoke(JdkDynamicAopProxy.java:205)
	at jdk.proxy2/jdk.proxy2.$Proxy87.findBySlotStartTimeStampRange(Unknown Source)
	at com.booking.service.impl.SlotServiceImpl.vipSlot(SlotServiceImpl.java:366)
	at com.booking.service.impl.SlotServiceImpl$$FastClassBySpringCGLIB$$e22bed04.invoke(<generated>)
	at org.springframework.cglib.proxy.MethodProxy.invoke(MethodProxy.java:218)
	at org.springframework.aop.framework.CglibAopProxy$DynamicAdvisedInterceptor.intercept(CglibAopProxy.java:687)
	at com.booking.service.impl.SlotServiceImpl$$EnhancerBySpringCGLIB$$e8120079.vipSlot(<generated>)
	at com.booking.controller.SlotController.blockSlot(SlotController.java:39)
	at java.base/jdk.internal.reflect.NativeMethodAccessorImpl.invoke0(Native Method)
	at java.base/jdk.internal.reflect.NativeMethodAccessorImpl.invoke(NativeMethodAccessorImpl.java:77)
	at java.base/jdk.internal.reflect.DelegatingMethodAccessorImpl.invoke(DelegatingMethodAccessorImpl.java:43)
	at java.base/java.lang.reflect.Method.invoke(Method.java:568)
	at org.springframework.web.method.support.InvocableHandlerMethod.doInvoke(InvocableHandlerMethod.java:190)
	at org.springframework.web.method.support.InvocableHandlerMethod.invokeForRequest(InvocableHandlerMethod.java:138)
	at org.springframework.web.servlet.mvc.method.annotation.ServletInvocableHandlerMethod.invokeAndHandle(ServletInvocableHandlerMethod.java:105)
	at org.springframework.web.servlet.mvc.method.annotation.RequestMappingHandlerAdapter.invokeHandlerMethod(RequestMappingHandlerAdapter.java:879)
	at org.springframework.web.servlet.mvc.method.annotation.RequestMappingHandlerAdapter.handleInternal(RequestMappingHandlerAdapter.java:793)
	at org.springframework.web.servlet.mvc.method.AbstractHandlerMethodAdapter.handle(AbstractHandlerMethodAdapter.java:87)
	at org.springframework.web.servlet.DispatcherServlet.doDispatch(DispatcherServlet.java:1040)
	at org.springframework.web.servlet.DispatcherServlet.doService(DispatcherServlet.java:943)
	at org.springframework.web.servlet.FrameworkServlet.processRequest(FrameworkServlet.java:1006)
	at org.springframework.web.servlet.FrameworkServlet.doPost(FrameworkServlet.java:909)
	at javax.servlet.http.HttpServlet.service(HttpServlet.java:660)
	at org.springframework.web.servlet.FrameworkServlet.service(FrameworkServlet.java:883)
	at javax.servlet.http.HttpServlet.service(HttpServlet.java:741)
	at org.apache.catalina.core.ApplicationFilterChain.internalDoFilter(ApplicationFilterChain.java:231)
	at org.apache.catalina.core.ApplicationFilterChain.doFilter(ApplicationFilterChain.java:166)
	at org.apache.tomcat.websocket.server.WsFilter.doFilter(WsFilter.java:53)
	at org.apache.catalina.core.ApplicationFilterChain.internalDoFilter(ApplicationFilterChain.java:193)
	at org.apache.catalina.core.ApplicationFilterChain.doFilter(ApplicationFilterChain.java:166)
	at com.booking.logger.SpringLoggingFilter.doFilterInternal(SpringLoggingFilter.java:66)
	at org.springframework.web.filter.OncePerRequestFilter.doFilter(OncePerRequestFilter.java:119)
	at org.apache.catalina.core.ApplicationFilterChain.internalDoFilter(ApplicationFilterChain.java:193)
	at org.apache.catalina.core.ApplicationFilterChain.doFilter(ApplicationFilterChain.java:166)
	at com.booking.config.JwtAuthenticationFilter.doFilterInternal(JwtAuthenticationFilter.java:66)
	at org.springframework.web.filter.OncePerRequestFilter.doFilter(OncePerRequestFilter.java:119)
	at org.apache.catalina.core.ApplicationFilterChain.internalDoFilter(ApplicationFilterChain.java:193)
	at org.apache.catalina.core.ApplicationFilterChain.doFilter(ApplicationFilterChain.java:166)
	at org.springframework.security.web.FilterChainProxy$VirtualFilterChain.doFilter(FilterChainProxy.java:320)
	at org.springframework.security.web.access.intercept.FilterSecurityInterceptor.invoke(FilterSecurityInterceptor.java:126)
	at org.springframework.security.web.access.intercept.FilterSecurityInterceptor.doFilter(FilterSecurityInterceptor.java:90)
	at org.springframework.security.web.FilterChainProxy$VirtualFilterChain.doFilter(FilterChainProxy.java:334)
	at org.springframework.security.web.access.ExceptionTranslationFilter.doFilter(ExceptionTranslationFilter.java:118)
	at org.springframework.security.web.FilterChainProxy$VirtualFilterChain.doFilter(FilterChainProxy.java:334)
	at org.springframework.security.web.session.SessionManagementFilter.doFilter(SessionManagementFilter.java:137)
	at org.springframework.security.web.FilterChainProxy$VirtualFilterChain.doFilter(FilterChainProxy.java:334)
	at org.springframework.security.web.authentication.AnonymousAuthenticationFilter.doFilter(AnonymousAuthenticationFilter.java:111)
	at org.springframework.security.web.FilterChainProxy$VirtualFilterChain.doFilter(FilterChainProxy.java:334)
	at org.springframework.security.web.servletapi.SecurityContextHolderAwareRequestFilter.doFilter(SecurityContextHolderAwareRequestFilter.java:158)
	at org.springframework.security.web.FilterChainProxy$VirtualFilterChain.doFilter(FilterChainProxy.java:334)
	at org.springframework.security.web.savedrequest.RequestCacheAwareFilter.doFilter(RequestCacheAwareFilter.java:63)
	at org.springframework.security.web.FilterChainProxy$VirtualFilterChain.doFilter(FilterChainProxy.java:334)
	at org.springframework.security.web.authentication.logout.LogoutFilter.doFilter(LogoutFilter.java:116)
	at org.springframework.security.web.FilterChainProxy$VirtualFilterChain.doFilter(FilterChainProxy.java:334)
	at org.springframework.web.filter.CorsFilter.doFilterInternal(CorsFilter.java:92)
	at org.springframework.web.filter.OncePerRequestFilter.doFilter(OncePerRequestFilter.java:119)
	at org.springframework.security.web.FilterChainProxy$VirtualFilterChain.doFilter(FilterChainProxy.java:334)
	at org.springframework.security.web.header.HeaderWriterFilter.doHeadersAfter(HeaderWriterFilter.java:92)
	at org.springframework.security.web.header.HeaderWriterFilter.doFilterInternal(HeaderWriterFilter.java:77)
	at org.springframework.web.filter.OncePerRequestFilter.doFilter(OncePerRequestFilter.java:119)
	at org.springframework.security.web.FilterChainProxy$VirtualFilterChain.doFilter(FilterChainProxy.java:334)
	at org.springframework.security.web.context.SecurityContextPersistenceFilter.doFilter(SecurityContextPersistenceFilter.java:105)
	at org.springframework.security.web.FilterChainProxy$VirtualFilterChain.doFilter(FilterChainProxy.java:334)
	at org.springframework.security.web.context.request.async.WebAsyncManagerIntegrationFilter.doFilterInternal(WebAsyncManagerIntegrationFilter.java:56)
	at org.springframework.web.filter.OncePerRequestFilter.doFilter(OncePerRequestFilter.java:119)
	at org.springframework.security.web.FilterChainProxy$VirtualFilterChain.doFilter(FilterChainProxy.java:334)
	at org.springframework.security.web.FilterChainProxy.doFilterInternal(FilterChainProxy.java:215)
	at org.springframework.security.web.FilterChainProxy.doFilter(FilterChainProxy.java:178)
	at org.springframework.web.filter.DelegatingFilterProxy.invokeDelegate(DelegatingFilterProxy.java:358)
	at org.springframework.web.filter.DelegatingFilterProxy.doFilter(DelegatingFilterProxy.java:271)
	at org.apache.catalina.core.ApplicationFilterChain.internalDoFilter(ApplicationFilterChain.java:193)
	at org.apache.catalina.core.ApplicationFilterChain.doFilter(ApplicationFilterChain.java:166)
	at org.springframework.web.filter.RequestContextFilter.doFilterInternal(RequestContextFilter.java:100)
	at org.springframework.web.filter.OncePerRequestFilter.doFilter(OncePerRequestFilter.java:119)
	at org.apache.catalina.core.ApplicationFilterChain.internalDoFilter(ApplicationFilterChain.java:193)
	at org.apache.catalina.core.ApplicationFilterChain.doFilter(ApplicationFilterChain.java:166)
	at org.springframework.web.filter.FormContentFilter.doFilterInternal(FormContentFilter.java:93)
	at org.springframework.web.filter.OncePerRequestFilter.doFilter(OncePerRequestFilter.java:119)
	at org.apache.catalina.core.ApplicationFilterChain.internalDoFilter(ApplicationFilterChain.java:193)
	at org.apache.catalina.core.ApplicationFilterChain.doFilter(ApplicationFilterChain.java:166)
	at org.springframework.web.filter.CharacterEncodingFilter.doFilterInternal(CharacterEncodingFilter.java:201)
	at org.springframework.web.filter.OncePerRequestFilter.doFilter(OncePerRequestFilter.java:119)
	at org.apache.catalina.core.ApplicationFilterChain.internalDoFilter(ApplicationFilterChain.java:193)
	at org.apache.catalina.core.ApplicationFilterChain.doFilter(ApplicationFilterChain.java:166)
	at org.apache.catalina.core.StandardWrapperValve.invoke(StandardWrapperValve.java:202)
	at org.apache.catalina.core.StandardContextValve.invoke(StandardContextValve.java:96)
	at org.apache.catalina.authenticator.AuthenticatorBase.invoke(AuthenticatorBase.java:541)
	at org.apache.catalina.core.StandardHostValve.invoke(StandardHostValve.java:139)
	at org.apache.catalina.valves.ErrorReportValve.invoke(ErrorReportValve.java:92)
	at org.apache.catalina.core.StandardEngineValve.invoke(StandardEngineValve.java:74)
	at org.apache.catalina.connector.CoyoteAdapter.service(CoyoteAdapter.java:343)
	at org.apache.coyote.http11.Http11Processor.service(Http11Processor.java:373)
	at org.apache.coyote.AbstractProcessorLight.process(AbstractProcessorLight.java:65)
	at org.apache.coyote.AbstractProtocol$ConnectionHandler.process(AbstractProtocol.java:868)
	at org.apache.tomcat.util.net.NioEndpoint$SocketProcessor.doRun(NioEndpoint.java:1590)
	at org.apache.tomcat.util.net.SocketProcessorBase.run(SocketProcessorBase.java:49)
	at java.base/java.util.concurrent.ThreadPoolExecutor.runWorker(ThreadPoolExecutor.java:1136)
	at java.base/java.util.concurrent.ThreadPoolExecutor$Worker.run(ThreadPoolExecutor.java:635)
	at org.apache.tomcat.util.threads.TaskThread$WrappingRunnable.run(TaskThread.java:61)
	at java.base/java.lang.Thread.run(Thread.java:833)
2024-07-16 23:47:29,103 WARN org.hibernate.engine.jdbc.spi.SqlExceptionHelper [http-nio-8084-exec-2] SQL Error: 0, SQLState: 02000
2024-07-16 23:47:29,103 ERROR org.hibernate.engine.jdbc.spi.SqlExceptionHelper [http-nio-8084-exec-2] No results were returned by the query.
2024-07-16 23:47:29,113 DEBUG org.hibernate.resource.transaction.backend.jdbc.internal.JdbcResourceLocalTransactionCoordinatorImpl$TransactionDriverControlImpl [http-nio-8084-exec-2] JDBC transaction marked for rollback-only (exception provided for stack trace)
java.lang.Exception: exception just for purpose of providing stack trace
	at org.hibernate.resource.transaction.backend.jdbc.internal.JdbcResourceLocalTransactionCoordinatorImpl$TransactionDriverControlImpl.markRollbackOnly(JdbcResourceLocalTransactionCoordinatorImpl.java:324)
	at org.hibernate.engine.transaction.internal.TransactionImpl.markRollbackOnly(TransactionImpl.java:203)
	at org.hibernate.internal.AbstractSharedSessionContract.markForRollbackOnly(AbstractSharedSessionContract.java:396)
	at org.hibernate.internal.ExceptionConverterImpl.handlePersistenceException(ExceptionConverterImpl.java:297)
	at org.hibernate.internal.ExceptionConverterImpl.convert(ExceptionConverterImpl.java:155)
	at org.hibernate.query.internal.AbstractProducedQuery.list(AbstractProducedQuery.java:1542)
	at org.hibernate.query.Query.getResultList(Query.java:165)
	at org.springframework.data.jpa.repository.query.JpaQueryExecution$CollectionExecution.doExecute(JpaQueryExecution.java:126)
	at org.springframework.data.jpa.repository.query.JpaQueryExecution.execute(JpaQueryExecution.java:88)
	at org.springframework.data.jpa.repository.query.AbstractJpaQuery.doExecute(AbstractJpaQuery.java:154)
	at org.springframework.data.jpa.repository.query.AbstractJpaQuery.execute(AbstractJpaQuery.java:142)
	at org.springframework.data.repository.core.support.QueryExecutorMethodInterceptor$QueryMethodInvoker.invoke(QueryExecutorMethodInterceptor.java:195)
	at org.springframework.data.repository.core.support.QueryExecutorMethodInterceptor.doInvoke(QueryExecutorMethodInterceptor.java:152)
	at org.springframework.data.repository.core.support.QueryExecutorMethodInterceptor.invoke(QueryExecutorMethodInterceptor.java:130)
	at org.springframework.aop.framework.ReflectiveMethodInvocation.proceed(ReflectiveMethodInvocation.java:186)
	at org.springframework.transaction.interceptor.TransactionAspectSupport.invokeWithinTransaction(TransactionAspectSupport.java:367)
	at org.springframework.transaction.interceptor.TransactionInterceptor.invoke(TransactionInterceptor.java:118)
	at org.springframework.aop.framework.ReflectiveMethodInvocation.proceed(ReflectiveMethodInvocation.java:186)
	at org.springframework.dao.support.PersistenceExceptionTranslationInterceptor.invoke(PersistenceExceptionTranslationInterceptor.java:139)
	at org.springframework.aop.framework.ReflectiveMethodInvocation.proceed(ReflectiveMethodInvocation.java:186)
	at org.springframework.data.jpa.repository.support.CrudMethodMetadataPostProcessor$CrudMethodMetadataPopulatingMethodInterceptor.invoke(CrudMethodMetadataPostProcessor.java:149)
	at org.springframework.aop.framework.ReflectiveMethodInvocation.proceed(ReflectiveMethodInvocation.java:186)
	at org.springframework.aop.interceptor.ExposeInvocationInterceptor.invoke(ExposeInvocationInterceptor.java:95)
	at org.springframework.aop.framework.ReflectiveMethodInvocation.proceed(ReflectiveMethodInvocation.java:186)
	at org.springframework.aop.framework.JdkDynamicAopProxy.invoke(JdkDynamicAopProxy.java:212)
	at jdk.proxy2/jdk.proxy2.$Proxy123.findBySlotStartTimeStampRange(Unknown Source)
	at java.base/jdk.internal.reflect.NativeMethodAccessorImpl.invoke0(Native Method)
	at java.base/jdk.internal.reflect.NativeMethodAccessorImpl.invoke(NativeMethodAccessorImpl.java:77)
	at java.base/jdk.internal.reflect.DelegatingMethodAccessorImpl.invoke(DelegatingMethodAccessorImpl.java:43)
	at java.base/java.lang.reflect.Method.invoke(Method.java:568)
	at org.springframework.aop.support.AopUtils.invokeJoinpointUsingReflection(AopUtils.java:344)
	at org.springframework.aop.framework.JdkDynamicAopProxy.invoke(JdkDynamicAopProxy.java:205)
	at jdk.proxy2/jdk.proxy2.$Proxy87.findBySlotStartTimeStampRange(Unknown Source)
	at com.booking.service.impl.SlotServiceImpl.vipSlot(SlotServiceImpl.java:366)
	at com.booking.service.impl.SlotServiceImpl$$FastClassBySpringCGLIB$$e22bed04.invoke(<generated>)
	at org.springframework.cglib.proxy.MethodProxy.invoke(MethodProxy.java:218)
	at org.springframework.aop.framework.CglibAopProxy$DynamicAdvisedInterceptor.intercept(CglibAopProxy.java:687)
	at com.booking.service.impl.SlotServiceImpl$$EnhancerBySpringCGLIB$$e8120079.vipSlot(<generated>)
	at com.booking.controller.SlotController.blockSlot(SlotController.java:39)
	at java.base/jdk.internal.reflect.NativeMethodAccessorImpl.invoke0(Native Method)
	at java.base/jdk.internal.reflect.NativeMethodAccessorImpl.invoke(NativeMethodAccessorImpl.java:77)
	at java.base/jdk.internal.reflect.DelegatingMethodAccessorImpl.invoke(DelegatingMethodAccessorImpl.java:43)
	at java.base/java.lang.reflect.Method.invoke(Method.java:568)
	at org.springframework.web.method.support.InvocableHandlerMethod.doInvoke(InvocableHandlerMethod.java:190)
	at org.springframework.web.method.support.InvocableHandlerMethod.invokeForRequest(InvocableHandlerMethod.java:138)
	at org.springframework.web.servlet.mvc.method.annotation.ServletInvocableHandlerMethod.invokeAndHandle(ServletInvocableHandlerMethod.java:105)
	at org.springframework.web.servlet.mvc.method.annotation.RequestMappingHandlerAdapter.invokeHandlerMethod(RequestMappingHandlerAdapter.java:879)
	at org.springframework.web.servlet.mvc.method.annotation.RequestMappingHandlerAdapter.handleInternal(RequestMappingHandlerAdapter.java:793)
	at org.springframework.web.servlet.mvc.method.AbstractHandlerMethodAdapter.handle(AbstractHandlerMethodAdapter.java:87)
	at org.springframework.web.servlet.DispatcherServlet.doDispatch(DispatcherServlet.java:1040)
	at org.springframework.web.servlet.DispatcherServlet.doService(DispatcherServlet.java:943)
	at org.springframework.web.servlet.FrameworkServlet.processRequest(FrameworkServlet.java:1006)
	at org.springframework.web.servlet.FrameworkServlet.doPost(FrameworkServlet.java:909)
	at javax.servlet.http.HttpServlet.service(HttpServlet.java:660)
	at org.springframework.web.servlet.FrameworkServlet.service(FrameworkServlet.java:883)
	at javax.servlet.http.HttpServlet.service(HttpServlet.java:741)
	at org.apache.catalina.core.ApplicationFilterChain.internalDoFilter(ApplicationFilterChain.java:231)
	at org.apache.catalina.core.ApplicationFilterChain.doFilter(ApplicationFilterChain.java:166)
	at org.apache.tomcat.websocket.server.WsFilter.doFilter(WsFilter.java:53)
	at org.apache.catalina.core.ApplicationFilterChain.internalDoFilter(ApplicationFilterChain.java:193)
	at org.apache.catalina.core.ApplicationFilterChain.doFilter(ApplicationFilterChain.java:166)
	at com.booking.logger.SpringLoggingFilter.doFilterInternal(SpringLoggingFilter.java:66)
	at org.springframework.web.filter.OncePerRequestFilter.doFilter(OncePerRequestFilter.java:119)
	at org.apache.catalina.core.ApplicationFilterChain.internalDoFilter(ApplicationFilterChain.java:193)
	at org.apache.catalina.core.ApplicationFilterChain.doFilter(ApplicationFilterChain.java:166)
	at com.booking.config.JwtAuthenticationFilter.doFilterInternal(JwtAuthenticationFilter.java:66)
	at org.springframework.web.filter.OncePerRequestFilter.doFilter(OncePerRequestFilter.java:119)
	at org.apache.catalina.core.ApplicationFilterChain.internalDoFilter(ApplicationFilterChain.java:193)
	at org.apache.catalina.core.ApplicationFilterChain.doFilter(ApplicationFilterChain.java:166)
	at org.springframework.security.web.FilterChainProxy$VirtualFilterChain.doFilter(FilterChainProxy.java:320)
	at org.springframework.security.web.access.intercept.FilterSecurityInterceptor.invoke(FilterSecurityInterceptor.java:126)
	at org.springframework.security.web.access.intercept.FilterSecurityInterceptor.doFilter(FilterSecurityInterceptor.java:90)
	at org.springframework.security.web.FilterChainProxy$VirtualFilterChain.doFilter(FilterChainProxy.java:334)
	at org.springframework.security.web.access.ExceptionTranslationFilter.doFilter(ExceptionTranslationFilter.java:118)
	at org.springframework.security.web.FilterChainProxy$VirtualFilterChain.doFilter(FilterChainProxy.java:334)
	at org.springframework.security.web.session.SessionManagementFilter.doFilter(SessionManagementFilter.java:137)
	at org.springframework.security.web.FilterChainProxy$VirtualFilterChain.doFilter(FilterChainProxy.java:334)
	at org.springframework.security.web.authentication.AnonymousAuthenticationFilter.doFilter(AnonymousAuthenticationFilter.java:111)
	at org.springframework.security.web.FilterChainProxy$VirtualFilterChain.doFilter(FilterChainProxy.java:334)
	at org.springframework.security.web.servletapi.SecurityContextHolderAwareRequestFilter.doFilter(SecurityContextHolderAwareRequestFilter.java:158)
	at org.springframework.security.web.FilterChainProxy$VirtualFilterChain.doFilter(FilterChainProxy.java:334)
	at org.springframework.security.web.savedrequest.RequestCacheAwareFilter.doFilter(RequestCacheAwareFilter.java:63)
	at org.springframework.security.web.FilterChainProxy$VirtualFilterChain.doFilter(FilterChainProxy.java:334)
	at org.springframework.security.web.authentication.logout.LogoutFilter.doFilter(LogoutFilter.java:116)
	at org.springframework.security.web.FilterChainProxy$VirtualFilterChain.doFilter(FilterChainProxy.java:334)
	at org.springframework.web.filter.CorsFilter.doFilterInternal(CorsFilter.java:92)
	at org.springframework.web.filter.OncePerRequestFilter.doFilter(OncePerRequestFilter.java:119)
	at org.springframework.security.web.FilterChainProxy$VirtualFilterChain.doFilter(FilterChainProxy.java:334)
	at org.springframework.security.web.header.HeaderWriterFilter.doHeadersAfter(HeaderWriterFilter.java:92)
	at org.springframework.security.web.header.HeaderWriterFilter.doFilterInternal(HeaderWriterFilter.java:77)
	at org.springframework.web.filter.OncePerRequestFilter.doFilter(OncePerRequestFilter.java:119)
	at org.springframework.security.web.FilterChainProxy$VirtualFilterChain.doFilter(FilterChainProxy.java:334)
	at org.springframework.security.web.context.SecurityContextPersistenceFilter.doFilter(SecurityContextPersistenceFilter.java:105)
	at org.springframework.security.web.FilterChainProxy$VirtualFilterChain.doFilter(FilterChainProxy.java:334)
	at org.springframework.security.web.context.request.async.WebAsyncManagerIntegrationFilter.doFilterInternal(WebAsyncManagerIntegrationFilter.java:56)
	at org.springframework.web.filter.OncePerRequestFilter.doFilter(OncePerRequestFilter.java:119)
	at org.springframework.security.web.FilterChainProxy$VirtualFilterChain.doFilter(FilterChainProxy.java:334)
	at org.springframework.security.web.FilterChainProxy.doFilterInternal(FilterChainProxy.java:215)
	at org.springframework.security.web.FilterChainProxy.doFilter(FilterChainProxy.java:178)
	at org.springframework.web.filter.DelegatingFilterProxy.invokeDelegate(DelegatingFilterProxy.java:358)
	at org.springframework.web.filter.DelegatingFilterProxy.doFilter(DelegatingFilterProxy.java:271)
	at org.apache.catalina.core.ApplicationFilterChain.internalDoFilter(ApplicationFilterChain.java:193)
	at org.apache.catalina.core.ApplicationFilterChain.doFilter(ApplicationFilterChain.java:166)
	at org.springframework.web.filter.RequestContextFilter.doFilterInternal(RequestContextFilter.java:100)
	at org.springframework.web.filter.OncePerRequestFilter.doFilter(OncePerRequestFilter.java:119)
	at org.apache.catalina.core.ApplicationFilterChain.internalDoFilter(ApplicationFilterChain.java:193)
	at org.apache.catalina.core.ApplicationFilterChain.doFilter(ApplicationFilterChain.java:166)
	at org.springframework.web.filter.FormContentFilter.doFilterInternal(FormContentFilter.java:93)
	at org.springframework.web.filter.OncePerRequestFilter.doFilter(OncePerRequestFilter.java:119)
	at org.apache.catalina.core.ApplicationFilterChain.internalDoFilter(ApplicationFilterChain.java:193)
	at org.apache.catalina.core.ApplicationFilterChain.doFilter(ApplicationFilterChain.java:166)
	at org.springframework.web.filter.CharacterEncodingFilter.doFilterInternal(CharacterEncodingFilter.java:201)
	at org.springframework.web.filter.OncePerRequestFilter.doFilter(OncePerRequestFilter.java:119)
	at org.apache.catalina.core.ApplicationFilterChain.internalDoFilter(ApplicationFilterChain.java:193)
	at org.apache.catalina.core.ApplicationFilterChain.doFilter(ApplicationFilterChain.java:166)
	at org.apache.catalina.core.StandardWrapperValve.invoke(StandardWrapperValve.java:202)
	at org.apache.catalina.core.StandardContextValve.invoke(StandardContextValve.java:96)
	at org.apache.catalina.authenticator.AuthenticatorBase.invoke(AuthenticatorBase.java:541)
	at org.apache.catalina.core.StandardHostValve.invoke(StandardHostValve.java:139)
	at org.apache.catalina.valves.ErrorReportValve.invoke(ErrorReportValve.java:92)
	at org.apache.catalina.core.StandardEngineValve.invoke(StandardEngineValve.java:74)
	at org.apache.catalina.connector.CoyoteAdapter.service(CoyoteAdapter.java:343)
	at org.apache.coyote.http11.Http11Processor.service(Http11Processor.java:373)
	at org.apache.coyote.AbstractProcessorLight.process(AbstractProcessorLight.java:65)
	at org.apache.coyote.AbstractProtocol$ConnectionHandler.process(AbstractProtocol.java:868)
	at org.apache.tomcat.util.net.NioEndpoint$SocketProcessor.doRun(NioEndpoint.java:1590)
	at org.apache.tomcat.util.net.SocketProcessorBase.run(SocketProcessorBase.java:49)
	at java.base/java.util.concurrent.ThreadPoolExecutor.runWorker(ThreadPoolExecutor.java:1136)
	at java.base/java.util.concurrent.ThreadPoolExecutor$Worker.run(ThreadPoolExecutor.java:635)
	at org.apache.tomcat.util.threads.TaskThread$WrappingRunnable.run(TaskThread.java:61)
	at java.base/java.lang.Thread.run(Thread.java:833)
2024-07-16 23:47:29,115 DEBUG org.springframework.transaction.support.AbstractPlatformTransactionManager [http-nio-8084-exec-2] Initiating transaction rollback
2024-07-16 23:47:29,116 DEBUG org.springframework.orm.jpa.JpaTransactionManager [http-nio-8084-exec-2] Rolling back JPA transaction on EntityManager [SessionImpl(326633037<open>)]
2024-07-16 23:47:29,116 DEBUG org.hibernate.engine.transaction.internal.TransactionImpl [http-nio-8084-exec-2] rolling back
2024-07-16 23:47:29,120 DEBUG org.postgresql.jdbc.PgConnection [http-nio-8084-exec-2]   setAutoCommit = true
2024-07-16 23:47:29,127 DEBUG org.springframework.orm.jpa.JpaTransactionManager [http-nio-8084-exec-2] Not closing pre-bound JPA EntityManager after transaction
2024-07-16 23:47:29,143 DEBUG org.springframework.orm.jpa.support.OpenEntityManagerInViewInterceptor [http-nio-8084-exec-2] Closing JPA EntityManager in OpenEntityManagerInViewInterceptor
2024-07-16 23:47:29,145 DEBUG org.springframework.web.servlet.FrameworkServlet [http-nio-8084-exec-2] Failed to complete request: org.springframework.orm.jpa.JpaSystemException: could not extract ResultSet; nested exception is org.hibernate.exception.GenericJDBCException: could not extract ResultSet
2024-07-16 23:47:29,147 INFO com.booking.logger.SpringLoggingFilter [http-nio-8084-exec-2] Response(619 ms): status=500, payload=, audit=true
2024-07-16 23:47:29,149 DEBUG org.springframework.security.web.header.writers.HstsHeaderWriter [http-nio-8084-exec-2] Not injecting HSTS header since it did not match the requestMatcher org.springframework.security.web.header.writers.HstsHeaderWriter$SecureRequestMatcher@514ab536
2024-07-16 23:47:29,150 DEBUG org.springframework.security.web.context.SecurityContextPersistenceFilter [http-nio-8084-exec-2] SecurityContextHolder now cleared, as request processing completed
2024-07-16 23:47:29,151 ERROR org.apache.juli.logging.DirectJDKLog [http-nio-8084-exec-2] Servlet.service() for servlet [dispatcherServlet] in context with path [] threw exception [Request processing failed; nested exception is org.springframework.orm.jpa.JpaSystemException: could not extract ResultSet; nested exception is org.hibernate.exception.GenericJDBCException: could not extract ResultSet] with root cause
org.postgresql.util.PSQLException: No results were returned by the query.
	at org.postgresql.jdbc.PgPreparedStatement.executeQuery(PgPreparedStatement.java:104)
	at com.zaxxer.hikari.pool.ProxyPreparedStatement.executeQuery(ProxyPreparedStatement.java:52)
	at com.zaxxer.hikari.pool.HikariProxyPreparedStatement.executeQuery(HikariProxyPreparedStatement.java)
	at org.hibernate.engine.jdbc.internal.ResultSetReturnImpl.extract(ResultSetReturnImpl.java:57)
	at org.hibernate.loader.Loader.getResultSet(Loader.java:2285)
	at org.hibernate.loader.Loader.executeQueryStatement(Loader.java:2038)
	at org.hibernate.loader.Loader.executeQueryStatement(Loader.java:2000)
	at org.hibernate.loader.Loader.doQuery(Loader.java:951)
	at org.hibernate.loader.Loader.doQueryAndInitializeNonLazyCollections(Loader.java:352)
	at org.hibernate.loader.Loader.doList(Loader.java:2831)
	at org.hibernate.loader.Loader.doList(Loader.java:2813)
	at org.hibernate.loader.Loader.listIgnoreQueryCache(Loader.java:2645)
	at org.hibernate.loader.Loader.list(Loader.java:2640)
	at org.hibernate.loader.custom.CustomLoader.list(CustomLoader.java:338)
	at org.hibernate.internal.SessionImpl.listCustomQuery(SessionImpl.java:2139)
	at org.hibernate.internal.AbstractSharedSessionContract.list(AbstractSharedSessionContract.java:1163)
	at org.hibernate.query.internal.NativeQueryImpl.doList(NativeQueryImpl.java:173)
	at org.hibernate.query.internal.AbstractProducedQuery.list(AbstractProducedQuery.java:1533)
	at org.hibernate.query.Query.getResultList(Query.java:165)
	at org.springframework.data.jpa.repository.query.JpaQueryExecution$CollectionExecution.doExecute(JpaQueryExecution.java:126)
	at org.springframework.data.jpa.repository.query.JpaQueryExecution.execute(JpaQueryExecution.java:88)
	at org.springframework.data.jpa.repository.query.AbstractJpaQuery.doExecute(AbstractJpaQuery.java:154)
	at org.springframework.data.jpa.repository.query.AbstractJpaQuery.execute(AbstractJpaQuery.java:142)
	at org.springframework.data.repository.core.support.QueryExecutorMethodInterceptor$QueryMethodInvoker.invoke(QueryExecutorMethodInterceptor.java:195)
	at org.springframework.data.repository.core.support.QueryExecutorMethodInterceptor.doInvoke(QueryExecutorMethodInterceptor.java:152)
	at org.springframework.data.repository.core.support.QueryExecutorMethodInterceptor.invoke(QueryExecutorMethodInterceptor.java:130)
	at org.springframework.aop.framework.ReflectiveMethodInvocation.proceed(ReflectiveMethodInvocation.java:186)
	at org.springframework.transaction.interceptor.TransactionAspectSupport.invokeWithinTransaction(TransactionAspectSupport.java:367)
	at org.springframework.transaction.interceptor.TransactionInterceptor.invoke(TransactionInterceptor.java:118)
	at org.springframework.aop.framework.ReflectiveMethodInvocation.proceed(ReflectiveMethodInvocation.java:186)
	at org.springframework.dao.support.PersistenceExceptionTranslationInterceptor.invoke(PersistenceExceptionTranslationInterceptor.java:139)
	at org.springframework.aop.framework.ReflectiveMethodInvocation.proceed(ReflectiveMethodInvocation.java:186)
	at org.springframework.data.jpa.repository.support.CrudMethodMetadataPostProcessor$CrudMethodMetadataPopulatingMethodInterceptor.invoke(CrudMethodMetadataPostProcessor.java:149)
	at org.springframework.aop.framework.ReflectiveMethodInvocation.proceed(ReflectiveMethodInvocation.java:186)
	at org.springframework.aop.interceptor.ExposeInvocationInterceptor.invoke(ExposeInvocationInterceptor.java:95)
	at org.springframework.aop.framework.ReflectiveMethodInvocation.proceed(ReflectiveMethodInvocation.java:186)
	at org.springframework.aop.framework.JdkDynamicAopProxy.invoke(JdkDynamicAopProxy.java:212)
	at jdk.proxy2/jdk.proxy2.$Proxy123.findBySlotStartTimeStampRange(Unknown Source)
	at java.base/jdk.internal.reflect.NativeMethodAccessorImpl.invoke0(Native Method)
	at java.base/jdk.internal.reflect.NativeMethodAccessorImpl.invoke(NativeMethodAccessorImpl.java:77)
	at java.base/jdk.internal.reflect.DelegatingMethodAccessorImpl.invoke(DelegatingMethodAccessorImpl.java:43)
	at java.base/java.lang.reflect.Method.invoke(Method.java:568)
	at org.springframework.aop.support.AopUtils.invokeJoinpointUsingReflection(AopUtils.java:344)
	at org.springframework.aop.framework.JdkDynamicAopProxy.invoke(JdkDynamicAopProxy.java:205)
	at jdk.proxy2/jdk.proxy2.$Proxy87.findBySlotStartTimeStampRange(Unknown Source)
	at com.booking.service.impl.SlotServiceImpl.vipSlot(SlotServiceImpl.java:366)
	at com.booking.service.impl.SlotServiceImpl$$FastClassBySpringCGLIB$$e22bed04.invoke(<generated>)
	at org.springframework.cglib.proxy.MethodProxy.invoke(MethodProxy.java:218)
	at org.springframework.aop.framework.CglibAopProxy$DynamicAdvisedInterceptor.intercept(CglibAopProxy.java:687)
	at com.booking.service.impl.SlotServiceImpl$$EnhancerBySpringCGLIB$$e8120079.vipSlot(<generated>)
	at com.booking.controller.SlotController.blockSlot(SlotController.java:39)
	at java.base/jdk.internal.reflect.NativeMethodAccessorImpl.invoke0(Native Method)
	at java.base/jdk.internal.reflect.NativeMethodAccessorImpl.invoke(NativeMethodAccessorImpl.java:77)
	at java.base/jdk.internal.reflect.DelegatingMethodAccessorImpl.invoke(DelegatingMethodAccessorImpl.java:43)
	at java.base/java.lang.reflect.Method.invoke(Method.java:568)
	at org.springframework.web.method.support.InvocableHandlerMethod.doInvoke(InvocableHandlerMethod.java:190)
	at org.springframework.web.method.support.InvocableHandlerMethod.invokeForRequest(InvocableHandlerMethod.java:138)
	at org.springframework.web.servlet.mvc.method.annotation.ServletInvocableHandlerMethod.invokeAndHandle(ServletInvocableHandlerMethod.java:105)
	at org.springframework.web.servlet.mvc.method.annotation.RequestMappingHandlerAdapter.invokeHandlerMethod(RequestMappingHandlerAdapter.java:879)
	at org.springframework.web.servlet.mvc.method.annotation.RequestMappingHandlerAdapter.handleInternal(RequestMappingHandlerAdapter.java:793)
	at org.springframework.web.servlet.mvc.method.AbstractHandlerMethodAdapter.handle(AbstractHandlerMethodAdapter.java:87)
	at org.springframework.web.servlet.DispatcherServlet.doDispatch(DispatcherServlet.java:1040)
	at org.springframework.web.servlet.DispatcherServlet.doService(DispatcherServlet.java:943)
	at org.springframework.web.servlet.FrameworkServlet.processRequest(FrameworkServlet.java:1006)
	at org.springframework.web.servlet.FrameworkServlet.doPost(FrameworkServlet.java:909)
	at javax.servlet.http.HttpServlet.service(HttpServlet.java:660)
	at org.springframework.web.servlet.FrameworkServlet.service(FrameworkServlet.java:883)
	at javax.servlet.http.HttpServlet.service(HttpServlet.java:741)
	at org.apache.catalina.core.ApplicationFilterChain.internalDoFilter(ApplicationFilterChain.java:231)
	at org.apache.catalina.core.ApplicationFilterChain.doFilter(ApplicationFilterChain.java:166)
	at org.apache.tomcat.websocket.server.WsFilter.doFilter(WsFilter.java:53)
	at org.apache.catalina.core.ApplicationFilterChain.internalDoFilter(ApplicationFilterChain.java:193)
	at org.apache.catalina.core.ApplicationFilterChain.doFilter(ApplicationFilterChain.java:166)
	at com.booking.logger.SpringLoggingFilter.doFilterInternal(SpringLoggingFilter.java:66)
	at org.springframework.web.filter.OncePerRequestFilter.doFilter(OncePerRequestFilter.java:119)
	at org.apache.catalina.core.ApplicationFilterChain.internalDoFilter(ApplicationFilterChain.java:193)
	at org.apache.catalina.core.ApplicationFilterChain.doFilter(ApplicationFilterChain.java:166)
	at com.booking.config.JwtAuthenticationFilter.doFilterInternal(JwtAuthenticationFilter.java:66)
	at org.springframework.web.filter.OncePerRequestFilter.doFilter(OncePerRequestFilter.java:119)
	at org.apache.catalina.core.ApplicationFilterChain.internalDoFilter(ApplicationFilterChain.java:193)
	at org.apache.catalina.core.ApplicationFilterChain.doFilter(ApplicationFilterChain.java:166)
	at org.springframework.security.web.FilterChainProxy$VirtualFilterChain.doFilter(FilterChainProxy.java:320)
	at org.springframework.security.web.access.intercept.FilterSecurityInterceptor.invoke(FilterSecurityInterceptor.java:126)
	at org.springframework.security.web.access.intercept.FilterSecurityInterceptor.doFilter(FilterSecurityInterceptor.java:90)
	at org.springframework.security.web.FilterChainProxy$VirtualFilterChain.doFilter(FilterChainProxy.java:334)
	at org.springframework.security.web.access.ExceptionTranslationFilter.doFilter(ExceptionTranslationFilter.java:118)
	at org.springframework.security.web.FilterChainProxy$VirtualFilterChain.doFilter(FilterChainProxy.java:334)
	at org.springframework.security.web.session.SessionManagementFilter.doFilter(SessionManagementFilter.java:137)
	at org.springframework.security.web.FilterChainProxy$VirtualFilterChain.doFilter(FilterChainProxy.java:334)
	at org.springframework.security.web.authentication.AnonymousAuthenticationFilter.doFilter(AnonymousAuthenticationFilter.java:111)
	at org.springframework.security.web.FilterChainProxy$VirtualFilterChain.doFilter(FilterChainProxy.java:334)
	at org.springframework.security.web.servletapi.SecurityContextHolderAwareRequestFilter.doFilter(SecurityContextHolderAwareRequestFilter.java:158)
	at org.springframework.security.web.FilterChainProxy$VirtualFilterChain.doFilter(FilterChainProxy.java:334)
	at org.springframework.security.web.savedrequest.RequestCacheAwareFilter.doFilter(RequestCacheAwareFilter.java:63)
	at org.springframework.security.web.FilterChainProxy$VirtualFilterChain.doFilter(FilterChainProxy.java:334)
	at org.springframework.security.web.authentication.logout.LogoutFilter.doFilter(LogoutFilter.java:116)
	at org.springframework.security.web.FilterChainProxy$VirtualFilterChain.doFilter(FilterChainProxy.java:334)
	at org.springframework.web.filter.CorsFilter.doFilterInternal(CorsFilter.java:92)
	at org.springframework.web.filter.OncePerRequestFilter.doFilter(OncePerRequestFilter.java:119)
	at org.springframework.security.web.FilterChainProxy$VirtualFilterChain.doFilter(FilterChainProxy.java:334)
	at org.springframework.security.web.header.HeaderWriterFilter.doHeadersAfter(HeaderWriterFilter.java:92)
	at org.springframework.security.web.header.HeaderWriterFilter.doFilterInternal(HeaderWriterFilter.java:77)
	at org.springframework.web.filter.OncePerRequestFilter.doFilter(OncePerRequestFilter.java:119)
	at org.springframework.security.web.FilterChainProxy$VirtualFilterChain.doFilter(FilterChainProxy.java:334)
	at org.springframework.security.web.context.SecurityContextPersistenceFilter.doFilter(SecurityContextPersistenceFilter.java:105)
	at org.springframework.security.web.FilterChainProxy$VirtualFilterChain.doFilter(FilterChainProxy.java:334)
	at org.springframework.security.web.context.request.async.WebAsyncManagerIntegrationFilter.doFilterInternal(WebAsyncManagerIntegrationFilter.java:56)
	at org.springframework.web.filter.OncePerRequestFilter.doFilter(OncePerRequestFilter.java:119)
	at org.springframework.security.web.FilterChainProxy$VirtualFilterChain.doFilter(FilterChainProxy.java:334)
	at org.springframework.security.web.FilterChainProxy.doFilterInternal(FilterChainProxy.java:215)
	at org.springframework.security.web.FilterChainProxy.doFilter(FilterChainProxy.java:178)
	at org.springframework.web.filter.DelegatingFilterProxy.invokeDelegate(DelegatingFilterProxy.java:358)
	at org.springframework.web.filter.DelegatingFilterProxy.doFilter(DelegatingFilterProxy.java:271)
	at org.apache.catalina.core.ApplicationFilterChain.internalDoFilter(ApplicationFilterChain.java:193)
	at org.apache.catalina.core.ApplicationFilterChain.doFilter(ApplicationFilterChain.java:166)
	at org.springframework.web.filter.RequestContextFilter.doFilterInternal(RequestContextFilter.java:100)
	at org.springframework.web.filter.OncePerRequestFilter.doFilter(OncePerRequestFilter.java:119)
	at org.apache.catalina.core.ApplicationFilterChain.internalDoFilter(ApplicationFilterChain.java:193)
	at org.apache.catalina.core.ApplicationFilterChain.doFilter(ApplicationFilterChain.java:166)
	at org.springframework.web.filter.FormContentFilter.doFilterInternal(FormContentFilter.java:93)
	at org.springframework.web.filter.OncePerRequestFilter.doFilter(OncePerRequestFilter.java:119)
	at org.apache.catalina.core.ApplicationFilterChain.internalDoFilter(ApplicationFilterChain.java:193)
	at org.apache.catalina.core.ApplicationFilterChain.doFilter(ApplicationFilterChain.java:166)
	at org.springframework.web.filter.CharacterEncodingFilter.doFilterInternal(CharacterEncodingFilter.java:201)
	at org.springframework.web.filter.OncePerRequestFilter.doFilter(OncePerRequestFilter.java:119)
	at org.apache.catalina.core.ApplicationFilterChain.internalDoFilter(ApplicationFilterChain.java:193)
	at org.apache.catalina.core.ApplicationFilterChain.doFilter(ApplicationFilterChain.java:166)
	at org.apache.catalina.core.StandardWrapperValve.invoke(StandardWrapperValve.java:202)
	at org.apache.catalina.core.StandardContextValve.invoke(StandardContextValve.java:96)
	at org.apache.catalina.authenticator.AuthenticatorBase.invoke(AuthenticatorBase.java:541)
	at org.apache.catalina.core.StandardHostValve.invoke(StandardHostValve.java:139)
	at org.apache.catalina.valves.ErrorReportValve.invoke(ErrorReportValve.java:92)
	at org.apache.catalina.core.StandardEngineValve.invoke(StandardEngineValve.java:74)
	at org.apache.catalina.connector.CoyoteAdapter.service(CoyoteAdapter.java:343)
	at org.apache.coyote.http11.Http11Processor.service(Http11Processor.java:373)
	at org.apache.coyote.AbstractProcessorLight.process(AbstractProcessorLight.java:65)
	at org.apache.coyote.AbstractProtocol$ConnectionHandler.process(AbstractProtocol.java:868)
	at org.apache.tomcat.util.net.NioEndpoint$SocketProcessor.doRun(NioEndpoint.java:1590)
	at org.apache.tomcat.util.net.SocketProcessorBase.run(SocketProcessorBase.java:49)
	at java.base/java.util.concurrent.ThreadPoolExecutor.runWorker(ThreadPoolExecutor.java:1136)
	at java.base/java.util.concurrent.ThreadPoolExecutor$Worker.run(ThreadPoolExecutor.java:635)
	at org.apache.tomcat.util.threads.TaskThread$WrappingRunnable.run(TaskThread.java:61)
	at java.base/java.lang.Thread.run(Thread.java:833)
2024-07-16 23:47:29,153 DEBUG org.apache.juli.logging.DirectJDKLog [http-nio-8084-exec-2] Processing ErrorPage[errorCode=0, location=/error]
2024-07-16 23:47:29,162 DEBUG org.springframework.security.web.FilterChainProxy$VirtualFilterChain [http-nio-8084-exec-2] /error at position 1 of 11 in additional filter chain; firing Filter: 'WebAsyncManagerIntegrationFilter'
2024-07-16 23:47:29,163 DEBUG org.springframework.security.web.FilterChainProxy$VirtualFilterChain [http-nio-8084-exec-2] /error at position 2 of 11 in additional filter chain; firing Filter: 'SecurityContextPersistenceFilter'
2024-07-16 23:47:29,163 DEBUG org.springframework.security.web.FilterChainProxy$VirtualFilterChain [http-nio-8084-exec-2] /error at position 3 of 11 in additional filter chain; firing Filter: 'HeaderWriterFilter'
2024-07-16 23:47:29,163 DEBUG org.springframework.security.web.FilterChainProxy$VirtualFilterChain [http-nio-8084-exec-2] /error at position 4 of 11 in additional filter chain; firing Filter: 'CorsFilter'
2024-07-16 23:47:29,164 DEBUG org.springframework.security.web.FilterChainProxy$VirtualFilterChain [http-nio-8084-exec-2] /error at position 5 of 11 in additional filter chain; firing Filter: 'LogoutFilter'
2024-07-16 23:47:29,164 DEBUG org.springframework.security.web.util.matcher.OrRequestMatcher [http-nio-8084-exec-2] Trying to match using Ant [pattern='/logout', GET]
2024-07-16 23:47:29,164 DEBUG org.springframework.security.web.util.matcher.AntPathRequestMatcher [http-nio-8084-exec-2] Request 'POST /error' doesn't match 'GET /logout'
2024-07-16 23:47:29,165 DEBUG org.springframework.security.web.util.matcher.OrRequestMatcher [http-nio-8084-exec-2] Trying to match using Ant [pattern='/logout', POST]
2024-07-16 23:47:29,165 DEBUG org.springframework.security.web.util.matcher.AntPathRequestMatcher [http-nio-8084-exec-2] Checking match of request : '/error'; against '/logout'
2024-07-16 23:47:29,165 DEBUG org.springframework.security.web.util.matcher.OrRequestMatcher [http-nio-8084-exec-2] Trying to match using Ant [pattern='/logout', PUT]
2024-07-16 23:47:29,165 DEBUG org.springframework.security.web.util.matcher.AntPathRequestMatcher [http-nio-8084-exec-2] Request 'POST /error' doesn't match 'PUT /logout'
2024-07-16 23:47:29,166 DEBUG org.springframework.security.web.util.matcher.OrRequestMatcher [http-nio-8084-exec-2] Trying to match using Ant [pattern='/logout', DELETE]
2024-07-16 23:47:29,166 DEBUG org.springframework.security.web.util.matcher.AntPathRequestMatcher [http-nio-8084-exec-2] Request 'POST /error' doesn't match 'DELETE /logout'
2024-07-16 23:47:29,166 DEBUG org.springframework.security.web.util.matcher.OrRequestMatcher [http-nio-8084-exec-2] No matches found
2024-07-16 23:47:29,167 DEBUG org.springframework.security.web.FilterChainProxy$VirtualFilterChain [http-nio-8084-exec-2] /error at position 6 of 11 in additional filter chain; firing Filter: 'RequestCacheAwareFilter'
2024-07-16 23:47:29,167 DEBUG org.springframework.security.web.FilterChainProxy$VirtualFilterChain [http-nio-8084-exec-2] /error at position 7 of 11 in additional filter chain; firing Filter: 'SecurityContextHolderAwareRequestFilter'
2024-07-16 23:47:29,167 DEBUG org.springframework.security.web.FilterChainProxy$VirtualFilterChain [http-nio-8084-exec-2] /error at position 8 of 11 in additional filter chain; firing Filter: 'AnonymousAuthenticationFilter'
2024-07-16 23:47:29,168 DEBUG org.springframework.security.web.authentication.AnonymousAuthenticationFilter [http-nio-8084-exec-2] Populated SecurityContextHolder with anonymous token: 'org.springframework.security.authentication.AnonymousAuthenticationToken@983b4dbb: Principal: anonymousUser; Credentials: [PROTECTED]; Authenticated: true; Details: org.springframework.security.web.authentication.WebAuthenticationDetails@b364: RemoteIpAddress: 0:0:0:0:0:0:0:1; SessionId: null; Granted Authorities: ROLE_ANONYMOUS'
2024-07-16 23:47:29,168 DEBUG org.springframework.security.web.FilterChainProxy$VirtualFilterChain [http-nio-8084-exec-2] /error at position 9 of 11 in additional filter chain; firing Filter: 'SessionManagementFilter'
2024-07-16 23:47:29,168 DEBUG org.springframework.security.web.FilterChainProxy$VirtualFilterChain [http-nio-8084-exec-2] /error at position 10 of 11 in additional filter chain; firing Filter: 'ExceptionTranslationFilter'
2024-07-16 23:47:29,169 DEBUG org.springframework.security.web.FilterChainProxy$VirtualFilterChain [http-nio-8084-exec-2] /error at position 11 of 11 in additional filter chain; firing Filter: 'FilterSecurityInterceptor'
2024-07-16 23:47:29,169 DEBUG org.springframework.security.web.FilterChainProxy$VirtualFilterChain [http-nio-8084-exec-2] /error reached end of additional filter chain; proceeding with original chain
2024-07-16 23:47:29,170 DEBUG org.springframework.core.log.LogFormatUtils [http-nio-8084-exec-2] "ERROR" dispatch for POST "/error", parameters={}
2024-07-16 23:47:29,179 DEBUG org.springframework.web.servlet.handler.AbstractHandlerMapping [http-nio-8084-exec-2] Mapped to org.springframework.boot.autoconfigure.web.servlet.error.BasicErrorController#error(HttpServletRequest)
2024-07-16 23:47:29,179 DEBUG org.springframework.orm.jpa.support.OpenEntityManagerInViewInterceptor [http-nio-8084-exec-2] Opening JPA EntityManager in OpenEntityManagerInViewInterceptor
2024-07-16 23:47:29,212 DEBUG org.springframework.web.servlet.mvc.method.annotation.AbstractMessageConverterMethodProcessor [http-nio-8084-exec-2] Using 'application/json', given [application/json, text/plain, */*] and supported [application/json, application/*+json, application/json, application/*+json]
2024-07-16 23:47:29,214 DEBUG org.springframework.core.log.LogFormatUtils [http-nio-8084-exec-2] Writing [{timestamp=Tue Jul 16 23:47:29 IST 2024, status=500, error=Internal Server Error, message=, path=/sl (truncated)...]
2024-07-16 23:47:29,268 DEBUG org.springframework.orm.jpa.support.OpenEntityManagerInViewInterceptor [http-nio-8084-exec-2] Closing JPA EntityManager in OpenEntityManagerInViewInterceptor
2024-07-16 23:47:29,269 DEBUG org.springframework.web.servlet.FrameworkServlet [http-nio-8084-exec-2] Exiting from "ERROR" dispatch, status 500
2024-07-16 23:47:29,269 DEBUG org.springframework.security.web.access.ExceptionTranslationFilter [http-nio-8084-exec-2] Chain processed normally
2024-07-16 23:47:29,270 DEBUG org.springframework.security.web.context.SecurityContextPersistenceFilter [http-nio-8084-exec-2] SecurityContextHolder now cleared, as request processing completed
2024-07-16 23:47:29,271 DEBUG org.apache.juli.logging.DirectJDKLog [http-nio-8084-exec-2]  Disabling the response for further output
2024-07-16 23:47:29,275 DEBUG org.apache.juli.logging.DirectJDKLog [http-nio-8084-exec-2] Socket: [org.apache.tomcat.util.net.NioEndpoint$NioSocketWrapper@444fa926:org.apache.tomcat.util.net.NioChannel@563d9222:java.nio.channels.SocketChannel[connected local=/[0:0:0:0:0:0:0:1]:8084 remote=/[0:0:0:0:0:0:0:1]:53316]], Status in: [OPEN_READ], State out: [CLOSED]
2024-07-16 23:47:29,277 DEBUG org.apache.juli.logging.DirectJDKLog [http-nio-8084-exec-2] Pushed Processor [org.apache.coyote.http11.Http11Processor@2ef25d91]
2024-07-16 23:47:29,278 DEBUG org.apache.juli.logging.DirectJDKLog [http-nio-8084-exec-2] Counting down[http-nio-8084-exec-2] latch=1
2024-07-16 23:47:29,279 DEBUG org.apache.juli.logging.DirectJDKLog [http-nio-8084-exec-2] Calling [org.apache.tomcat.util.net.NioEndpoint@70cd4925].closeSocket([org.apache.tomcat.util.net.NioEndpoint$NioSocketWrapper@444fa926:org.apache.tomcat.util.net.NioChannel@563d9222:java.nio.channels.SocketChannel[connected local=/[0:0:0:0:0:0:0:1]:8084 remote=/[0:0:0:0:0:0:0:1]:53316]])
2024-07-16 23:47:34,614 DEBUG sun.rmi.runtime.Log$LoggerLog [RMI TCP Connection(1)-127.0.0.1] RMI TCP Connection(1)-127.0.0.1: (port 53297) connection closed
2024-07-16 23:47:34,616 DEBUG sun.rmi.runtime.Log$LoggerLog [RMI TCP Connection(1)-127.0.0.1] RMI TCP Connection(1)-127.0.0.1: close connection, socket: Socket[addr=/127.0.0.1,port=53304,localport=53297]
2024-07-16 23:47:34,617 DEBUG sun.rmi.runtime.Log$LoggerLog [RMI TCP Connection(1)-127.0.0.1] RMI TCP Connection(1)-127.0.0.1: socket close: Socket[addr=/127.0.0.1,port=53304,localport=53297]
2024-07-16 23:47:34,661 DEBUG sun.rmi.runtime.Log$LoggerLog [RMI TCP Connection(2)-127.0.0.1] RMI TCP Connection(2)-127.0.0.1: (port 53302) connection closed
2024-07-16 23:47:34,662 DEBUG sun.rmi.runtime.Log$LoggerLog [RMI TCP Connection(2)-127.0.0.1] RMI TCP Connection(2)-127.0.0.1: close connection, socket: Socket[addr=/127.0.0.1,port=53305,localport=53302]
2024-07-16 23:47:34,663 DEBUG sun.rmi.runtime.Log$LoggerLog [RMI TCP Connection(2)-127.0.0.1] RMI TCP Connection(2)-127.0.0.1: socket close: Socket[addr=/127.0.0.1,port=53305,localport=53302]
2024-07-16 23:47:43,676 DEBUG com.zaxxer.hikari.pool.HikariPool [HikariPool-1 housekeeper] HikariPool-1 - Pool stats (total=10, active=0, idle=10, waiting=0)
2024-07-16 23:47:43,677 DEBUG com.zaxxer.hikari.pool.HikariPool [HikariPool-1 housekeeper] HikariPool-1 - Fill pool skipped, pool is at sufficient level.
2024-07-16 23:48:04,732 DEBUG sun.rmi.runtime.Log$LoggerLog [RMI TCP Connection(3)-127.0.0.1] RMI TCP Connection(3)-127.0.0.1: accepted socket from [127.0.0.1:53317]
2024-07-16 23:48:04,734 DEBUG sun.rmi.runtime.Log$LoggerLog [RMI TCP Connection(3)-127.0.0.1] RMI TCP Connection(3)-127.0.0.1: (port 53302) op = 80
2024-07-16 23:48:04,735 DEBUG sun.util.logging.internal.LoggingProviderImpl$JULWrapper [RMI TCP Connection(3)-127.0.0.1] connectionId=rmi://127.0.0.1  1
2024-07-16 23:48:13,685 DEBUG com.zaxxer.hikari.pool.HikariPool [HikariPool-1 housekeeper] HikariPool-1 - Pool stats (total=10, active=0, idle=10, waiting=0)
2024-07-16 23:48:13,687 DEBUG com.zaxxer.hikari.pool.HikariPool [HikariPool-1 housekeeper] HikariPool-1 - Fill pool skipped, pool is at sufficient level.
2024-07-16 23:48:15,490 DEBUG org.apache.juli.logging.DirectJDKLog [Catalina-utility-2] Start expire sessions StandardManager at 1721153895490 sessioncount 0
2024-07-16 23:48:15,491 DEBUG org.apache.juli.logging.DirectJDKLog [Catalina-utility-2] End expire sessions StandardManager processingTime 1 expired sessions: 0
2024-07-16 23:48:19,739 DEBUG sun.rmi.runtime.Log$LoggerLog [RMI TCP Connection(3)-127.0.0.1] RMI TCP Connection(3)-127.0.0.1: (port 53302) connection closed
2024-07-16 23:48:19,740 DEBUG sun.rmi.runtime.Log$LoggerLog [RMI TCP Connection(3)-127.0.0.1] RMI TCP Connection(3)-127.0.0.1: close connection, socket: Socket[addr=/127.0.0.1,port=53317,localport=53302]
2024-07-16 23:48:19,742 DEBUG sun.rmi.runtime.Log$LoggerLog [RMI TCP Connection(3)-127.0.0.1] RMI TCP Connection(3)-127.0.0.1: socket close: Socket[addr=/127.0.0.1,port=53317,localport=53302]
2024-07-16 23:48:43,690 DEBUG com.zaxxer.hikari.pool.HikariPool [HikariPool-1 housekeeper] HikariPool-1 - Pool stats (total=10, active=0, idle=10, waiting=0)
2024-07-16 23:48:43,691 DEBUG com.zaxxer.hikari.pool.HikariPool [HikariPool-1 housekeeper] HikariPool-1 - Fill pool skipped, pool is at sufficient level.
2024-07-16 23:49:04,748 DEBUG sun.rmi.runtime.Log$LoggerLog [RMI TCP Connection(4)-127.0.0.1] RMI TCP Connection(4)-127.0.0.1: accepted socket from [127.0.0.1:53319]
2024-07-16 23:49:04,749 DEBUG sun.rmi.runtime.Log$LoggerLog [RMI TCP Connection(4)-127.0.0.1] RMI TCP Connection(4)-127.0.0.1: (port 53302) op = 80
2024-07-16 23:49:04,751 DEBUG sun.util.logging.internal.LoggingProviderImpl$JULWrapper [RMI TCP Connection(4)-127.0.0.1] connectionId=rmi://127.0.0.1  1
2024-07-16 23:49:13,700 DEBUG com.zaxxer.hikari.pool.HikariPool [HikariPool-1 housekeeper] HikariPool-1 - Pool stats (total=10, active=0, idle=10, waiting=0)
2024-07-16 23:49:13,701 DEBUG com.zaxxer.hikari.pool.HikariPool [HikariPool-1 housekeeper] HikariPool-1 - Fill pool skipped, pool is at sufficient level.
2024-07-16 23:49:15,512 DEBUG org.apache.juli.logging.DirectJDKLog [Catalina-utility-1] Start expire sessions StandardManager at 1721153955512 sessioncount 0
2024-07-16 23:49:15,513 DEBUG org.apache.juli.logging.DirectJDKLog [Catalina-utility-1] End expire sessions StandardManager processingTime 1 expired sessions: 0
2024-07-16 23:49:19,753 DEBUG sun.rmi.runtime.Log$LoggerLog [RMI TCP Connection(4)-127.0.0.1] RMI TCP Connection(4)-127.0.0.1: (port 53302) connection closed
2024-07-16 23:49:19,755 DEBUG sun.rmi.runtime.Log$LoggerLog [RMI TCP Connection(4)-127.0.0.1] RMI TCP Connection(4)-127.0.0.1: close connection, socket: Socket[addr=/127.0.0.1,port=53319,localport=53302]
2024-07-16 23:49:19,756 DEBUG sun.rmi.runtime.Log$LoggerLog [RMI TCP Connection(4)-127.0.0.1] RMI TCP Connection(4)-127.0.0.1: socket close: Socket[addr=/127.0.0.1,port=53319,localport=53302]
2024-07-16 23:49:43,706 DEBUG com.zaxxer.hikari.pool.HikariPool [HikariPool-1 housekeeper] HikariPool-1 - Pool stats (total=10, active=0, idle=10, waiting=0)
2024-07-16 23:49:43,708 DEBUG com.zaxxer.hikari.pool.HikariPool [HikariPool-1 housekeeper] HikariPool-1 - Fill pool skipped, pool is at sufficient level.
2024-07-16 23:50:04,765 DEBUG sun.rmi.runtime.Log$LoggerLog [RMI TCP Connection(5)-127.0.0.1] RMI TCP Connection(5)-127.0.0.1: accepted socket from [127.0.0.1:53320]
2024-07-16 23:50:04,767 DEBUG sun.rmi.runtime.Log$LoggerLog [RMI TCP Connection(5)-127.0.0.1] RMI TCP Connection(5)-127.0.0.1: (port 53302) op = 80
2024-07-16 23:50:04,768 DEBUG sun.util.logging.internal.LoggingProviderImpl$JULWrapper [RMI TCP Connection(5)-127.0.0.1] connectionId=rmi://127.0.0.1  1
2024-07-16 23:50:13,710 DEBUG com.zaxxer.hikari.pool.HikariPool [HikariPool-1 housekeeper] HikariPool-1 - Pool stats (total=10, active=0, idle=10, waiting=0)
2024-07-16 23:50:13,711 DEBUG com.zaxxer.hikari.pool.HikariPool [HikariPool-1 housekeeper] HikariPool-1 - Fill pool skipped, pool is at sufficient level.
2024-07-16 23:50:15,563 DEBUG org.apache.juli.logging.DirectJDKLog [Catalina-utility-1] Start expire sessions StandardManager at 1721154015563 sessioncount 0
2024-07-16 23:50:15,564 DEBUG org.apache.juli.logging.DirectJDKLog [Catalina-utility-1] End expire sessions StandardManager processingTime 1 expired sessions: 0
2024-07-16 23:50:19,771 DEBUG sun.rmi.runtime.Log$LoggerLog [RMI TCP Connection(5)-127.0.0.1] RMI TCP Connection(5)-127.0.0.1: (port 53302) connection closed
2024-07-16 23:50:19,772 DEBUG sun.rmi.runtime.Log$LoggerLog [RMI TCP Connection(5)-127.0.0.1] RMI TCP Connection(5)-127.0.0.1: close connection, socket: Socket[addr=/127.0.0.1,port=53320,localport=53302]
2024-07-16 23:50:19,773 DEBUG sun.rmi.runtime.Log$LoggerLog [RMI TCP Connection(5)-127.0.0.1] RMI TCP Connection(5)-127.0.0.1: socket close: Socket[addr=/127.0.0.1,port=53320,localport=53302]
2024-07-16 23:50:43,725 DEBUG com.zaxxer.hikari.pool.HikariPool [HikariPool-1 housekeeper] HikariPool-1 - Pool stats (total=10, active=0, idle=10, waiting=0)
2024-07-16 23:50:43,726 DEBUG com.zaxxer.hikari.pool.HikariPool [HikariPool-1 housekeeper] HikariPool-1 - Fill pool skipped, pool is at sufficient level.
2024-07-16 23:51:04,781 DEBUG sun.rmi.runtime.Log$LoggerLog [RMI TCP Connection(6)-127.0.0.1] RMI TCP Connection(6)-127.0.0.1: accepted socket from [127.0.0.1:53322]
2024-07-16 23:51:04,783 DEBUG sun.rmi.runtime.Log$LoggerLog [RMI TCP Connection(6)-127.0.0.1] RMI TCP Connection(6)-127.0.0.1: (port 53302) op = 80
2024-07-16 23:51:04,784 DEBUG sun.util.logging.internal.LoggingProviderImpl$JULWrapper [RMI TCP Connection(6)-127.0.0.1] connectionId=rmi://127.0.0.1  1
2024-07-16 23:51:13,731 DEBUG com.zaxxer.hikari.pool.HikariPool [HikariPool-1 housekeeper] HikariPool-1 - Pool stats (total=10, active=0, idle=10, waiting=0)
2024-07-16 23:51:13,732 DEBUG com.zaxxer.hikari.pool.HikariPool [HikariPool-1 housekeeper] HikariPool-1 - Fill pool skipped, pool is at sufficient level.
2024-07-16 23:51:15,626 DEBUG org.apache.juli.logging.DirectJDKLog [Catalina-utility-2] Start expire sessions StandardManager at 1721154075626 sessioncount 0
2024-07-16 23:51:15,628 DEBUG org.apache.juli.logging.DirectJDKLog [Catalina-utility-2] End expire sessions StandardManager processingTime 1 expired sessions: 0
2024-07-16 23:51:19,787 DEBUG sun.rmi.runtime.Log$LoggerLog [RMI TCP Connection(6)-127.0.0.1] RMI TCP Connection(6)-127.0.0.1: (port 53302) connection closed
2024-07-16 23:51:19,789 DEBUG sun.rmi.runtime.Log$LoggerLog [RMI TCP Connection(6)-127.0.0.1] RMI TCP Connection(6)-127.0.0.1: close connection, socket: Socket[addr=/127.0.0.1,port=53322,localport=53302]
2024-07-16 23:51:19,790 DEBUG sun.rmi.runtime.Log$LoggerLog [RMI TCP Connection(6)-127.0.0.1] RMI TCP Connection(6)-127.0.0.1: socket close: Socket[addr=/127.0.0.1,port=53322,localport=53302]
2024-07-16 23:51:43,747 DEBUG com.zaxxer.hikari.pool.HikariPool [HikariPool-1 housekeeper] HikariPool-1 - Pool stats (total=10, active=0, idle=10, waiting=0)
2024-07-16 23:51:43,748 DEBUG com.zaxxer.hikari.pool.HikariPool [HikariPool-1 housekeeper] HikariPool-1 - Fill pool skipped, pool is at sufficient level.
2024-07-16 23:52:04,719 DEBUG sun.rmi.runtime.Log$LoggerLog [RMI TCP Connection(7)-127.0.0.1] RMI TCP Connection(7)-127.0.0.1: accepted socket from [127.0.0.1:53331]
2024-07-16 23:52:04,721 DEBUG sun.rmi.runtime.Log$LoggerLog [RMI TCP Connection(7)-127.0.0.1] RMI TCP Connection(7)-127.0.0.1: (port 53302) op = 80
2024-07-16 23:52:04,722 DEBUG sun.rmi.runtime.Log$LoggerLog [RMI TCP Connection(7)-127.0.0.1] RMI TCP Connection(7)-127.0.0.1: name = "[Ljava.rmi.server.ObjID;", codebase = "", defaultLoader = jdk.internal.loader.ClassLoaders$PlatformClassLoader@29a22944
2024-07-16 23:52:04,724 DEBUG sun.rmi.runtime.Log$LoggerLog [RMI TCP Connection(7)-127.0.0.1] RMI TCP Connection(7)-127.0.0.1: name = "java.rmi.dgc.Lease", codebase = "", defaultLoader = jdk.internal.loader.ClassLoaders$PlatformClassLoader@29a22944
2024-07-16 23:52:04,725 DEBUG sun.rmi.runtime.Log$LoggerLog [RMI TCP Connection(7)-127.0.0.1] RMI TCP Connection(7)-127.0.0.1: name = "java.rmi.dgc.VMID", codebase = "", defaultLoader = jdk.internal.loader.ClassLoaders$PlatformClassLoader@29a22944
2024-07-16 23:52:04,726 DEBUG sun.rmi.runtime.Log$LoggerLog [RMI TCP Connection(7)-127.0.0.1] RMI TCP Connection(7)-127.0.0.1: name = "[B", codebase = "", defaultLoader = jdk.internal.loader.ClassLoaders$PlatformClassLoader@29a22944
2024-07-16 23:52:04,727 DEBUG sun.rmi.runtime.Log$LoggerLog [RMI TCP Connection(7)-127.0.0.1] RMI TCP Connection(7)-127.0.0.1: name = "java.rmi.server.UID", codebase = "", defaultLoader = jdk.internal.loader.ClassLoaders$PlatformClassLoader@29a22944
2024-07-16 23:52:04,788 DEBUG sun.rmi.runtime.Log$LoggerLog [RMI TCP Connection(7)-127.0.0.1] RMI TCP Connection(7)-127.0.0.1: (port 53302) op = 82
2024-07-16 23:52:04,790 DEBUG sun.rmi.runtime.Log$LoggerLog [RMI TCP Connection(7)-127.0.0.1] RMI TCP Connection(7)-127.0.0.1: (port 53302) op = 80
2024-07-16 23:52:04,791 DEBUG sun.util.logging.internal.LoggingProviderImpl$JULWrapper [RMI TCP Connection(7)-127.0.0.1] connectionId=rmi://127.0.0.1  1
2024-07-16 23:52:13,781 DEBUG com.zaxxer.hikari.pool.HikariPool [HikariPool-1 housekeeper] HikariPool-1 - Pool stats (total=10, active=0, idle=10, waiting=0)
2024-07-16 23:52:13,782 DEBUG com.zaxxer.hikari.pool.HikariPool [HikariPool-1 housekeeper] HikariPool-1 - Fill pool skipped, pool is at sufficient level.
2024-07-16 23:52:15,685 DEBUG org.apache.juli.logging.DirectJDKLog [Catalina-utility-1] Start expire sessions StandardManager at 1721154135684 sessioncount 0
2024-07-16 23:52:15,686 DEBUG org.apache.juli.logging.DirectJDKLog [Catalina-utility-1] End expire sessions StandardManager processingTime 2 expired sessions: 0
2024-07-16 23:52:34,732 DEBUG sun.rmi.runtime.Log$LoggerLog [RMI TCP Connection(7)-127.0.0.1] RMI TCP Connection(7)-127.0.0.1: (port 53302) connection closed
2024-07-16 23:52:34,733 DEBUG sun.rmi.runtime.Log$LoggerLog [RMI TCP Connection(7)-127.0.0.1] RMI TCP Connection(7)-127.0.0.1: close connection, socket: Socket[addr=/127.0.0.1,port=53331,localport=53302]
2024-07-16 23:52:34,735 DEBUG sun.rmi.runtime.Log$LoggerLog [RMI TCP Connection(7)-127.0.0.1] RMI TCP Connection(7)-127.0.0.1: socket close: Socket[addr=/127.0.0.1,port=53331,localport=53302]
2024-07-16 23:52:43,788 DEBUG com.zaxxer.hikari.pool.HikariPool [HikariPool-1 housekeeper] HikariPool-1 - Pool stats (total=10, active=0, idle=10, waiting=0)
2024-07-16 23:52:43,789 DEBUG com.zaxxer.hikari.pool.HikariPool [HikariPool-1 housekeeper] HikariPool-1 - Fill pool skipped, pool is at sufficient level.
2024-07-16 23:53:04,803 DEBUG sun.rmi.runtime.Log$LoggerLog [RMI TCP Connection(8)-127.0.0.1] RMI TCP Connection(8)-127.0.0.1: accepted socket from [127.0.0.1:61868]
2024-07-16 23:53:04,805 DEBUG sun.rmi.runtime.Log$LoggerLog [RMI TCP Connection(8)-127.0.0.1] RMI TCP Connection(8)-127.0.0.1: (port 53302) op = 80
2024-07-16 23:53:04,806 DEBUG sun.util.logging.internal.LoggingProviderImpl$JULWrapper [RMI TCP Connection(8)-127.0.0.1] connectionId=rmi://127.0.0.1  1
2024-07-16 23:53:13,802 DEBUG com.zaxxer.hikari.pool.HikariPool [HikariPool-1 housekeeper] HikariPool-1 - Pool stats (total=10, active=0, idle=10, waiting=0)
2024-07-16 23:53:13,803 DEBUG com.zaxxer.hikari.pool.HikariPool [HikariPool-1 housekeeper] HikariPool-1 - Fill pool skipped, pool is at sufficient level.
2024-07-16 23:53:15,727 DEBUG org.apache.juli.logging.DirectJDKLog [Catalina-utility-2] Start expire sessions StandardManager at 1721154195727 sessioncount 0
2024-07-16 23:53:15,728 DEBUG org.apache.juli.logging.DirectJDKLog [Catalina-utility-2] End expire sessions StandardManager processingTime 1 expired sessions: 0
2024-07-16 23:53:19,808 DEBUG sun.rmi.runtime.Log$LoggerLog [RMI TCP Connection(8)-127.0.0.1] RMI TCP Connection(8)-127.0.0.1: (port 53302) connection closed
2024-07-16 23:53:19,810 DEBUG sun.rmi.runtime.Log$LoggerLog [RMI TCP Connection(8)-127.0.0.1] RMI TCP Connection(8)-127.0.0.1: close connection, socket: Socket[addr=/127.0.0.1,port=61868,localport=53302]
2024-07-16 23:53:19,811 DEBUG sun.rmi.runtime.Log$LoggerLog [RMI TCP Connection(8)-127.0.0.1] RMI TCP Connection(8)-127.0.0.1: socket close: Socket[addr=/127.0.0.1,port=61868,localport=53302]
2024-07-16 23:53:43,805 DEBUG com.zaxxer.hikari.pool.HikariPool [HikariPool-1 housekeeper] HikariPool-1 - Pool stats (total=10, active=0, idle=10, waiting=0)
2024-07-16 23:53:43,806 DEBUG com.zaxxer.hikari.pool.HikariPool [HikariPool-1 housekeeper] HikariPool-1 - Fill pool skipped, pool is at sufficient level.
2024-07-16 23:54:04,820 DEBUG sun.rmi.runtime.Log$LoggerLog [RMI TCP Connection(9)-127.0.0.1] RMI TCP Connection(9)-127.0.0.1: accepted socket from [127.0.0.1:61871]
2024-07-16 23:54:04,821 DEBUG sun.rmi.runtime.Log$LoggerLog [RMI TCP Connection(9)-127.0.0.1] RMI TCP Connection(9)-127.0.0.1: (port 53302) op = 80
2024-07-16 23:54:04,822 DEBUG sun.util.logging.internal.LoggingProviderImpl$JULWrapper [RMI TCP Connection(9)-127.0.0.1] connectionId=rmi://127.0.0.1  1
2024-07-16 23:54:13,807 DEBUG com.zaxxer.hikari.pool.HikariPool [HikariPool-1 housekeeper] HikariPool-1 - Pool stats (total=10, active=0, idle=10, waiting=0)
2024-07-16 23:54:13,809 DEBUG com.zaxxer.hikari.pool.HikariPool [HikariPool-1 housekeeper] HikariPool-1 - Fill pool skipped, pool is at sufficient level.
2024-07-16 23:54:15,738 DEBUG org.apache.juli.logging.DirectJDKLog [Catalina-utility-2] Start expire sessions StandardManager at 1721154255738 sessioncount 0
2024-07-16 23:54:15,739 DEBUG org.apache.juli.logging.DirectJDKLog [Catalina-utility-2] End expire sessions StandardManager processingTime 1 expired sessions: 0
2024-07-16 23:54:19,826 DEBUG sun.rmi.runtime.Log$LoggerLog [RMI TCP Connection(9)-127.0.0.1] RMI TCP Connection(9)-127.0.0.1: (port 53302) connection closed
2024-07-16 23:54:19,827 DEBUG sun.rmi.runtime.Log$LoggerLog [RMI TCP Connection(9)-127.0.0.1] RMI TCP Connection(9)-127.0.0.1: close connection, socket: Socket[addr=/127.0.0.1,port=61871,localport=53302]
2024-07-16 23:54:19,828 DEBUG sun.rmi.runtime.Log$LoggerLog [RMI TCP Connection(9)-127.0.0.1] RMI TCP Connection(9)-127.0.0.1: socket close: Socket[addr=/127.0.0.1,port=61871,localport=53302]
2024-07-16 23:54:43,810 DEBUG com.zaxxer.hikari.pool.HikariPool [HikariPool-1 housekeeper] HikariPool-1 - Pool stats (total=10, active=0, idle=10, waiting=0)
2024-07-16 23:54:43,811 DEBUG com.zaxxer.hikari.pool.HikariPool [HikariPool-1 housekeeper] HikariPool-1 - Fill pool skipped, pool is at sufficient level.
2024-07-16 23:55:04,835 DEBUG sun.rmi.runtime.Log$LoggerLog [RMI TCP Connection(10)-127.0.0.1] RMI TCP Connection(10)-127.0.0.1: accepted socket from [127.0.0.1:61872]
2024-07-16 23:55:04,838 DEBUG sun.rmi.runtime.Log$LoggerLog [RMI TCP Connection(10)-127.0.0.1] RMI TCP Connection(10)-127.0.0.1: (port 53302) op = 80
2024-07-16 23:55:04,839 DEBUG sun.util.logging.internal.LoggingProviderImpl$JULWrapper [RMI TCP Connection(10)-127.0.0.1] connectionId=rmi://127.0.0.1  1
2024-07-16 23:55:13,823 DEBUG com.zaxxer.hikari.pool.HikariPool [HikariPool-1 housekeeper] HikariPool-1 - Pool stats (total=10, active=0, idle=10, waiting=0)
2024-07-16 23:55:13,824 DEBUG com.zaxxer.hikari.pool.HikariPool [HikariPool-1 housekeeper] HikariPool-1 - Fill pool skipped, pool is at sufficient level.
2024-07-16 23:55:15,759 DEBUG org.apache.juli.logging.DirectJDKLog [Catalina-utility-2] Start expire sessions StandardManager at 1721154315759 sessioncount 0
2024-07-16 23:55:15,761 DEBUG org.apache.juli.logging.DirectJDKLog [Catalina-utility-2] End expire sessions StandardManager processingTime 2 expired sessions: 0
2024-07-16 23:55:19,842 DEBUG sun.rmi.runtime.Log$LoggerLog [RMI TCP Connection(10)-127.0.0.1] RMI TCP Connection(10)-127.0.0.1: (port 53302) connection closed
2024-07-16 23:55:19,844 DEBUG sun.rmi.runtime.Log$LoggerLog [RMI TCP Connection(10)-127.0.0.1] RMI TCP Connection(10)-127.0.0.1: close connection, socket: Socket[addr=/127.0.0.1,port=61872,localport=53302]
2024-07-16 23:55:19,845 DEBUG sun.rmi.runtime.Log$LoggerLog [RMI TCP Connection(10)-127.0.0.1] RMI TCP Connection(10)-127.0.0.1: socket close: Socket[addr=/127.0.0.1,port=61872,localport=53302]
2024-07-16 23:55:43,837 DEBUG com.zaxxer.hikari.pool.HikariPool [HikariPool-1 housekeeper] HikariPool-1 - Pool stats (total=10, active=0, idle=10, waiting=0)
2024-07-16 23:55:43,838 DEBUG com.zaxxer.hikari.pool.HikariPool [HikariPool-1 housekeeper] HikariPool-1 - Fill pool skipped, pool is at sufficient level.
2024-07-16 23:56:04,850 DEBUG sun.rmi.runtime.Log$LoggerLog [RMI TCP Connection(11)-127.0.0.1] RMI TCP Connection(11)-127.0.0.1: accepted socket from [127.0.0.1:61873]
2024-07-16 23:56:04,851 DEBUG sun.rmi.runtime.Log$LoggerLog [RMI TCP Connection(11)-127.0.0.1] RMI TCP Connection(11)-127.0.0.1: (port 53302) op = 80
2024-07-16 23:56:04,852 DEBUG sun.util.logging.internal.LoggingProviderImpl$JULWrapper [RMI TCP Connection(11)-127.0.0.1] connectionId=rmi://127.0.0.1  1
2024-07-16 23:56:13,850 DEBUG com.zaxxer.hikari.pool.HikariPool [HikariPool-1 housekeeper] HikariPool-1 - Pool stats (total=10, active=0, idle=10, waiting=0)
2024-07-16 23:56:13,851 DEBUG com.zaxxer.hikari.pool.HikariPool [HikariPool-1 housekeeper] HikariPool-1 - Fill pool skipped, pool is at sufficient level.
2024-07-16 23:56:15,819 DEBUG org.apache.juli.logging.DirectJDKLog [Catalina-utility-1] Start expire sessions StandardManager at 1721154375819 sessioncount 0
2024-07-16 23:56:15,820 DEBUG org.apache.juli.logging.DirectJDKLog [Catalina-utility-1] End expire sessions StandardManager processingTime 1 expired sessions: 0
2024-07-16 23:56:19,854 DEBUG sun.rmi.runtime.Log$LoggerLog [RMI TCP Connection(11)-127.0.0.1] RMI TCP Connection(11)-127.0.0.1: (port 53302) connection closed
2024-07-16 23:56:19,855 DEBUG sun.rmi.runtime.Log$LoggerLog [RMI TCP Connection(11)-127.0.0.1] RMI TCP Connection(11)-127.0.0.1: close connection, socket: Socket[addr=/127.0.0.1,port=61873,localport=53302]
2024-07-16 23:56:19,856 DEBUG sun.rmi.runtime.Log$LoggerLog [RMI TCP Connection(11)-127.0.0.1] RMI TCP Connection(11)-127.0.0.1: socket close: Socket[addr=/127.0.0.1,port=61873,localport=53302]
2024-07-16 23:56:43,864 DEBUG com.zaxxer.hikari.pool.HikariPool [HikariPool-1 housekeeper] HikariPool-1 - Pool stats (total=10, active=0, idle=10, waiting=0)
2024-07-16 23:56:43,865 DEBUG com.zaxxer.hikari.pool.HikariPool [HikariPool-1 housekeeper] HikariPool-1 - Fill pool skipped, pool is at sufficient level.
2024-07-16 23:57:04,725 DEBUG sun.rmi.runtime.Log$LoggerLog [RMI TCP Connection(12)-127.0.0.1] RMI TCP Connection(12)-127.0.0.1: accepted socket from [127.0.0.1:61875]
2024-07-16 23:57:04,728 DEBUG sun.rmi.runtime.Log$LoggerLog [RMI TCP Connection(12)-127.0.0.1] RMI TCP Connection(12)-127.0.0.1: (port 53302) op = 80
2024-07-16 23:57:04,729 DEBUG sun.rmi.runtime.Log$LoggerLog [RMI TCP Connection(12)-127.0.0.1] RMI TCP Connection(12)-127.0.0.1: name = "[Ljava.rmi.server.ObjID;", codebase = "", defaultLoader = jdk.internal.loader.ClassLoaders$PlatformClassLoader@29a22944
2024-07-16 23:57:04,731 DEBUG sun.rmi.runtime.Log$LoggerLog [RMI TCP Connection(12)-127.0.0.1] RMI TCP Connection(12)-127.0.0.1: name = "java.rmi.dgc.Lease", codebase = "", defaultLoader = jdk.internal.loader.ClassLoaders$PlatformClassLoader@29a22944
2024-07-16 23:57:04,732 DEBUG sun.rmi.runtime.Log$LoggerLog [RMI TCP Connection(12)-127.0.0.1] RMI TCP Connection(12)-127.0.0.1: name = "java.rmi.dgc.VMID", codebase = "", defaultLoader = jdk.internal.loader.ClassLoaders$PlatformClassLoader@29a22944
2024-07-16 23:57:04,733 DEBUG sun.rmi.runtime.Log$LoggerLog [RMI TCP Connection(12)-127.0.0.1] RMI TCP Connection(12)-127.0.0.1: name = "[B", codebase = "", defaultLoader = jdk.internal.loader.ClassLoaders$PlatformClassLoader@29a22944
2024-07-16 23:57:04,734 DEBUG sun.rmi.runtime.Log$LoggerLog [RMI TCP Connection(12)-127.0.0.1] RMI TCP Connection(12)-127.0.0.1: name = "java.rmi.server.UID", codebase = "", defaultLoader = jdk.internal.loader.ClassLoaders$PlatformClassLoader@29a22944
2024-07-16 23:57:04,854 DEBUG sun.rmi.runtime.Log$LoggerLog [RMI TCP Connection(12)-127.0.0.1] RMI TCP Connection(12)-127.0.0.1: (port 53302) op = 82
2024-07-16 23:57:04,855 DEBUG sun.rmi.runtime.Log$LoggerLog [RMI TCP Connection(12)-127.0.0.1] RMI TCP Connection(12)-127.0.0.1: (port 53302) op = 80
2024-07-16 23:57:04,856 DEBUG sun.util.logging.internal.LoggingProviderImpl$JULWrapper [RMI TCP Connection(12)-127.0.0.1] connectionId=rmi://127.0.0.1  1
2024-07-16 23:57:13,879 DEBUG com.zaxxer.hikari.pool.HikariPool [HikariPool-1 housekeeper] HikariPool-1 - Pool stats (total=10, active=0, idle=10, waiting=0)
2024-07-16 23:57:13,880 DEBUG com.zaxxer.hikari.pool.HikariPool [HikariPool-1 housekeeper] HikariPool-1 - Fill pool skipped, pool is at sufficient level.
2024-07-16 23:57:15,869 DEBUG org.apache.juli.logging.DirectJDKLog [Catalina-utility-2] Start expire sessions StandardManager at 1721154435869 sessioncount 0
2024-07-16 23:57:15,870 DEBUG org.apache.juli.logging.DirectJDKLog [Catalina-utility-2] End expire sessions StandardManager processingTime 1 expired sessions: 0
2024-07-16 23:57:34,739 DEBUG sun.rmi.runtime.Log$LoggerLog [RMI TCP Connection(12)-127.0.0.1] RMI TCP Connection(12)-127.0.0.1: (port 53302) connection closed
2024-07-16 23:57:34,740 DEBUG sun.rmi.runtime.Log$LoggerLog [RMI TCP Connection(12)-127.0.0.1] RMI TCP Connection(12)-127.0.0.1: close connection, socket: Socket[addr=/127.0.0.1,port=61875,localport=53302]
2024-07-16 23:57:34,741 DEBUG sun.rmi.runtime.Log$LoggerLog [RMI TCP Connection(12)-127.0.0.1] RMI TCP Connection(12)-127.0.0.1: socket close: Socket[addr=/127.0.0.1,port=61875,localport=53302]
2024-07-16 23:57:43,894 DEBUG com.zaxxer.hikari.pool.HikariPool [HikariPool-1 housekeeper] HikariPool-1 - Pool stats (total=10, active=0, idle=10, waiting=0)
2024-07-16 23:57:43,895 DEBUG com.zaxxer.hikari.pool.HikariPool [HikariPool-1 housekeeper] HikariPool-1 - Fill pool skipped, pool is at sufficient level.
2024-07-16 23:58:04,869 DEBUG sun.rmi.runtime.Log$LoggerLog [RMI TCP Connection(13)-127.0.0.1] RMI TCP Connection(13)-127.0.0.1: accepted socket from [127.0.0.1:61876]
2024-07-16 23:58:04,871 DEBUG sun.rmi.runtime.Log$LoggerLog [RMI TCP Connection(13)-127.0.0.1] RMI TCP Connection(13)-127.0.0.1: (port 53302) op = 80
2024-07-16 23:58:04,872 DEBUG sun.util.logging.internal.LoggingProviderImpl$JULWrapper [RMI TCP Connection(13)-127.0.0.1] connectionId=rmi://127.0.0.1  1
2024-07-16 23:58:13,901 DEBUG com.zaxxer.hikari.pool.HikariPool [HikariPool-1 housekeeper] HikariPool-1 - Pool stats (total=10, active=0, idle=10, waiting=0)
2024-07-16 23:58:13,902 DEBUG com.zaxxer.hikari.pool.HikariPool [HikariPool-1 housekeeper] HikariPool-1 - Fill pool skipped, pool is at sufficient level.
2024-07-16 23:58:15,904 DEBUG org.apache.juli.logging.DirectJDKLog [Catalina-utility-2] Start expire sessions StandardManager at 1721154495904 sessioncount 0
2024-07-16 23:58:15,905 DEBUG org.apache.juli.logging.DirectJDKLog [Catalina-utility-2] End expire sessions StandardManager processingTime 1 expired sessions: 0
2024-07-16 23:58:19,874 DEBUG sun.rmi.runtime.Log$LoggerLog [RMI TCP Connection(13)-127.0.0.1] RMI TCP Connection(13)-127.0.0.1: (port 53302) connection closed
2024-07-16 23:58:19,875 DEBUG sun.rmi.runtime.Log$LoggerLog [RMI TCP Connection(13)-127.0.0.1] RMI TCP Connection(13)-127.0.0.1: close connection, socket: Socket[addr=/127.0.0.1,port=61876,localport=53302]
2024-07-16 23:58:19,876 DEBUG sun.rmi.runtime.Log$LoggerLog [RMI TCP Connection(13)-127.0.0.1] RMI TCP Connection(13)-127.0.0.1: socket close: Socket[addr=/127.0.0.1,port=61876,localport=53302]
2024-07-16 23:58:43,919 DEBUG com.zaxxer.hikari.pool.HikariPool [HikariPool-1 housekeeper] HikariPool-1 - Pool stats (total=10, active=0, idle=10, waiting=0)
2024-07-16 23:58:43,921 DEBUG com.zaxxer.hikari.pool.HikariPool [HikariPool-1 housekeeper] HikariPool-1 - Fill pool skipped, pool is at sufficient level.
2024-07-16 23:59:04,883 DEBUG sun.rmi.runtime.Log$LoggerLog [RMI TCP Connection(14)-127.0.0.1] RMI TCP Connection(14)-127.0.0.1: accepted socket from [127.0.0.1:61900]
2024-07-16 23:59:04,884 DEBUG sun.rmi.runtime.Log$LoggerLog [RMI TCP Connection(14)-127.0.0.1] RMI TCP Connection(14)-127.0.0.1: (port 53302) op = 80
2024-07-16 23:59:04,885 DEBUG sun.util.logging.internal.LoggingProviderImpl$JULWrapper [RMI TCP Connection(14)-127.0.0.1] connectionId=rmi://127.0.0.1  1
2024-07-16 23:59:13,934 DEBUG com.zaxxer.hikari.pool.HikariPool [HikariPool-1 housekeeper] HikariPool-1 - Pool stats (total=10, active=0, idle=10, waiting=0)
2024-07-16 23:59:13,935 DEBUG com.zaxxer.hikari.pool.HikariPool [HikariPool-1 housekeeper] HikariPool-1 - Fill pool skipped, pool is at sufficient level.
2024-07-16 23:59:16,063 DEBUG org.apache.juli.logging.DirectJDKLog [Catalina-utility-2] Start expire sessions StandardManager at 1721154556063 sessioncount 0
2024-07-16 23:59:16,064 DEBUG org.apache.juli.logging.DirectJDKLog [Catalina-utility-2] End expire sessions StandardManager processingTime 1 expired sessions: 0
2024-07-16 23:59:19,889 DEBUG sun.rmi.runtime.Log$LoggerLog [RMI TCP Connection(14)-127.0.0.1] RMI TCP Connection(14)-127.0.0.1: (port 53302) connection closed
2024-07-16 23:59:19,890 DEBUG sun.rmi.runtime.Log$LoggerLog [RMI TCP Connection(14)-127.0.0.1] RMI TCP Connection(14)-127.0.0.1: close connection, socket: Socket[addr=/127.0.0.1,port=61900,localport=53302]
2024-07-16 23:59:19,891 DEBUG sun.rmi.runtime.Log$LoggerLog [RMI TCP Connection(14)-127.0.0.1] RMI TCP Connection(14)-127.0.0.1: socket close: Socket[addr=/127.0.0.1,port=61900,localport=53302]
2024-07-16 23:59:43,941 DEBUG com.zaxxer.hikari.pool.HikariPool [HikariPool-1 housekeeper] HikariPool-1 - Pool stats (total=10, active=0, idle=10, waiting=0)
2024-07-16 23:59:43,942 DEBUG com.zaxxer.hikari.pool.HikariPool [HikariPool-1 housekeeper] HikariPool-1 - Fill pool skipped, pool is at sufficient level.
